"","Time","Country","Series","SCALE","Data"
"1","YR2000","AUS","EN.GHG.CO2.LU.MT.CE.AR5",0,45.4055
"2","YR2000","AUS","EN.GHG.CO2.LU.FL.MT.CE.AR5",0,-25.6841
"3","YR2000","AUS","EN.GHG.CO2.LU.DF.MT.CE.AR5",0,68.8198
"4","YR2000","AUS","EN.GHG.CO2.LU.OS.MT.CE.AR5",0,0.2865
"5","YR2000","AUS","EN.GHG.CO2.LU.OL.MT.CE.AR5",0,9.7109
"6","YR2001","AUS","EN.GHG.CO2.LU.MT.CE.AR5",0,54.08
"7","YR2001","AUS","EN.GHG.CO2.LU.FL.MT.CE.AR5",0,-29.0622
"8","YR2001","AUS","EN.GHG.CO2.LU.DF.MT.CE.AR5",0,84.8553
"9","YR2001","AUS","EN.GHG.CO2.LU.OS.MT.CE.AR5",0,0.3018
"10","YR2001","AUS","EN.GHG.CO2.LU.OL.MT.CE.AR5",0,4.4803
"11","YR2002","AUS","EN.GHG.CO2.LU.MT.CE.AR5",0,54.3774
"12","YR2002","AUS","EN.GHG.CO2.LU.FL.MT.CE.AR5",0,-33.5255
"13","YR2002","AUS","EN.GHG.CO2.LU.DF.MT.CE.AR5",0,84.099
"14","YR2002","AUS","EN.GHG.CO2.LU.OS.MT.CE.AR5",0,0.1135
"15","YR2002","AUS","EN.GHG.CO2.LU.OL.MT.CE.AR5",0,10.5114
"16","YR2003","AUS","EN.GHG.CO2.LU.MT.CE.AR5",0,53.1304
"17","YR2003","AUS","EN.GHG.CO2.LU.FL.MT.CE.AR5",0,-36.9405
"18","YR2003","AUS","EN.GHG.CO2.LU.DF.MT.CE.AR5",0,78.3792
"19","YR2003","AUS","EN.GHG.CO2.LU.OS.MT.CE.AR5",0,0.0811
"20","YR2003","AUS","EN.GHG.CO2.LU.OL.MT.CE.AR5",0,18.9696
"21","YR2004","AUS","EN.GHG.CO2.LU.MT.CE.AR5",0,22.9667
"22","YR2004","AUS","EN.GHG.CO2.LU.FL.MT.CE.AR5",0,-48.4537
"23","YR2004","AUS","EN.GHG.CO2.LU.DF.MT.CE.AR5",0,70.5774
"24","YR2004","AUS","EN.GHG.CO2.LU.OS.MT.CE.AR5",0,0.2065
"25","YR2004","AUS","EN.GHG.CO2.LU.OL.MT.CE.AR5",0,8.6729
"26","YR2005","AUS","EN.GHG.CO2.LU.MT.CE.AR5",0,50.1436
"27","YR2005","AUS","EN.GHG.CO2.LU.FL.MT.CE.AR5",0,-43.2124
"28","YR2005","AUS","EN.GHG.CO2.LU.DF.MT.CE.AR5",0,84.8119
"29","YR2005","AUS","EN.GHG.CO2.LU.OS.MT.CE.AR5",0,0.134
"30","YR2005","AUS","EN.GHG.CO2.LU.OL.MT.CE.AR5",0,16.3383
"31","YR2006","AUS","EN.GHG.CO2.LU.MT.CE.AR5",0,79.3933
"32","YR2006","AUS","EN.GHG.CO2.LU.FL.MT.CE.AR5",0,-44.5061
"33","YR2006","AUS","EN.GHG.CO2.LU.DF.MT.CE.AR5",0,100.5443
"34","YR2006","AUS","EN.GHG.CO2.LU.OS.MT.CE.AR5",0,0.2461
"35","YR2006","AUS","EN.GHG.CO2.LU.OL.MT.CE.AR5",0,30.6132
"36","YR2007","AUS","EN.GHG.CO2.LU.MT.CE.AR5",0,53.1215
"37","YR2007","AUS","EN.GHG.CO2.LU.FL.MT.CE.AR5",0,-39.719
"38","YR2007","AUS","EN.GHG.CO2.LU.DF.MT.CE.AR5",0,77.418
"39","YR2007","AUS","EN.GHG.CO2.LU.OS.MT.CE.AR5",0,0.1075
"40","YR2007","AUS","EN.GHG.CO2.LU.OL.MT.CE.AR5",0,21.775
"41","YR2008","AUS","EN.GHG.CO2.LU.MT.CE.AR5",0,40.9213
"42","YR2008","AUS","EN.GHG.CO2.LU.FL.MT.CE.AR5",0,-28.8086
"43","YR2008","AUS","EN.GHG.CO2.LU.DF.MT.CE.AR5",0,68.9507
"44","YR2008","AUS","EN.GHG.CO2.LU.OS.MT.CE.AR5",0,0.1841
"45","YR2008","AUS","EN.GHG.CO2.LU.OL.MT.CE.AR5",0,6.9507
"46","YR2009","AUS","EN.GHG.CO2.LU.MT.CE.AR5",0,32.9975
"47","YR2009","AUS","EN.GHG.CO2.LU.FL.MT.CE.AR5",0,-21.7486
"48","YR2009","AUS","EN.GHG.CO2.LU.DF.MT.CE.AR5",0,48.0679
"49","YR2009","AUS","EN.GHG.CO2.LU.OS.MT.CE.AR5",0,0.1608
"50","YR2009","AUS","EN.GHG.CO2.LU.OL.MT.CE.AR5",0,11.0968
"51","YR2010","AUS","EN.GHG.CO2.LU.MT.CE.AR5",0,39.2905
"52","YR2010","AUS","EN.GHG.CO2.LU.FL.MT.CE.AR5",0,-21.7003
"53","YR2010","AUS","EN.GHG.CO2.LU.DF.MT.CE.AR5",0,56.4917
"54","YR2010","AUS","EN.GHG.CO2.LU.OS.MT.CE.AR5",0,0.305
"55","YR2010","AUS","EN.GHG.CO2.LU.OL.MT.CE.AR5",0,8.3029
"56","YR2011","AUS","EN.GHG.CO2.LU.MT.CE.AR5",0,6.0136
"57","YR2011","AUS","EN.GHG.CO2.LU.FL.MT.CE.AR5",0,-32.901
"58","YR2011","AUS","EN.GHG.CO2.LU.DF.MT.CE.AR5",0,37.7044
"59","YR2011","AUS","EN.GHG.CO2.LU.OS.MT.CE.AR5",0,0.4731
"60","YR2011","AUS","EN.GHG.CO2.LU.OL.MT.CE.AR5",0,5.2848
"61","YR2012","AUS","EN.GHG.CO2.LU.MT.CE.AR5",0,-19.0497
"62","YR2012","AUS","EN.GHG.CO2.LU.FL.MT.CE.AR5",0,-36.9121
"63","YR2012","AUS","EN.GHG.CO2.LU.DF.MT.CE.AR5",0,28.7334
"64","YR2012","AUS","EN.GHG.CO2.LU.OS.MT.CE.AR5",0,0.1852
"65","YR2012","AUS","EN.GHG.CO2.LU.OL.MT.CE.AR5",0,-7.1449
"66","YR2013","AUS","EN.GHG.CO2.LU.MT.CE.AR5",0,-8.5267
"67","YR2013","AUS","EN.GHG.CO2.LU.FL.MT.CE.AR5",0,-43.8923
"68","YR2013","AUS","EN.GHG.CO2.LU.DF.MT.CE.AR5",0,52.2677
"69","YR2013","AUS","EN.GHG.CO2.LU.OS.MT.CE.AR5",0,0.044
"70","YR2013","AUS","EN.GHG.CO2.LU.OL.MT.CE.AR5",0,-13.0084
"71","YR2014","AUS","EN.GHG.CO2.LU.MT.CE.AR5",0,-19.8571
"72","YR2014","AUS","EN.GHG.CO2.LU.FL.MT.CE.AR5",0,-58.3928
"73","YR2014","AUS","EN.GHG.CO2.LU.DF.MT.CE.AR5",0,51.632
"74","YR2014","AUS","EN.GHG.CO2.LU.OS.MT.CE.AR5",0,0.1515
"75","YR2014","AUS","EN.GHG.CO2.LU.OL.MT.CE.AR5",0,-9.5116
"76","YR2015","AUS","EN.GHG.CO2.LU.MT.CE.AR5",0,-31.6569
"77","YR2015","AUS","EN.GHG.CO2.LU.FL.MT.CE.AR5",0,-59.6845
"78","YR2015","AUS","EN.GHG.CO2.LU.DF.MT.CE.AR5",0,40.2761
"79","YR2015","AUS","EN.GHG.CO2.LU.OS.MT.CE.AR5",0,-0.0093
"80","YR2015","AUS","EN.GHG.CO2.LU.OL.MT.CE.AR5",0,-8.2626
"81","YR2016","AUS","EN.GHG.CO2.LU.MT.CE.AR5",0,-81.0697
"82","YR2016","AUS","EN.GHG.CO2.LU.FL.MT.CE.AR5",0,-89.368
"83","YR2016","AUS","EN.GHG.CO2.LU.DF.MT.CE.AR5",0,23.6396
"84","YR2016","AUS","EN.GHG.CO2.LU.OS.MT.CE.AR5",0,-0.0205
"85","YR2016","AUS","EN.GHG.CO2.LU.OL.MT.CE.AR5",0,-11.1228
"86","YR2017","AUS","EN.GHG.CO2.LU.MT.CE.AR5",0,-50.5135
"87","YR2017","AUS","EN.GHG.CO2.LU.FL.MT.CE.AR5",0,-88.58
"88","YR2017","AUS","EN.GHG.CO2.LU.DF.MT.CE.AR5",0,46.7555
"89","YR2017","AUS","EN.GHG.CO2.LU.OS.MT.CE.AR5",0,0.1962
"90","YR2017","AUS","EN.GHG.CO2.LU.OL.MT.CE.AR5",0,-4.7577
"91","YR2018","AUS","EN.GHG.CO2.LU.MT.CE.AR5",0,-77.595
"92","YR2018","AUS","EN.GHG.CO2.LU.FL.MT.CE.AR5",0,-96.0766
"93","YR2018","AUS","EN.GHG.CO2.LU.DF.MT.CE.AR5",0,37.036
"94","YR2018","AUS","EN.GHG.CO2.LU.OS.MT.CE.AR5",0,0.1014
"95","YR2018","AUS","EN.GHG.CO2.LU.OL.MT.CE.AR5",0,-13.6405
"96","YR2019","AUS","EN.GHG.CO2.LU.MT.CE.AR5",0,-82.2824
"97","YR2019","AUS","EN.GHG.CO2.LU.FL.MT.CE.AR5",0,-76.6167
"98","YR2019","AUS","EN.GHG.CO2.LU.DF.MT.CE.AR5",0,24.5248
"99","YR2019","AUS","EN.GHG.CO2.LU.OS.MT.CE.AR5",0,-0.0589
"100","YR2019","AUS","EN.GHG.CO2.LU.OL.MT.CE.AR5",0,-25.2088
"101","YR2020","AUS","EN.GHG.CO2.LU.MT.CE.AR5",0,-80.0934
"102","YR2020","AUS","EN.GHG.CO2.LU.FL.MT.CE.AR5",0,-81.3537
"103","YR2020","AUS","EN.GHG.CO2.LU.DF.MT.CE.AR5",0,36.0739
"104","YR2020","AUS","EN.GHG.CO2.LU.OS.MT.CE.AR5",0,0.0138
"105","YR2020","AUS","EN.GHG.CO2.LU.OL.MT.CE.AR5",0,-30.3839
"106","YR2021","AUS","EN.GHG.CO2.LU.MT.CE.AR5",0,-108.8258
"107","YR2021","AUS","EN.GHG.CO2.LU.FL.MT.CE.AR5",0,-86.581
"108","YR2021","AUS","EN.GHG.CO2.LU.DF.MT.CE.AR5",0,18.1371
"109","YR2021","AUS","EN.GHG.CO2.LU.OS.MT.CE.AR5",0,0.1303
"110","YR2021","AUS","EN.GHG.CO2.LU.OL.MT.CE.AR5",0,-35.6115
"111","YR2022","AUS","EN.GHG.CO2.LU.MT.CE.AR5",0,-104.3324
"112","YR2022","AUS","EN.GHG.CO2.LU.FL.MT.CE.AR5",0,-76.5975
"113","YR2022","AUS","EN.GHG.CO2.LU.DF.MT.CE.AR5",0,4.3365
"114","YR2022","AUS","EN.GHG.CO2.LU.OS.MT.CE.AR5",0,0.0755
"115","YR2022","AUS","EN.GHG.CO2.LU.OL.MT.CE.AR5",0,-26.5362
"116","YR2023","AUS","EN.GHG.CO2.LU.MT.CE.AR5",0,-95.8245
"117","YR2023","AUS","EN.GHG.CO2.LU.FL.MT.CE.AR5",0,-75.0651
"118","YR2023","AUS","EN.GHG.CO2.LU.DF.MT.CE.AR5",0,4.3572
"119","YR2023","AUS","EN.GHG.CO2.LU.OS.MT.CE.AR5",0,0.0755
"120","YR2023","AUS","EN.GHG.CO2.LU.OL.MT.CE.AR5",0,-26.5362
"121","YR2000","AUT","EN.GHG.CO2.LU.MT.CE.AR5",0,-18.2794
"122","YR2000","AUT","EN.GHG.CO2.LU.FL.MT.CE.AR5",0,-18.915
"123","YR2000","AUT","EN.GHG.CO2.LU.DF.MT.CE.AR5",0,0.9767
"124","YR2000","AUT","EN.GHG.CO2.LU.OL.MT.CE.AR5",0,1.5477
"125","YR2001","AUT","EN.GHG.CO2.LU.MT.CE.AR5",0,-24.6427
"126","YR2001","AUT","EN.GHG.CO2.LU.FL.MT.CE.AR5",0,-24.4026
"127","YR2001","AUT","EN.GHG.CO2.LU.DF.MT.CE.AR5",0,0.9786
"128","YR2001","AUT","EN.GHG.CO2.LU.OL.MT.CE.AR5",0,1.4824
"129","YR2002","AUT","EN.GHG.CO2.LU.MT.CE.AR5",0,-16.1043
"130","YR2002","AUT","EN.GHG.CO2.LU.FL.MT.CE.AR5",0,-15.2551
"131","YR2002","AUT","EN.GHG.CO2.LU.DF.MT.CE.AR5",0,1.3305
"132","YR2002","AUT","EN.GHG.CO2.LU.OL.MT.CE.AR5",0,1.4557
"133","YR2003","AUT","EN.GHG.CO2.LU.MT.CE.AR5",0,-11.1807
"134","YR2003","AUT","EN.GHG.CO2.LU.FL.MT.CE.AR5",0,-9.746
"135","YR2003","AUT","EN.GHG.CO2.LU.DF.MT.CE.AR5",0,1.3321
"136","YR2003","AUT","EN.GHG.CO2.LU.OL.MT.CE.AR5",0,1.4565
"137","YR2004","AUT","EN.GHG.CO2.LU.MT.CE.AR5",0,-16.0312
"138","YR2004","AUT","EN.GHG.CO2.LU.FL.MT.CE.AR5",0,-15.3635
"139","YR2004","AUT","EN.GHG.CO2.LU.DF.MT.CE.AR5",0,1.322
"140","YR2004","AUT","EN.GHG.CO2.LU.OL.MT.CE.AR5",0,1.4587
"141","YR2005","AUT","EN.GHG.CO2.LU.MT.CE.AR5",0,-15.447
"142","YR2005","AUT","EN.GHG.CO2.LU.FL.MT.CE.AR5",0,-14.7776
"143","YR2005","AUT","EN.GHG.CO2.LU.DF.MT.CE.AR5",0,1.311
"144","YR2005","AUT","EN.GHG.CO2.LU.OL.MT.CE.AR5",0,1.4809
"145","YR2006","AUT","EN.GHG.CO2.LU.MT.CE.AR5",0,-8.7015
"146","YR2006","AUT","EN.GHG.CO2.LU.FL.MT.CE.AR5",0,-7.6805
"147","YR2006","AUT","EN.GHG.CO2.LU.DF.MT.CE.AR5",0,1.3001
"148","YR2006","AUT","EN.GHG.CO2.LU.OL.MT.CE.AR5",0,1.4817
"149","YR2007","AUT","EN.GHG.CO2.LU.MT.CE.AR5",0,-8.2262
"150","YR2007","AUT","EN.GHG.CO2.LU.FL.MT.CE.AR5",0,-5.916
"151","YR2007","AUT","EN.GHG.CO2.LU.DF.MT.CE.AR5",0,1.2892
"152","YR2007","AUT","EN.GHG.CO2.LU.OL.MT.CE.AR5",0,1.4459
"153","YR2008","AUT","EN.GHG.CO2.LU.MT.CE.AR5",0,-10.018
"154","YR2008","AUT","EN.GHG.CO2.LU.FL.MT.CE.AR5",0,-8.1024
"155","YR2008","AUT","EN.GHG.CO2.LU.DF.MT.CE.AR5",0,1.2783
"156","YR2008","AUT","EN.GHG.CO2.LU.OL.MT.CE.AR5",0,1.5613
"157","YR2009","AUT","EN.GHG.CO2.LU.MT.CE.AR5",0,-9.7287
"158","YR2009","AUT","EN.GHG.CO2.LU.FL.MT.CE.AR5",0,-11.4023
"159","YR2009","AUT","EN.GHG.CO2.LU.DF.MT.CE.AR5",0,1.2381
"160","YR2009","AUT","EN.GHG.CO2.LU.OL.MT.CE.AR5",0,1.5619
"161","YR2010","AUT","EN.GHG.CO2.LU.MT.CE.AR5",0,-11.9575
"162","YR2010","AUT","EN.GHG.CO2.LU.FL.MT.CE.AR5",0,-12.2962
"163","YR2010","AUT","EN.GHG.CO2.LU.DF.MT.CE.AR5",0,1.2357
"164","YR2010","AUT","EN.GHG.CO2.LU.OL.MT.CE.AR5",0,1.5547
"165","YR2011","AUT","EN.GHG.CO2.LU.MT.CE.AR5",0,-11.2497
"166","YR2011","AUT","EN.GHG.CO2.LU.FL.MT.CE.AR5",0,-11.3334
"167","YR2011","AUT","EN.GHG.CO2.LU.DF.MT.CE.AR5",0,1.2332
"168","YR2011","AUT","EN.GHG.CO2.LU.OL.MT.CE.AR5",0,1.5377
"169","YR2012","AUT","EN.GHG.CO2.LU.MT.CE.AR5",0,-9.3784
"170","YR2012","AUT","EN.GHG.CO2.LU.FL.MT.CE.AR5",0,-10.0695
"171","YR2012","AUT","EN.GHG.CO2.LU.DF.MT.CE.AR5",0,1.2314
"172","YR2012","AUT","EN.GHG.CO2.LU.OL.MT.CE.AR5",0,1.5148
"173","YR2013","AUT","EN.GHG.CO2.LU.MT.CE.AR5",0,-5.2398
"174","YR2013","AUT","EN.GHG.CO2.LU.FL.MT.CE.AR5",0,-6.8416
"175","YR2013","AUT","EN.GHG.CO2.LU.DF.MT.CE.AR5",0,1.2297
"176","YR2013","AUT","EN.GHG.CO2.LU.OL.MT.CE.AR5",0,1.5103
"177","YR2014","AUT","EN.GHG.CO2.LU.MT.CE.AR5",0,-10.046
"178","YR2014","AUT","EN.GHG.CO2.LU.FL.MT.CE.AR5",0,-11.3998
"179","YR2014","AUT","EN.GHG.CO2.LU.DF.MT.CE.AR5",0,1.2279
"180","YR2014","AUT","EN.GHG.CO2.LU.OL.MT.CE.AR5",0,1.4978
"181","YR2015","AUT","EN.GHG.CO2.LU.MT.CE.AR5",0,-4.3028
"182","YR2015","AUT","EN.GHG.CO2.LU.FL.MT.CE.AR5",0,-5.7905
"183","YR2015","AUT","EN.GHG.CO2.LU.DF.MT.CE.AR5",0,1.2313
"184","YR2015","AUT","EN.GHG.CO2.LU.OL.MT.CE.AR5",0,1.5106
"185","YR2016","AUT","EN.GHG.CO2.LU.MT.CE.AR5",0,-8.341
"186","YR2016","AUT","EN.GHG.CO2.LU.FL.MT.CE.AR5",0,-9.987
"187","YR2016","AUT","EN.GHG.CO2.LU.DF.MT.CE.AR5",0,1.2345
"188","YR2016","AUT","EN.GHG.CO2.LU.OL.MT.CE.AR5",0,1.5489
"189","YR2017","AUT","EN.GHG.CO2.LU.MT.CE.AR5",0,-4.6461
"190","YR2017","AUT","EN.GHG.CO2.LU.FL.MT.CE.AR5",0,-5.7211
"191","YR2017","AUT","EN.GHG.CO2.LU.DF.MT.CE.AR5",0,1.2377
"192","YR2017","AUT","EN.GHG.CO2.LU.OL.MT.CE.AR5",0,1.5565
"193","YR2018","AUT","EN.GHG.CO2.LU.MT.CE.AR5",0,1.6166
"194","YR2018","AUT","EN.GHG.CO2.LU.FL.MT.CE.AR5",0,0.8055
"195","YR2018","AUT","EN.GHG.CO2.LU.DF.MT.CE.AR5",0,1.2409
"196","YR2018","AUT","EN.GHG.CO2.LU.OL.MT.CE.AR5",0,1.5396
"197","YR2019","AUT","EN.GHG.CO2.LU.MT.CE.AR5",0,5.7884
"198","YR2019","AUT","EN.GHG.CO2.LU.FL.MT.CE.AR5",0,4.4495
"199","YR2019","AUT","EN.GHG.CO2.LU.DF.MT.CE.AR5",0,1.244
"200","YR2019","AUT","EN.GHG.CO2.LU.OL.MT.CE.AR5",0,1.5566
"201","YR2020","AUT","EN.GHG.CO2.LU.MT.CE.AR5",0,-1.1623
"202","YR2020","AUT","EN.GHG.CO2.LU.FL.MT.CE.AR5",0,-3.8839
"203","YR2020","AUT","EN.GHG.CO2.LU.DF.MT.CE.AR5",0,1.2472
"204","YR2020","AUT","EN.GHG.CO2.LU.OL.MT.CE.AR5",0,1.5962
"205","YR2021","AUT","EN.GHG.CO2.LU.MT.CE.AR5",0,-3.5721
"206","YR2021","AUT","EN.GHG.CO2.LU.FL.MT.CE.AR5",0,-4.5782
"207","YR2021","AUT","EN.GHG.CO2.LU.DF.MT.CE.AR5",0,1.2503
"208","YR2021","AUT","EN.GHG.CO2.LU.OL.MT.CE.AR5",0,1.6452
"209","YR2022","AUT","EN.GHG.CO2.LU.MT.CE.AR5",0,-0.4154
"210","YR2022","AUT","EN.GHG.CO2.LU.FL.MT.CE.AR5",0,-1.3348
"211","YR2022","AUT","EN.GHG.CO2.LU.DF.MT.CE.AR5",0,1.2531
"212","YR2022","AUT","EN.GHG.CO2.LU.OL.MT.CE.AR5",0,1.6582
"213","YR2023","AUT","EN.GHG.CO2.LU.MT.CE.AR5",0,7.3233
"214","YR2023","AUT","EN.GHG.CO2.LU.FL.MT.CE.AR5",0,5.1388
"215","YR2023","AUT","EN.GHG.CO2.LU.DF.MT.CE.AR5",0,1.256
"216","YR2023","AUT","EN.GHG.CO2.LU.OL.MT.CE.AR5",0,1.6582
"217","YR2000","BEL","EN.GHG.CO2.LU.MT.CE.AR5",0,-1.7525
"218","YR2000","BEL","EN.GHG.CO2.LU.FL.MT.CE.AR5",0,-2.0946
"219","YR2000","BEL","EN.GHG.CO2.LU.DF.MT.CE.AR5",0,0.2621
"220","YR2000","BEL","EN.GHG.CO2.LU.OS.MT.CE.AR5",0,0.0753
"221","YR2000","BEL","EN.GHG.CO2.LU.OL.MT.CE.AR5",0,0.424
"222","YR2001","BEL","EN.GHG.CO2.LU.MT.CE.AR5",0,-1.5944
"223","YR2001","BEL","EN.GHG.CO2.LU.FL.MT.CE.AR5",0,-2.1162
"224","YR2001","BEL","EN.GHG.CO2.LU.DF.MT.CE.AR5",0,0.2685
"225","YR2001","BEL","EN.GHG.CO2.LU.OS.MT.CE.AR5",0,0.0753
"226","YR2001","BEL","EN.GHG.CO2.LU.OL.MT.CE.AR5",0,0.436
"227","YR2002","BEL","EN.GHG.CO2.LU.MT.CE.AR5",0,-2.1993
"228","YR2002","BEL","EN.GHG.CO2.LU.FL.MT.CE.AR5",0,-2.0121
"229","YR2002","BEL","EN.GHG.CO2.LU.DF.MT.CE.AR5",0,0.2748
"230","YR2002","BEL","EN.GHG.CO2.LU.OS.MT.CE.AR5",0,0.0753
"231","YR2002","BEL","EN.GHG.CO2.LU.OL.MT.CE.AR5",0,0.4509
"232","YR2003","BEL","EN.GHG.CO2.LU.MT.CE.AR5",0,-2.1066
"233","YR2003","BEL","EN.GHG.CO2.LU.FL.MT.CE.AR5",0,-2.0299
"234","YR2003","BEL","EN.GHG.CO2.LU.DF.MT.CE.AR5",0,0.2811
"235","YR2003","BEL","EN.GHG.CO2.LU.OS.MT.CE.AR5",0,0.0753
"236","YR2003","BEL","EN.GHG.CO2.LU.OL.MT.CE.AR5",0,0.4657
"237","YR2004","BEL","EN.GHG.CO2.LU.MT.CE.AR5",0,-1.8412
"238","YR2004","BEL","EN.GHG.CO2.LU.FL.MT.CE.AR5",0,-2.0476
"239","YR2004","BEL","EN.GHG.CO2.LU.DF.MT.CE.AR5",0,0.2875
"240","YR2004","BEL","EN.GHG.CO2.LU.OS.MT.CE.AR5",0,0.0753
"241","YR2004","BEL","EN.GHG.CO2.LU.OL.MT.CE.AR5",0,0.6144
"242","YR2005","BEL","EN.GHG.CO2.LU.MT.CE.AR5",0,-1.8996
"243","YR2005","BEL","EN.GHG.CO2.LU.FL.MT.CE.AR5",0,-2.0654
"244","YR2005","BEL","EN.GHG.CO2.LU.DF.MT.CE.AR5",0,0.3067
"245","YR2005","BEL","EN.GHG.CO2.LU.OS.MT.CE.AR5",0,0.0753
"246","YR2005","BEL","EN.GHG.CO2.LU.OL.MT.CE.AR5",0,0.6404
"247","YR2006","BEL","EN.GHG.CO2.LU.MT.CE.AR5",0,-1.8873
"248","YR2006","BEL","EN.GHG.CO2.LU.FL.MT.CE.AR5",0,-2.0832
"249","YR2006","BEL","EN.GHG.CO2.LU.DF.MT.CE.AR5",0,0.3135
"250","YR2006","BEL","EN.GHG.CO2.LU.OS.MT.CE.AR5",0,0.0753
"251","YR2006","BEL","EN.GHG.CO2.LU.OL.MT.CE.AR5",0,0.6513
"252","YR2007","BEL","EN.GHG.CO2.LU.MT.CE.AR5",0,-1.5963
"253","YR2007","BEL","EN.GHG.CO2.LU.FL.MT.CE.AR5",0,-2.1009
"254","YR2007","BEL","EN.GHG.CO2.LU.DF.MT.CE.AR5",0,0.3203
"255","YR2007","BEL","EN.GHG.CO2.LU.OS.MT.CE.AR5",0,0.0753
"256","YR2007","BEL","EN.GHG.CO2.LU.OL.MT.CE.AR5",0,0.6598
"257","YR2008","BEL","EN.GHG.CO2.LU.MT.CE.AR5",0,-1.5328
"258","YR2008","BEL","EN.GHG.CO2.LU.FL.MT.CE.AR5",0,-2.1187
"259","YR2008","BEL","EN.GHG.CO2.LU.DF.MT.CE.AR5",0,0.3271
"260","YR2008","BEL","EN.GHG.CO2.LU.OS.MT.CE.AR5",0,0.0753
"261","YR2008","BEL","EN.GHG.CO2.LU.OL.MT.CE.AR5",0,0.6761
"262","YR2009","BEL","EN.GHG.CO2.LU.MT.CE.AR5",0,-1.3778
"263","YR2009","BEL","EN.GHG.CO2.LU.FL.MT.CE.AR5",0,-2.1366
"264","YR2009","BEL","EN.GHG.CO2.LU.DF.MT.CE.AR5",0,0.321
"265","YR2009","BEL","EN.GHG.CO2.LU.OS.MT.CE.AR5",0,0.0753
"266","YR2009","BEL","EN.GHG.CO2.LU.OL.MT.CE.AR5",0,0.6914
"267","YR2010","BEL","EN.GHG.CO2.LU.MT.CE.AR5",0,-0.5287
"268","YR2010","BEL","EN.GHG.CO2.LU.FL.MT.CE.AR5",0,-2.153
"269","YR2010","BEL","EN.GHG.CO2.LU.DF.MT.CE.AR5",0,0.9447
"270","YR2010","BEL","EN.GHG.CO2.LU.OS.MT.CE.AR5",0,0.0753
"271","YR2010","BEL","EN.GHG.CO2.LU.OL.MT.CE.AR5",0,0.6669
"272","YR2011","BEL","EN.GHG.CO2.LU.MT.CE.AR5",0,-0.4912
"273","YR2011","BEL","EN.GHG.CO2.LU.FL.MT.CE.AR5",0,-2.1853
"274","YR2011","BEL","EN.GHG.CO2.LU.DF.MT.CE.AR5",0,0.9594
"275","YR2011","BEL","EN.GHG.CO2.LU.OS.MT.CE.AR5",0,0.0753
"276","YR2011","BEL","EN.GHG.CO2.LU.OL.MT.CE.AR5",0,0.6759
"277","YR2012","BEL","EN.GHG.CO2.LU.MT.CE.AR5",0,-0.543
"278","YR2012","BEL","EN.GHG.CO2.LU.FL.MT.CE.AR5",0,-2.218
"279","YR2012","BEL","EN.GHG.CO2.LU.DF.MT.CE.AR5",0,0.9742
"280","YR2012","BEL","EN.GHG.CO2.LU.OS.MT.CE.AR5",0,0.0753
"281","YR2012","BEL","EN.GHG.CO2.LU.OL.MT.CE.AR5",0,0.6267
"282","YR2013","BEL","EN.GHG.CO2.LU.MT.CE.AR5",0,-0.971
"283","YR2013","BEL","EN.GHG.CO2.LU.FL.MT.CE.AR5",0,-2.0411
"284","YR2013","BEL","EN.GHG.CO2.LU.DF.MT.CE.AR5",0,0.4954
"285","YR2013","BEL","EN.GHG.CO2.LU.OS.MT.CE.AR5",0,0.0753
"286","YR2013","BEL","EN.GHG.CO2.LU.OL.MT.CE.AR5",0,0.651
"287","YR2014","BEL","EN.GHG.CO2.LU.MT.CE.AR5",0,-1.0161
"288","YR2014","BEL","EN.GHG.CO2.LU.FL.MT.CE.AR5",0,-2.0413
"289","YR2014","BEL","EN.GHG.CO2.LU.DF.MT.CE.AR5",0,0.5011
"290","YR2014","BEL","EN.GHG.CO2.LU.OS.MT.CE.AR5",0,0.0753
"291","YR2014","BEL","EN.GHG.CO2.LU.OL.MT.CE.AR5",0,0.6443
"292","YR2015","BEL","EN.GHG.CO2.LU.MT.CE.AR5",0,-0.9043
"293","YR2015","BEL","EN.GHG.CO2.LU.FL.MT.CE.AR5",0,-1.8779
"294","YR2015","BEL","EN.GHG.CO2.LU.DF.MT.CE.AR5",0,0.5043
"295","YR2015","BEL","EN.GHG.CO2.LU.OS.MT.CE.AR5",0,0.0753
"296","YR2015","BEL","EN.GHG.CO2.LU.OL.MT.CE.AR5",0,0.641
"297","YR2016","BEL","EN.GHG.CO2.LU.MT.CE.AR5",0,-0.8317
"298","YR2016","BEL","EN.GHG.CO2.LU.FL.MT.CE.AR5",0,-2.0421
"299","YR2016","BEL","EN.GHG.CO2.LU.DF.MT.CE.AR5",0,0.7521
"300","YR2016","BEL","EN.GHG.CO2.LU.OS.MT.CE.AR5",0,0.0753
"301","YR2016","BEL","EN.GHG.CO2.LU.OL.MT.CE.AR5",0,0.6082
"302","YR2017","BEL","EN.GHG.CO2.LU.MT.CE.AR5",0,-0.7137
"303","YR2017","BEL","EN.GHG.CO2.LU.FL.MT.CE.AR5",0,-2.0452
"304","YR2017","BEL","EN.GHG.CO2.LU.DF.MT.CE.AR5",0,0.7599
"305","YR2017","BEL","EN.GHG.CO2.LU.OS.MT.CE.AR5",0,0.0753
"306","YR2017","BEL","EN.GHG.CO2.LU.OL.MT.CE.AR5",0,0.5928
"307","YR2018","BEL","EN.GHG.CO2.LU.MT.CE.AR5",0,-0.6777
"308","YR2018","BEL","EN.GHG.CO2.LU.FL.MT.CE.AR5",0,-2.0072
"309","YR2018","BEL","EN.GHG.CO2.LU.DF.MT.CE.AR5",0,0.7666
"310","YR2018","BEL","EN.GHG.CO2.LU.OS.MT.CE.AR5",0,0.0753
"311","YR2018","BEL","EN.GHG.CO2.LU.OL.MT.CE.AR5",0,0.5772
"312","YR2019","BEL","EN.GHG.CO2.LU.MT.CE.AR5",0,-0.4425
"313","YR2019","BEL","EN.GHG.CO2.LU.FL.MT.CE.AR5",0,-1.8888
"314","YR2019","BEL","EN.GHG.CO2.LU.DF.MT.CE.AR5",0,0.7708
"315","YR2019","BEL","EN.GHG.CO2.LU.OS.MT.CE.AR5",0,0.0753
"316","YR2019","BEL","EN.GHG.CO2.LU.OL.MT.CE.AR5",0,0.5752
"317","YR2020","BEL","EN.GHG.CO2.LU.MT.CE.AR5",0,-0.4546
"318","YR2020","BEL","EN.GHG.CO2.LU.FL.MT.CE.AR5",0,-1.9219
"319","YR2020","BEL","EN.GHG.CO2.LU.DF.MT.CE.AR5",0,0.7761
"320","YR2020","BEL","EN.GHG.CO2.LU.OS.MT.CE.AR5",0,0.0753
"321","YR2020","BEL","EN.GHG.CO2.LU.OL.MT.CE.AR5",0,0.5595
"322","YR2021","BEL","EN.GHG.CO2.LU.MT.CE.AR5",0,-0.3875
"323","YR2021","BEL","EN.GHG.CO2.LU.FL.MT.CE.AR5",0,-1.9538
"324","YR2021","BEL","EN.GHG.CO2.LU.DF.MT.CE.AR5",0,0.7813
"325","YR2021","BEL","EN.GHG.CO2.LU.OS.MT.CE.AR5",0,0.0753
"326","YR2021","BEL","EN.GHG.CO2.LU.OL.MT.CE.AR5",0,0.5526
"327","YR2022","BEL","EN.GHG.CO2.LU.MT.CE.AR5",0,-0.5729
"328","YR2022","BEL","EN.GHG.CO2.LU.FL.MT.CE.AR5",0,-1.9602
"329","YR2022","BEL","EN.GHG.CO2.LU.DF.MT.CE.AR5",0,0.7855
"330","YR2022","BEL","EN.GHG.CO2.LU.OS.MT.CE.AR5",0,0.0753
"331","YR2022","BEL","EN.GHG.CO2.LU.OL.MT.CE.AR5",0,0.5157
"332","YR2023","BEL","EN.GHG.CO2.LU.MT.CE.AR5",0,-0.3633
"333","YR2023","BEL","EN.GHG.CO2.LU.FL.MT.CE.AR5",0,-1.9592
"334","YR2023","BEL","EN.GHG.CO2.LU.DF.MT.CE.AR5",0,0.7895
"335","YR2023","BEL","EN.GHG.CO2.LU.OS.MT.CE.AR5",0,0.0753
"336","YR2023","BEL","EN.GHG.CO2.LU.OL.MT.CE.AR5",0,0.5157
"337","YR2000","BGR","EN.GHG.CO2.LU.MT.CE.AR5",0,-17.0261
"338","YR2000","BGR","EN.GHG.CO2.LU.FL.MT.CE.AR5",0,-15.7387
"339","YR2000","BGR","EN.GHG.CO2.LU.DF.MT.CE.AR5",0,0.0236
"340","YR2000","BGR","EN.GHG.CO2.LU.OS.MT.CE.AR5",0,0.0806
"341","YR2000","BGR","EN.GHG.CO2.LU.OL.MT.CE.AR5",0,-1.1231
"342","YR2001","BGR","EN.GHG.CO2.LU.MT.CE.AR5",0,-14.1343
"343","YR2001","BGR","EN.GHG.CO2.LU.FL.MT.CE.AR5",0,-12.7664
"344","YR2001","BGR","EN.GHG.CO2.LU.DF.MT.CE.AR5",0,0.0058
"345","YR2001","BGR","EN.GHG.CO2.LU.OS.MT.CE.AR5",0,0.0806
"346","YR2001","BGR","EN.GHG.CO2.LU.OL.MT.CE.AR5",0,-1.1201
"347","YR2002","BGR","EN.GHG.CO2.LU.MT.CE.AR5",0,-14.3271
"348","YR2002","BGR","EN.GHG.CO2.LU.FL.MT.CE.AR5",0,-12.7308
"349","YR2002","BGR","EN.GHG.CO2.LU.DF.MT.CE.AR5",0,0.0315
"350","YR2002","BGR","EN.GHG.CO2.LU.OS.MT.CE.AR5",0,0.0806
"351","YR2002","BGR","EN.GHG.CO2.LU.OL.MT.CE.AR5",0,-1.2472
"352","YR2003","BGR","EN.GHG.CO2.LU.MT.CE.AR5",0,-13.9821
"353","YR2003","BGR","EN.GHG.CO2.LU.FL.MT.CE.AR5",0,-12.7105
"354","YR2003","BGR","EN.GHG.CO2.LU.DF.MT.CE.AR5",0,0.0209
"355","YR2003","BGR","EN.GHG.CO2.LU.OS.MT.CE.AR5",0,0.0806
"356","YR2003","BGR","EN.GHG.CO2.LU.OL.MT.CE.AR5",0,-0.9458
"357","YR2004","BGR","EN.GHG.CO2.LU.MT.CE.AR5",0,-14.623
"358","YR2004","BGR","EN.GHG.CO2.LU.FL.MT.CE.AR5",0,-12.6801
"359","YR2004","BGR","EN.GHG.CO2.LU.DF.MT.CE.AR5",0,0.023
"360","YR2004","BGR","EN.GHG.CO2.LU.OS.MT.CE.AR5",0,0.0806
"361","YR2004","BGR","EN.GHG.CO2.LU.OL.MT.CE.AR5",0,-1.1926
"362","YR2005","BGR","EN.GHG.CO2.LU.MT.CE.AR5",0,-15.6569
"363","YR2005","BGR","EN.GHG.CO2.LU.FL.MT.CE.AR5",0,-12.6812
"364","YR2005","BGR","EN.GHG.CO2.LU.DF.MT.CE.AR5",0,0.0504
"365","YR2005","BGR","EN.GHG.CO2.LU.OS.MT.CE.AR5",0,0.0806
"366","YR2005","BGR","EN.GHG.CO2.LU.OL.MT.CE.AR5",0,-2.1457
"367","YR2006","BGR","EN.GHG.CO2.LU.MT.CE.AR5",0,-12.6099
"368","YR2006","BGR","EN.GHG.CO2.LU.FL.MT.CE.AR5",0,-10.6244
"369","YR2006","BGR","EN.GHG.CO2.LU.DF.MT.CE.AR5",0,0.0423
"370","YR2006","BGR","EN.GHG.CO2.LU.OS.MT.CE.AR5",0,0.0806
"371","YR2006","BGR","EN.GHG.CO2.LU.OL.MT.CE.AR5",0,-1.2067
"372","YR2007","BGR","EN.GHG.CO2.LU.MT.CE.AR5",0,-13.6079
"373","YR2007","BGR","EN.GHG.CO2.LU.FL.MT.CE.AR5",0,-10.6154
"374","YR2007","BGR","EN.GHG.CO2.LU.DF.MT.CE.AR5",0,0.0799
"375","YR2007","BGR","EN.GHG.CO2.LU.OS.MT.CE.AR5",0,0.0806
"376","YR2007","BGR","EN.GHG.CO2.LU.OL.MT.CE.AR5",0,-1.451
"377","YR2008","BGR","EN.GHG.CO2.LU.MT.CE.AR5",0,-11.9618
"378","YR2008","BGR","EN.GHG.CO2.LU.FL.MT.CE.AR5",0,-10.6004
"379","YR2008","BGR","EN.GHG.CO2.LU.DF.MT.CE.AR5",0,0.2251
"380","YR2008","BGR","EN.GHG.CO2.LU.OS.MT.CE.AR5",0,0.0806
"381","YR2008","BGR","EN.GHG.CO2.LU.OL.MT.CE.AR5",0,-0.7748
"382","YR2009","BGR","EN.GHG.CO2.LU.MT.CE.AR5",0,-12.1279
"383","YR2009","BGR","EN.GHG.CO2.LU.FL.MT.CE.AR5",0,-10.6174
"384","YR2009","BGR","EN.GHG.CO2.LU.DF.MT.CE.AR5",0,0.0318
"385","YR2009","BGR","EN.GHG.CO2.LU.OS.MT.CE.AR5",0,0.0806
"386","YR2009","BGR","EN.GHG.CO2.LU.OL.MT.CE.AR5",0,-0.7758
"387","YR2010","BGR","EN.GHG.CO2.LU.MT.CE.AR5",0,-11.5943
"388","YR2010","BGR","EN.GHG.CO2.LU.FL.MT.CE.AR5",0,-10.567
"389","YR2010","BGR","EN.GHG.CO2.LU.DF.MT.CE.AR5",0,0.0894
"390","YR2010","BGR","EN.GHG.CO2.LU.OS.MT.CE.AR5",0,0.0806
"391","YR2010","BGR","EN.GHG.CO2.LU.OL.MT.CE.AR5",0,-0.2402
"392","YR2011","BGR","EN.GHG.CO2.LU.MT.CE.AR5",0,-8.345
"393","YR2011","BGR","EN.GHG.CO2.LU.FL.MT.CE.AR5",0,-6.9473
"394","YR2011","BGR","EN.GHG.CO2.LU.DF.MT.CE.AR5",0,0.0368
"395","YR2011","BGR","EN.GHG.CO2.LU.OS.MT.CE.AR5",0,0.0806
"396","YR2011","BGR","EN.GHG.CO2.LU.OL.MT.CE.AR5",0,-0.2204
"397","YR2012","BGR","EN.GHG.CO2.LU.MT.CE.AR5",0,-7.9393
"398","YR2012","BGR","EN.GHG.CO2.LU.FL.MT.CE.AR5",0,-6.9031
"399","YR2012","BGR","EN.GHG.CO2.LU.DF.MT.CE.AR5",0,0.0696
"400","YR2012","BGR","EN.GHG.CO2.LU.OS.MT.CE.AR5",0,0.0806
"401","YR2012","BGR","EN.GHG.CO2.LU.OL.MT.CE.AR5",0,0.0846
"402","YR2013","BGR","EN.GHG.CO2.LU.MT.CE.AR5",0,-6.9319
"403","YR2013","BGR","EN.GHG.CO2.LU.FL.MT.CE.AR5",0,-6.8574
"404","YR2013","BGR","EN.GHG.CO2.LU.DF.MT.CE.AR5",0,0.1378
"405","YR2013","BGR","EN.GHG.CO2.LU.OS.MT.CE.AR5",0,0.0806
"406","YR2013","BGR","EN.GHG.CO2.LU.OL.MT.CE.AR5",0,0.896
"407","YR2014","BGR","EN.GHG.CO2.LU.MT.CE.AR5",0,-8.1906
"408","YR2014","BGR","EN.GHG.CO2.LU.FL.MT.CE.AR5",0,-6.8253
"409","YR2014","BGR","EN.GHG.CO2.LU.DF.MT.CE.AR5",0,0.0507
"410","YR2014","BGR","EN.GHG.CO2.LU.OS.MT.CE.AR5",0,0.0806
"411","YR2014","BGR","EN.GHG.CO2.LU.OL.MT.CE.AR5",0,-0.2385
"412","YR2015","BGR","EN.GHG.CO2.LU.MT.CE.AR5",0,-7.7694
"413","YR2015","BGR","EN.GHG.CO2.LU.FL.MT.CE.AR5",0,-6.6923
"414","YR2015","BGR","EN.GHG.CO2.LU.DF.MT.CE.AR5",0,0.1786
"415","YR2015","BGR","EN.GHG.CO2.LU.OS.MT.CE.AR5",0,0.0806
"416","YR2015","BGR","EN.GHG.CO2.LU.OL.MT.CE.AR5",0,0.1935
"417","YR2016","BGR","EN.GHG.CO2.LU.MT.CE.AR5",0,-9.5771
"418","YR2016","BGR","EN.GHG.CO2.LU.FL.MT.CE.AR5",0,-8.599
"419","YR2016","BGR","EN.GHG.CO2.LU.DF.MT.CE.AR5",0,0.1441
"420","YR2016","BGR","EN.GHG.CO2.LU.OS.MT.CE.AR5",0,0.0806
"421","YR2016","BGR","EN.GHG.CO2.LU.OL.MT.CE.AR5",0,-0.0669
"422","YR2017","BGR","EN.GHG.CO2.LU.MT.CE.AR5",0,-9.5484
"423","YR2017","BGR","EN.GHG.CO2.LU.FL.MT.CE.AR5",0,-8.5627
"424","YR2017","BGR","EN.GHG.CO2.LU.DF.MT.CE.AR5",0,0.1535
"425","YR2017","BGR","EN.GHG.CO2.LU.OS.MT.CE.AR5",0,0.0806
"426","YR2017","BGR","EN.GHG.CO2.LU.OL.MT.CE.AR5",0,0.1356
"427","YR2018","BGR","EN.GHG.CO2.LU.MT.CE.AR5",0,-9.6156
"428","YR2018","BGR","EN.GHG.CO2.LU.FL.MT.CE.AR5",0,-8.536
"429","YR2018","BGR","EN.GHG.CO2.LU.DF.MT.CE.AR5",0,0.0499
"430","YR2018","BGR","EN.GHG.CO2.LU.OS.MT.CE.AR5",0,0.0806
"431","YR2018","BGR","EN.GHG.CO2.LU.OL.MT.CE.AR5",0,0.0225
"432","YR2019","BGR","EN.GHG.CO2.LU.MT.CE.AR5",0,-9.3461
"433","YR2019","BGR","EN.GHG.CO2.LU.FL.MT.CE.AR5",0,-8.4865
"434","YR2019","BGR","EN.GHG.CO2.LU.DF.MT.CE.AR5",0,0.2062
"435","YR2019","BGR","EN.GHG.CO2.LU.OS.MT.CE.AR5",0,0.0806
"436","YR2019","BGR","EN.GHG.CO2.LU.OL.MT.CE.AR5",0,-0.1188
"437","YR2020","BGR","EN.GHG.CO2.LU.MT.CE.AR5",0,-9.3876
"438","YR2020","BGR","EN.GHG.CO2.LU.FL.MT.CE.AR5",0,-8.4617
"439","YR2020","BGR","EN.GHG.CO2.LU.DF.MT.CE.AR5",0,0.0797
"440","YR2020","BGR","EN.GHG.CO2.LU.OS.MT.CE.AR5",0,0.0806
"441","YR2020","BGR","EN.GHG.CO2.LU.OL.MT.CE.AR5",0,0.1088
"442","YR2021","BGR","EN.GHG.CO2.LU.MT.CE.AR5",0,-9.3125
"443","YR2021","BGR","EN.GHG.CO2.LU.FL.MT.CE.AR5",0,-8.4825
"444","YR2021","BGR","EN.GHG.CO2.LU.DF.MT.CE.AR5",0,0.0458
"445","YR2021","BGR","EN.GHG.CO2.LU.OS.MT.CE.AR5",0,0.0806
"446","YR2021","BGR","EN.GHG.CO2.LU.OL.MT.CE.AR5",0,0.2133
"447","YR2022","BGR","EN.GHG.CO2.LU.MT.CE.AR5",0,-9.2842
"448","YR2022","BGR","EN.GHG.CO2.LU.FL.MT.CE.AR5",0,-8.3766
"449","YR2022","BGR","EN.GHG.CO2.LU.DF.MT.CE.AR5",0,0.056
"450","YR2022","BGR","EN.GHG.CO2.LU.OS.MT.CE.AR5",0,0.0806
"451","YR2022","BGR","EN.GHG.CO2.LU.OL.MT.CE.AR5",0,-0.0719
"452","YR2023","BGR","EN.GHG.CO2.LU.MT.CE.AR5",0,-8.7405
"453","YR2023","BGR","EN.GHG.CO2.LU.FL.MT.CE.AR5",0,-8.2612
"454","YR2023","BGR","EN.GHG.CO2.LU.DF.MT.CE.AR5",0,0.1793
"455","YR2023","BGR","EN.GHG.CO2.LU.OS.MT.CE.AR5",0,0.0806
"456","YR2023","BGR","EN.GHG.CO2.LU.OL.MT.CE.AR5",0,-0.0719
"457","YR2000","BLR","EN.GHG.CO2.LU.MT.CE.AR5",0,-29.4743
"458","YR2000","BLR","EN.GHG.CO2.LU.FL.MT.CE.AR5",0,-51.3164
"459","YR2000","BLR","EN.GHG.CO2.LU.DF.MT.CE.AR5",0,2.1488
"460","YR2000","BLR","EN.GHG.CO2.LU.OS.MT.CE.AR5",0,20.4379
"461","YR2000","BLR","EN.GHG.CO2.LU.OL.MT.CE.AR5",0,-1.2969
"462","YR2001","BLR","EN.GHG.CO2.LU.MT.CE.AR5",0,-28.5457
"463","YR2001","BLR","EN.GHG.CO2.LU.FL.MT.CE.AR5",0,-49.8973
"464","YR2001","BLR","EN.GHG.CO2.LU.DF.MT.CE.AR5",0,2.148
"465","YR2001","BLR","EN.GHG.CO2.LU.OS.MT.CE.AR5",0,20.3307
"466","YR2001","BLR","EN.GHG.CO2.LU.OL.MT.CE.AR5",0,-1.4054
"467","YR2002","BLR","EN.GHG.CO2.LU.MT.CE.AR5",0,-27.042
"468","YR2002","BLR","EN.GHG.CO2.LU.FL.MT.CE.AR5",0,-48.7673
"469","YR2002","BLR","EN.GHG.CO2.LU.DF.MT.CE.AR5",0,2.1486
"470","YR2002","BLR","EN.GHG.CO2.LU.OS.MT.CE.AR5",0,20.2231
"471","YR2002","BLR","EN.GHG.CO2.LU.OL.MT.CE.AR5",0,-0.8775
"472","YR2003","BLR","EN.GHG.CO2.LU.MT.CE.AR5",0,-24.3097
"473","YR2003","BLR","EN.GHG.CO2.LU.FL.MT.CE.AR5",0,-45.9649
"474","YR2003","BLR","EN.GHG.CO2.LU.DF.MT.CE.AR5",0,2.1521
"475","YR2003","BLR","EN.GHG.CO2.LU.OS.MT.CE.AR5",0,20.1143
"476","YR2003","BLR","EN.GHG.CO2.LU.OL.MT.CE.AR5",0,-0.9109
"477","YR2004","BLR","EN.GHG.CO2.LU.MT.CE.AR5",0,-26.8056
"478","YR2004","BLR","EN.GHG.CO2.LU.FL.MT.CE.AR5",0,-47.9864
"479","YR2004","BLR","EN.GHG.CO2.LU.DF.MT.CE.AR5",0,2.1504
"480","YR2004","BLR","EN.GHG.CO2.LU.OS.MT.CE.AR5",0,20.0047
"481","YR2004","BLR","EN.GHG.CO2.LU.OL.MT.CE.AR5",0,-1.2213
"482","YR2005","BLR","EN.GHG.CO2.LU.MT.CE.AR5",0,-28.9333
"483","YR2005","BLR","EN.GHG.CO2.LU.FL.MT.CE.AR5",0,-49.6044
"484","YR2005","BLR","EN.GHG.CO2.LU.DF.MT.CE.AR5",0,2.1363
"485","YR2005","BLR","EN.GHG.CO2.LU.OS.MT.CE.AR5",0,19.902
"486","YR2005","BLR","EN.GHG.CO2.LU.OL.MT.CE.AR5",0,-1.1441
"487","YR2006","BLR","EN.GHG.CO2.LU.MT.CE.AR5",0,-31.6753
"488","YR2006","BLR","EN.GHG.CO2.LU.FL.MT.CE.AR5",0,-52.079
"489","YR2006","BLR","EN.GHG.CO2.LU.DF.MT.CE.AR5",0,2.1391
"490","YR2006","BLR","EN.GHG.CO2.LU.OS.MT.CE.AR5",0,19.7923
"491","YR2006","BLR","EN.GHG.CO2.LU.OL.MT.CE.AR5",0,-1.3384
"492","YR2007","BLR","EN.GHG.CO2.LU.MT.CE.AR5",0,-33.8483
"493","YR2007","BLR","EN.GHG.CO2.LU.FL.MT.CE.AR5",0,-54.141
"494","YR2007","BLR","EN.GHG.CO2.LU.DF.MT.CE.AR5",0,2.2034
"495","YR2007","BLR","EN.GHG.CO2.LU.OS.MT.CE.AR5",0,19.6856
"496","YR2007","BLR","EN.GHG.CO2.LU.OL.MT.CE.AR5",0,-1.2868
"497","YR2008","BLR","EN.GHG.CO2.LU.MT.CE.AR5",0,-34.1897
"498","YR2008","BLR","EN.GHG.CO2.LU.FL.MT.CE.AR5",0,-53.9056
"499","YR2008","BLR","EN.GHG.CO2.LU.DF.MT.CE.AR5",0,2.2249
"500","YR2008","BLR","EN.GHG.CO2.LU.OS.MT.CE.AR5",0,19.58
"501","YR2008","BLR","EN.GHG.CO2.LU.OL.MT.CE.AR5",0,-1.4444
"502","YR2009","BLR","EN.GHG.CO2.LU.MT.CE.AR5",0,-37.346
"503","YR2009","BLR","EN.GHG.CO2.LU.FL.MT.CE.AR5",0,-57.9257
"504","YR2009","BLR","EN.GHG.CO2.LU.DF.MT.CE.AR5",0,2.2367
"505","YR2009","BLR","EN.GHG.CO2.LU.OS.MT.CE.AR5",0,19.4739
"506","YR2009","BLR","EN.GHG.CO2.LU.OL.MT.CE.AR5",0,-1.2796
"507","YR2010","BLR","EN.GHG.CO2.LU.MT.CE.AR5",0,-41.1773
"508","YR2010","BLR","EN.GHG.CO2.LU.FL.MT.CE.AR5",0,-60.0762
"509","YR2010","BLR","EN.GHG.CO2.LU.DF.MT.CE.AR5",0,2.3803
"510","YR2010","BLR","EN.GHG.CO2.LU.OS.MT.CE.AR5",0,19.3677
"511","YR2010","BLR","EN.GHG.CO2.LU.OL.MT.CE.AR5",0,-2.5467
"512","YR2011","BLR","EN.GHG.CO2.LU.MT.CE.AR5",0,-40.5289
"513","YR2011","BLR","EN.GHG.CO2.LU.FL.MT.CE.AR5",0,-58.9129
"514","YR2011","BLR","EN.GHG.CO2.LU.DF.MT.CE.AR5",0,2.249
"515","YR2011","BLR","EN.GHG.CO2.LU.OS.MT.CE.AR5",0,19.2626
"516","YR2011","BLR","EN.GHG.CO2.LU.OL.MT.CE.AR5",0,-2.4847
"517","YR2012","BLR","EN.GHG.CO2.LU.MT.CE.AR5",0,-38.9509
"518","YR2012","BLR","EN.GHG.CO2.LU.FL.MT.CE.AR5",0,-57.3433
"519","YR2012","BLR","EN.GHG.CO2.LU.DF.MT.CE.AR5",0,2.1484
"520","YR2012","BLR","EN.GHG.CO2.LU.OS.MT.CE.AR5",0,19.1562
"521","YR2012","BLR","EN.GHG.CO2.LU.OL.MT.CE.AR5",0,-2.1967
"522","YR2013","BLR","EN.GHG.CO2.LU.MT.CE.AR5",0,-41.2407
"523","YR2013","BLR","EN.GHG.CO2.LU.FL.MT.CE.AR5",0,-59.2945
"524","YR2013","BLR","EN.GHG.CO2.LU.DF.MT.CE.AR5",0,2.2579
"525","YR2013","BLR","EN.GHG.CO2.LU.OS.MT.CE.AR5",0,19.0511
"526","YR2013","BLR","EN.GHG.CO2.LU.OL.MT.CE.AR5",0,-2.3084
"527","YR2014","BLR","EN.GHG.CO2.LU.MT.CE.AR5",0,-40.7161
"528","YR2014","BLR","EN.GHG.CO2.LU.FL.MT.CE.AR5",0,-58.4998
"529","YR2014","BLR","EN.GHG.CO2.LU.DF.MT.CE.AR5",0,2.3057
"530","YR2014","BLR","EN.GHG.CO2.LU.OS.MT.CE.AR5",0,18.9413
"531","YR2014","BLR","EN.GHG.CO2.LU.OL.MT.CE.AR5",0,-2.1627
"532","YR2015","BLR","EN.GHG.CO2.LU.MT.CE.AR5",0,-38.6598
"533","YR2015","BLR","EN.GHG.CO2.LU.FL.MT.CE.AR5",0,-57.5553
"534","YR2015","BLR","EN.GHG.CO2.LU.DF.MT.CE.AR5",0,2.4631
"535","YR2015","BLR","EN.GHG.CO2.LU.OS.MT.CE.AR5",0,18.8345
"536","YR2015","BLR","EN.GHG.CO2.LU.OL.MT.CE.AR5",0,-0.7969
"537","YR2016","BLR","EN.GHG.CO2.LU.MT.CE.AR5",0,-34.4926
"538","YR2016","BLR","EN.GHG.CO2.LU.FL.MT.CE.AR5",0,-52.2226
"539","YR2016","BLR","EN.GHG.CO2.LU.DF.MT.CE.AR5",0,2.641
"540","YR2016","BLR","EN.GHG.CO2.LU.OS.MT.CE.AR5",0,18.7327
"541","YR2016","BLR","EN.GHG.CO2.LU.OL.MT.CE.AR5",0,-1.7926
"542","YR2017","BLR","EN.GHG.CO2.LU.MT.CE.AR5",0,-30.8368
"543","YR2017","BLR","EN.GHG.CO2.LU.FL.MT.CE.AR5",0,-46.7303
"544","YR2017","BLR","EN.GHG.CO2.LU.DF.MT.CE.AR5",0,2.8805
"545","YR2017","BLR","EN.GHG.CO2.LU.OS.MT.CE.AR5",0,18.622
"546","YR2017","BLR","EN.GHG.CO2.LU.OL.MT.CE.AR5",0,-2.2227
"547","YR2018","BLR","EN.GHG.CO2.LU.MT.CE.AR5",0,-33.4747
"548","YR2018","BLR","EN.GHG.CO2.LU.FL.MT.CE.AR5",0,-49.0449
"549","YR2018","BLR","EN.GHG.CO2.LU.DF.MT.CE.AR5",0,2.9968
"550","YR2018","BLR","EN.GHG.CO2.LU.OS.MT.CE.AR5",0,18.5153
"551","YR2018","BLR","EN.GHG.CO2.LU.OL.MT.CE.AR5",0,-1.3323
"552","YR2019","BLR","EN.GHG.CO2.LU.MT.CE.AR5",0,-29.0992
"553","YR2019","BLR","EN.GHG.CO2.LU.FL.MT.CE.AR5",0,-45.1962
"554","YR2019","BLR","EN.GHG.CO2.LU.DF.MT.CE.AR5",0,3.0132
"555","YR2019","BLR","EN.GHG.CO2.LU.OS.MT.CE.AR5",0,18.4076
"556","YR2019","BLR","EN.GHG.CO2.LU.OL.MT.CE.AR5",0,-0.7881
"557","YR2020","BLR","EN.GHG.CO2.LU.MT.CE.AR5",0,-30.5441
"558","YR2020","BLR","EN.GHG.CO2.LU.FL.MT.CE.AR5",0,-48.4791
"559","YR2020","BLR","EN.GHG.CO2.LU.DF.MT.CE.AR5",0,3.0885
"560","YR2020","BLR","EN.GHG.CO2.LU.OS.MT.CE.AR5",0,18.4079
"561","YR2020","BLR","EN.GHG.CO2.LU.OL.MT.CE.AR5",0,-0.0936
"562","YR2021","BLR","EN.GHG.CO2.LU.MT.CE.AR5",0,-36.5419
"563","YR2021","BLR","EN.GHG.CO2.LU.FL.MT.CE.AR5",0,-49.8644
"564","YR2021","BLR","EN.GHG.CO2.LU.DF.MT.CE.AR5",0,3.2561
"565","YR2021","BLR","EN.GHG.CO2.LU.OS.MT.CE.AR5",0,14.6713
"566","YR2021","BLR","EN.GHG.CO2.LU.OL.MT.CE.AR5",0,-0.5566
"567","YR2022","BLR","EN.GHG.CO2.LU.MT.CE.AR5",0,-35.2554
"568","YR2022","BLR","EN.GHG.CO2.LU.FL.MT.CE.AR5",0,-52.8824
"569","YR2022","BLR","EN.GHG.CO2.LU.DF.MT.CE.AR5",0,3.5503
"570","YR2022","BLR","EN.GHG.CO2.LU.OS.MT.CE.AR5",0,14.6713
"571","YR2022","BLR","EN.GHG.CO2.LU.OL.MT.CE.AR5",0,2.5611
"572","YR2023","BLR","EN.GHG.CO2.LU.MT.CE.AR5",0,-41.3095
"573","YR2023","BLR","EN.GHG.CO2.LU.FL.MT.CE.AR5",0,-55.2108
"574","YR2023","BLR","EN.GHG.CO2.LU.DF.MT.CE.AR5",0,3.653
"575","YR2023","BLR","EN.GHG.CO2.LU.OS.MT.CE.AR5",0,14.7095
"576","YR2023","BLR","EN.GHG.CO2.LU.OL.MT.CE.AR5",0,2.5611
"577","YR2000","CAN","EN.GHG.CO2.LU.MT.CE.AR5",0,53.0758
"578","YR2000","CAN","EN.GHG.CO2.LU.FL.MT.CE.AR5",0,108.3097
"579","YR2000","CAN","EN.GHG.CO2.LU.DF.MT.CE.AR5",0,12.3259
"580","YR2000","CAN","EN.GHG.CO2.LU.OS.MT.CE.AR5",0,1.1567
"581","YR2000","CAN","EN.GHG.CO2.LU.OL.MT.CE.AR5",0,-15.7529
"582","YR2001","CAN","EN.GHG.CO2.LU.MT.CE.AR5",0,35.5208
"583","YR2001","CAN","EN.GHG.CO2.LU.FL.MT.CE.AR5",0,88.1558
"584","YR2001","CAN","EN.GHG.CO2.LU.DF.MT.CE.AR5",0,11.9502
"585","YR2001","CAN","EN.GHG.CO2.LU.OS.MT.CE.AR5",0,1.1567
"586","YR2001","CAN","EN.GHG.CO2.LU.OL.MT.CE.AR5",0,-11.1006
"587","YR2002","CAN","EN.GHG.CO2.LU.MT.CE.AR5",0,66.8269
"588","YR2002","CAN","EN.GHG.CO2.LU.FL.MT.CE.AR5",0,104.4422
"589","YR2002","CAN","EN.GHG.CO2.LU.DF.MT.CE.AR5",0,12.0241
"590","YR2002","CAN","EN.GHG.CO2.LU.OS.MT.CE.AR5",0,1.1567
"591","YR2002","CAN","EN.GHG.CO2.LU.OL.MT.CE.AR5",0,7.3369
"592","YR2003","CAN","EN.GHG.CO2.LU.MT.CE.AR5",0,64.1288
"593","YR2003","CAN","EN.GHG.CO2.LU.FL.MT.CE.AR5",0,97.8816
"594","YR2003","CAN","EN.GHG.CO2.LU.DF.MT.CE.AR5",0,11.8939
"595","YR2003","CAN","EN.GHG.CO2.LU.OS.MT.CE.AR5",0,1.1567
"596","YR2003","CAN","EN.GHG.CO2.LU.OL.MT.CE.AR5",0,10.9721
"597","YR2004","CAN","EN.GHG.CO2.LU.MT.CE.AR5",0,61.5635
"598","YR2004","CAN","EN.GHG.CO2.LU.FL.MT.CE.AR5",0,129.2217
"599","YR2004","CAN","EN.GHG.CO2.LU.DF.MT.CE.AR5",0,11.8834
"600","YR2004","CAN","EN.GHG.CO2.LU.OS.MT.CE.AR5",0,1.1567
"601","YR2004","CAN","EN.GHG.CO2.LU.OL.MT.CE.AR5",0,-19.8432
"602","YR2005","CAN","EN.GHG.CO2.LU.MT.CE.AR5",0,64.4523
"603","YR2005","CAN","EN.GHG.CO2.LU.FL.MT.CE.AR5",0,127.4826
"604","YR2005","CAN","EN.GHG.CO2.LU.DF.MT.CE.AR5",0,11.2564
"605","YR2005","CAN","EN.GHG.CO2.LU.OS.MT.CE.AR5",0,1.1567
"606","YR2005","CAN","EN.GHG.CO2.LU.OL.MT.CE.AR5",0,-18.8001
"607","YR2006","CAN","EN.GHG.CO2.LU.MT.CE.AR5",0,46.5014
"608","YR2006","CAN","EN.GHG.CO2.LU.FL.MT.CE.AR5",0,107.0475
"609","YR2006","CAN","EN.GHG.CO2.LU.DF.MT.CE.AR5",0,11.3752
"610","YR2006","CAN","EN.GHG.CO2.LU.OS.MT.CE.AR5",0,1.1567
"611","YR2006","CAN","EN.GHG.CO2.LU.OL.MT.CE.AR5",0,-21.7163
"612","YR2007","CAN","EN.GHG.CO2.LU.MT.CE.AR5",0,44.0006
"613","YR2007","CAN","EN.GHG.CO2.LU.FL.MT.CE.AR5",0,87.2072
"614","YR2007","CAN","EN.GHG.CO2.LU.DF.MT.CE.AR5",0,11.2997
"615","YR2007","CAN","EN.GHG.CO2.LU.OS.MT.CE.AR5",0,1.1567
"616","YR2007","CAN","EN.GHG.CO2.LU.OL.MT.CE.AR5",0,-16.4766
"617","YR2008","CAN","EN.GHG.CO2.LU.MT.CE.AR5",0,39.419
"618","YR2008","CAN","EN.GHG.CO2.LU.FL.MT.CE.AR5",0,61.9865
"619","YR2008","CAN","EN.GHG.CO2.LU.DF.MT.CE.AR5",0,11.251
"620","YR2008","CAN","EN.GHG.CO2.LU.OS.MT.CE.AR5",0,1.1567
"621","YR2008","CAN","EN.GHG.CO2.LU.OL.MT.CE.AR5",0,-17.5407
"622","YR2009","CAN","EN.GHG.CO2.LU.MT.CE.AR5",0,10.3928
"623","YR2009","CAN","EN.GHG.CO2.LU.FL.MT.CE.AR5",0,32.2356
"624","YR2009","CAN","EN.GHG.CO2.LU.DF.MT.CE.AR5",0,10.4481
"625","YR2009","CAN","EN.GHG.CO2.LU.OS.MT.CE.AR5",0,1.1567
"626","YR2009","CAN","EN.GHG.CO2.LU.OL.MT.CE.AR5",0,-34.2311
"627","YR2010","CAN","EN.GHG.CO2.LU.MT.CE.AR5",0,39.1092
"628","YR2010","CAN","EN.GHG.CO2.LU.FL.MT.CE.AR5",0,59.6752
"629","YR2010","CAN","EN.GHG.CO2.LU.DF.MT.CE.AR5",0,10.1958
"630","YR2010","CAN","EN.GHG.CO2.LU.OS.MT.CE.AR5",0,1.1567
"631","YR2010","CAN","EN.GHG.CO2.LU.OL.MT.CE.AR5",0,-19.4815
"632","YR2011","CAN","EN.GHG.CO2.LU.MT.CE.AR5",0,42.8924
"633","YR2011","CAN","EN.GHG.CO2.LU.FL.MT.CE.AR5",0,58.6959
"634","YR2011","CAN","EN.GHG.CO2.LU.DF.MT.CE.AR5",0,10.7434
"635","YR2011","CAN","EN.GHG.CO2.LU.OS.MT.CE.AR5",0,1.1567
"636","YR2011","CAN","EN.GHG.CO2.LU.OL.MT.CE.AR5",0,-11.4031
"637","YR2012","CAN","EN.GHG.CO2.LU.MT.CE.AR5",0,27.451
"638","YR2012","CAN","EN.GHG.CO2.LU.FL.MT.CE.AR5",0,55.9202
"639","YR2012","CAN","EN.GHG.CO2.LU.DF.MT.CE.AR5",0,10.7521
"640","YR2012","CAN","EN.GHG.CO2.LU.OS.MT.CE.AR5",0,1.1567
"641","YR2012","CAN","EN.GHG.CO2.LU.OL.MT.CE.AR5",0,-19.8459
"642","YR2013","CAN","EN.GHG.CO2.LU.MT.CE.AR5",0,30.1569
"643","YR2013","CAN","EN.GHG.CO2.LU.FL.MT.CE.AR5",0,58.6811
"644","YR2013","CAN","EN.GHG.CO2.LU.DF.MT.CE.AR5",0,11.5442
"645","YR2013","CAN","EN.GHG.CO2.LU.OS.MT.CE.AR5",0,1.1567
"646","YR2013","CAN","EN.GHG.CO2.LU.OL.MT.CE.AR5",0,-20.2346
"647","YR2014","CAN","EN.GHG.CO2.LU.MT.CE.AR5",0,6.6236
"648","YR2014","CAN","EN.GHG.CO2.LU.FL.MT.CE.AR5",0,55.3825
"649","YR2014","CAN","EN.GHG.CO2.LU.DF.MT.CE.AR5",0,11.6964
"650","YR2014","CAN","EN.GHG.CO2.LU.OS.MT.CE.AR5",0,1.1567
"651","YR2014","CAN","EN.GHG.CO2.LU.OL.MT.CE.AR5",0,-41.0863
"652","YR2015","CAN","EN.GHG.CO2.LU.MT.CE.AR5",0,44.1206
"653","YR2015","CAN","EN.GHG.CO2.LU.FL.MT.CE.AR5",0,64.1729
"654","YR2015","CAN","EN.GHG.CO2.LU.DF.MT.CE.AR5",0,11.7492
"655","YR2015","CAN","EN.GHG.CO2.LU.OS.MT.CE.AR5",0,1.1567
"656","YR2015","CAN","EN.GHG.CO2.LU.OL.MT.CE.AR5",0,-6.8613
"657","YR2016","CAN","EN.GHG.CO2.LU.MT.CE.AR5",0,27.3585
"658","YR2016","CAN","EN.GHG.CO2.LU.FL.MT.CE.AR5",0,57.0013
"659","YR2016","CAN","EN.GHG.CO2.LU.DF.MT.CE.AR5",0,11.705
"660","YR2016","CAN","EN.GHG.CO2.LU.OS.MT.CE.AR5",0,1.1567
"661","YR2016","CAN","EN.GHG.CO2.LU.OL.MT.CE.AR5",0,-14.3878
"662","YR2017","CAN","EN.GHG.CO2.LU.MT.CE.AR5",0,19.9245
"663","YR2017","CAN","EN.GHG.CO2.LU.FL.MT.CE.AR5",0,53.4456
"664","YR2017","CAN","EN.GHG.CO2.LU.DF.MT.CE.AR5",0,11.58
"665","YR2017","CAN","EN.GHG.CO2.LU.OS.MT.CE.AR5",0,1.1567
"666","YR2017","CAN","EN.GHG.CO2.LU.OL.MT.CE.AR5",0,-20.6966
"667","YR2018","CAN","EN.GHG.CO2.LU.MT.CE.AR5",0,22.7911
"668","YR2018","CAN","EN.GHG.CO2.LU.FL.MT.CE.AR5",0,53.8845
"669","YR2018","CAN","EN.GHG.CO2.LU.DF.MT.CE.AR5",0,11.5256
"670","YR2018","CAN","EN.GHG.CO2.LU.OS.MT.CE.AR5",0,1.1567
"671","YR2018","CAN","EN.GHG.CO2.LU.OL.MT.CE.AR5",0,-19.866
"672","YR2019","CAN","EN.GHG.CO2.LU.MT.CE.AR5",0,13.5559
"673","YR2019","CAN","EN.GHG.CO2.LU.FL.MT.CE.AR5",0,35.3153
"674","YR2019","CAN","EN.GHG.CO2.LU.DF.MT.CE.AR5",0,11.6076
"675","YR2019","CAN","EN.GHG.CO2.LU.OS.MT.CE.AR5",0,1.1567
"676","YR2019","CAN","EN.GHG.CO2.LU.OL.MT.CE.AR5",0,-16.8097
"677","YR2020","CAN","EN.GHG.CO2.LU.MT.CE.AR5",0,23.9945
"678","YR2020","CAN","EN.GHG.CO2.LU.FL.MT.CE.AR5",0,35.8975
"679","YR2020","CAN","EN.GHG.CO2.LU.DF.MT.CE.AR5",0,11.4622
"680","YR2020","CAN","EN.GHG.CO2.LU.OS.MT.CE.AR5",0,1.1567
"681","YR2020","CAN","EN.GHG.CO2.LU.OL.MT.CE.AR5",0,-14.2089
"682","YR2021","CAN","EN.GHG.CO2.LU.MT.CE.AR5",0,13.7483
"683","YR2021","CAN","EN.GHG.CO2.LU.FL.MT.CE.AR5",0,29.916
"684","YR2021","CAN","EN.GHG.CO2.LU.DF.MT.CE.AR5",0,11.82
"685","YR2021","CAN","EN.GHG.CO2.LU.OS.MT.CE.AR5",0,1.1567
"686","YR2021","CAN","EN.GHG.CO2.LU.OL.MT.CE.AR5",0,-17.5824
"687","YR2022","CAN","EN.GHG.CO2.LU.MT.CE.AR5",0,49.9066
"688","YR2022","CAN","EN.GHG.CO2.LU.FL.MT.CE.AR5",0,18.8471
"689","YR2022","CAN","EN.GHG.CO2.LU.DF.MT.CE.AR5",0,11.5449
"690","YR2022","CAN","EN.GHG.CO2.LU.OS.MT.CE.AR5",0,1.1567
"691","YR2022","CAN","EN.GHG.CO2.LU.OL.MT.CE.AR5",0,22.3322
"692","YR2023","CAN","EN.GHG.CO2.LU.MT.CE.AR5",0,3.2751
"693","YR2023","CAN","EN.GHG.CO2.LU.FL.MT.CE.AR5",0,20.3066
"694","YR2023","CAN","EN.GHG.CO2.LU.DF.MT.CE.AR5",0,11.4957
"695","YR2023","CAN","EN.GHG.CO2.LU.OS.MT.CE.AR5",0,1.1567
"696","YR2023","CAN","EN.GHG.CO2.LU.OL.MT.CE.AR5",0,22.3322
"697","YR2000","CHE","EN.GHG.CO2.LU.MT.CE.AR5",0,3.8685
"698","YR2000","CHE","EN.GHG.CO2.LU.FL.MT.CE.AR5",0,3.7165
"699","YR2000","CHE","EN.GHG.CO2.LU.DF.MT.CE.AR5",0,0.6214
"700","YR2000","CHE","EN.GHG.CO2.LU.OS.MT.CE.AR5",0,0.7837
"701","YR2000","CHE","EN.GHG.CO2.LU.OL.MT.CE.AR5",0,-0.5479
"702","YR2001","CHE","EN.GHG.CO2.LU.MT.CE.AR5",0,-0.2075
"703","YR2001","CHE","EN.GHG.CO2.LU.FL.MT.CE.AR5",0,-1.8757
"704","YR2001","CHE","EN.GHG.CO2.LU.DF.MT.CE.AR5",0,0.594
"705","YR2001","CHE","EN.GHG.CO2.LU.OS.MT.CE.AR5",0,0.7832
"706","YR2001","CHE","EN.GHG.CO2.LU.OL.MT.CE.AR5",0,0.6903
"707","YR2002","CHE","EN.GHG.CO2.LU.MT.CE.AR5",0,-2.7548
"708","YR2002","CHE","EN.GHG.CO2.LU.FL.MT.CE.AR5",0,-3.3813
"709","YR2002","CHE","EN.GHG.CO2.LU.DF.MT.CE.AR5",0,0.6196
"710","YR2002","CHE","EN.GHG.CO2.LU.OS.MT.CE.AR5",0,0.7823
"711","YR2002","CHE","EN.GHG.CO2.LU.OL.MT.CE.AR5",0,-0.5044
"712","YR2003","CHE","EN.GHG.CO2.LU.MT.CE.AR5",0,-2.1043
"713","YR2003","CHE","EN.GHG.CO2.LU.FL.MT.CE.AR5",0,-2.8858
"714","YR2003","CHE","EN.GHG.CO2.LU.DF.MT.CE.AR5",0,0.5992
"715","YR2003","CHE","EN.GHG.CO2.LU.OS.MT.CE.AR5",0,0.7818
"716","YR2003","CHE","EN.GHG.CO2.LU.OL.MT.CE.AR5",0,-0.2568
"717","YR2004","CHE","EN.GHG.CO2.LU.MT.CE.AR5",0,-4.8787
"718","YR2004","CHE","EN.GHG.CO2.LU.FL.MT.CE.AR5",0,-3.8812
"719","YR2004","CHE","EN.GHG.CO2.LU.DF.MT.CE.AR5",0,0.5571
"720","YR2004","CHE","EN.GHG.CO2.LU.OS.MT.CE.AR5",0,0.781
"721","YR2004","CHE","EN.GHG.CO2.LU.OL.MT.CE.AR5",0,-1.8293
"722","YR2005","CHE","EN.GHG.CO2.LU.MT.CE.AR5",0,-2.4525
"723","YR2005","CHE","EN.GHG.CO2.LU.FL.MT.CE.AR5",0,-3.5081
"724","YR2005","CHE","EN.GHG.CO2.LU.DF.MT.CE.AR5",0,0.6063
"725","YR2005","CHE","EN.GHG.CO2.LU.OS.MT.CE.AR5",0,0.78
"726","YR2005","CHE","EN.GHG.CO2.LU.OL.MT.CE.AR5",0,0.2889
"727","YR2006","CHE","EN.GHG.CO2.LU.MT.CE.AR5",0,-0.6225
"728","YR2006","CHE","EN.GHG.CO2.LU.FL.MT.CE.AR5",0,-0.9611
"729","YR2006","CHE","EN.GHG.CO2.LU.DF.MT.CE.AR5",0,0.6194
"730","YR2006","CHE","EN.GHG.CO2.LU.OS.MT.CE.AR5",0,0.7788
"731","YR2006","CHE","EN.GHG.CO2.LU.OL.MT.CE.AR5",0,-0.6781
"732","YR2007","CHE","EN.GHG.CO2.LU.MT.CE.AR5",0,-1.6206
"733","YR2007","CHE","EN.GHG.CO2.LU.FL.MT.CE.AR5",0,-1.6922
"734","YR2007","CHE","EN.GHG.CO2.LU.DF.MT.CE.AR5",0,0.6283
"735","YR2007","CHE","EN.GHG.CO2.LU.OS.MT.CE.AR5",0,0.7781
"736","YR2007","CHE","EN.GHG.CO2.LU.OL.MT.CE.AR5",0,-0.6628
"737","YR2008","CHE","EN.GHG.CO2.LU.MT.CE.AR5",0,-1.9196
"738","YR2008","CHE","EN.GHG.CO2.LU.FL.MT.CE.AR5",0,-2.8265
"739","YR2008","CHE","EN.GHG.CO2.LU.DF.MT.CE.AR5",0,0.6336
"740","YR2008","CHE","EN.GHG.CO2.LU.OS.MT.CE.AR5",0,0.7775
"741","YR2008","CHE","EN.GHG.CO2.LU.OL.MT.CE.AR5",0,-0.2115
"742","YR2009","CHE","EN.GHG.CO2.LU.MT.CE.AR5",0,-2.3203
"743","YR2009","CHE","EN.GHG.CO2.LU.FL.MT.CE.AR5",0,-2.9181
"744","YR2009","CHE","EN.GHG.CO2.LU.DF.MT.CE.AR5",0,0.6157
"745","YR2009","CHE","EN.GHG.CO2.LU.OS.MT.CE.AR5",0,0.7764
"746","YR2009","CHE","EN.GHG.CO2.LU.OL.MT.CE.AR5",0,-0.5038
"747","YR2010","CHE","EN.GHG.CO2.LU.MT.CE.AR5",0,-2.2668
"748","YR2010","CHE","EN.GHG.CO2.LU.FL.MT.CE.AR5",0,-3.8989
"749","YR2010","CHE","EN.GHG.CO2.LU.DF.MT.CE.AR5",0,0.6478
"750","YR2010","CHE","EN.GHG.CO2.LU.OS.MT.CE.AR5",0,0.7754
"751","YR2010","CHE","EN.GHG.CO2.LU.OL.MT.CE.AR5",0,0.5561
"752","YR2011","CHE","EN.GHG.CO2.LU.MT.CE.AR5",0,-3.4164
"753","YR2011","CHE","EN.GHG.CO2.LU.FL.MT.CE.AR5",0,-2.3966
"754","YR2011","CHE","EN.GHG.CO2.LU.DF.MT.CE.AR5",0,0.5825
"755","YR2011","CHE","EN.GHG.CO2.LU.OS.MT.CE.AR5",0,0.7743
"756","YR2011","CHE","EN.GHG.CO2.LU.OL.MT.CE.AR5",0,-2.1178
"757","YR2012","CHE","EN.GHG.CO2.LU.MT.CE.AR5",0,-0.4821
"758","YR2012","CHE","EN.GHG.CO2.LU.FL.MT.CE.AR5",0,-2.6742
"759","YR2012","CHE","EN.GHG.CO2.LU.DF.MT.CE.AR5",0,0.6552
"760","YR2012","CHE","EN.GHG.CO2.LU.OS.MT.CE.AR5",0,0.7735
"761","YR2012","CHE","EN.GHG.CO2.LU.OL.MT.CE.AR5",0,0.8331
"762","YR2013","CHE","EN.GHG.CO2.LU.MT.CE.AR5",0,-0.288
"763","YR2013","CHE","EN.GHG.CO2.LU.FL.MT.CE.AR5",0,-3.5708
"764","YR2013","CHE","EN.GHG.CO2.LU.DF.MT.CE.AR5",0,0.6622
"765","YR2013","CHE","EN.GHG.CO2.LU.OS.MT.CE.AR5",0,0.7726
"766","YR2013","CHE","EN.GHG.CO2.LU.OL.MT.CE.AR5",0,1.7216
"767","YR2014","CHE","EN.GHG.CO2.LU.MT.CE.AR5",0,-4.0529
"768","YR2014","CHE","EN.GHG.CO2.LU.FL.MT.CE.AR5",0,-2.5514
"769","YR2014","CHE","EN.GHG.CO2.LU.DF.MT.CE.AR5",0,0.6502
"770","YR2014","CHE","EN.GHG.CO2.LU.OS.MT.CE.AR5",0,0.7715
"771","YR2014","CHE","EN.GHG.CO2.LU.OL.MT.CE.AR5",0,-2.8638
"772","YR2015","CHE","EN.GHG.CO2.LU.MT.CE.AR5",0,1.1181
"773","YR2015","CHE","EN.GHG.CO2.LU.FL.MT.CE.AR5",0,-3.2191
"774","YR2015","CHE","EN.GHG.CO2.LU.DF.MT.CE.AR5",0,0.6196
"775","YR2015","CHE","EN.GHG.CO2.LU.OS.MT.CE.AR5",0,0.7715
"776","YR2015","CHE","EN.GHG.CO2.LU.OL.MT.CE.AR5",0,2.9826
"777","YR2016","CHE","EN.GHG.CO2.LU.MT.CE.AR5",0,-3.2687
"778","YR2016","CHE","EN.GHG.CO2.LU.FL.MT.CE.AR5",0,-3.6419
"779","YR2016","CHE","EN.GHG.CO2.LU.DF.MT.CE.AR5",0,0.6561
"780","YR2016","CHE","EN.GHG.CO2.LU.OS.MT.CE.AR5",0,0.7705
"781","YR2016","CHE","EN.GHG.CO2.LU.OL.MT.CE.AR5",0,-1.0548
"782","YR2017","CHE","EN.GHG.CO2.LU.MT.CE.AR5",0,-1.8808
"783","YR2017","CHE","EN.GHG.CO2.LU.FL.MT.CE.AR5",0,-3.1664
"784","YR2017","CHE","EN.GHG.CO2.LU.DF.MT.CE.AR5",0,0.6794
"785","YR2017","CHE","EN.GHG.CO2.LU.OS.MT.CE.AR5",0,0.7698
"786","YR2017","CHE","EN.GHG.CO2.LU.OL.MT.CE.AR5",0,-0.1452
"787","YR2018","CHE","EN.GHG.CO2.LU.MT.CE.AR5",0,1.0635
"788","YR2018","CHE","EN.GHG.CO2.LU.FL.MT.CE.AR5",0,-1.4997
"789","YR2018","CHE","EN.GHG.CO2.LU.DF.MT.CE.AR5",0,0.6578
"790","YR2018","CHE","EN.GHG.CO2.LU.OS.MT.CE.AR5",0,0.7683
"791","YR2018","CHE","EN.GHG.CO2.LU.OL.MT.CE.AR5",0,1.2173
"792","YR2019","CHE","EN.GHG.CO2.LU.MT.CE.AR5",0,-3.2005
"793","YR2019","CHE","EN.GHG.CO2.LU.FL.MT.CE.AR5",0,-2.7782
"794","YR2019","CHE","EN.GHG.CO2.LU.DF.MT.CE.AR5",0,0.5982
"795","YR2019","CHE","EN.GHG.CO2.LU.OS.MT.CE.AR5",0,0.7675
"796","YR2019","CHE","EN.GHG.CO2.LU.OL.MT.CE.AR5",0,-1.8393
"797","YR2020","CHE","EN.GHG.CO2.LU.MT.CE.AR5",0,-1.2783
"798","YR2020","CHE","EN.GHG.CO2.LU.FL.MT.CE.AR5",0,-2.7443
"799","YR2020","CHE","EN.GHG.CO2.LU.DF.MT.CE.AR5",0,0.5133
"800","YR2020","CHE","EN.GHG.CO2.LU.OS.MT.CE.AR5",0,0.767
"801","YR2020","CHE","EN.GHG.CO2.LU.OL.MT.CE.AR5",0,0.2076
"802","YR2021","CHE","EN.GHG.CO2.LU.MT.CE.AR5",0,-0.4468
"803","YR2021","CHE","EN.GHG.CO2.LU.FL.MT.CE.AR5",0,-2.9888
"804","YR2021","CHE","EN.GHG.CO2.LU.DF.MT.CE.AR5",0,0.5645
"805","YR2021","CHE","EN.GHG.CO2.LU.OS.MT.CE.AR5",0,0.7658
"806","YR2021","CHE","EN.GHG.CO2.LU.OL.MT.CE.AR5",0,1.3569
"807","YR2022","CHE","EN.GHG.CO2.LU.MT.CE.AR5",0,-1.4925
"808","YR2022","CHE","EN.GHG.CO2.LU.FL.MT.CE.AR5",0,-1.9138
"809","YR2022","CHE","EN.GHG.CO2.LU.DF.MT.CE.AR5",0,0.5881
"810","YR2022","CHE","EN.GHG.CO2.LU.OS.MT.CE.AR5",0,0.7649
"811","YR2022","CHE","EN.GHG.CO2.LU.OL.MT.CE.AR5",0,-0.886
"812","YR2023","CHE","EN.GHG.CO2.LU.MT.CE.AR5",0,1.2397
"813","YR2023","CHE","EN.GHG.CO2.LU.FL.MT.CE.AR5",0,-0.3943
"814","YR2023","CHE","EN.GHG.CO2.LU.DF.MT.CE.AR5",0,0.5678
"815","YR2023","CHE","EN.GHG.CO2.LU.OS.MT.CE.AR5",0,0.7638
"816","YR2023","CHE","EN.GHG.CO2.LU.OL.MT.CE.AR5",0,-0.886
"817","YR2000","CYP","EN.GHG.CO2.LU.MT.CE.AR5",0,-0.1494
"818","YR2000","CYP","EN.GHG.CO2.LU.FL.MT.CE.AR5",0,0.0031
"819","YR2000","CYP","EN.GHG.CO2.LU.DF.MT.CE.AR5",0,0.0001
"820","YR2000","CYP","EN.GHG.CO2.LU.OL.MT.CE.AR5",0,-0.1669
"821","YR2001","CYP","EN.GHG.CO2.LU.MT.CE.AR5",0,-0.1712
"822","YR2001","CYP","EN.GHG.CO2.LU.FL.MT.CE.AR5",0,-0.0485
"823","YR2001","CYP","EN.GHG.CO2.LU.DF.MT.CE.AR5",0,0.0031
"824","YR2001","CYP","EN.GHG.CO2.LU.OL.MT.CE.AR5",0,-0.1483
"825","YR2002","CYP","EN.GHG.CO2.LU.MT.CE.AR5",0,-0.2024
"826","YR2002","CYP","EN.GHG.CO2.LU.FL.MT.CE.AR5",0,-0.0815
"827","YR2002","CYP","EN.GHG.CO2.LU.DF.MT.CE.AR5",0,0.0031
"828","YR2002","CYP","EN.GHG.CO2.LU.OL.MT.CE.AR5",0,-0.1479
"829","YR2003","CYP","EN.GHG.CO2.LU.MT.CE.AR5",0,-0.2149
"830","YR2003","CYP","EN.GHG.CO2.LU.FL.MT.CE.AR5",0,-0.0946
"831","YR2003","CYP","EN.GHG.CO2.LU.DF.MT.CE.AR5",0,0.0032
"832","YR2003","CYP","EN.GHG.CO2.LU.OL.MT.CE.AR5",0,-0.1474
"833","YR2004","CYP","EN.GHG.CO2.LU.MT.CE.AR5",0,-0.2158
"834","YR2004","CYP","EN.GHG.CO2.LU.FL.MT.CE.AR5",0,-0.0963
"835","YR2004","CYP","EN.GHG.CO2.LU.DF.MT.CE.AR5",0,0.0032
"836","YR2004","CYP","EN.GHG.CO2.LU.OL.MT.CE.AR5",0,-0.147
"837","YR2005","CYP","EN.GHG.CO2.LU.MT.CE.AR5",0,-0.2219
"838","YR2005","CYP","EN.GHG.CO2.LU.FL.MT.CE.AR5",0,-0.1028
"839","YR2005","CYP","EN.GHG.CO2.LU.DF.MT.CE.AR5",0,0.0032
"840","YR2005","CYP","EN.GHG.CO2.LU.OL.MT.CE.AR5",0,-0.1466
"841","YR2006","CYP","EN.GHG.CO2.LU.MT.CE.AR5",0,-0.224
"842","YR2006","CYP","EN.GHG.CO2.LU.FL.MT.CE.AR5",0,-0.1045
"843","YR2006","CYP","EN.GHG.CO2.LU.DF.MT.CE.AR5",0,0.0032
"844","YR2006","CYP","EN.GHG.CO2.LU.OL.MT.CE.AR5",0,-0.1462
"845","YR2007","CYP","EN.GHG.CO2.LU.MT.CE.AR5",0,-0.1886
"846","YR2007","CYP","EN.GHG.CO2.LU.FL.MT.CE.AR5",0,-0.0468
"847","YR2007","CYP","EN.GHG.CO2.LU.DF.MT.CE.AR5",0,0.0001
"848","YR2007","CYP","EN.GHG.CO2.LU.OL.MT.CE.AR5",0,-0.1607
"849","YR2008","CYP","EN.GHG.CO2.LU.MT.CE.AR5",0,-0.2511
"850","YR2008","CYP","EN.GHG.CO2.LU.FL.MT.CE.AR5",0,-0.1084
"851","YR2008","CYP","EN.GHG.CO2.LU.DF.MT.CE.AR5",0,0.0001
"852","YR2008","CYP","EN.GHG.CO2.LU.OL.MT.CE.AR5",0,-0.1604
"853","YR2009","CYP","EN.GHG.CO2.LU.MT.CE.AR5",0,-0.279
"854","YR2009","CYP","EN.GHG.CO2.LU.FL.MT.CE.AR5",0,-0.1416
"855","YR2009","CYP","EN.GHG.CO2.LU.DF.MT.CE.AR5",0,0.0001
"856","YR2009","CYP","EN.GHG.CO2.LU.OL.MT.CE.AR5",0,-0.16
"857","YR2010","CYP","EN.GHG.CO2.LU.MT.CE.AR5",0,-0.2673
"858","YR2010","CYP","EN.GHG.CO2.LU.FL.MT.CE.AR5",0,-0.1313
"859","YR2010","CYP","EN.GHG.CO2.LU.DF.MT.CE.AR5",0,0.0001
"860","YR2010","CYP","EN.GHG.CO2.LU.OL.MT.CE.AR5",0,-0.1589
"861","YR2011","CYP","EN.GHG.CO2.LU.MT.CE.AR5",0,-0.3029
"862","YR2011","CYP","EN.GHG.CO2.LU.FL.MT.CE.AR5",0,-0.169
"863","YR2011","CYP","EN.GHG.CO2.LU.DF.MT.CE.AR5",0,0.0001
"864","YR2011","CYP","EN.GHG.CO2.LU.OL.MT.CE.AR5",0,-0.1577
"865","YR2012","CYP","EN.GHG.CO2.LU.MT.CE.AR5",0,-0.2958
"866","YR2012","CYP","EN.GHG.CO2.LU.FL.MT.CE.AR5",0,-0.1632
"867","YR2012","CYP","EN.GHG.CO2.LU.DF.MT.CE.AR5",0,0.0001
"868","YR2012","CYP","EN.GHG.CO2.LU.OL.MT.CE.AR5",0,-0.1565
"869","YR2013","CYP","EN.GHG.CO2.LU.MT.CE.AR5",0,-0.2988
"870","YR2013","CYP","EN.GHG.CO2.LU.FL.MT.CE.AR5",0,-0.1714
"871","YR2013","CYP","EN.GHG.CO2.LU.DF.MT.CE.AR5",0,0.0078
"872","YR2013","CYP","EN.GHG.CO2.LU.OL.MT.CE.AR5",0,-0.1587
"873","YR2014","CYP","EN.GHG.CO2.LU.MT.CE.AR5",0,-0.3007
"874","YR2014","CYP","EN.GHG.CO2.LU.FL.MT.CE.AR5",0,-0.1738
"875","YR2014","CYP","EN.GHG.CO2.LU.DF.MT.CE.AR5",0,0.0079
"876","YR2014","CYP","EN.GHG.CO2.LU.OL.MT.CE.AR5",0,-0.1577
"877","YR2015","CYP","EN.GHG.CO2.LU.MT.CE.AR5",0,-0.2974
"878","YR2015","CYP","EN.GHG.CO2.LU.FL.MT.CE.AR5",0,-0.1714
"879","YR2015","CYP","EN.GHG.CO2.LU.DF.MT.CE.AR5",0,0.0079
"880","YR2015","CYP","EN.GHG.CO2.LU.OL.MT.CE.AR5",0,-0.1567
"881","YR2016","CYP","EN.GHG.CO2.LU.MT.CE.AR5",0,-0.2042
"882","YR2016","CYP","EN.GHG.CO2.LU.FL.MT.CE.AR5",0,-0.079
"883","YR2016","CYP","EN.GHG.CO2.LU.DF.MT.CE.AR5",0,0.0079
"884","YR2016","CYP","EN.GHG.CO2.LU.OL.MT.CE.AR5",0,-0.1556
"885","YR2017","CYP","EN.GHG.CO2.LU.MT.CE.AR5",0,-0.3086
"886","YR2017","CYP","EN.GHG.CO2.LU.FL.MT.CE.AR5",0,-0.1844
"887","YR2017","CYP","EN.GHG.CO2.LU.DF.MT.CE.AR5",0,0.008
"888","YR2017","CYP","EN.GHG.CO2.LU.OL.MT.CE.AR5",0,-0.1546
"889","YR2018","CYP","EN.GHG.CO2.LU.MT.CE.AR5",0,-0.3042
"890","YR2018","CYP","EN.GHG.CO2.LU.FL.MT.CE.AR5",0,-0.1809
"891","YR2018","CYP","EN.GHG.CO2.LU.DF.MT.CE.AR5",0,0.008
"892","YR2018","CYP","EN.GHG.CO2.LU.OL.MT.CE.AR5",0,-0.1536
"893","YR2019","CYP","EN.GHG.CO2.LU.MT.CE.AR5",0,-0.2988
"894","YR2019","CYP","EN.GHG.CO2.LU.FL.MT.CE.AR5",0,-0.1762
"895","YR2019","CYP","EN.GHG.CO2.LU.DF.MT.CE.AR5",0,0.0081
"896","YR2019","CYP","EN.GHG.CO2.LU.OL.MT.CE.AR5",0,-0.1526
"897","YR2020","CYP","EN.GHG.CO2.LU.MT.CE.AR5",0,-0.3004
"898","YR2020","CYP","EN.GHG.CO2.LU.FL.MT.CE.AR5",0,-0.1782
"899","YR2020","CYP","EN.GHG.CO2.LU.DF.MT.CE.AR5",0,0.0081
"900","YR2020","CYP","EN.GHG.CO2.LU.OL.MT.CE.AR5",0,-0.1516
"901","YR2021","CYP","EN.GHG.CO2.LU.MT.CE.AR5",0,-0.2447
"902","YR2021","CYP","EN.GHG.CO2.LU.FL.MT.CE.AR5",0,-0.1212
"903","YR2021","CYP","EN.GHG.CO2.LU.DF.MT.CE.AR5",0,0.0081
"904","YR2021","CYP","EN.GHG.CO2.LU.OL.MT.CE.AR5",0,-0.1515
"905","YR2022","CYP","EN.GHG.CO2.LU.MT.CE.AR5",0,-0.3007
"906","YR2022","CYP","EN.GHG.CO2.LU.FL.MT.CE.AR5",0,-0.1776
"907","YR2022","CYP","EN.GHG.CO2.LU.DF.MT.CE.AR5",0,0.0081
"908","YR2022","CYP","EN.GHG.CO2.LU.OL.MT.CE.AR5",0,-0.1514
"909","YR2023","CYP","EN.GHG.CO2.LU.MT.CE.AR5",0,-0.3119
"910","YR2023","CYP","EN.GHG.CO2.LU.FL.MT.CE.AR5",0,-0.1879
"911","YR2023","CYP","EN.GHG.CO2.LU.DF.MT.CE.AR5",0,0.0081
"912","YR2023","CYP","EN.GHG.CO2.LU.OL.MT.CE.AR5",0,-0.1514
"913","YR2000","CZE","EN.GHG.CO2.LU.MT.CE.AR5",0,-10.3288
"914","YR2000","CZE","EN.GHG.CO2.LU.FL.MT.CE.AR5",0,-9.22
"915","YR2000","CZE","EN.GHG.CO2.LU.DF.MT.CE.AR5",0,0.355
"916","YR2000","CZE","EN.GHG.CO2.LU.OL.MT.CE.AR5",0,-0.1928
"917","YR2001","CZE","EN.GHG.CO2.LU.MT.CE.AR5",0,-10.3244
"918","YR2001","CZE","EN.GHG.CO2.LU.FL.MT.CE.AR5",0,-9.1859
"919","YR2001","CZE","EN.GHG.CO2.LU.DF.MT.CE.AR5",0,0.2788
"920","YR2001","CZE","EN.GHG.CO2.LU.OL.MT.CE.AR5",0,-0.2163
"921","YR2002","CZE","EN.GHG.CO2.LU.MT.CE.AR5",0,-10.1287
"922","YR2002","CZE","EN.GHG.CO2.LU.FL.MT.CE.AR5",0,-9.1458
"923","YR2002","CZE","EN.GHG.CO2.LU.DF.MT.CE.AR5",0,0.2518
"924","YR2002","CZE","EN.GHG.CO2.LU.OL.MT.CE.AR5",0,-0.1356
"925","YR2003","CZE","EN.GHG.CO2.LU.MT.CE.AR5",0,-9.7126
"926","YR2003","CZE","EN.GHG.CO2.LU.FL.MT.CE.AR5",0,-8.5758
"927","YR2003","CZE","EN.GHG.CO2.LU.DF.MT.CE.AR5",0,0.4035
"928","YR2003","CZE","EN.GHG.CO2.LU.OL.MT.CE.AR5",0,-0.0572
"929","YR2004","CZE","EN.GHG.CO2.LU.MT.CE.AR5",0,-9.4376
"930","YR2004","CZE","EN.GHG.CO2.LU.FL.MT.CE.AR5",0,-8.1419
"931","YR2004","CZE","EN.GHG.CO2.LU.DF.MT.CE.AR5",0,0.3981
"932","YR2004","CZE","EN.GHG.CO2.LU.OL.MT.CE.AR5",0,-0.1473
"933","YR2005","CZE","EN.GHG.CO2.LU.MT.CE.AR5",0,-9.5082
"934","YR2005","CZE","EN.GHG.CO2.LU.FL.MT.CE.AR5",0,-8.2581
"935","YR2005","CZE","EN.GHG.CO2.LU.DF.MT.CE.AR5",0,0.3861
"936","YR2005","CZE","EN.GHG.CO2.LU.OL.MT.CE.AR5",0,-0.2024
"937","YR2006","CZE","EN.GHG.CO2.LU.MT.CE.AR5",0,-8.6285
"938","YR2006","CZE","EN.GHG.CO2.LU.FL.MT.CE.AR5",0,-6.3134
"939","YR2006","CZE","EN.GHG.CO2.LU.DF.MT.CE.AR5",0,0.2872
"940","YR2006","CZE","EN.GHG.CO2.LU.OL.MT.CE.AR5",0,-0.1838
"941","YR2007","CZE","EN.GHG.CO2.LU.MT.CE.AR5",0,-8.4162
"942","YR2007","CZE","EN.GHG.CO2.LU.FL.MT.CE.AR5",0,-5.5686
"943","YR2007","CZE","EN.GHG.CO2.LU.DF.MT.CE.AR5",0,0.2666
"944","YR2007","CZE","EN.GHG.CO2.LU.OL.MT.CE.AR5",0,-0.1896
"945","YR2008","CZE","EN.GHG.CO2.LU.MT.CE.AR5",0,-9.4193
"946","YR2008","CZE","EN.GHG.CO2.LU.FL.MT.CE.AR5",0,-7.4634
"947","YR2008","CZE","EN.GHG.CO2.LU.DF.MT.CE.AR5",0,0.2886
"948","YR2008","CZE","EN.GHG.CO2.LU.OL.MT.CE.AR5",0,-0.1968
"949","YR2009","CZE","EN.GHG.CO2.LU.MT.CE.AR5",0,-9.075
"950","YR2009","CZE","EN.GHG.CO2.LU.FL.MT.CE.AR5",0,-8.1491
"951","YR2009","CZE","EN.GHG.CO2.LU.DF.MT.CE.AR5",0,0.3275
"952","YR2009","CZE","EN.GHG.CO2.LU.OL.MT.CE.AR5",0,-0.2113
"953","YR2010","CZE","EN.GHG.CO2.LU.MT.CE.AR5",0,-8.4437
"954","YR2010","CZE","EN.GHG.CO2.LU.FL.MT.CE.AR5",0,-6.9991
"955","YR2010","CZE","EN.GHG.CO2.LU.DF.MT.CE.AR5",0,0.3593
"956","YR2010","CZE","EN.GHG.CO2.LU.OL.MT.CE.AR5",0,-0.1834
"957","YR2011","CZE","EN.GHG.CO2.LU.MT.CE.AR5",0,-9.0258
"958","YR2011","CZE","EN.GHG.CO2.LU.FL.MT.CE.AR5",0,-8.4325
"959","YR2011","CZE","EN.GHG.CO2.LU.DF.MT.CE.AR5",0,0.5072
"960","YR2011","CZE","EN.GHG.CO2.LU.OL.MT.CE.AR5",0,-0.1336
"961","YR2012","CZE","EN.GHG.CO2.LU.MT.CE.AR5",0,-9.2699
"962","YR2012","CZE","EN.GHG.CO2.LU.FL.MT.CE.AR5",0,-8.7882
"963","YR2012","CZE","EN.GHG.CO2.LU.DF.MT.CE.AR5",0,0.3101
"964","YR2012","CZE","EN.GHG.CO2.LU.OL.MT.CE.AR5",0,-0.1051
"965","YR2013","CZE","EN.GHG.CO2.LU.MT.CE.AR5",0,-8.5876
"966","YR2013","CZE","EN.GHG.CO2.LU.FL.MT.CE.AR5",0,-8.6375
"967","YR2013","CZE","EN.GHG.CO2.LU.DF.MT.CE.AR5",0,0.3375
"968","YR2013","CZE","EN.GHG.CO2.LU.OL.MT.CE.AR5",0,-0.1695
"969","YR2014","CZE","EN.GHG.CO2.LU.MT.CE.AR5",0,-8.4771
"970","YR2014","CZE","EN.GHG.CO2.LU.FL.MT.CE.AR5",0,-8.5631
"971","YR2014","CZE","EN.GHG.CO2.LU.DF.MT.CE.AR5",0,0.3534
"972","YR2014","CZE","EN.GHG.CO2.LU.OL.MT.CE.AR5",0,-0.1846
"973","YR2015","CZE","EN.GHG.CO2.LU.MT.CE.AR5",0,-8.5334
"974","YR2015","CZE","EN.GHG.CO2.LU.FL.MT.CE.AR5",0,-8.062
"975","YR2015","CZE","EN.GHG.CO2.LU.DF.MT.CE.AR5",0,0.2798
"976","YR2015","CZE","EN.GHG.CO2.LU.OL.MT.CE.AR5",0,-0.2735
"977","YR2016","CZE","EN.GHG.CO2.LU.MT.CE.AR5",0,-7.6496
"978","YR2016","CZE","EN.GHG.CO2.LU.FL.MT.CE.AR5",0,-6.8898
"979","YR2016","CZE","EN.GHG.CO2.LU.DF.MT.CE.AR5",0,0.339
"980","YR2016","CZE","EN.GHG.CO2.LU.OL.MT.CE.AR5",0,-0.2944
"981","YR2017","CZE","EN.GHG.CO2.LU.MT.CE.AR5",0,-6.2332
"982","YR2017","CZE","EN.GHG.CO2.LU.FL.MT.CE.AR5",0,-5.2548
"983","YR2017","CZE","EN.GHG.CO2.LU.DF.MT.CE.AR5",0,0.3845
"984","YR2017","CZE","EN.GHG.CO2.LU.OL.MT.CE.AR5",0,-0.3168
"985","YR2018","CZE","EN.GHG.CO2.LU.MT.CE.AR5",0,-1.2856
"986","YR2018","CZE","EN.GHG.CO2.LU.FL.MT.CE.AR5",0,0.2809
"987","YR2018","CZE","EN.GHG.CO2.LU.DF.MT.CE.AR5",0,0.2082
"988","YR2018","CZE","EN.GHG.CO2.LU.OL.MT.CE.AR5",0,-0.3465
"989","YR2019","CZE","EN.GHG.CO2.LU.MT.CE.AR5",0,4.7443
"990","YR2019","CZE","EN.GHG.CO2.LU.FL.MT.CE.AR5",0,6.6886
"991","YR2019","CZE","EN.GHG.CO2.LU.DF.MT.CE.AR5",0,0.2564
"992","YR2019","CZE","EN.GHG.CO2.LU.OL.MT.CE.AR5",0,-0.3749
"993","YR2020","CZE","EN.GHG.CO2.LU.MT.CE.AR5",0,7.4412
"994","YR2020","CZE","EN.GHG.CO2.LU.FL.MT.CE.AR5",0,10.3256
"995","YR2020","CZE","EN.GHG.CO2.LU.DF.MT.CE.AR5",0,0.2609
"996","YR2020","CZE","EN.GHG.CO2.LU.OL.MT.CE.AR5",0,-0.3531
"997","YR2021","CZE","EN.GHG.CO2.LU.MT.CE.AR5",0,4.4115
"998","YR2021","CZE","EN.GHG.CO2.LU.FL.MT.CE.AR5",0,6.9337
"999","YR2021","CZE","EN.GHG.CO2.LU.DF.MT.CE.AR5",0,0.288
"1000","YR2021","CZE","EN.GHG.CO2.LU.OL.MT.CE.AR5",0,-0.4201
"1001","YR2022","CZE","EN.GHG.CO2.LU.MT.CE.AR5",0,1.4131
"1002","YR2022","CZE","EN.GHG.CO2.LU.FL.MT.CE.AR5",0,3.4097
"1003","YR2022","CZE","EN.GHG.CO2.LU.DF.MT.CE.AR5",0,0.2445
"1004","YR2022","CZE","EN.GHG.CO2.LU.OL.MT.CE.AR5",0,-0.2619
"1005","YR2023","CZE","EN.GHG.CO2.LU.MT.CE.AR5",0,-3.5779
"1006","YR2023","CZE","EN.GHG.CO2.LU.FL.MT.CE.AR5",0,-2.0475
"1007","YR2023","CZE","EN.GHG.CO2.LU.DF.MT.CE.AR5",0,0.2288
"1008","YR2023","CZE","EN.GHG.CO2.LU.OL.MT.CE.AR5",0,-0.2619
"1009","YR2000","DEU","EN.GHG.CO2.LU.MT.CE.AR5",0,-3.156
"1010","YR2000","DEU","EN.GHG.CO2.LU.FL.MT.CE.AR5",0,-55.1487
"1011","YR2000","DEU","EN.GHG.CO2.LU.DF.MT.CE.AR5",0,-0.0032
"1012","YR2000","DEU","EN.GHG.CO2.LU.OS.MT.CE.AR5",0,49.7156
"1013","YR2000","DEU","EN.GHG.CO2.LU.OL.MT.CE.AR5",0,9.3511
"1014","YR2001","DEU","EN.GHG.CO2.LU.MT.CE.AR5",0,-11.9283
"1015","YR2001","DEU","EN.GHG.CO2.LU.FL.MT.CE.AR5",0,-71.1602
"1016","YR2001","DEU","EN.GHG.CO2.LU.DF.MT.CE.AR5",0,0.719
"1017","YR2001","DEU","EN.GHG.CO2.LU.OS.MT.CE.AR5",0,43.7078
"1018","YR2001","DEU","EN.GHG.CO2.LU.OL.MT.CE.AR5",0,20.1661
"1019","YR2002","DEU","EN.GHG.CO2.LU.MT.CE.AR5",0,18.1202
"1020","YR2002","DEU","EN.GHG.CO2.LU.FL.MT.CE.AR5",0,-37.2134
"1021","YR2002","DEU","EN.GHG.CO2.LU.DF.MT.CE.AR5",0,0.8896
"1022","YR2002","DEU","EN.GHG.CO2.LU.OS.MT.CE.AR5",0,41.9768
"1023","YR2002","DEU","EN.GHG.CO2.LU.OL.MT.CE.AR5",0,19.6444
"1024","YR2003","DEU","EN.GHG.CO2.LU.MT.CE.AR5",0,29.99
"1025","YR2003","DEU","EN.GHG.CO2.LU.FL.MT.CE.AR5",0,-37.7341
"1026","YR2003","DEU","EN.GHG.CO2.LU.DF.MT.CE.AR5",0,0.8819
"1027","YR2003","DEU","EN.GHG.CO2.LU.OS.MT.CE.AR5",0,56.2316
"1028","YR2003","DEU","EN.GHG.CO2.LU.OL.MT.CE.AR5",0,19.2718
"1029","YR2004","DEU","EN.GHG.CO2.LU.MT.CE.AR5",0,16.8945
"1030","YR2004","DEU","EN.GHG.CO2.LU.FL.MT.CE.AR5",0,-36.9879
"1031","YR2004","DEU","EN.GHG.CO2.LU.DF.MT.CE.AR5",0,0.8327
"1032","YR2004","DEU","EN.GHG.CO2.LU.OS.MT.CE.AR5",0,47.2829
"1033","YR2004","DEU","EN.GHG.CO2.LU.OL.MT.CE.AR5",0,17.8894
"1034","YR2005","DEU","EN.GHG.CO2.LU.MT.CE.AR5",0,13.3029
"1035","YR2005","DEU","EN.GHG.CO2.LU.FL.MT.CE.AR5",0,-36.3815
"1036","YR2005","DEU","EN.GHG.CO2.LU.DF.MT.CE.AR5",0,0.708
"1037","YR2005","DEU","EN.GHG.CO2.LU.OS.MT.CE.AR5",0,49.6729
"1038","YR2005","DEU","EN.GHG.CO2.LU.OL.MT.CE.AR5",0,14.2362
"1039","YR2006","DEU","EN.GHG.CO2.LU.MT.CE.AR5",0,4.3279
"1040","YR2006","DEU","EN.GHG.CO2.LU.FL.MT.CE.AR5",0,-35.3923
"1041","YR2006","DEU","EN.GHG.CO2.LU.DF.MT.CE.AR5",0,0.2655
"1042","YR2006","DEU","EN.GHG.CO2.LU.OS.MT.CE.AR5",0,53.0764
"1043","YR2006","DEU","EN.GHG.CO2.LU.OL.MT.CE.AR5",0,2.5893
"1044","YR2007","DEU","EN.GHG.CO2.LU.MT.CE.AR5",0,-5.3084
"1045","YR2007","DEU","EN.GHG.CO2.LU.FL.MT.CE.AR5",0,-32.3807
"1046","YR2007","DEU","EN.GHG.CO2.LU.DF.MT.CE.AR5",0,0.1357
"1047","YR2007","DEU","EN.GHG.CO2.LU.OS.MT.CE.AR5",0,43.0741
"1048","YR2007","DEU","EN.GHG.CO2.LU.OL.MT.CE.AR5",0,-0.1736
"1049","YR2008","DEU","EN.GHG.CO2.LU.MT.CE.AR5",0,-10.7396
"1050","YR2008","DEU","EN.GHG.CO2.LU.FL.MT.CE.AR5",0,-53.8303
"1051","YR2008","DEU","EN.GHG.CO2.LU.DF.MT.CE.AR5",0,0.1044
"1052","YR2008","DEU","EN.GHG.CO2.LU.OS.MT.CE.AR5",0,50.4551
"1053","YR2008","DEU","EN.GHG.CO2.LU.OL.MT.CE.AR5",0,-1.8301
"1054","YR2009","DEU","EN.GHG.CO2.LU.MT.CE.AR5",0,-7.4164
"1055","YR2009","DEU","EN.GHG.CO2.LU.FL.MT.CE.AR5",0,-51.4724
"1056","YR2009","DEU","EN.GHG.CO2.LU.DF.MT.CE.AR5",0,0.0716
"1057","YR2009","DEU","EN.GHG.CO2.LU.OS.MT.CE.AR5",0,52.0194
"1058","YR2009","DEU","EN.GHG.CO2.LU.OL.MT.CE.AR5",0,-2.4811
"1059","YR2010","DEU","EN.GHG.CO2.LU.MT.CE.AR5",0,-3.0171
"1060","YR2010","DEU","EN.GHG.CO2.LU.FL.MT.CE.AR5",0,-43.5141
"1061","YR2010","DEU","EN.GHG.CO2.LU.DF.MT.CE.AR5",0,0.0792
"1062","YR2010","DEU","EN.GHG.CO2.LU.OS.MT.CE.AR5",0,47.1209
"1063","YR2010","DEU","EN.GHG.CO2.LU.OL.MT.CE.AR5",0,-2.6875
"1064","YR2011","DEU","EN.GHG.CO2.LU.MT.CE.AR5",0,-9.3604
"1065","YR2011","DEU","EN.GHG.CO2.LU.FL.MT.CE.AR5",0,-50.1419
"1066","YR2011","DEU","EN.GHG.CO2.LU.DF.MT.CE.AR5",0,-0.0736
"1067","YR2011","DEU","EN.GHG.CO2.LU.OS.MT.CE.AR5",0,48.5302
"1068","YR2011","DEU","EN.GHG.CO2.LU.OL.MT.CE.AR5",0,-3.8545
"1069","YR2012","DEU","EN.GHG.CO2.LU.MT.CE.AR5",0,-5.8578
"1070","YR2012","DEU","EN.GHG.CO2.LU.FL.MT.CE.AR5",0,-50.1125
"1071","YR2012","DEU","EN.GHG.CO2.LU.DF.MT.CE.AR5",0,0.1946
"1072","YR2012","DEU","EN.GHG.CO2.LU.OS.MT.CE.AR5",0,50.3081
"1073","YR2012","DEU","EN.GHG.CO2.LU.OL.MT.CE.AR5",0,-3.4987
"1074","YR2013","DEU","EN.GHG.CO2.LU.MT.CE.AR5",0,-8.4696
"1075","YR2013","DEU","EN.GHG.CO2.LU.FL.MT.CE.AR5",0,-56.7978
"1076","YR2013","DEU","EN.GHG.CO2.LU.DF.MT.CE.AR5",0,0.215
"1077","YR2013","DEU","EN.GHG.CO2.LU.OS.MT.CE.AR5",0,49.3806
"1078","YR2013","DEU","EN.GHG.CO2.LU.OL.MT.CE.AR5",0,0.3577
"1079","YR2014","DEU","EN.GHG.CO2.LU.MT.CE.AR5",0,2.3407
"1080","YR2014","DEU","EN.GHG.CO2.LU.FL.MT.CE.AR5",0,-48.1573
"1081","YR2014","DEU","EN.GHG.CO2.LU.DF.MT.CE.AR5",0,0.2416
"1082","YR2014","DEU","EN.GHG.CO2.LU.OS.MT.CE.AR5",0,51.5572
"1083","YR2014","DEU","EN.GHG.CO2.LU.OL.MT.CE.AR5",0,0.8661
"1084","YR2015","DEU","EN.GHG.CO2.LU.MT.CE.AR5",0,-2.4594
"1085","YR2015","DEU","EN.GHG.CO2.LU.FL.MT.CE.AR5",0,-50.7871
"1086","YR2015","DEU","EN.GHG.CO2.LU.DF.MT.CE.AR5",0,0.2644
"1087","YR2015","DEU","EN.GHG.CO2.LU.OS.MT.CE.AR5",0,48.8037
"1088","YR2015","DEU","EN.GHG.CO2.LU.OL.MT.CE.AR5",0,1.0346
"1089","YR2016","DEU","EN.GHG.CO2.LU.MT.CE.AR5",0,1.1037
"1090","YR2016","DEU","EN.GHG.CO2.LU.FL.MT.CE.AR5",0,-51.1488
"1091","YR2016","DEU","EN.GHG.CO2.LU.DF.MT.CE.AR5",0,0.5823
"1092","YR2016","DEU","EN.GHG.CO2.LU.OS.MT.CE.AR5",0,51.6051
"1093","YR2016","DEU","EN.GHG.CO2.LU.OL.MT.CE.AR5",0,1.8954
"1094","YR2017","DEU","EN.GHG.CO2.LU.MT.CE.AR5",0,-5.1206
"1095","YR2017","DEU","EN.GHG.CO2.LU.FL.MT.CE.AR5",0,-47.6016
"1096","YR2017","DEU","EN.GHG.CO2.LU.DF.MT.CE.AR5",0,0.6177
"1097","YR2017","DEU","EN.GHG.CO2.LU.OS.MT.CE.AR5",0,42.6782
"1098","YR2017","DEU","EN.GHG.CO2.LU.OL.MT.CE.AR5",0,1.6773
"1099","YR2018","DEU","EN.GHG.CO2.LU.MT.CE.AR5",0,75.8745
"1100","YR2018","DEU","EN.GHG.CO2.LU.FL.MT.CE.AR5",0,19.6156
"1101","YR2018","DEU","EN.GHG.CO2.LU.DF.MT.CE.AR5",0,0.6284
"1102","YR2018","DEU","EN.GHG.CO2.LU.OS.MT.CE.AR5",0,57.8503
"1103","YR2018","DEU","EN.GHG.CO2.LU.OL.MT.CE.AR5",0,2.4024
"1104","YR2019","DEU","EN.GHG.CO2.LU.MT.CE.AR5",0,64.3793
"1105","YR2019","DEU","EN.GHG.CO2.LU.FL.MT.CE.AR5",0,14.8824
"1106","YR2019","DEU","EN.GHG.CO2.LU.DF.MT.CE.AR5",0,0.6265
"1107","YR2019","DEU","EN.GHG.CO2.LU.OS.MT.CE.AR5",0,52.7059
"1108","YR2019","DEU","EN.GHG.CO2.LU.OL.MT.CE.AR5",0,1.8019
"1109","YR2020","DEU","EN.GHG.CO2.LU.MT.CE.AR5",0,69.0941
"1110","YR2020","DEU","EN.GHG.CO2.LU.FL.MT.CE.AR5",0,20.7862
"1111","YR2020","DEU","EN.GHG.CO2.LU.DF.MT.CE.AR5",0,0.6018
"1112","YR2020","DEU","EN.GHG.CO2.LU.OS.MT.CE.AR5",0,53.758
"1113","YR2020","DEU","EN.GHG.CO2.LU.OL.MT.CE.AR5",0,1.4119
"1114","YR2021","DEU","EN.GHG.CO2.LU.MT.CE.AR5",0,54.8808
"1115","YR2021","DEU","EN.GHG.CO2.LU.FL.MT.CE.AR5",0,12.5664
"1116","YR2021","DEU","EN.GHG.CO2.LU.DF.MT.CE.AR5",0,0.5903
"1117","YR2021","DEU","EN.GHG.CO2.LU.OS.MT.CE.AR5",0,47.7608
"1118","YR2021","DEU","EN.GHG.CO2.LU.OL.MT.CE.AR5",0,1.553
"1119","YR2022","DEU","EN.GHG.CO2.LU.MT.CE.AR5",0,68.1609
"1120","YR2022","DEU","EN.GHG.CO2.LU.FL.MT.CE.AR5",0,15.3014
"1121","YR2022","DEU","EN.GHG.CO2.LU.DF.MT.CE.AR5",0,0.5703
"1122","YR2022","DEU","EN.GHG.CO2.LU.OS.MT.CE.AR5",0,54.9134
"1123","YR2022","DEU","EN.GHG.CO2.LU.OL.MT.CE.AR5",0,1.6575
"1124","YR2023","DEU","EN.GHG.CO2.LU.MT.CE.AR5",0,59.8946
"1125","YR2023","DEU","EN.GHG.CO2.LU.FL.MT.CE.AR5",0,17.4677
"1126","YR2023","DEU","EN.GHG.CO2.LU.DF.MT.CE.AR5",0,0.5387
"1127","YR2023","DEU","EN.GHG.CO2.LU.OS.MT.CE.AR5",0,44.5413
"1128","YR2023","DEU","EN.GHG.CO2.LU.OL.MT.CE.AR5",0,1.6575
"1129","YR2000","DNK","EN.GHG.CO2.LU.MT.CE.AR5",0,4.6043
"1130","YR2000","DNK","EN.GHG.CO2.LU.FL.MT.CE.AR5",0,-1.5903
"1131","YR2000","DNK","EN.GHG.CO2.LU.DF.MT.CE.AR5",0,0.0013
"1132","YR2000","DNK","EN.GHG.CO2.LU.OS.MT.CE.AR5",0,5.5105
"1133","YR2000","DNK","EN.GHG.CO2.LU.OL.MT.CE.AR5",0,0.6569
"1134","YR2001","DNK","EN.GHG.CO2.LU.MT.CE.AR5",0,4.0978
"1135","YR2001","DNK","EN.GHG.CO2.LU.FL.MT.CE.AR5",0,-1.5199
"1136","YR2001","DNK","EN.GHG.CO2.LU.DF.MT.CE.AR5",0,0.0006
"1137","YR2001","DNK","EN.GHG.CO2.LU.OS.MT.CE.AR5",0,5.4686
"1138","YR2001","DNK","EN.GHG.CO2.LU.OL.MT.CE.AR5",0,-0.0041
"1139","YR2002","DNK","EN.GHG.CO2.LU.MT.CE.AR5",0,5.171
"1140","YR2002","DNK","EN.GHG.CO2.LU.FL.MT.CE.AR5",0,-1.4486
"1141","YR2002","DNK","EN.GHG.CO2.LU.DF.MT.CE.AR5",0,-0.0002
"1142","YR2002","DNK","EN.GHG.CO2.LU.OS.MT.CE.AR5",0,5.4286
"1143","YR2002","DNK","EN.GHG.CO2.LU.OL.MT.CE.AR5",0,0.9835
"1144","YR2003","DNK","EN.GHG.CO2.LU.MT.CE.AR5",0,4.9317
"1145","YR2003","DNK","EN.GHG.CO2.LU.FL.MT.CE.AR5",0,-1.3763
"1146","YR2003","DNK","EN.GHG.CO2.LU.DF.MT.CE.AR5",0,-0.0009
"1147","YR2003","DNK","EN.GHG.CO2.LU.OS.MT.CE.AR5",0,5.3721
"1148","YR2003","DNK","EN.GHG.CO2.LU.OL.MT.CE.AR5",0,0.7583
"1149","YR2004","DNK","EN.GHG.CO2.LU.MT.CE.AR5",0,4.7363
"1150","YR2004","DNK","EN.GHG.CO2.LU.FL.MT.CE.AR5",0,-1.303
"1151","YR2004","DNK","EN.GHG.CO2.LU.DF.MT.CE.AR5",0,-0.0016
"1152","YR2004","DNK","EN.GHG.CO2.LU.OS.MT.CE.AR5",0,5.3278
"1153","YR2004","DNK","EN.GHG.CO2.LU.OL.MT.CE.AR5",0,0.525
"1154","YR2005","DNK","EN.GHG.CO2.LU.MT.CE.AR5",0,4.5026
"1155","YR2005","DNK","EN.GHG.CO2.LU.FL.MT.CE.AR5",0,-1.2039
"1156","YR2005","DNK","EN.GHG.CO2.LU.DF.MT.CE.AR5",0,0.0568
"1157","YR2005","DNK","EN.GHG.CO2.LU.OS.MT.CE.AR5",0,5.2706
"1158","YR2005","DNK","EN.GHG.CO2.LU.OL.MT.CE.AR5",0,0.2657
"1159","YR2006","DNK","EN.GHG.CO2.LU.MT.CE.AR5",0,4.9553
"1160","YR2006","DNK","EN.GHG.CO2.LU.FL.MT.CE.AR5",0,-1.2026
"1161","YR2006","DNK","EN.GHG.CO2.LU.DF.MT.CE.AR5",0,0.0375
"1162","YR2006","DNK","EN.GHG.CO2.LU.OS.MT.CE.AR5",0,5.2197
"1163","YR2006","DNK","EN.GHG.CO2.LU.OL.MT.CE.AR5",0,0.8207
"1164","YR2007","DNK","EN.GHG.CO2.LU.MT.CE.AR5",0,5.1161
"1165","YR2007","DNK","EN.GHG.CO2.LU.FL.MT.CE.AR5",0,-1.429
"1166","YR2007","DNK","EN.GHG.CO2.LU.DF.MT.CE.AR5",0,0.034
"1167","YR2007","DNK","EN.GHG.CO2.LU.OS.MT.CE.AR5",0,5.144
"1168","YR2007","DNK","EN.GHG.CO2.LU.OL.MT.CE.AR5",0,1.3402
"1169","YR2008","DNK","EN.GHG.CO2.LU.MT.CE.AR5",0,3.6103
"1170","YR2008","DNK","EN.GHG.CO2.LU.FL.MT.CE.AR5",0,-2.1983
"1171","YR2008","DNK","EN.GHG.CO2.LU.DF.MT.CE.AR5",0,0.0314
"1172","YR2008","DNK","EN.GHG.CO2.LU.OS.MT.CE.AR5",0,5.0675
"1173","YR2008","DNK","EN.GHG.CO2.LU.OL.MT.CE.AR5",0,0.7753
"1174","YR2009","DNK","EN.GHG.CO2.LU.MT.CE.AR5",0,2.8887
"1175","YR2009","DNK","EN.GHG.CO2.LU.FL.MT.CE.AR5",0,-2.2621
"1176","YR2009","DNK","EN.GHG.CO2.LU.DF.MT.CE.AR5",0,0.0276
"1177","YR2009","DNK","EN.GHG.CO2.LU.OS.MT.CE.AR5",0,5.029
"1178","YR2009","DNK","EN.GHG.CO2.LU.OL.MT.CE.AR5",0,0.1164
"1179","YR2010","DNK","EN.GHG.CO2.LU.MT.CE.AR5",0,1.8637
"1180","YR2010","DNK","EN.GHG.CO2.LU.FL.MT.CE.AR5",0,-2.5038
"1181","YR2010","DNK","EN.GHG.CO2.LU.DF.MT.CE.AR5",0,0.024
"1182","YR2010","DNK","EN.GHG.CO2.LU.OS.MT.CE.AR5",0,4.9708
"1183","YR2010","DNK","EN.GHG.CO2.LU.OL.MT.CE.AR5",0,-0.6023
"1184","YR2011","DNK","EN.GHG.CO2.LU.MT.CE.AR5",0,1.1224
"1185","YR2011","DNK","EN.GHG.CO2.LU.FL.MT.CE.AR5",0,-3.5032
"1186","YR2011","DNK","EN.GHG.CO2.LU.DF.MT.CE.AR5",0,0.0218
"1187","YR2011","DNK","EN.GHG.CO2.LU.OS.MT.CE.AR5",0,4.8179
"1188","YR2011","DNK","EN.GHG.CO2.LU.OL.MT.CE.AR5",0,-0.1107
"1189","YR2012","DNK","EN.GHG.CO2.LU.MT.CE.AR5",0,0.548
"1190","YR2012","DNK","EN.GHG.CO2.LU.FL.MT.CE.AR5",0,-3.8286
"1191","YR2012","DNK","EN.GHG.CO2.LU.DF.MT.CE.AR5",0,-0.0113
"1192","YR2012","DNK","EN.GHG.CO2.LU.OS.MT.CE.AR5",0,4.6325
"1193","YR2012","DNK","EN.GHG.CO2.LU.OL.MT.CE.AR5",0,-0.1704
"1194","YR2013","DNK","EN.GHG.CO2.LU.MT.CE.AR5",0,0.1729
"1195","YR2013","DNK","EN.GHG.CO2.LU.FL.MT.CE.AR5",0,-3.7268
"1196","YR2013","DNK","EN.GHG.CO2.LU.DF.MT.CE.AR5",0,-0.0076
"1197","YR2013","DNK","EN.GHG.CO2.LU.OS.MT.CE.AR5",0,4.4526
"1198","YR2013","DNK","EN.GHG.CO2.LU.OL.MT.CE.AR5",0,-0.4516
"1199","YR2014","DNK","EN.GHG.CO2.LU.MT.CE.AR5",0,0.4805
"1200","YR2014","DNK","EN.GHG.CO2.LU.FL.MT.CE.AR5",0,-4.1999
"1201","YR2014","DNK","EN.GHG.CO2.LU.DF.MT.CE.AR5",0,0.1043
"1202","YR2014","DNK","EN.GHG.CO2.LU.OS.MT.CE.AR5",0,4.2877
"1203","YR2014","DNK","EN.GHG.CO2.LU.OL.MT.CE.AR5",0,0.4349
"1204","YR2015","DNK","EN.GHG.CO2.LU.MT.CE.AR5",0,-0.4672
"1205","YR2015","DNK","EN.GHG.CO2.LU.FL.MT.CE.AR5",0,-4.2598
"1206","YR2015","DNK","EN.GHG.CO2.LU.DF.MT.CE.AR5",0,0.2539
"1207","YR2015","DNK","EN.GHG.CO2.LU.OS.MT.CE.AR5",0,4.1065
"1208","YR2015","DNK","EN.GHG.CO2.LU.OL.MT.CE.AR5",0,-0.3963
"1209","YR2016","DNK","EN.GHG.CO2.LU.MT.CE.AR5",0,0.4141
"1210","YR2016","DNK","EN.GHG.CO2.LU.FL.MT.CE.AR5",0,-3.3255
"1211","YR2016","DNK","EN.GHG.CO2.LU.DF.MT.CE.AR5",0,0.1036
"1212","YR2016","DNK","EN.GHG.CO2.LU.OS.MT.CE.AR5",0,3.9354
"1213","YR2016","DNK","EN.GHG.CO2.LU.OL.MT.CE.AR5",0,-0.1254
"1214","YR2017","DNK","EN.GHG.CO2.LU.MT.CE.AR5",0,0.2731
"1215","YR2017","DNK","EN.GHG.CO2.LU.FL.MT.CE.AR5",0,-2.8374
"1216","YR2017","DNK","EN.GHG.CO2.LU.DF.MT.CE.AR5",0,-0.056
"1217","YR2017","DNK","EN.GHG.CO2.LU.OS.MT.CE.AR5",0,3.7498
"1218","YR2017","DNK","EN.GHG.CO2.LU.OL.MT.CE.AR5",0,-0.4211
"1219","YR2018","DNK","EN.GHG.CO2.LU.MT.CE.AR5",0,2.0733
"1220","YR2018","DNK","EN.GHG.CO2.LU.FL.MT.CE.AR5",0,-2.3616
"1221","YR2018","DNK","EN.GHG.CO2.LU.DF.MT.CE.AR5",0,0.0873
"1222","YR2018","DNK","EN.GHG.CO2.LU.OS.MT.CE.AR5",0,3.6025
"1223","YR2018","DNK","EN.GHG.CO2.LU.OL.MT.CE.AR5",0,0.7913
"1224","YR2019","DNK","EN.GHG.CO2.LU.MT.CE.AR5",0,1.0592
"1225","YR2019","DNK","EN.GHG.CO2.LU.FL.MT.CE.AR5",0,-2.6842
"1226","YR2019","DNK","EN.GHG.CO2.LU.DF.MT.CE.AR5",0,-0.0308
"1227","YR2019","DNK","EN.GHG.CO2.LU.OS.MT.CE.AR5",0,3.4053
"1228","YR2019","DNK","EN.GHG.CO2.LU.OL.MT.CE.AR5",0,0.4534
"1229","YR2020","DNK","EN.GHG.CO2.LU.MT.CE.AR5",0,0.8057
"1230","YR2020","DNK","EN.GHG.CO2.LU.FL.MT.CE.AR5",0,-2.3939
"1231","YR2020","DNK","EN.GHG.CO2.LU.DF.MT.CE.AR5",0,0.0003
"1232","YR2020","DNK","EN.GHG.CO2.LU.OS.MT.CE.AR5",0,3.25
"1233","YR2020","DNK","EN.GHG.CO2.LU.OL.MT.CE.AR5",0,0.067
"1234","YR2021","DNK","EN.GHG.CO2.LU.MT.CE.AR5",0,-0.2745
"1235","YR2021","DNK","EN.GHG.CO2.LU.FL.MT.CE.AR5",0,-3.1998
"1236","YR2021","DNK","EN.GHG.CO2.LU.DF.MT.CE.AR5",0,0.0619
"1237","YR2021","DNK","EN.GHG.CO2.LU.OS.MT.CE.AR5",0,3.0829
"1238","YR2021","DNK","EN.GHG.CO2.LU.OL.MT.CE.AR5",0,-0.1636
"1239","YR2022","DNK","EN.GHG.CO2.LU.MT.CE.AR5",0,-0.8492
"1240","YR2022","DNK","EN.GHG.CO2.LU.FL.MT.CE.AR5",0,-3.6505
"1241","YR2022","DNK","EN.GHG.CO2.LU.DF.MT.CE.AR5",0,0.0325
"1242","YR2022","DNK","EN.GHG.CO2.LU.OS.MT.CE.AR5",0,2.9061
"1243","YR2022","DNK","EN.GHG.CO2.LU.OL.MT.CE.AR5",0,-0.0393
"1244","YR2023","DNK","EN.GHG.CO2.LU.MT.CE.AR5",0,-0.9389
"1245","YR2023","DNK","EN.GHG.CO2.LU.FL.MT.CE.AR5",0,-4.2173
"1246","YR2023","DNK","EN.GHG.CO2.LU.DF.MT.CE.AR5",0,0.1137
"1247","YR2023","DNK","EN.GHG.CO2.LU.OS.MT.CE.AR5",0,2.844
"1248","YR2023","DNK","EN.GHG.CO2.LU.OL.MT.CE.AR5",0,-0.0393
"1249","YR2000","ESP","EN.GHG.CO2.LU.MT.CE.AR5",0,-45.4458
"1250","YR2000","ESP","EN.GHG.CO2.LU.FL.MT.CE.AR5",0,-43.2765
"1251","YR2000","ESP","EN.GHG.CO2.LU.DF.MT.CE.AR5",0,2.203
"1252","YR2000","ESP","EN.GHG.CO2.LU.OS.MT.CE.AR5",0,0.0193
"1253","YR2000","ESP","EN.GHG.CO2.LU.OL.MT.CE.AR5",0,-0.9953
"1254","YR2001","ESP","EN.GHG.CO2.LU.MT.CE.AR5",0,-47.0388
"1255","YR2001","ESP","EN.GHG.CO2.LU.FL.MT.CE.AR5",0,-44.1442
"1256","YR2001","ESP","EN.GHG.CO2.LU.DF.MT.CE.AR5",0,2.0889
"1257","YR2001","ESP","EN.GHG.CO2.LU.OS.MT.CE.AR5",0,0.0196
"1258","YR2001","ESP","EN.GHG.CO2.LU.OL.MT.CE.AR5",0,-1.3406
"1259","YR2002","ESP","EN.GHG.CO2.LU.MT.CE.AR5",0,-46.6038
"1260","YR2002","ESP","EN.GHG.CO2.LU.FL.MT.CE.AR5",0,-43.5295
"1261","YR2002","ESP","EN.GHG.CO2.LU.DF.MT.CE.AR5",0,2.1305
"1262","YR2002","ESP","EN.GHG.CO2.LU.OS.MT.CE.AR5",0,0.0222
"1263","YR2002","ESP","EN.GHG.CO2.LU.OL.MT.CE.AR5",0,-1.3922
"1264","YR2003","ESP","EN.GHG.CO2.LU.MT.CE.AR5",0,-46.2536
"1265","YR2003","ESP","EN.GHG.CO2.LU.FL.MT.CE.AR5",0,-43.3671
"1266","YR2003","ESP","EN.GHG.CO2.LU.DF.MT.CE.AR5",0,2.171
"1267","YR2003","ESP","EN.GHG.CO2.LU.OS.MT.CE.AR5",0,0.0249
"1268","YR2003","ESP","EN.GHG.CO2.LU.OL.MT.CE.AR5",0,-1.3137
"1269","YR2004","ESP","EN.GHG.CO2.LU.MT.CE.AR5",0,-46.6405
"1270","YR2004","ESP","EN.GHG.CO2.LU.FL.MT.CE.AR5",0,-43.6447
"1271","YR2004","ESP","EN.GHG.CO2.LU.DF.MT.CE.AR5",0,2.2116
"1272","YR2004","ESP","EN.GHG.CO2.LU.OS.MT.CE.AR5",0,0.0252
"1273","YR2004","ESP","EN.GHG.CO2.LU.OL.MT.CE.AR5",0,-1.4398
"1274","YR2005","ESP","EN.GHG.CO2.LU.MT.CE.AR5",0,-47.9209
"1275","YR2005","ESP","EN.GHG.CO2.LU.FL.MT.CE.AR5",0,-45.0543
"1276","YR2005","ESP","EN.GHG.CO2.LU.DF.MT.CE.AR5",0,2.2451
"1277","YR2005","ESP","EN.GHG.CO2.LU.OS.MT.CE.AR5",0,0.0322
"1278","YR2005","ESP","EN.GHG.CO2.LU.OL.MT.CE.AR5",0,-1.8359
"1279","YR2006","ESP","EN.GHG.CO2.LU.MT.CE.AR5",0,-50.0647
"1280","YR2006","ESP","EN.GHG.CO2.LU.FL.MT.CE.AR5",0,-45.5318
"1281","YR2006","ESP","EN.GHG.CO2.LU.DF.MT.CE.AR5",0,2.2743
"1282","YR2006","ESP","EN.GHG.CO2.LU.OS.MT.CE.AR5",0,0.0386
"1283","YR2006","ESP","EN.GHG.CO2.LU.OL.MT.CE.AR5",0,-2.9715
"1284","YR2007","ESP","EN.GHG.CO2.LU.MT.CE.AR5",0,-46.9871
"1285","YR2007","ESP","EN.GHG.CO2.LU.FL.MT.CE.AR5",0,-45.7624
"1286","YR2007","ESP","EN.GHG.CO2.LU.DF.MT.CE.AR5",0,1.9843
"1287","YR2007","ESP","EN.GHG.CO2.LU.OS.MT.CE.AR5",0,0.0384
"1288","YR2007","ESP","EN.GHG.CO2.LU.OL.MT.CE.AR5",0,-0.4511
"1289","YR2008","ESP","EN.GHG.CO2.LU.MT.CE.AR5",0,-46.9125
"1290","YR2008","ESP","EN.GHG.CO2.LU.FL.MT.CE.AR5",0,-45.9992
"1291","YR2008","ESP","EN.GHG.CO2.LU.DF.MT.CE.AR5",0,2.0012
"1292","YR2008","ESP","EN.GHG.CO2.LU.OS.MT.CE.AR5",0,0.0357
"1293","YR2008","ESP","EN.GHG.CO2.LU.OL.MT.CE.AR5",0,-0.7055
"1294","YR2009","ESP","EN.GHG.CO2.LU.MT.CE.AR5",0,-44.869
"1295","YR2009","ESP","EN.GHG.CO2.LU.FL.MT.CE.AR5",0,-46.2359
"1296","YR2009","ESP","EN.GHG.CO2.LU.DF.MT.CE.AR5",0,2.0112
"1297","YR2009","ESP","EN.GHG.CO2.LU.OS.MT.CE.AR5",0,0.0258
"1298","YR2009","ESP","EN.GHG.CO2.LU.OL.MT.CE.AR5",0,-0.2756
"1299","YR2010","ESP","EN.GHG.CO2.LU.MT.CE.AR5",0,-47.9651
"1300","YR2010","ESP","EN.GHG.CO2.LU.FL.MT.CE.AR5",0,-46.5594
"1301","YR2010","ESP","EN.GHG.CO2.LU.DF.MT.CE.AR5",0,1.315
"1302","YR2010","ESP","EN.GHG.CO2.LU.OS.MT.CE.AR5",0,0.0286
"1303","YR2010","ESP","EN.GHG.CO2.LU.OL.MT.CE.AR5",0,-2.3814
"1304","YR2011","ESP","EN.GHG.CO2.LU.MT.CE.AR5",0,-48.3415
"1305","YR2011","ESP","EN.GHG.CO2.LU.FL.MT.CE.AR5",0,-46.8829
"1306","YR2011","ESP","EN.GHG.CO2.LU.DF.MT.CE.AR5",0,1.2691
"1307","YR2011","ESP","EN.GHG.CO2.LU.OS.MT.CE.AR5",0,0.0381
"1308","YR2011","ESP","EN.GHG.CO2.LU.OL.MT.CE.AR5",0,-2.5238
"1309","YR2012","ESP","EN.GHG.CO2.LU.MT.CE.AR5",0,-46.752
"1310","YR2012","ESP","EN.GHG.CO2.LU.FL.MT.CE.AR5",0,-47.2064
"1311","YR2012","ESP","EN.GHG.CO2.LU.DF.MT.CE.AR5",0,1.2552
"1312","YR2012","ESP","EN.GHG.CO2.LU.OS.MT.CE.AR5",0,0.027
"1313","YR2012","ESP","EN.GHG.CO2.LU.OL.MT.CE.AR5",0,-0.7945
"1314","YR2013","ESP","EN.GHG.CO2.LU.MT.CE.AR5",0,-46.2988
"1315","YR2013","ESP","EN.GHG.CO2.LU.FL.MT.CE.AR5",0,-47.4961
"1316","YR2013","ESP","EN.GHG.CO2.LU.DF.MT.CE.AR5",0,1.4745
"1317","YR2013","ESP","EN.GHG.CO2.LU.OS.MT.CE.AR5",0,0.0361
"1318","YR2013","ESP","EN.GHG.CO2.LU.OL.MT.CE.AR5",0,-0.2712
"1319","YR2014","ESP","EN.GHG.CO2.LU.MT.CE.AR5",0,-48.9032
"1320","YR2014","ESP","EN.GHG.CO2.LU.FL.MT.CE.AR5",0,-47.7858
"1321","YR2014","ESP","EN.GHG.CO2.LU.DF.MT.CE.AR5",0,1.4487
"1322","YR2014","ESP","EN.GHG.CO2.LU.OS.MT.CE.AR5",0,0.0364
"1323","YR2014","ESP","EN.GHG.CO2.LU.OL.MT.CE.AR5",0,-1.7354
"1324","YR2015","ESP","EN.GHG.CO2.LU.MT.CE.AR5",0,-52.2532
"1325","YR2015","ESP","EN.GHG.CO2.LU.FL.MT.CE.AR5",0,-48.0755
"1326","YR2015","ESP","EN.GHG.CO2.LU.DF.MT.CE.AR5",0,1.4145
"1327","YR2015","ESP","EN.GHG.CO2.LU.OS.MT.CE.AR5",0,0.0349
"1328","YR2015","ESP","EN.GHG.CO2.LU.OL.MT.CE.AR5",0,-3.7907
"1329","YR2016","ESP","EN.GHG.CO2.LU.MT.CE.AR5",0,-52.5017
"1330","YR2016","ESP","EN.GHG.CO2.LU.FL.MT.CE.AR5",0,-47.9943
"1331","YR2016","ESP","EN.GHG.CO2.LU.DF.MT.CE.AR5",0,1.3593
"1332","YR2016","ESP","EN.GHG.CO2.LU.OS.MT.CE.AR5",0,0.0497
"1333","YR2016","ESP","EN.GHG.CO2.LU.OL.MT.CE.AR5",0,-4.2126
"1334","YR2017","ESP","EN.GHG.CO2.LU.MT.CE.AR5",0,-53.2969
"1335","YR2017","ESP","EN.GHG.CO2.LU.FL.MT.CE.AR5",0,-47.9131
"1336","YR2017","ESP","EN.GHG.CO2.LU.DF.MT.CE.AR5",0,1.3468
"1337","YR2017","ESP","EN.GHG.CO2.LU.OS.MT.CE.AR5",0,0.0373
"1338","YR2017","ESP","EN.GHG.CO2.LU.OL.MT.CE.AR5",0,-4.2067
"1339","YR2018","ESP","EN.GHG.CO2.LU.MT.CE.AR5",0,-53.7479
"1340","YR2018","ESP","EN.GHG.CO2.LU.FL.MT.CE.AR5",0,-47.8319
"1341","YR2018","ESP","EN.GHG.CO2.LU.DF.MT.CE.AR5",0,1.3319
"1342","YR2018","ESP","EN.GHG.CO2.LU.OS.MT.CE.AR5",0,0.0408
"1343","YR2018","ESP","EN.GHG.CO2.LU.OL.MT.CE.AR5",0,-4.5402
"1344","YR2019","ESP","EN.GHG.CO2.LU.MT.CE.AR5",0,-52.3962
"1345","YR2019","ESP","EN.GHG.CO2.LU.FL.MT.CE.AR5",0,-47.4535
"1346","YR2019","ESP","EN.GHG.CO2.LU.DF.MT.CE.AR5",0,1.357
"1347","YR2019","ESP","EN.GHG.CO2.LU.OS.MT.CE.AR5",0,0.0353
"1348","YR2019","ESP","EN.GHG.CO2.LU.OL.MT.CE.AR5",0,-4.1669
"1349","YR2020","ESP","EN.GHG.CO2.LU.MT.CE.AR5",0,-51.4742
"1350","YR2020","ESP","EN.GHG.CO2.LU.FL.MT.CE.AR5",0,-47.0751
"1351","YR2020","ESP","EN.GHG.CO2.LU.DF.MT.CE.AR5",0,1.3454
"1352","YR2020","ESP","EN.GHG.CO2.LU.OS.MT.CE.AR5",0,0.0377
"1353","YR2020","ESP","EN.GHG.CO2.LU.OL.MT.CE.AR5",0,-3.8629
"1354","YR2021","ESP","EN.GHG.CO2.LU.MT.CE.AR5",0,-52.1988
"1355","YR2021","ESP","EN.GHG.CO2.LU.FL.MT.CE.AR5",0,-46.6094
"1356","YR2021","ESP","EN.GHG.CO2.LU.DF.MT.CE.AR5",0,1.3354
"1357","YR2021","ESP","EN.GHG.CO2.LU.OS.MT.CE.AR5",0,0.0373
"1358","YR2021","ESP","EN.GHG.CO2.LU.OL.MT.CE.AR5",0,-4.4737
"1359","YR2022","ESP","EN.GHG.CO2.LU.MT.CE.AR5",0,-51.4429
"1360","YR2022","ESP","EN.GHG.CO2.LU.FL.MT.CE.AR5",0,-46.1437
"1361","YR2022","ESP","EN.GHG.CO2.LU.DF.MT.CE.AR5",0,1.3294
"1362","YR2022","ESP","EN.GHG.CO2.LU.OS.MT.CE.AR5",0,0.0375
"1363","YR2022","ESP","EN.GHG.CO2.LU.OL.MT.CE.AR5",0,-3.9412
"1364","YR2023","ESP","EN.GHG.CO2.LU.MT.CE.AR5",0,-51.4779
"1365","YR2023","ESP","EN.GHG.CO2.LU.FL.MT.CE.AR5",0,-45.678
"1366","YR2023","ESP","EN.GHG.CO2.LU.DF.MT.CE.AR5",0,1.3208
"1367","YR2023","ESP","EN.GHG.CO2.LU.OS.MT.CE.AR5",0,0.0375
"1368","YR2023","ESP","EN.GHG.CO2.LU.OL.MT.CE.AR5",0,-3.9412
"1369","YR2000","EST","EN.GHG.CO2.LU.MT.CE.AR5",0,-3.2742
"1370","YR2000","EST","EN.GHG.CO2.LU.FL.MT.CE.AR5",0,-3.8388
"1371","YR2000","EST","EN.GHG.CO2.LU.DF.MT.CE.AR5",0,0.019
"1372","YR2000","EST","EN.GHG.CO2.LU.OS.MT.CE.AR5",0,1.953
"1373","YR2000","EST","EN.GHG.CO2.LU.OL.MT.CE.AR5",0,-0.4598
"1374","YR2001","EST","EN.GHG.CO2.LU.MT.CE.AR5",0,-2.6575
"1375","YR2001","EST","EN.GHG.CO2.LU.FL.MT.CE.AR5",0,-3.0175
"1376","YR2001","EST","EN.GHG.CO2.LU.DF.MT.CE.AR5",0,0.0417
"1377","YR2001","EST","EN.GHG.CO2.LU.OS.MT.CE.AR5",0,2.0494
"1378","YR2001","EST","EN.GHG.CO2.LU.OL.MT.CE.AR5",0,-0.6248
"1379","YR2002","EST","EN.GHG.CO2.LU.MT.CE.AR5",0,-1.5943
"1380","YR2002","EST","EN.GHG.CO2.LU.FL.MT.CE.AR5",0,-2.1953
"1381","YR2002","EST","EN.GHG.CO2.LU.DF.MT.CE.AR5",0,0.0666
"1382","YR2002","EST","EN.GHG.CO2.LU.OS.MT.CE.AR5",0,2.4092
"1383","YR2002","EST","EN.GHG.CO2.LU.OL.MT.CE.AR5",0,-0.7175
"1384","YR2003","EST","EN.GHG.CO2.LU.MT.CE.AR5",0,-0.8103
"1385","YR2003","EST","EN.GHG.CO2.LU.FL.MT.CE.AR5",0,-1.373
"1386","YR2003","EST","EN.GHG.CO2.LU.DF.MT.CE.AR5",0,0.1229
"1387","YR2003","EST","EN.GHG.CO2.LU.OS.MT.CE.AR5",0,2.2177
"1388","YR2003","EST","EN.GHG.CO2.LU.OL.MT.CE.AR5",0,-0.6771
"1389","YR2004","EST","EN.GHG.CO2.LU.MT.CE.AR5",0,-1.7043
"1390","YR2004","EST","EN.GHG.CO2.LU.FL.MT.CE.AR5",0,-2.3703
"1391","YR2004","EST","EN.GHG.CO2.LU.DF.MT.CE.AR5",0,0.1636
"1392","YR2004","EST","EN.GHG.CO2.LU.OS.MT.CE.AR5",0,2.0393
"1393","YR2004","EST","EN.GHG.CO2.LU.OL.MT.CE.AR5",0,-0.7164
"1394","YR2005","EST","EN.GHG.CO2.LU.MT.CE.AR5",0,-2.7654
"1395","YR2005","EST","EN.GHG.CO2.LU.FL.MT.CE.AR5",0,-4.0157
"1396","YR2005","EST","EN.GHG.CO2.LU.DF.MT.CE.AR5",0,0.2227
"1397","YR2005","EST","EN.GHG.CO2.LU.OS.MT.CE.AR5",0,2.2684
"1398","YR2005","EST","EN.GHG.CO2.LU.OL.MT.CE.AR5",0,-0.6325
"1399","YR2006","EST","EN.GHG.CO2.LU.MT.CE.AR5",0,-5.05
"1400","YR2006","EST","EN.GHG.CO2.LU.FL.MT.CE.AR5",0,-6.422
"1401","YR2006","EST","EN.GHG.CO2.LU.DF.MT.CE.AR5",0,0.3322
"1402","YR2006","EST","EN.GHG.CO2.LU.OS.MT.CE.AR5",0,2.3271
"1403","YR2006","EST","EN.GHG.CO2.LU.OL.MT.CE.AR5",0,-0.6598
"1404","YR2007","EST","EN.GHG.CO2.LU.MT.CE.AR5",0,-5.487
"1405","YR2007","EST","EN.GHG.CO2.LU.FL.MT.CE.AR5",0,-6.7597
"1406","YR2007","EST","EN.GHG.CO2.LU.DF.MT.CE.AR5",0,0.3577
"1407","YR2007","EST","EN.GHG.CO2.LU.OS.MT.CE.AR5",0,1.9743
"1408","YR2007","EST","EN.GHG.CO2.LU.OL.MT.CE.AR5",0,-0.6055
"1409","YR2008","EST","EN.GHG.CO2.LU.MT.CE.AR5",0,-5.1166
"1410","YR2008","EST","EN.GHG.CO2.LU.FL.MT.CE.AR5",0,-6.396
"1411","YR2008","EST","EN.GHG.CO2.LU.DF.MT.CE.AR5",0,0.3575
"1412","YR2008","EST","EN.GHG.CO2.LU.OS.MT.CE.AR5",0,2.0442
"1413","YR2008","EST","EN.GHG.CO2.LU.OL.MT.CE.AR5",0,-0.5882
"1414","YR2009","EST","EN.GHG.CO2.LU.MT.CE.AR5",0,-5.3646
"1415","YR2009","EST","EN.GHG.CO2.LU.FL.MT.CE.AR5",0,-6.7308
"1416","YR2009","EST","EN.GHG.CO2.LU.DF.MT.CE.AR5",0,0.3554
"1417","YR2009","EST","EN.GHG.CO2.LU.OS.MT.CE.AR5",0,2.08
"1418","YR2009","EST","EN.GHG.CO2.LU.OL.MT.CE.AR5",0,-0.5597
"1419","YR2010","EST","EN.GHG.CO2.LU.MT.CE.AR5",0,-5.1175
"1420","YR2010","EST","EN.GHG.CO2.LU.FL.MT.CE.AR5",0,-6.1894
"1421","YR2010","EST","EN.GHG.CO2.LU.DF.MT.CE.AR5",0,0.3321
"1422","YR2010","EST","EN.GHG.CO2.LU.OS.MT.CE.AR5",0,2.1387
"1423","YR2010","EST","EN.GHG.CO2.LU.OL.MT.CE.AR5",0,-0.5502
"1424","YR2011","EST","EN.GHG.CO2.LU.MT.CE.AR5",0,-3.7444
"1425","YR2011","EST","EN.GHG.CO2.LU.FL.MT.CE.AR5",0,-4.7636
"1426","YR2011","EST","EN.GHG.CO2.LU.DF.MT.CE.AR5",0,0.2789
"1427","YR2011","EST","EN.GHG.CO2.LU.OS.MT.CE.AR5",0,2.1575
"1428","YR2011","EST","EN.GHG.CO2.LU.OL.MT.CE.AR5",0,-0.5973
"1429","YR2012","EST","EN.GHG.CO2.LU.MT.CE.AR5",0,-1.9973
"1430","YR2012","EST","EN.GHG.CO2.LU.FL.MT.CE.AR5",0,-3.1053
"1431","YR2012","EST","EN.GHG.CO2.LU.DF.MT.CE.AR5",0,0.3016
"1432","YR2012","EST","EN.GHG.CO2.LU.OS.MT.CE.AR5",0,2.0411
"1433","YR2012","EST","EN.GHG.CO2.LU.OL.MT.CE.AR5",0,-0.5824
"1434","YR2013","EST","EN.GHG.CO2.LU.MT.CE.AR5",0,-0.901
"1435","YR2013","EST","EN.GHG.CO2.LU.FL.MT.CE.AR5",0,-2.4086
"1436","YR2013","EST","EN.GHG.CO2.LU.DF.MT.CE.AR5",0,0.2895
"1437","YR2013","EST","EN.GHG.CO2.LU.OS.MT.CE.AR5",0,2.3422
"1438","YR2013","EST","EN.GHG.CO2.LU.OL.MT.CE.AR5",0,-0.4375
"1439","YR2014","EST","EN.GHG.CO2.LU.MT.CE.AR5",0,-0.2133
"1440","YR2014","EST","EN.GHG.CO2.LU.FL.MT.CE.AR5",0,-1.6495
"1441","YR2014","EST","EN.GHG.CO2.LU.DF.MT.CE.AR5",0,0.325
"1442","YR2014","EST","EN.GHG.CO2.LU.OS.MT.CE.AR5",0,2.1677
"1443","YR2014","EST","EN.GHG.CO2.LU.OL.MT.CE.AR5",0,-0.2916
"1444","YR2015","EST","EN.GHG.CO2.LU.MT.CE.AR5",0,0.361
"1445","YR2015","EST","EN.GHG.CO2.LU.FL.MT.CE.AR5",0,-1.0785
"1446","YR2015","EST","EN.GHG.CO2.LU.DF.MT.CE.AR5",0,0.3491
"1447","YR2015","EST","EN.GHG.CO2.LU.OS.MT.CE.AR5",0,2.2024
"1448","YR2015","EST","EN.GHG.CO2.LU.OL.MT.CE.AR5",0,-0.1931
"1449","YR2016","EST","EN.GHG.CO2.LU.MT.CE.AR5",0,1.2973
"1450","YR2016","EST","EN.GHG.CO2.LU.FL.MT.CE.AR5",0,0.0211
"1451","YR2016","EST","EN.GHG.CO2.LU.DF.MT.CE.AR5",0,0.4112
"1452","YR2016","EST","EN.GHG.CO2.LU.OS.MT.CE.AR5",0,2.007
"1453","YR2016","EST","EN.GHG.CO2.LU.OL.MT.CE.AR5",0,-0.1312
"1454","YR2017","EST","EN.GHG.CO2.LU.MT.CE.AR5",0,1.2094
"1455","YR2017","EST","EN.GHG.CO2.LU.FL.MT.CE.AR5",0,-0.2188
"1456","YR2017","EST","EN.GHG.CO2.LU.DF.MT.CE.AR5",0,0.4244
"1457","YR2017","EST","EN.GHG.CO2.LU.OS.MT.CE.AR5",0,2.2595
"1458","YR2017","EST","EN.GHG.CO2.LU.OL.MT.CE.AR5",0,-0.1974
"1459","YR2018","EST","EN.GHG.CO2.LU.MT.CE.AR5",0,2.9541
"1460","YR2018","EST","EN.GHG.CO2.LU.FL.MT.CE.AR5",0,1.3102
"1461","YR2018","EST","EN.GHG.CO2.LU.DF.MT.CE.AR5",0,0.4637
"1462","YR2018","EST","EN.GHG.CO2.LU.OS.MT.CE.AR5",0,2.5079
"1463","YR2018","EST","EN.GHG.CO2.LU.OL.MT.CE.AR5",0,-0.2327
"1464","YR2019","EST","EN.GHG.CO2.LU.MT.CE.AR5",0,2.7782
"1465","YR2019","EST","EN.GHG.CO2.LU.FL.MT.CE.AR5",0,1.072
"1466","YR2019","EST","EN.GHG.CO2.LU.DF.MT.CE.AR5",0,0.4735
"1467","YR2019","EST","EN.GHG.CO2.LU.OS.MT.CE.AR5",0,2.3757
"1468","YR2019","EST","EN.GHG.CO2.LU.OL.MT.CE.AR5",0,-0.1714
"1469","YR2020","EST","EN.GHG.CO2.LU.MT.CE.AR5",0,0.7951
"1470","YR2020","EST","EN.GHG.CO2.LU.FL.MT.CE.AR5",0,-0.8926
"1471","YR2020","EST","EN.GHG.CO2.LU.DF.MT.CE.AR5",0,0.4717
"1472","YR2020","EST","EN.GHG.CO2.LU.OS.MT.CE.AR5",0,2.2822
"1473","YR2020","EST","EN.GHG.CO2.LU.OL.MT.CE.AR5",0,-0.1306
"1474","YR2021","EST","EN.GHG.CO2.LU.MT.CE.AR5",0,0.5022
"1475","YR2021","EST","EN.GHG.CO2.LU.FL.MT.CE.AR5",0,-1.4817
"1476","YR2021","EST","EN.GHG.CO2.LU.DF.MT.CE.AR5",0,0.387
"1477","YR2021","EST","EN.GHG.CO2.LU.OS.MT.CE.AR5",0,2.5127
"1478","YR2021","EST","EN.GHG.CO2.LU.OL.MT.CE.AR5",0,0.0218
"1479","YR2022","EST","EN.GHG.CO2.LU.MT.CE.AR5",0,-0.1489
"1480","YR2022","EST","EN.GHG.CO2.LU.FL.MT.CE.AR5",0,-2.6635
"1481","YR2022","EST","EN.GHG.CO2.LU.DF.MT.CE.AR5",0,0.3525
"1482","YR2022","EST","EN.GHG.CO2.LU.OS.MT.CE.AR5",0,2.6984
"1483","YR2022","EST","EN.GHG.CO2.LU.OL.MT.CE.AR5",0,0.1267
"1484","YR2023","EST","EN.GHG.CO2.LU.MT.CE.AR5",0,1.7834
"1485","YR2023","EST","EN.GHG.CO2.LU.FL.MT.CE.AR5",0,-0.5717
"1486","YR2023","EST","EN.GHG.CO2.LU.DF.MT.CE.AR5",0,0.2912
"1487","YR2023","EST","EN.GHG.CO2.LU.OS.MT.CE.AR5",0,2.4625
"1488","YR2023","EST","EN.GHG.CO2.LU.OL.MT.CE.AR5",0,0.1267
"1489","YR2000","FIN","EN.GHG.CO2.LU.MT.CE.AR5",0,-24.2537
"1490","YR2000","FIN","EN.GHG.CO2.LU.FL.MT.CE.AR5",0,-30.205
"1491","YR2000","FIN","EN.GHG.CO2.LU.DF.MT.CE.AR5",0,2.3751
"1492","YR2000","FIN","EN.GHG.CO2.LU.OS.MT.CE.AR5",0,9.1005
"1493","YR2000","FIN","EN.GHG.CO2.LU.OL.MT.CE.AR5",0,1.0816
"1494","YR2001","FIN","EN.GHG.CO2.LU.MT.CE.AR5",0,-24.8578
"1495","YR2001","FIN","EN.GHG.CO2.LU.FL.MT.CE.AR5",0,-34.0787
"1496","YR2001","FIN","EN.GHG.CO2.LU.DF.MT.CE.AR5",0,2.713
"1497","YR2001","FIN","EN.GHG.CO2.LU.OS.MT.CE.AR5",0,10.0859
"1498","YR2001","FIN","EN.GHG.CO2.LU.OL.MT.CE.AR5",0,0.6249
"1499","YR2002","FIN","EN.GHG.CO2.LU.MT.CE.AR5",0,-25.8661
"1500","YR2002","FIN","EN.GHG.CO2.LU.FL.MT.CE.AR5",0,-34.551
"1501","YR2002","FIN","EN.GHG.CO2.LU.DF.MT.CE.AR5",0,2.8058
"1502","YR2002","FIN","EN.GHG.CO2.LU.OS.MT.CE.AR5",0,10.1791
"1503","YR2002","FIN","EN.GHG.CO2.LU.OL.MT.CE.AR5",0,0.2496
"1504","YR2003","FIN","EN.GHG.CO2.LU.MT.CE.AR5",0,-26.2519
"1505","YR2003","FIN","EN.GHG.CO2.LU.FL.MT.CE.AR5",0,-34.8959
"1506","YR2003","FIN","EN.GHG.CO2.LU.DF.MT.CE.AR5",0,2.9552
"1507","YR2003","FIN","EN.GHG.CO2.LU.OS.MT.CE.AR5",0,10.4816
"1508","YR2003","FIN","EN.GHG.CO2.LU.OL.MT.CE.AR5",0,0.3044
"1509","YR2004","FIN","EN.GHG.CO2.LU.MT.CE.AR5",0,-27.6165
"1510","YR2004","FIN","EN.GHG.CO2.LU.FL.MT.CE.AR5",0,-35.8581
"1511","YR2004","FIN","EN.GHG.CO2.LU.DF.MT.CE.AR5",0,3.0655
"1512","YR2004","FIN","EN.GHG.CO2.LU.OS.MT.CE.AR5",0,10.1028
"1513","YR2004","FIN","EN.GHG.CO2.LU.OL.MT.CE.AR5",0,0.4737
"1514","YR2005","FIN","EN.GHG.CO2.LU.MT.CE.AR5",0,-27.6336
"1515","YR2005","FIN","EN.GHG.CO2.LU.FL.MT.CE.AR5",0,-39.9606
"1516","YR2005","FIN","EN.GHG.CO2.LU.DF.MT.CE.AR5",0,2.9792
"1517","YR2005","FIN","EN.GHG.CO2.LU.OS.MT.CE.AR5",0,10.8787
"1518","YR2005","FIN","EN.GHG.CO2.LU.OL.MT.CE.AR5",0,0.4401
"1519","YR2006","FIN","EN.GHG.CO2.LU.MT.CE.AR5",0,-31.5352
"1520","YR2006","FIN","EN.GHG.CO2.LU.FL.MT.CE.AR5",0,-42.8277
"1521","YR2006","FIN","EN.GHG.CO2.LU.DF.MT.CE.AR5",0,2.7485
"1522","YR2006","FIN","EN.GHG.CO2.LU.OS.MT.CE.AR5",0,12.8064
"1523","YR2006","FIN","EN.GHG.CO2.LU.OL.MT.CE.AR5",0,0.5004
"1524","YR2007","FIN","EN.GHG.CO2.LU.MT.CE.AR5",0,-22.0128
"1525","YR2007","FIN","EN.GHG.CO2.LU.FL.MT.CE.AR5",0,-31.9793
"1526","YR2007","FIN","EN.GHG.CO2.LU.DF.MT.CE.AR5",0,2.6984
"1527","YR2007","FIN","EN.GHG.CO2.LU.OS.MT.CE.AR5",0,12.5692
"1528","YR2007","FIN","EN.GHG.CO2.LU.OL.MT.CE.AR5",0,0.3086
"1529","YR2008","FIN","EN.GHG.CO2.LU.MT.CE.AR5",0,-24.5981
"1530","YR2008","FIN","EN.GHG.CO2.LU.FL.MT.CE.AR5",0,-39.0671
"1531","YR2008","FIN","EN.GHG.CO2.LU.DF.MT.CE.AR5",0,2.6119
"1532","YR2008","FIN","EN.GHG.CO2.LU.OS.MT.CE.AR5",0,13.0265
"1533","YR2008","FIN","EN.GHG.CO2.LU.OL.MT.CE.AR5",0,0.6159
"1534","YR2009","FIN","EN.GHG.CO2.LU.MT.CE.AR5",0,-35.7471
"1535","YR2009","FIN","EN.GHG.CO2.LU.FL.MT.CE.AR5",0,-54.6806
"1536","YR2009","FIN","EN.GHG.CO2.LU.DF.MT.CE.AR5",0,2.7267
"1537","YR2009","FIN","EN.GHG.CO2.LU.OS.MT.CE.AR5",0,14.1744
"1538","YR2009","FIN","EN.GHG.CO2.LU.OL.MT.CE.AR5",0,0.3867
"1539","YR2010","FIN","EN.GHG.CO2.LU.MT.CE.AR5",0,-24.1869
"1540","YR2010","FIN","EN.GHG.CO2.LU.FL.MT.CE.AR5",0,-38.6785
"1541","YR2010","FIN","EN.GHG.CO2.LU.DF.MT.CE.AR5",0,2.8914
"1542","YR2010","FIN","EN.GHG.CO2.LU.OS.MT.CE.AR5",0,13.3232
"1543","YR2010","FIN","EN.GHG.CO2.LU.OL.MT.CE.AR5",0,0.4724
"1544","YR2011","FIN","EN.GHG.CO2.LU.MT.CE.AR5",0,-23.6274
"1545","YR2011","FIN","EN.GHG.CO2.LU.FL.MT.CE.AR5",0,-38.698
"1546","YR2011","FIN","EN.GHG.CO2.LU.DF.MT.CE.AR5",0,2.9292
"1547","YR2011","FIN","EN.GHG.CO2.LU.OS.MT.CE.AR5",0,14.0163
"1548","YR2011","FIN","EN.GHG.CO2.LU.OL.MT.CE.AR5",0,0.2959
"1549","YR2012","FIN","EN.GHG.CO2.LU.MT.CE.AR5",0,-25.3717
"1550","YR2012","FIN","EN.GHG.CO2.LU.FL.MT.CE.AR5",0,-41.5498
"1551","YR2012","FIN","EN.GHG.CO2.LU.DF.MT.CE.AR5",0,2.7987
"1552","YR2012","FIN","EN.GHG.CO2.LU.OS.MT.CE.AR5",0,14.681
"1553","YR2012","FIN","EN.GHG.CO2.LU.OL.MT.CE.AR5",0,0.3732
"1554","YR2013","FIN","EN.GHG.CO2.LU.MT.CE.AR5",0,-18.5726
"1555","YR2013","FIN","EN.GHG.CO2.LU.FL.MT.CE.AR5",0,-33.8006
"1556","YR2013","FIN","EN.GHG.CO2.LU.DF.MT.CE.AR5",0,2.688
"1557","YR2013","FIN","EN.GHG.CO2.LU.OS.MT.CE.AR5",0,14.8868
"1558","YR2013","FIN","EN.GHG.CO2.LU.OL.MT.CE.AR5",0,0.0204
"1559","YR2014","FIN","EN.GHG.CO2.LU.MT.CE.AR5",0,-19.3948
"1560","YR2014","FIN","EN.GHG.CO2.LU.FL.MT.CE.AR5",0,-34.0993
"1561","YR2014","FIN","EN.GHG.CO2.LU.DF.MT.CE.AR5",0,2.5024
"1562","YR2014","FIN","EN.GHG.CO2.LU.OS.MT.CE.AR5",0,15.1543
"1563","YR2014","FIN","EN.GHG.CO2.LU.OL.MT.CE.AR5",0,0.0747
"1564","YR2015","FIN","EN.GHG.CO2.LU.MT.CE.AR5",0,-14.1892
"1565","YR2015","FIN","EN.GHG.CO2.LU.FL.MT.CE.AR5",0,-28.7796
"1566","YR2015","FIN","EN.GHG.CO2.LU.DF.MT.CE.AR5",0,2.3235
"1567","YR2015","FIN","EN.GHG.CO2.LU.OS.MT.CE.AR5",0,15.1454
"1568","YR2015","FIN","EN.GHG.CO2.LU.OL.MT.CE.AR5",0,0.0306
"1569","YR2016","FIN","EN.GHG.CO2.LU.MT.CE.AR5",0,-9.5057
"1570","YR2016","FIN","EN.GHG.CO2.LU.FL.MT.CE.AR5",0,-24.0314
"1571","YR2016","FIN","EN.GHG.CO2.LU.DF.MT.CE.AR5",0,2.1917
"1572","YR2016","FIN","EN.GHG.CO2.LU.OS.MT.CE.AR5",0,15.6256
"1573","YR2016","FIN","EN.GHG.CO2.LU.OL.MT.CE.AR5",0,0.5266
"1574","YR2017","FIN","EN.GHG.CO2.LU.MT.CE.AR5",0,-5.9387
"1575","YR2017","FIN","EN.GHG.CO2.LU.FL.MT.CE.AR5",0,-19.5141
"1576","YR2017","FIN","EN.GHG.CO2.LU.DF.MT.CE.AR5",0,2.1309
"1577","YR2017","FIN","EN.GHG.CO2.LU.OS.MT.CE.AR5",0,15.5939
"1578","YR2017","FIN","EN.GHG.CO2.LU.OL.MT.CE.AR5",0,0.3483
"1579","YR2018","FIN","EN.GHG.CO2.LU.MT.CE.AR5",0,4.3632
"1580","YR2018","FIN","EN.GHG.CO2.LU.FL.MT.CE.AR5",0,-9.3732
"1581","YR2018","FIN","EN.GHG.CO2.LU.DF.MT.CE.AR5",0,2.188
"1582","YR2018","FIN","EN.GHG.CO2.LU.OS.MT.CE.AR5",0,15.527
"1583","YR2018","FIN","EN.GHG.CO2.LU.OL.MT.CE.AR5",0,0.6054
"1584","YR2019","FIN","EN.GHG.CO2.LU.MT.CE.AR5",0,0.5307
"1585","YR2019","FIN","EN.GHG.CO2.LU.FL.MT.CE.AR5",0,-15.2829
"1586","YR2019","FIN","EN.GHG.CO2.LU.DF.MT.CE.AR5",0,2.0159
"1587","YR2019","FIN","EN.GHG.CO2.LU.OS.MT.CE.AR5",0,16.1734
"1588","YR2019","FIN","EN.GHG.CO2.LU.OL.MT.CE.AR5",0,1.0362
"1589","YR2020","FIN","EN.GHG.CO2.LU.MT.CE.AR5",0,-0.9844
"1590","YR2020","FIN","EN.GHG.CO2.LU.FL.MT.CE.AR5",0,-20.2248
"1591","YR2020","FIN","EN.GHG.CO2.LU.DF.MT.CE.AR5",0,1.8354
"1592","YR2020","FIN","EN.GHG.CO2.LU.OS.MT.CE.AR5",0,17.6813
"1593","YR2020","FIN","EN.GHG.CO2.LU.OL.MT.CE.AR5",0,1.0294
"1594","YR2021","FIN","EN.GHG.CO2.LU.MT.CE.AR5",0,8.5523
"1595","YR2021","FIN","EN.GHG.CO2.LU.FL.MT.CE.AR5",0,-8.0225
"1596","YR2021","FIN","EN.GHG.CO2.LU.DF.MT.CE.AR5",0,1.6574
"1597","YR2021","FIN","EN.GHG.CO2.LU.OS.MT.CE.AR5",0,17.9536
"1598","YR2021","FIN","EN.GHG.CO2.LU.OL.MT.CE.AR5",0,0.6815
"1599","YR2022","FIN","EN.GHG.CO2.LU.MT.CE.AR5",0,9.2874
"1600","YR2022","FIN","EN.GHG.CO2.LU.FL.MT.CE.AR5",0,-9.2052
"1601","YR2022","FIN","EN.GHG.CO2.LU.DF.MT.CE.AR5",0,1.5525
"1602","YR2022","FIN","EN.GHG.CO2.LU.OS.MT.CE.AR5",0,19.1238
"1603","YR2022","FIN","EN.GHG.CO2.LU.OL.MT.CE.AR5",0,1.1021
"1604","YR2023","FIN","EN.GHG.CO2.LU.MT.CE.AR5",0,9.1806
"1605","YR2023","FIN","EN.GHG.CO2.LU.FL.MT.CE.AR5",0,-12.842
"1606","YR2023","FIN","EN.GHG.CO2.LU.DF.MT.CE.AR5",0,1.3306
"1607","YR2023","FIN","EN.GHG.CO2.LU.OS.MT.CE.AR5",0,21.126
"1608","YR2023","FIN","EN.GHG.CO2.LU.OL.MT.CE.AR5",0,1.1021
"1609","YR2000","FRA","EN.GHG.CO2.LU.MT.CE.AR5",0,-28.4526
"1610","YR2000","FRA","EN.GHG.CO2.LU.FL.MT.CE.AR5",0,-43.542
"1611","YR2000","FRA","EN.GHG.CO2.LU.DF.MT.CE.AR5",0,13.4176
"1612","YR2000","FRA","EN.GHG.CO2.LU.OS.MT.CE.AR5",0,0.2695
"1613","YR2000","FRA","EN.GHG.CO2.LU.OL.MT.CE.AR5",0,5.9645
"1614","YR2001","FRA","EN.GHG.CO2.LU.MT.CE.AR5",0,-42.3251
"1615","YR2001","FRA","EN.GHG.CO2.LU.FL.MT.CE.AR5",0,-55.3138
"1616","YR2001","FRA","EN.GHG.CO2.LU.DF.MT.CE.AR5",0,13.8991
"1617","YR2001","FRA","EN.GHG.CO2.LU.OS.MT.CE.AR5",0,0.2656
"1618","YR2001","FRA","EN.GHG.CO2.LU.OL.MT.CE.AR5",0,3.0673
"1619","YR2002","FRA","EN.GHG.CO2.LU.MT.CE.AR5",0,-52.1081
"1620","YR2002","FRA","EN.GHG.CO2.LU.FL.MT.CE.AR5",0,-65.4468
"1621","YR2002","FRA","EN.GHG.CO2.LU.DF.MT.CE.AR5",0,14.0107
"1622","YR2002","FRA","EN.GHG.CO2.LU.OS.MT.CE.AR5",0,0.2617
"1623","YR2002","FRA","EN.GHG.CO2.LU.OL.MT.CE.AR5",0,2.1041
"1624","YR2003","FRA","EN.GHG.CO2.LU.MT.CE.AR5",0,-56.9235
"1625","YR2003","FRA","EN.GHG.CO2.LU.FL.MT.CE.AR5",0,-70.2004
"1626","YR2003","FRA","EN.GHG.CO2.LU.DF.MT.CE.AR5",0,14.2643
"1627","YR2003","FRA","EN.GHG.CO2.LU.OS.MT.CE.AR5",0,0.2578
"1628","YR2003","FRA","EN.GHG.CO2.LU.OL.MT.CE.AR5",0,1.6635
"1629","YR2004","FRA","EN.GHG.CO2.LU.MT.CE.AR5",0,-58.647
"1630","YR2004","FRA","EN.GHG.CO2.LU.FL.MT.CE.AR5",0,-70.6458
"1631","YR2004","FRA","EN.GHG.CO2.LU.DF.MT.CE.AR5",0,14.4705
"1632","YR2004","FRA","EN.GHG.CO2.LU.OS.MT.CE.AR5",0,0.2539
"1633","YR2004","FRA","EN.GHG.CO2.LU.OL.MT.CE.AR5",0,0.8528
"1634","YR2005","FRA","EN.GHG.CO2.LU.MT.CE.AR5",0,-57.7793
"1635","YR2005","FRA","EN.GHG.CO2.LU.FL.MT.CE.AR5",0,-71.4603
"1636","YR2005","FRA","EN.GHG.CO2.LU.DF.MT.CE.AR5",0,14.5456
"1637","YR2005","FRA","EN.GHG.CO2.LU.OS.MT.CE.AR5",0,0.2512
"1638","YR2005","FRA","EN.GHG.CO2.LU.OL.MT.CE.AR5",0,3.1472
"1639","YR2006","FRA","EN.GHG.CO2.LU.MT.CE.AR5",0,-57.1334
"1640","YR2006","FRA","EN.GHG.CO2.LU.FL.MT.CE.AR5",0,-72.8341
"1641","YR2006","FRA","EN.GHG.CO2.LU.DF.MT.CE.AR5",0,14.4559
"1642","YR2006","FRA","EN.GHG.CO2.LU.OS.MT.CE.AR5",0,0.2472
"1643","YR2006","FRA","EN.GHG.CO2.LU.OL.MT.CE.AR5",0,5.4235
"1644","YR2007","FRA","EN.GHG.CO2.LU.MT.CE.AR5",0,-52.7891
"1645","YR2007","FRA","EN.GHG.CO2.LU.FL.MT.CE.AR5",0,-73.5655
"1646","YR2007","FRA","EN.GHG.CO2.LU.DF.MT.CE.AR5",0,17.4593
"1647","YR2007","FRA","EN.GHG.CO2.LU.OS.MT.CE.AR5",0,0.2307
"1648","YR2007","FRA","EN.GHG.CO2.LU.OL.MT.CE.AR5",0,7.9655
"1649","YR2008","FRA","EN.GHG.CO2.LU.MT.CE.AR5",0,-51.6622
"1650","YR2008","FRA","EN.GHG.CO2.LU.FL.MT.CE.AR5",0,-75.7827
"1651","YR2008","FRA","EN.GHG.CO2.LU.DF.MT.CE.AR5",0,17.3133
"1652","YR2008","FRA","EN.GHG.CO2.LU.OS.MT.CE.AR5",0,0.2102
"1653","YR2008","FRA","EN.GHG.CO2.LU.OL.MT.CE.AR5",0,10.1436
"1654","YR2009","FRA","EN.GHG.CO2.LU.MT.CE.AR5",0,-39.9935
"1655","YR2009","FRA","EN.GHG.CO2.LU.FL.MT.CE.AR5",0,-67.261
"1656","YR2009","FRA","EN.GHG.CO2.LU.DF.MT.CE.AR5",0,17.1279
"1657","YR2009","FRA","EN.GHG.CO2.LU.OS.MT.CE.AR5",0,0.1968
"1658","YR2009","FRA","EN.GHG.CO2.LU.OL.MT.CE.AR5",0,11.2963
"1659","YR2010","FRA","EN.GHG.CO2.LU.MT.CE.AR5",0,-42.0085
"1660","YR2010","FRA","EN.GHG.CO2.LU.FL.MT.CE.AR5",0,-66.0353
"1661","YR2010","FRA","EN.GHG.CO2.LU.DF.MT.CE.AR5",0,16.5169
"1662","YR2010","FRA","EN.GHG.CO2.LU.OS.MT.CE.AR5",0,0.1832
"1663","YR2010","FRA","EN.GHG.CO2.LU.OL.MT.CE.AR5",0,10.5373
"1664","YR2011","FRA","EN.GHG.CO2.LU.MT.CE.AR5",0,-43.1824
"1665","YR2011","FRA","EN.GHG.CO2.LU.FL.MT.CE.AR5",0,-66.0822
"1666","YR2011","FRA","EN.GHG.CO2.LU.DF.MT.CE.AR5",0,16.1477
"1667","YR2011","FRA","EN.GHG.CO2.LU.OS.MT.CE.AR5",0,0.1586
"1668","YR2011","FRA","EN.GHG.CO2.LU.OL.MT.CE.AR5",0,10.1319
"1669","YR2012","FRA","EN.GHG.CO2.LU.MT.CE.AR5",0,-46.3395
"1670","YR2012","FRA","EN.GHG.CO2.LU.FL.MT.CE.AR5",0,-67.9731
"1671","YR2012","FRA","EN.GHG.CO2.LU.DF.MT.CE.AR5",0,15.7361
"1672","YR2012","FRA","EN.GHG.CO2.LU.OS.MT.CE.AR5",0,0.1416
"1673","YR2012","FRA","EN.GHG.CO2.LU.OL.MT.CE.AR5",0,8.6024
"1674","YR2013","FRA","EN.GHG.CO2.LU.MT.CE.AR5",0,-52.1844
"1675","YR2013","FRA","EN.GHG.CO2.LU.FL.MT.CE.AR5",0,-70.8935
"1676","YR2013","FRA","EN.GHG.CO2.LU.DF.MT.CE.AR5",0,14.4125
"1677","YR2013","FRA","EN.GHG.CO2.LU.OS.MT.CE.AR5",0,0.1256
"1678","YR2013","FRA","EN.GHG.CO2.LU.OL.MT.CE.AR5",0,6.4754
"1679","YR2014","FRA","EN.GHG.CO2.LU.MT.CE.AR5",0,-44.6721
"1680","YR2014","FRA","EN.GHG.CO2.LU.FL.MT.CE.AR5",0,-62.6379
"1681","YR2014","FRA","EN.GHG.CO2.LU.DF.MT.CE.AR5",0,14.2336
"1682","YR2014","FRA","EN.GHG.CO2.LU.OS.MT.CE.AR5",0,0.1112
"1683","YR2014","FRA","EN.GHG.CO2.LU.OL.MT.CE.AR5",0,5.6773
"1684","YR2015","FRA","EN.GHG.CO2.LU.MT.CE.AR5",0,-41.5099
"1685","YR2015","FRA","EN.GHG.CO2.LU.FL.MT.CE.AR5",0,-59.5521
"1686","YR2015","FRA","EN.GHG.CO2.LU.DF.MT.CE.AR5",0,13.985
"1687","YR2015","FRA","EN.GHG.CO2.LU.OS.MT.CE.AR5",0,0.099
"1688","YR2015","FRA","EN.GHG.CO2.LU.OL.MT.CE.AR5",0,5.4333
"1689","YR2016","FRA","EN.GHG.CO2.LU.MT.CE.AR5",0,-37.6674
"1690","YR2016","FRA","EN.GHG.CO2.LU.FL.MT.CE.AR5",0,-52.9199
"1691","YR2016","FRA","EN.GHG.CO2.LU.DF.MT.CE.AR5",0,13.4112
"1692","YR2016","FRA","EN.GHG.CO2.LU.OS.MT.CE.AR5",0,0.0875
"1693","YR2016","FRA","EN.GHG.CO2.LU.OL.MT.CE.AR5",0,2.8704
"1694","YR2017","FRA","EN.GHG.CO2.LU.MT.CE.AR5",0,-29.8464
"1695","YR2017","FRA","EN.GHG.CO2.LU.FL.MT.CE.AR5",0,-45.6743
"1696","YR2017","FRA","EN.GHG.CO2.LU.DF.MT.CE.AR5",0,13.1286
"1697","YR2017","FRA","EN.GHG.CO2.LU.OS.MT.CE.AR5",0,0.0767
"1698","YR2017","FRA","EN.GHG.CO2.LU.OL.MT.CE.AR5",0,3.7776
"1699","YR2018","FRA","EN.GHG.CO2.LU.MT.CE.AR5",0,-39.8144
"1700","YR2018","FRA","EN.GHG.CO2.LU.FL.MT.CE.AR5",0,-48.5839
"1701","YR2018","FRA","EN.GHG.CO2.LU.DF.MT.CE.AR5",0,12.9075
"1702","YR2018","FRA","EN.GHG.CO2.LU.OS.MT.CE.AR5",0,0.0722
"1703","YR2018","FRA","EN.GHG.CO2.LU.OL.MT.CE.AR5",0,-3.1663
"1704","YR2019","FRA","EN.GHG.CO2.LU.MT.CE.AR5",0,-36.5979
"1705","YR2019","FRA","EN.GHG.CO2.LU.FL.MT.CE.AR5",0,-49.6312
"1706","YR2019","FRA","EN.GHG.CO2.LU.DF.MT.CE.AR5",0,10.1394
"1707","YR2019","FRA","EN.GHG.CO2.LU.OS.MT.CE.AR5",0,0.0656
"1708","YR2019","FRA","EN.GHG.CO2.LU.OL.MT.CE.AR5",0,3.5246
"1709","YR2020","FRA","EN.GHG.CO2.LU.MT.CE.AR5",0,-39.2143
"1710","YR2020","FRA","EN.GHG.CO2.LU.FL.MT.CE.AR5",0,-51.8928
"1711","YR2020","FRA","EN.GHG.CO2.LU.DF.MT.CE.AR5",0,10.116
"1712","YR2020","FRA","EN.GHG.CO2.LU.OS.MT.CE.AR5",0,0.0582
"1713","YR2020","FRA","EN.GHG.CO2.LU.OL.MT.CE.AR5",0,1.8759
"1714","YR2021","FRA","EN.GHG.CO2.LU.MT.CE.AR5",0,-36.4301
"1715","YR2021","FRA","EN.GHG.CO2.LU.FL.MT.CE.AR5",0,-47.1758
"1716","YR2021","FRA","EN.GHG.CO2.LU.DF.MT.CE.AR5",0,10.074
"1717","YR2021","FRA","EN.GHG.CO2.LU.OS.MT.CE.AR5",0,0.0493
"1718","YR2021","FRA","EN.GHG.CO2.LU.OL.MT.CE.AR5",0,2.4381
"1719","YR2022","FRA","EN.GHG.CO2.LU.MT.CE.AR5",0,-35.599
"1720","YR2022","FRA","EN.GHG.CO2.LU.FL.MT.CE.AR5",0,-49.6689
"1721","YR2022","FRA","EN.GHG.CO2.LU.DF.MT.CE.AR5",0,10.0617
"1722","YR2022","FRA","EN.GHG.CO2.LU.OS.MT.CE.AR5",0,0.043
"1723","YR2022","FRA","EN.GHG.CO2.LU.OL.MT.CE.AR5",0,5.2277
"1724","YR2023","FRA","EN.GHG.CO2.LU.MT.CE.AR5",0,-38.8536
"1725","YR2023","FRA","EN.GHG.CO2.LU.FL.MT.CE.AR5",0,-51.3508
"1726","YR2023","FRA","EN.GHG.CO2.LU.DF.MT.CE.AR5",0,10.32
"1727","YR2023","FRA","EN.GHG.CO2.LU.OS.MT.CE.AR5",0,0.0385
"1728","YR2023","FRA","EN.GHG.CO2.LU.OL.MT.CE.AR5",0,5.2277
"1729","YR2000","GBR","EN.GHG.CO2.LU.MT.CE.AR5",0,-1.4644
"1730","YR2000","GBR","EN.GHG.CO2.LU.FL.MT.CE.AR5",0,-18.6715
"1731","YR2000","GBR","EN.GHG.CO2.LU.DF.MT.CE.AR5",0,0.8064
"1732","YR2000","GBR","EN.GHG.CO2.LU.OS.MT.CE.AR5",0,11.7902
"1733","YR2000","GBR","EN.GHG.CO2.LU.OL.MT.CE.AR5",0,7.4227
"1734","YR2001","GBR","EN.GHG.CO2.LU.MT.CE.AR5",0,-2.0733
"1735","YR2001","GBR","EN.GHG.CO2.LU.FL.MT.CE.AR5",0,-19.1215
"1736","YR2001","GBR","EN.GHG.CO2.LU.DF.MT.CE.AR5",0,0.868
"1737","YR2001","GBR","EN.GHG.CO2.LU.OS.MT.CE.AR5",0,11.7074
"1738","YR2001","GBR","EN.GHG.CO2.LU.OL.MT.CE.AR5",0,7.1094
"1739","YR2002","GBR","EN.GHG.CO2.LU.MT.CE.AR5",0,-2.8749
"1740","YR2002","GBR","EN.GHG.CO2.LU.FL.MT.CE.AR5",0,-19.339
"1741","YR2002","GBR","EN.GHG.CO2.LU.DF.MT.CE.AR5",0,0.8401
"1742","YR2002","GBR","EN.GHG.CO2.LU.OS.MT.CE.AR5",0,11.3797
"1743","YR2002","GBR","EN.GHG.CO2.LU.OL.MT.CE.AR5",0,6.8355
"1744","YR2003","GBR","EN.GHG.CO2.LU.MT.CE.AR5",0,-3.0681
"1745","YR2003","GBR","EN.GHG.CO2.LU.FL.MT.CE.AR5",0,-19.4236
"1746","YR2003","GBR","EN.GHG.CO2.LU.DF.MT.CE.AR5",0,0.9686
"1747","YR2003","GBR","EN.GHG.CO2.LU.OS.MT.CE.AR5",0,11.4889
"1748","YR2003","GBR","EN.GHG.CO2.LU.OL.MT.CE.AR5",0,6.6272
"1749","YR2004","GBR","EN.GHG.CO2.LU.MT.CE.AR5",0,-3.8457
"1750","YR2004","GBR","EN.GHG.CO2.LU.FL.MT.CE.AR5",0,-19.746
"1751","YR2004","GBR","EN.GHG.CO2.LU.DF.MT.CE.AR5",0,0.8984
"1752","YR2004","GBR","EN.GHG.CO2.LU.OS.MT.CE.AR5",0,11.1878
"1753","YR2004","GBR","EN.GHG.CO2.LU.OL.MT.CE.AR5",0,6.3453
"1754","YR2005","GBR","EN.GHG.CO2.LU.MT.CE.AR5",0,-4.2067
"1755","YR2005","GBR","EN.GHG.CO2.LU.FL.MT.CE.AR5",0,-19.9794
"1756","YR2005","GBR","EN.GHG.CO2.LU.DF.MT.CE.AR5",0,0.9637
"1757","YR2005","GBR","EN.GHG.CO2.LU.OS.MT.CE.AR5",0,11.1194
"1758","YR2005","GBR","EN.GHG.CO2.LU.OL.MT.CE.AR5",0,6.1219
"1759","YR2006","GBR","EN.GHG.CO2.LU.MT.CE.AR5",0,-4.5868
"1760","YR2006","GBR","EN.GHG.CO2.LU.FL.MT.CE.AR5",0,-20.1853
"1761","YR2006","GBR","EN.GHG.CO2.LU.DF.MT.CE.AR5",0,0.7843
"1762","YR2006","GBR","EN.GHG.CO2.LU.OS.MT.CE.AR5",0,11.0111
"1763","YR2006","GBR","EN.GHG.CO2.LU.OL.MT.CE.AR5",0,5.9783
"1764","YR2007","GBR","EN.GHG.CO2.LU.MT.CE.AR5",0,-5.209
"1765","YR2007","GBR","EN.GHG.CO2.LU.FL.MT.CE.AR5",0,-20.1786
"1766","YR2007","GBR","EN.GHG.CO2.LU.DF.MT.CE.AR5",0,0.893
"1767","YR2007","GBR","EN.GHG.CO2.LU.OS.MT.CE.AR5",0,10.7252
"1768","YR2007","GBR","EN.GHG.CO2.LU.OL.MT.CE.AR5",0,5.6474
"1769","YR2008","GBR","EN.GHG.CO2.LU.MT.CE.AR5",0,-5.8484
"1770","YR2008","GBR","EN.GHG.CO2.LU.FL.MT.CE.AR5",0,-20.6643
"1771","YR2008","GBR","EN.GHG.CO2.LU.DF.MT.CE.AR5",0,0.8759
"1772","YR2008","GBR","EN.GHG.CO2.LU.OS.MT.CE.AR5",0,10.5729
"1773","YR2008","GBR","EN.GHG.CO2.LU.OL.MT.CE.AR5",0,5.3613
"1774","YR2009","GBR","EN.GHG.CO2.LU.MT.CE.AR5",0,-5.917
"1775","YR2009","GBR","EN.GHG.CO2.LU.FL.MT.CE.AR5",0,-20.6827
"1776","YR2009","GBR","EN.GHG.CO2.LU.DF.MT.CE.AR5",0,0.8849
"1777","YR2009","GBR","EN.GHG.CO2.LU.OS.MT.CE.AR5",0,10.4848
"1778","YR2009","GBR","EN.GHG.CO2.LU.OL.MT.CE.AR5",0,5.3141
"1779","YR2010","GBR","EN.GHG.CO2.LU.MT.CE.AR5",0,-6.0237
"1780","YR2010","GBR","EN.GHG.CO2.LU.FL.MT.CE.AR5",0,-20.5759
"1781","YR2010","GBR","EN.GHG.CO2.LU.DF.MT.CE.AR5",0,1.0252
"1782","YR2010","GBR","EN.GHG.CO2.LU.OS.MT.CE.AR5",0,10.3965
"1783","YR2010","GBR","EN.GHG.CO2.LU.OL.MT.CE.AR5",0,5.2448
"1784","YR2011","GBR","EN.GHG.CO2.LU.MT.CE.AR5",0,-6.6862
"1785","YR2011","GBR","EN.GHG.CO2.LU.FL.MT.CE.AR5",0,-20.3681
"1786","YR2011","GBR","EN.GHG.CO2.LU.DF.MT.CE.AR5",0,0.9061
"1787","YR2011","GBR","EN.GHG.CO2.LU.OS.MT.CE.AR5",0,10.237
"1788","YR2011","GBR","EN.GHG.CO2.LU.OL.MT.CE.AR5",0,4.8794
"1789","YR2012","GBR","EN.GHG.CO2.LU.MT.CE.AR5",0,-6.5439
"1790","YR2012","GBR","EN.GHG.CO2.LU.FL.MT.CE.AR5",0,-19.591
"1791","YR2012","GBR","EN.GHG.CO2.LU.DF.MT.CE.AR5",0,0.8963
"1792","YR2012","GBR","EN.GHG.CO2.LU.OS.MT.CE.AR5",0,10.0411
"1793","YR2012","GBR","EN.GHG.CO2.LU.OL.MT.CE.AR5",0,4.8953
"1794","YR2013","GBR","EN.GHG.CO2.LU.MT.CE.AR5",0,-6.6544
"1795","YR2013","GBR","EN.GHG.CO2.LU.FL.MT.CE.AR5",0,-19.7305
"1796","YR2013","GBR","EN.GHG.CO2.LU.DF.MT.CE.AR5",0,0.8849
"1797","YR2013","GBR","EN.GHG.CO2.LU.OS.MT.CE.AR5",0,10.0929
"1798","YR2013","GBR","EN.GHG.CO2.LU.OL.MT.CE.AR5",0,4.5567
"1799","YR2014","GBR","EN.GHG.CO2.LU.MT.CE.AR5",0,-6.9321
"1800","YR2014","GBR","EN.GHG.CO2.LU.FL.MT.CE.AR5",0,-19.627
"1801","YR2014","GBR","EN.GHG.CO2.LU.DF.MT.CE.AR5",0,0.9499
"1802","YR2014","GBR","EN.GHG.CO2.LU.OS.MT.CE.AR5",0,9.8989
"1803","YR2014","GBR","EN.GHG.CO2.LU.OL.MT.CE.AR5",0,4.2111
"1804","YR2015","GBR","EN.GHG.CO2.LU.MT.CE.AR5",0,-7.0731
"1805","YR2015","GBR","EN.GHG.CO2.LU.FL.MT.CE.AR5",0,-19.3205
"1806","YR2015","GBR","EN.GHG.CO2.LU.DF.MT.CE.AR5",0,0.7641
"1807","YR2015","GBR","EN.GHG.CO2.LU.OS.MT.CE.AR5",0,9.7685
"1808","YR2015","GBR","EN.GHG.CO2.LU.OL.MT.CE.AR5",0,4.2036
"1809","YR2016","GBR","EN.GHG.CO2.LU.MT.CE.AR5",0,-6.7392
"1810","YR2016","GBR","EN.GHG.CO2.LU.FL.MT.CE.AR5",0,-19.5069
"1811","YR2016","GBR","EN.GHG.CO2.LU.DF.MT.CE.AR5",0,1.1521
"1812","YR2016","GBR","EN.GHG.CO2.LU.OS.MT.CE.AR5",0,9.6685
"1813","YR2016","GBR","EN.GHG.CO2.LU.OL.MT.CE.AR5",0,4.2844
"1814","YR2017","GBR","EN.GHG.CO2.LU.MT.CE.AR5",0,-7.006
"1815","YR2017","GBR","EN.GHG.CO2.LU.FL.MT.CE.AR5",0,-19.5007
"1816","YR2017","GBR","EN.GHG.CO2.LU.DF.MT.CE.AR5",0,1.1017
"1817","YR2017","GBR","EN.GHG.CO2.LU.OS.MT.CE.AR5",0,9.5833
"1818","YR2017","GBR","EN.GHG.CO2.LU.OL.MT.CE.AR5",0,3.9557
"1819","YR2018","GBR","EN.GHG.CO2.LU.MT.CE.AR5",0,-6.4098
"1820","YR2018","GBR","EN.GHG.CO2.LU.FL.MT.CE.AR5",0,-19.4508
"1821","YR2018","GBR","EN.GHG.CO2.LU.DF.MT.CE.AR5",0,1.1389
"1822","YR2018","GBR","EN.GHG.CO2.LU.OS.MT.CE.AR5",0,9.4571
"1823","YR2018","GBR","EN.GHG.CO2.LU.OL.MT.CE.AR5",0,4.4944
"1824","YR2019","GBR","EN.GHG.CO2.LU.MT.CE.AR5",0,-6.566
"1825","YR2019","GBR","EN.GHG.CO2.LU.FL.MT.CE.AR5",0,-19.2844
"1826","YR2019","GBR","EN.GHG.CO2.LU.DF.MT.CE.AR5",0,1.1463
"1827","YR2019","GBR","EN.GHG.CO2.LU.OS.MT.CE.AR5",0,9.3951
"1828","YR2019","GBR","EN.GHG.CO2.LU.OL.MT.CE.AR5",0,4.1138
"1829","YR2020","GBR","EN.GHG.CO2.LU.MT.CE.AR5",0,-6.6787
"1830","YR2020","GBR","EN.GHG.CO2.LU.FL.MT.CE.AR5",0,-19.1054
"1831","YR2020","GBR","EN.GHG.CO2.LU.DF.MT.CE.AR5",0,1.0711
"1832","YR2020","GBR","EN.GHG.CO2.LU.OS.MT.CE.AR5",0,9.3217
"1833","YR2020","GBR","EN.GHG.CO2.LU.OL.MT.CE.AR5",0,3.9493
"1834","YR2021","GBR","EN.GHG.CO2.LU.MT.CE.AR5",0,-6.8488
"1835","YR2021","GBR","EN.GHG.CO2.LU.FL.MT.CE.AR5",0,-18.8409
"1836","YR2021","GBR","EN.GHG.CO2.LU.DF.MT.CE.AR5",0,1.1677
"1837","YR2021","GBR","EN.GHG.CO2.LU.OS.MT.CE.AR5",0,9.1827
"1838","YR2021","GBR","EN.GHG.CO2.LU.OL.MT.CE.AR5",0,3.9038
"1839","YR2022","GBR","EN.GHG.CO2.LU.MT.CE.AR5",0,-6.5599
"1840","YR2022","GBR","EN.GHG.CO2.LU.FL.MT.CE.AR5",0,-18.5276
"1841","YR2022","GBR","EN.GHG.CO2.LU.DF.MT.CE.AR5",0,1.3571
"1842","YR2022","GBR","EN.GHG.CO2.LU.OS.MT.CE.AR5",0,9.0503
"1843","YR2022","GBR","EN.GHG.CO2.LU.OL.MT.CE.AR5",0,3.7239
"1844","YR2023","GBR","EN.GHG.CO2.LU.MT.CE.AR5",0,-6.0354
"1845","YR2023","GBR","EN.GHG.CO2.LU.FL.MT.CE.AR5",0,-18.127
"1846","YR2023","GBR","EN.GHG.CO2.LU.DF.MT.CE.AR5",0,1.2539
"1847","YR2023","GBR","EN.GHG.CO2.LU.OS.MT.CE.AR5",0,8.9627
"1848","YR2023","GBR","EN.GHG.CO2.LU.OL.MT.CE.AR5",0,3.7239
"1849","YR2000","GRC","EN.GHG.CO2.LU.MT.CE.AR5",0,-2.7803
"1850","YR2000","GRC","EN.GHG.CO2.LU.FL.MT.CE.AR5",0,-1.5714
"1851","YR2000","GRC","EN.GHG.CO2.LU.DF.MT.CE.AR5",0,0.0403
"1852","YR2000","GRC","EN.GHG.CO2.LU.OS.MT.CE.AR5",0,0.2444
"1853","YR2000","GRC","EN.GHG.CO2.LU.OL.MT.CE.AR5",0,-1.2586
"1854","YR2001","GRC","EN.GHG.CO2.LU.MT.CE.AR5",0,-2.6896
"1855","YR2001","GRC","EN.GHG.CO2.LU.FL.MT.CE.AR5",0,-1.8659
"1856","YR2001","GRC","EN.GHG.CO2.LU.DF.MT.CE.AR5",0,0.0394
"1857","YR2001","GRC","EN.GHG.CO2.LU.OS.MT.CE.AR5",0,0.2444
"1858","YR2001","GRC","EN.GHG.CO2.LU.OL.MT.CE.AR5",0,-1.0257
"1859","YR2002","GRC","EN.GHG.CO2.LU.MT.CE.AR5",0,-3.0071
"1860","YR2002","GRC","EN.GHG.CO2.LU.FL.MT.CE.AR5",0,-1.9036
"1861","YR2002","GRC","EN.GHG.CO2.LU.DF.MT.CE.AR5",0,0.0419
"1862","YR2002","GRC","EN.GHG.CO2.LU.OS.MT.CE.AR5",0,0.2444
"1863","YR2002","GRC","EN.GHG.CO2.LU.OL.MT.CE.AR5",0,-1.1593
"1864","YR2003","GRC","EN.GHG.CO2.LU.MT.CE.AR5",0,-2.7612
"1865","YR2003","GRC","EN.GHG.CO2.LU.FL.MT.CE.AR5",0,-1.9202
"1866","YR2003","GRC","EN.GHG.CO2.LU.DF.MT.CE.AR5",0,0.0524
"1867","YR2003","GRC","EN.GHG.CO2.LU.OS.MT.CE.AR5",0,0.2444
"1868","YR2003","GRC","EN.GHG.CO2.LU.OL.MT.CE.AR5",0,-0.8492
"1869","YR2004","GRC","EN.GHG.CO2.LU.MT.CE.AR5",0,-2.7504
"1870","YR2004","GRC","EN.GHG.CO2.LU.FL.MT.CE.AR5",0,-1.9227
"1871","YR2004","GRC","EN.GHG.CO2.LU.DF.MT.CE.AR5",0,0.0504
"1872","YR2004","GRC","EN.GHG.CO2.LU.OS.MT.CE.AR5",0,0.2444
"1873","YR2004","GRC","EN.GHG.CO2.LU.OL.MT.CE.AR5",0,-0.8568
"1874","YR2005","GRC","EN.GHG.CO2.LU.MT.CE.AR5",0,-3.5766
"1875","YR2005","GRC","EN.GHG.CO2.LU.FL.MT.CE.AR5",0,-2.333
"1876","YR2005","GRC","EN.GHG.CO2.LU.DF.MT.CE.AR5",0,0.0403
"1877","YR2005","GRC","EN.GHG.CO2.LU.OS.MT.CE.AR5",0,0.2444
"1878","YR2005","GRC","EN.GHG.CO2.LU.OL.MT.CE.AR5",0,-1.2444
"1879","YR2006","GRC","EN.GHG.CO2.LU.MT.CE.AR5",0,-3.6518
"1880","YR2006","GRC","EN.GHG.CO2.LU.FL.MT.CE.AR5",0,-2.3138
"1881","YR2006","GRC","EN.GHG.CO2.LU.DF.MT.CE.AR5",0,0.0448
"1882","YR2006","GRC","EN.GHG.CO2.LU.OS.MT.CE.AR5",0,0.2444
"1883","YR2006","GRC","EN.GHG.CO2.LU.OL.MT.CE.AR5",0,-1.3218
"1884","YR2007","GRC","EN.GHG.CO2.LU.MT.CE.AR5",0,-2.5778
"1885","YR2007","GRC","EN.GHG.CO2.LU.FL.MT.CE.AR5",0,-2.0398
"1886","YR2007","GRC","EN.GHG.CO2.LU.DF.MT.CE.AR5",0,0.0709
"1887","YR2007","GRC","EN.GHG.CO2.LU.OS.MT.CE.AR5",0,0.2444
"1888","YR2007","GRC","EN.GHG.CO2.LU.OL.MT.CE.AR5",0,-0.3853
"1889","YR2008","GRC","EN.GHG.CO2.LU.MT.CE.AR5",0,-3.4091
"1890","YR2008","GRC","EN.GHG.CO2.LU.FL.MT.CE.AR5",0,-2.161
"1891","YR2008","GRC","EN.GHG.CO2.LU.DF.MT.CE.AR5",0,0.0522
"1892","YR2008","GRC","EN.GHG.CO2.LU.OS.MT.CE.AR5",0,0.2444
"1893","YR2008","GRC","EN.GHG.CO2.LU.OL.MT.CE.AR5",0,-1.4686
"1894","YR2009","GRC","EN.GHG.CO2.LU.MT.CE.AR5",0,-3.5095
"1895","YR2009","GRC","EN.GHG.CO2.LU.FL.MT.CE.AR5",0,-2.1669
"1896","YR2009","GRC","EN.GHG.CO2.LU.DF.MT.CE.AR5",0,0.0477
"1897","YR2009","GRC","EN.GHG.CO2.LU.OS.MT.CE.AR5",0,0.2444
"1898","YR2009","GRC","EN.GHG.CO2.LU.OL.MT.CE.AR5",0,-1.3436
"1899","YR2010","GRC","EN.GHG.CO2.LU.MT.CE.AR5",0,-3.4449
"1900","YR2010","GRC","EN.GHG.CO2.LU.FL.MT.CE.AR5",0,-2.2046
"1901","YR2010","GRC","EN.GHG.CO2.LU.DF.MT.CE.AR5",0,0.0437
"1902","YR2010","GRC","EN.GHG.CO2.LU.OS.MT.CE.AR5",0,0.2444
"1903","YR2010","GRC","EN.GHG.CO2.LU.OL.MT.CE.AR5",0,-1.1645
"1904","YR2011","GRC","EN.GHG.CO2.LU.MT.CE.AR5",0,-3.5555
"1905","YR2011","GRC","EN.GHG.CO2.LU.FL.MT.CE.AR5",0,-2.195
"1906","YR2011","GRC","EN.GHG.CO2.LU.DF.MT.CE.AR5",0,0.0454
"1907","YR2011","GRC","EN.GHG.CO2.LU.OS.MT.CE.AR5",0,0.2444
"1908","YR2011","GRC","EN.GHG.CO2.LU.OL.MT.CE.AR5",0,-1.3264
"1909","YR2012","GRC","EN.GHG.CO2.LU.MT.CE.AR5",0,-3.6263
"1910","YR2012","GRC","EN.GHG.CO2.LU.FL.MT.CE.AR5",0,-2.1881
"1911","YR2012","GRC","EN.GHG.CO2.LU.DF.MT.CE.AR5",0,0.0982
"1912","YR2012","GRC","EN.GHG.CO2.LU.OS.MT.CE.AR5",0,0.2444
"1913","YR2012","GRC","EN.GHG.CO2.LU.OL.MT.CE.AR5",0,-1.8164
"1914","YR2013","GRC","EN.GHG.CO2.LU.MT.CE.AR5",0,-2.5903
"1915","YR2013","GRC","EN.GHG.CO2.LU.FL.MT.CE.AR5",0,-2.217
"1916","YR2013","GRC","EN.GHG.CO2.LU.DF.MT.CE.AR5",0,0.0439
"1917","YR2013","GRC","EN.GHG.CO2.LU.OS.MT.CE.AR5",0,0.2444
"1918","YR2013","GRC","EN.GHG.CO2.LU.OL.MT.CE.AR5",0,-0.726
"1919","YR2014","GRC","EN.GHG.CO2.LU.MT.CE.AR5",0,-2.0318
"1920","YR2014","GRC","EN.GHG.CO2.LU.FL.MT.CE.AR5",0,-2.2268
"1921","YR2014","GRC","EN.GHG.CO2.LU.DF.MT.CE.AR5",0,0.0439
"1922","YR2014","GRC","EN.GHG.CO2.LU.OS.MT.CE.AR5",0,0.2444
"1923","YR2014","GRC","EN.GHG.CO2.LU.OL.MT.CE.AR5",0,-0.1607
"1924","YR2015","GRC","EN.GHG.CO2.LU.MT.CE.AR5",0,-3.4983
"1925","YR2015","GRC","EN.GHG.CO2.LU.FL.MT.CE.AR5",0,-2.2067
"1926","YR2015","GRC","EN.GHG.CO2.LU.DF.MT.CE.AR5",0,0.0417
"1927","YR2015","GRC","EN.GHG.CO2.LU.OS.MT.CE.AR5",0,0.2444
"1928","YR2015","GRC","EN.GHG.CO2.LU.OL.MT.CE.AR5",0,-1.6434
"1929","YR2016","GRC","EN.GHG.CO2.LU.MT.CE.AR5",0,-4.1013
"1930","YR2016","GRC","EN.GHG.CO2.LU.FL.MT.CE.AR5",0,-2.2146
"1931","YR2016","GRC","EN.GHG.CO2.LU.DF.MT.CE.AR5",0,0.0531
"1932","YR2016","GRC","EN.GHG.CO2.LU.OS.MT.CE.AR5",0,0.2444
"1933","YR2016","GRC","EN.GHG.CO2.LU.OL.MT.CE.AR5",0,-2.2486
"1934","YR2017","GRC","EN.GHG.CO2.LU.MT.CE.AR5",0,-3.8368
"1935","YR2017","GRC","EN.GHG.CO2.LU.FL.MT.CE.AR5",0,-2.1575
"1936","YR2017","GRC","EN.GHG.CO2.LU.DF.MT.CE.AR5",0,0.0494
"1937","YR2017","GRC","EN.GHG.CO2.LU.OS.MT.CE.AR5",0,0.2444
"1938","YR2017","GRC","EN.GHG.CO2.LU.OL.MT.CE.AR5",0,-1.9967
"1939","YR2018","GRC","EN.GHG.CO2.LU.MT.CE.AR5",0,-4.6801
"1940","YR2018","GRC","EN.GHG.CO2.LU.FL.MT.CE.AR5",0,-2.153
"1941","YR2018","GRC","EN.GHG.CO2.LU.DF.MT.CE.AR5",0,0.0494
"1942","YR2018","GRC","EN.GHG.CO2.LU.OS.MT.CE.AR5",0,0.2444
"1943","YR2018","GRC","EN.GHG.CO2.LU.OL.MT.CE.AR5",0,-2.7887
"1944","YR2019","GRC","EN.GHG.CO2.LU.MT.CE.AR5",0,-5.188
"1945","YR2019","GRC","EN.GHG.CO2.LU.FL.MT.CE.AR5",0,-2.2699
"1946","YR2019","GRC","EN.GHG.CO2.LU.DF.MT.CE.AR5",0,0.0428
"1947","YR2019","GRC","EN.GHG.CO2.LU.OS.MT.CE.AR5",0,0.2444
"1948","YR2019","GRC","EN.GHG.CO2.LU.OL.MT.CE.AR5",0,-3.1728
"1949","YR2020","GRC","EN.GHG.CO2.LU.MT.CE.AR5",0,-5.1826
"1950","YR2020","GRC","EN.GHG.CO2.LU.FL.MT.CE.AR5",0,-2.2623
"1951","YR2020","GRC","EN.GHG.CO2.LU.DF.MT.CE.AR5",0,0.0443
"1952","YR2020","GRC","EN.GHG.CO2.LU.OS.MT.CE.AR5",0,0.2444
"1953","YR2020","GRC","EN.GHG.CO2.LU.OL.MT.CE.AR5",0,-3.2371
"1954","YR2021","GRC","EN.GHG.CO2.LU.MT.CE.AR5",0,-5.2241
"1955","YR2021","GRC","EN.GHG.CO2.LU.FL.MT.CE.AR5",0,-2.1534
"1956","YR2021","GRC","EN.GHG.CO2.LU.DF.MT.CE.AR5",0,0.0439
"1957","YR2021","GRC","EN.GHG.CO2.LU.OS.MT.CE.AR5",0,0.2444
"1958","YR2021","GRC","EN.GHG.CO2.LU.OL.MT.CE.AR5",0,-3.3868
"1959","YR2022","GRC","EN.GHG.CO2.LU.MT.CE.AR5",0,-5.2598
"1960","YR2022","GRC","EN.GHG.CO2.LU.FL.MT.CE.AR5",0,-2.1878
"1961","YR2022","GRC","EN.GHG.CO2.LU.DF.MT.CE.AR5",0,0.0452
"1962","YR2022","GRC","EN.GHG.CO2.LU.OS.MT.CE.AR5",0,0.2444
"1963","YR2022","GRC","EN.GHG.CO2.LU.OL.MT.CE.AR5",0,-3.3892
"1964","YR2023","GRC","EN.GHG.CO2.LU.MT.CE.AR5",0,-4.6774
"1965","YR2023","GRC","EN.GHG.CO2.LU.FL.MT.CE.AR5",0,-1.7096
"1966","YR2023","GRC","EN.GHG.CO2.LU.DF.MT.CE.AR5",0,0.0381
"1967","YR2023","GRC","EN.GHG.CO2.LU.OS.MT.CE.AR5",0,0.2444
"1968","YR2023","GRC","EN.GHG.CO2.LU.OL.MT.CE.AR5",0,-3.3892
"1969","YR2000","HRV","EN.GHG.CO2.LU.MT.CE.AR5",0,-6.9465
"1970","YR2000","HRV","EN.GHG.CO2.LU.FL.MT.CE.AR5",0,-8.3509
"1971","YR2000","HRV","EN.GHG.CO2.LU.DF.MT.CE.AR5",0,0.0233
"1972","YR2000","HRV","EN.GHG.CO2.LU.OS.MT.CE.AR5",0,0.0923
"1973","YR2000","HRV","EN.GHG.CO2.LU.OL.MT.CE.AR5",0,1.3585
"1974","YR2001","HRV","EN.GHG.CO2.LU.MT.CE.AR5",0,-8.0622
"1975","YR2001","HRV","EN.GHG.CO2.LU.FL.MT.CE.AR5",0,-8.4249
"1976","YR2001","HRV","EN.GHG.CO2.LU.DF.MT.CE.AR5",0,0.0215
"1977","YR2001","HRV","EN.GHG.CO2.LU.OS.MT.CE.AR5",0,0.0923
"1978","YR2001","HRV","EN.GHG.CO2.LU.OL.MT.CE.AR5",0,0.5551
"1979","YR2002","HRV","EN.GHG.CO2.LU.MT.CE.AR5",0,-8.3275
"1980","YR2002","HRV","EN.GHG.CO2.LU.FL.MT.CE.AR5",0,-8.5859
"1981","YR2002","HRV","EN.GHG.CO2.LU.DF.MT.CE.AR5",0,0.0286
"1982","YR2002","HRV","EN.GHG.CO2.LU.OS.MT.CE.AR5",0,0.0923
"1983","YR2002","HRV","EN.GHG.CO2.LU.OL.MT.CE.AR5",0,0.4398
"1984","YR2003","HRV","EN.GHG.CO2.LU.MT.CE.AR5",0,-7.566
"1985","YR2003","HRV","EN.GHG.CO2.LU.FL.MT.CE.AR5",0,-8.3676
"1986","YR2003","HRV","EN.GHG.CO2.LU.DF.MT.CE.AR5",0,0.0267
"1987","YR2003","HRV","EN.GHG.CO2.LU.OS.MT.CE.AR5",0,0.0923
"1988","YR2003","HRV","EN.GHG.CO2.LU.OL.MT.CE.AR5",0,0.8735
"1989","YR2004","HRV","EN.GHG.CO2.LU.MT.CE.AR5",0,-7.8359
"1990","YR2004","HRV","EN.GHG.CO2.LU.FL.MT.CE.AR5",0,-8.2292
"1991","YR2004","HRV","EN.GHG.CO2.LU.DF.MT.CE.AR5",0,0.0538
"1992","YR2004","HRV","EN.GHG.CO2.LU.OS.MT.CE.AR5",0,0.0923
"1993","YR2004","HRV","EN.GHG.CO2.LU.OL.MT.CE.AR5",0,0.4275
"1994","YR2005","HRV","EN.GHG.CO2.LU.MT.CE.AR5",0,-8.0822
"1995","YR2005","HRV","EN.GHG.CO2.LU.FL.MT.CE.AR5",0,-8.3428
"1996","YR2005","HRV","EN.GHG.CO2.LU.DF.MT.CE.AR5",0,0.0532
"1997","YR2005","HRV","EN.GHG.CO2.LU.OS.MT.CE.AR5",0,0.0923
"1998","YR2005","HRV","EN.GHG.CO2.LU.OL.MT.CE.AR5",0,0.4639
"1999","YR2006","HRV","EN.GHG.CO2.LU.MT.CE.AR5",0,-7.9099
"2000","YR2006","HRV","EN.GHG.CO2.LU.FL.MT.CE.AR5",0,-8.2525
"2001","YR2006","HRV","EN.GHG.CO2.LU.DF.MT.CE.AR5",0,0.0534
"2002","YR2006","HRV","EN.GHG.CO2.LU.OS.MT.CE.AR5",0,0.0923
"2003","YR2006","HRV","EN.GHG.CO2.LU.OL.MT.CE.AR5",0,0.5199
"2004","YR2007","HRV","EN.GHG.CO2.LU.MT.CE.AR5",0,-6.8098
"2005","YR2007","HRV","EN.GHG.CO2.LU.FL.MT.CE.AR5",0,-7.7356
"2006","YR2007","HRV","EN.GHG.CO2.LU.DF.MT.CE.AR5",0,0.0901
"2007","YR2007","HRV","EN.GHG.CO2.LU.OS.MT.CE.AR5",0,0.0923
"2008","YR2007","HRV","EN.GHG.CO2.LU.OL.MT.CE.AR5",0,1.0528
"2009","YR2008","HRV","EN.GHG.CO2.LU.MT.CE.AR5",0,-6.9813
"2010","YR2008","HRV","EN.GHG.CO2.LU.FL.MT.CE.AR5",0,-7.6374
"2011","YR2008","HRV","EN.GHG.CO2.LU.DF.MT.CE.AR5",0,0.0987
"2012","YR2008","HRV","EN.GHG.CO2.LU.OS.MT.CE.AR5",0,0.0923
"2013","YR2008","HRV","EN.GHG.CO2.LU.OL.MT.CE.AR5",0,0.7904
"2014","YR2009","HRV","EN.GHG.CO2.LU.MT.CE.AR5",0,-7.0848
"2015","YR2009","HRV","EN.GHG.CO2.LU.FL.MT.CE.AR5",0,-7.9658
"2016","YR2009","HRV","EN.GHG.CO2.LU.DF.MT.CE.AR5",0,0.2108
"2017","YR2009","HRV","EN.GHG.CO2.LU.OS.MT.CE.AR5",0,0.0923
"2018","YR2009","HRV","EN.GHG.CO2.LU.OL.MT.CE.AR5",0,0.7569
"2019","YR2010","HRV","EN.GHG.CO2.LU.MT.CE.AR5",0,-7.0317
"2020","YR2010","HRV","EN.GHG.CO2.LU.FL.MT.CE.AR5",0,-7.7798
"2021","YR2010","HRV","EN.GHG.CO2.LU.DF.MT.CE.AR5",0,0.1107
"2022","YR2010","HRV","EN.GHG.CO2.LU.OS.MT.CE.AR5",0,0.0923
"2023","YR2010","HRV","EN.GHG.CO2.LU.OL.MT.CE.AR5",0,0.7943
"2024","YR2011","HRV","EN.GHG.CO2.LU.MT.CE.AR5",0,-5.7956
"2025","YR2011","HRV","EN.GHG.CO2.LU.FL.MT.CE.AR5",0,-6.7615
"2026","YR2011","HRV","EN.GHG.CO2.LU.DF.MT.CE.AR5",0,0.103
"2027","YR2011","HRV","EN.GHG.CO2.LU.OS.MT.CE.AR5",0,0.0923
"2028","YR2011","HRV","EN.GHG.CO2.LU.OL.MT.CE.AR5",0,1.0394
"2029","YR2012","HRV","EN.GHG.CO2.LU.MT.CE.AR5",0,-5.4004
"2030","YR2012","HRV","EN.GHG.CO2.LU.FL.MT.CE.AR5",0,-6.6202
"2031","YR2012","HRV","EN.GHG.CO2.LU.DF.MT.CE.AR5",0,0.0898
"2032","YR2012","HRV","EN.GHG.CO2.LU.OS.MT.CE.AR5",0,0.0923
"2033","YR2012","HRV","EN.GHG.CO2.LU.OL.MT.CE.AR5",0,1.3576
"2034","YR2013","HRV","EN.GHG.CO2.LU.MT.CE.AR5",0,-6.3045
"2035","YR2013","HRV","EN.GHG.CO2.LU.FL.MT.CE.AR5",0,-6.6399
"2036","YR2013","HRV","EN.GHG.CO2.LU.DF.MT.CE.AR5",0,0.0827
"2037","YR2013","HRV","EN.GHG.CO2.LU.OS.MT.CE.AR5",0,0.0923
"2038","YR2013","HRV","EN.GHG.CO2.LU.OL.MT.CE.AR5",0,0.5866
"2039","YR2014","HRV","EN.GHG.CO2.LU.MT.CE.AR5",0,-6.1595
"2040","YR2014","HRV","EN.GHG.CO2.LU.FL.MT.CE.AR5",0,-6.3414
"2041","YR2014","HRV","EN.GHG.CO2.LU.DF.MT.CE.AR5",0,0.0619
"2042","YR2014","HRV","EN.GHG.CO2.LU.OS.MT.CE.AR5",0,0.0923
"2043","YR2014","HRV","EN.GHG.CO2.LU.OL.MT.CE.AR5",0,0.5662
"2044","YR2015","HRV","EN.GHG.CO2.LU.MT.CE.AR5",0,-5.8747
"2045","YR2015","HRV","EN.GHG.CO2.LU.FL.MT.CE.AR5",0,-5.9891
"2046","YR2015","HRV","EN.GHG.CO2.LU.DF.MT.CE.AR5",0,0.1094
"2047","YR2015","HRV","EN.GHG.CO2.LU.OS.MT.CE.AR5",0,0.0923
"2048","YR2015","HRV","EN.GHG.CO2.LU.OL.MT.CE.AR5",0,0.6769
"2049","YR2016","HRV","EN.GHG.CO2.LU.MT.CE.AR5",0,-5.8747
"2050","YR2016","HRV","EN.GHG.CO2.LU.FL.MT.CE.AR5",0,-5.8363
"2051","YR2016","HRV","EN.GHG.CO2.LU.DF.MT.CE.AR5",0,0.0589
"2052","YR2016","HRV","EN.GHG.CO2.LU.OS.MT.CE.AR5",0,0.0923
"2053","YR2016","HRV","EN.GHG.CO2.LU.OL.MT.CE.AR5",0,0.5905
"2054","YR2017","HRV","EN.GHG.CO2.LU.MT.CE.AR5",0,-5.1676
"2055","YR2017","HRV","EN.GHG.CO2.LU.FL.MT.CE.AR5",0,-5.6137
"2056","YR2017","HRV","EN.GHG.CO2.LU.DF.MT.CE.AR5",0,0.0539
"2057","YR2017","HRV","EN.GHG.CO2.LU.OS.MT.CE.AR5",0,0.0923
"2058","YR2017","HRV","EN.GHG.CO2.LU.OL.MT.CE.AR5",0,1.3293
"2059","YR2018","HRV","EN.GHG.CO2.LU.MT.CE.AR5",0,-5.6561
"2060","YR2018","HRV","EN.GHG.CO2.LU.FL.MT.CE.AR5",0,-5.5375
"2061","YR2018","HRV","EN.GHG.CO2.LU.DF.MT.CE.AR5",0,0.0521
"2062","YR2018","HRV","EN.GHG.CO2.LU.OS.MT.CE.AR5",0,0.0923
"2063","YR2018","HRV","EN.GHG.CO2.LU.OL.MT.CE.AR5",0,0.4987
"2064","YR2019","HRV","EN.GHG.CO2.LU.MT.CE.AR5",0,-5.8919
"2065","YR2019","HRV","EN.GHG.CO2.LU.FL.MT.CE.AR5",0,-5.8019
"2066","YR2019","HRV","EN.GHG.CO2.LU.DF.MT.CE.AR5",0,0.0542
"2067","YR2019","HRV","EN.GHG.CO2.LU.OS.MT.CE.AR5",0,0.0923
"2068","YR2019","HRV","EN.GHG.CO2.LU.OL.MT.CE.AR5",0,0.5157
"2069","YR2020","HRV","EN.GHG.CO2.LU.MT.CE.AR5",0,-5.8773
"2070","YR2020","HRV","EN.GHG.CO2.LU.FL.MT.CE.AR5",0,-6.2656
"2071","YR2020","HRV","EN.GHG.CO2.LU.DF.MT.CE.AR5",0,0.0505
"2072","YR2020","HRV","EN.GHG.CO2.LU.OS.MT.CE.AR5",0,0.0923
"2073","YR2020","HRV","EN.GHG.CO2.LU.OL.MT.CE.AR5",0,0.875
"2074","YR2021","HRV","EN.GHG.CO2.LU.MT.CE.AR5",0,-5.9294
"2075","YR2021","HRV","EN.GHG.CO2.LU.FL.MT.CE.AR5",0,-5.9243
"2076","YR2021","HRV","EN.GHG.CO2.LU.DF.MT.CE.AR5",0,0.0478
"2077","YR2021","HRV","EN.GHG.CO2.LU.OS.MT.CE.AR5",0,0.0923
"2078","YR2021","HRV","EN.GHG.CO2.LU.OL.MT.CE.AR5",0,0.5112
"2079","YR2022","HRV","EN.GHG.CO2.LU.MT.CE.AR5",0,-5.0736
"2080","YR2022","HRV","EN.GHG.CO2.LU.FL.MT.CE.AR5",0,-5.618
"2081","YR2022","HRV","EN.GHG.CO2.LU.DF.MT.CE.AR5",0,0.0508
"2082","YR2022","HRV","EN.GHG.CO2.LU.OS.MT.CE.AR5",0,0.0923
"2083","YR2022","HRV","EN.GHG.CO2.LU.OL.MT.CE.AR5",0,0.7946
"2084","YR2023","HRV","EN.GHG.CO2.LU.MT.CE.AR5",0,-5.6701
"2085","YR2023","HRV","EN.GHG.CO2.LU.FL.MT.CE.AR5",0,-5.8158
"2086","YR2023","HRV","EN.GHG.CO2.LU.DF.MT.CE.AR5",0,0.0479
"2087","YR2023","HRV","EN.GHG.CO2.LU.OS.MT.CE.AR5",0,0.0923
"2088","YR2023","HRV","EN.GHG.CO2.LU.OL.MT.CE.AR5",0,0.7946
"2089","YR2000","IRL","EN.GHG.CO2.LU.MT.CE.AR5",0,1.8613
"2090","YR2000","IRL","EN.GHG.CO2.LU.FL.MT.CE.AR5",0,-2.9933
"2091","YR2000","IRL","EN.GHG.CO2.LU.DF.MT.CE.AR5",0,0.2377
"2092","YR2000","IRL","EN.GHG.CO2.LU.OS.MT.CE.AR5",0,4.8317
"2093","YR2000","IRL","EN.GHG.CO2.LU.OL.MT.CE.AR5",0,0.9085
"2094","YR2001","IRL","EN.GHG.CO2.LU.MT.CE.AR5",0,2.9257
"2095","YR2001","IRL","EN.GHG.CO2.LU.FL.MT.CE.AR5",0,-3.4998
"2096","YR2001","IRL","EN.GHG.CO2.LU.DF.MT.CE.AR5",0,0.2452
"2097","YR2001","IRL","EN.GHG.CO2.LU.OS.MT.CE.AR5",0,5.177
"2098","YR2001","IRL","EN.GHG.CO2.LU.OL.MT.CE.AR5",0,2.1194
"2099","YR2002","IRL","EN.GHG.CO2.LU.MT.CE.AR5",0,2.858
"2100","YR2002","IRL","EN.GHG.CO2.LU.FL.MT.CE.AR5",0,-3.3
"2101","YR2002","IRL","EN.GHG.CO2.LU.DF.MT.CE.AR5",0,0.2462
"2102","YR2002","IRL","EN.GHG.CO2.LU.OS.MT.CE.AR5",0,5.7555
"2103","YR2002","IRL","EN.GHG.CO2.LU.OL.MT.CE.AR5",0,1.1097
"2104","YR2003","IRL","EN.GHG.CO2.LU.MT.CE.AR5",0,3.1799
"2105","YR2003","IRL","EN.GHG.CO2.LU.FL.MT.CE.AR5",0,-3.5918
"2106","YR2003","IRL","EN.GHG.CO2.LU.DF.MT.CE.AR5",0,0.2472
"2107","YR2003","IRL","EN.GHG.CO2.LU.OS.MT.CE.AR5",0,5.7221
"2108","YR2003","IRL","EN.GHG.CO2.LU.OL.MT.CE.AR5",0,1.9843
"2109","YR2004","IRL","EN.GHG.CO2.LU.MT.CE.AR5",0,2.0011
"2110","YR2004","IRL","EN.GHG.CO2.LU.FL.MT.CE.AR5",0,-4.2693
"2111","YR2004","IRL","EN.GHG.CO2.LU.DF.MT.CE.AR5",0,0.2496
"2112","YR2004","IRL","EN.GHG.CO2.LU.OS.MT.CE.AR5",0,5.9089
"2113","YR2004","IRL","EN.GHG.CO2.LU.OL.MT.CE.AR5",0,1.2023
"2114","YR2005","IRL","EN.GHG.CO2.LU.MT.CE.AR5",0,2.1389
"2115","YR2005","IRL","EN.GHG.CO2.LU.FL.MT.CE.AR5",0,-3.9716
"2116","YR2005","IRL","EN.GHG.CO2.LU.DF.MT.CE.AR5",0,0.2504
"2117","YR2005","IRL","EN.GHG.CO2.LU.OS.MT.CE.AR5",0,6.0034
"2118","YR2005","IRL","EN.GHG.CO2.LU.OL.MT.CE.AR5",0,0.9864
"2119","YR2006","IRL","EN.GHG.CO2.LU.MT.CE.AR5",0,2.1145
"2120","YR2006","IRL","EN.GHG.CO2.LU.FL.MT.CE.AR5",0,-4.8343
"2121","YR2006","IRL","EN.GHG.CO2.LU.DF.MT.CE.AR5",0,1.595
"2122","YR2006","IRL","EN.GHG.CO2.LU.OS.MT.CE.AR5",0,5.8596
"2123","YR2006","IRL","EN.GHG.CO2.LU.OL.MT.CE.AR5",0,0.7681
"2124","YR2007","IRL","EN.GHG.CO2.LU.MT.CE.AR5",0,1.1725
"2125","YR2007","IRL","EN.GHG.CO2.LU.FL.MT.CE.AR5",0,-4.8453
"2126","YR2007","IRL","EN.GHG.CO2.LU.DF.MT.CE.AR5",0,0.4352
"2127","YR2007","IRL","EN.GHG.CO2.LU.OS.MT.CE.AR5",0,5.9222
"2128","YR2007","IRL","EN.GHG.CO2.LU.OL.MT.CE.AR5",0,0.8586
"2129","YR2008","IRL","EN.GHG.CO2.LU.MT.CE.AR5",0,0.492
"2130","YR2008","IRL","EN.GHG.CO2.LU.FL.MT.CE.AR5",0,-5.7808
"2131","YR2008","IRL","EN.GHG.CO2.LU.DF.MT.CE.AR5",0,0.4452
"2132","YR2008","IRL","EN.GHG.CO2.LU.OS.MT.CE.AR5",0,5.9168
"2133","YR2008","IRL","EN.GHG.CO2.LU.OL.MT.CE.AR5",0,0.5989
"2134","YR2009","IRL","EN.GHG.CO2.LU.MT.CE.AR5",0,0.0906
"2135","YR2009","IRL","EN.GHG.CO2.LU.FL.MT.CE.AR5",0,-5.8407
"2136","YR2009","IRL","EN.GHG.CO2.LU.DF.MT.CE.AR5",0,0.3645
"2137","YR2009","IRL","EN.GHG.CO2.LU.OS.MT.CE.AR5",0,5.7845
"2138","YR2009","IRL","EN.GHG.CO2.LU.OL.MT.CE.AR5",0,0.4907
"2139","YR2010","IRL","EN.GHG.CO2.LU.MT.CE.AR5",0,0.815
"2140","YR2010","IRL","EN.GHG.CO2.LU.FL.MT.CE.AR5",0,-5.9318
"2141","YR2010","IRL","EN.GHG.CO2.LU.DF.MT.CE.AR5",0,0.1907
"2142","YR2010","IRL","EN.GHG.CO2.LU.OS.MT.CE.AR5",0,5.9249
"2143","YR2010","IRL","EN.GHG.CO2.LU.OL.MT.CE.AR5",0,1.4499
"2144","YR2011","IRL","EN.GHG.CO2.LU.MT.CE.AR5",0,0.1526
"2145","YR2011","IRL","EN.GHG.CO2.LU.FL.MT.CE.AR5",0,-6.1478
"2146","YR2011","IRL","EN.GHG.CO2.LU.DF.MT.CE.AR5",0,0.1061
"2147","YR2011","IRL","EN.GHG.CO2.LU.OS.MT.CE.AR5",0,6.1761
"2148","YR2011","IRL","EN.GHG.CO2.LU.OL.MT.CE.AR5",0,0.76
"2149","YR2012","IRL","EN.GHG.CO2.LU.MT.CE.AR5",0,-0.6075
"2150","YR2012","IRL","EN.GHG.CO2.LU.FL.MT.CE.AR5",0,-6.3588
"2151","YR2012","IRL","EN.GHG.CO2.LU.DF.MT.CE.AR5",0,0.2227
"2152","YR2012","IRL","EN.GHG.CO2.LU.OS.MT.CE.AR5",0,6.1999
"2153","YR2012","IRL","EN.GHG.CO2.LU.OL.MT.CE.AR5",0,-0.0027
"2154","YR2013","IRL","EN.GHG.CO2.LU.MT.CE.AR5",0,0.006
"2155","YR2013","IRL","EN.GHG.CO2.LU.FL.MT.CE.AR5",0,-6.6883
"2156","YR2013","IRL","EN.GHG.CO2.LU.DF.MT.CE.AR5",0,0.5178
"2157","YR2013","IRL","EN.GHG.CO2.LU.OS.MT.CE.AR5",0,6.2186
"2158","YR2013","IRL","EN.GHG.CO2.LU.OL.MT.CE.AR5",0,0.6203
"2159","YR2014","IRL","EN.GHG.CO2.LU.MT.CE.AR5",0,0.2305
"2160","YR2014","IRL","EN.GHG.CO2.LU.FL.MT.CE.AR5",0,-6.383
"2161","YR2014","IRL","EN.GHG.CO2.LU.DF.MT.CE.AR5",0,0.0203
"2162","YR2014","IRL","EN.GHG.CO2.LU.OS.MT.CE.AR5",0,6.3917
"2163","YR2014","IRL","EN.GHG.CO2.LU.OL.MT.CE.AR5",0,0.9646
"2164","YR2015","IRL","EN.GHG.CO2.LU.MT.CE.AR5",0,0.1239
"2165","YR2015","IRL","EN.GHG.CO2.LU.FL.MT.CE.AR5",0,-7.0107
"2166","YR2015","IRL","EN.GHG.CO2.LU.DF.MT.CE.AR5",0,0.02
"2167","YR2015","IRL","EN.GHG.CO2.LU.OS.MT.CE.AR5",0,6.682
"2168","YR2015","IRL","EN.GHG.CO2.LU.OL.MT.CE.AR5",0,1.1613
"2169","YR2016","IRL","EN.GHG.CO2.LU.MT.CE.AR5",0,-0.742
"2170","YR2016","IRL","EN.GHG.CO2.LU.FL.MT.CE.AR5",0,-7.0733
"2171","YR2016","IRL","EN.GHG.CO2.LU.DF.MT.CE.AR5",0,0.5494
"2172","YR2016","IRL","EN.GHG.CO2.LU.OS.MT.CE.AR5",0,6.7694
"2173","YR2016","IRL","EN.GHG.CO2.LU.OL.MT.CE.AR5",0,-0.1838
"2174","YR2017","IRL","EN.GHG.CO2.LU.MT.CE.AR5",0,0.9645
"2175","YR2017","IRL","EN.GHG.CO2.LU.FL.MT.CE.AR5",0,-5.9666
"2176","YR2017","IRL","EN.GHG.CO2.LU.DF.MT.CE.AR5",0,0.2046
"2177","YR2017","IRL","EN.GHG.CO2.LU.OS.MT.CE.AR5",0,6.4453
"2178","YR2017","IRL","EN.GHG.CO2.LU.OL.MT.CE.AR5",0,1.1502
"2179","YR2018","IRL","EN.GHG.CO2.LU.MT.CE.AR5",0,0.1257
"2180","YR2018","IRL","EN.GHG.CO2.LU.FL.MT.CE.AR5",0,-5.5501
"2181","YR2018","IRL","EN.GHG.CO2.LU.DF.MT.CE.AR5",0,0.395
"2182","YR2018","IRL","EN.GHG.CO2.LU.OS.MT.CE.AR5",0,6.3193
"2183","YR2018","IRL","EN.GHG.CO2.LU.OL.MT.CE.AR5",0,-0.2127
"2184","YR2019","IRL","EN.GHG.CO2.LU.MT.CE.AR5",0,0.289
"2185","YR2019","IRL","EN.GHG.CO2.LU.FL.MT.CE.AR5",0,-5.0118
"2186","YR2019","IRL","EN.GHG.CO2.LU.DF.MT.CE.AR5",0,0.1433
"2187","YR2019","IRL","EN.GHG.CO2.LU.OS.MT.CE.AR5",0,6.3836
"2188","YR2019","IRL","EN.GHG.CO2.LU.OL.MT.CE.AR5",0,-0.3597
"2189","YR2020","IRL","EN.GHG.CO2.LU.MT.CE.AR5",0,0.9005
"2190","YR2020","IRL","EN.GHG.CO2.LU.FL.MT.CE.AR5",0,-4.7855
"2191","YR2020","IRL","EN.GHG.CO2.LU.DF.MT.CE.AR5",0,0.1844
"2192","YR2020","IRL","EN.GHG.CO2.LU.OS.MT.CE.AR5",0,6.6032
"2193","YR2020","IRL","EN.GHG.CO2.LU.OL.MT.CE.AR5",0,-0.2925
"2194","YR2021","IRL","EN.GHG.CO2.LU.MT.CE.AR5",0,0.4547
"2195","YR2021","IRL","EN.GHG.CO2.LU.FL.MT.CE.AR5",0,-4.0712
"2196","YR2021","IRL","EN.GHG.CO2.LU.DF.MT.CE.AR5",0,0.0199
"2197","YR2021","IRL","EN.GHG.CO2.LU.OS.MT.CE.AR5",0,5.8766
"2198","YR2021","IRL","EN.GHG.CO2.LU.OL.MT.CE.AR5",0,-0.4079
"2199","YR2022","IRL","EN.GHG.CO2.LU.MT.CE.AR5",0,-0.2308
"2200","YR2022","IRL","EN.GHG.CO2.LU.FL.MT.CE.AR5",0,-4.4773
"2201","YR2022","IRL","EN.GHG.CO2.LU.DF.MT.CE.AR5",0,0.047
"2202","YR2022","IRL","EN.GHG.CO2.LU.OS.MT.CE.AR5",0,5.4582
"2203","YR2022","IRL","EN.GHG.CO2.LU.OL.MT.CE.AR5",0,-0.3754
"2204","YR2023","IRL","EN.GHG.CO2.LU.MT.CE.AR5",0,-0.0651
"2205","YR2023","IRL","EN.GHG.CO2.LU.FL.MT.CE.AR5",0,-4.4856
"2206","YR2023","IRL","EN.GHG.CO2.LU.DF.MT.CE.AR5",0,0.0639
"2207","YR2023","IRL","EN.GHG.CO2.LU.OS.MT.CE.AR5",0,5.3282
"2208","YR2023","IRL","EN.GHG.CO2.LU.OL.MT.CE.AR5",0,-0.3754
"2209","YR2000","ISL","EN.GHG.CO2.LU.MT.CE.AR5",0,6.3655
"2210","YR2000","ISL","EN.GHG.CO2.LU.FL.MT.CE.AR5",0,-0.0953
"2211","YR2000","ISL","EN.GHG.CO2.LU.DF.MT.CE.AR5",0,0
"2212","YR2000","ISL","EN.GHG.CO2.LU.OS.MT.CE.AR5",0,6.6671
"2213","YR2000","ISL","EN.GHG.CO2.LU.OL.MT.CE.AR5",0,-0.2063
"2214","YR2001","ISL","EN.GHG.CO2.LU.MT.CE.AR5",0,6.374
"2215","YR2001","ISL","EN.GHG.CO2.LU.FL.MT.CE.AR5",0,-0.1012
"2216","YR2001","ISL","EN.GHG.CO2.LU.DF.MT.CE.AR5",0,0
"2217","YR2001","ISL","EN.GHG.CO2.LU.OS.MT.CE.AR5",0,6.6885
"2218","YR2001","ISL","EN.GHG.CO2.LU.OL.MT.CE.AR5",0,-0.2133
"2219","YR2002","ISL","EN.GHG.CO2.LU.MT.CE.AR5",0,6.3888
"2220","YR2002","ISL","EN.GHG.CO2.LU.FL.MT.CE.AR5",0,-0.1105
"2221","YR2002","ISL","EN.GHG.CO2.LU.DF.MT.CE.AR5",0,0
"2222","YR2002","ISL","EN.GHG.CO2.LU.OS.MT.CE.AR5",0,6.7188
"2223","YR2002","ISL","EN.GHG.CO2.LU.OL.MT.CE.AR5",0,-0.2195
"2224","YR2003","ISL","EN.GHG.CO2.LU.MT.CE.AR5",0,6.3825
"2225","YR2003","ISL","EN.GHG.CO2.LU.FL.MT.CE.AR5",0,-0.1216
"2226","YR2003","ISL","EN.GHG.CO2.LU.DF.MT.CE.AR5",0,0
"2227","YR2003","ISL","EN.GHG.CO2.LU.OS.MT.CE.AR5",0,6.7331
"2228","YR2003","ISL","EN.GHG.CO2.LU.OL.MT.CE.AR5",0,-0.229
"2229","YR2004","ISL","EN.GHG.CO2.LU.MT.CE.AR5",0,6.3823
"2230","YR2004","ISL","EN.GHG.CO2.LU.FL.MT.CE.AR5",0,-0.1281
"2231","YR2004","ISL","EN.GHG.CO2.LU.DF.MT.CE.AR5",0,0.0002
"2232","YR2004","ISL","EN.GHG.CO2.LU.OS.MT.CE.AR5",0,6.753
"2233","YR2004","ISL","EN.GHG.CO2.LU.OL.MT.CE.AR5",0,-0.2427
"2234","YR2005","ISL","EN.GHG.CO2.LU.MT.CE.AR5",0,6.3824
"2235","YR2005","ISL","EN.GHG.CO2.LU.FL.MT.CE.AR5",0,-0.1476
"2236","YR2005","ISL","EN.GHG.CO2.LU.DF.MT.CE.AR5",0,0.0002
"2237","YR2005","ISL","EN.GHG.CO2.LU.OS.MT.CE.AR5",0,6.7836
"2238","YR2005","ISL","EN.GHG.CO2.LU.OL.MT.CE.AR5",0,-0.2538
"2239","YR2006","ISL","EN.GHG.CO2.LU.MT.CE.AR5",0,6.4246
"2240","YR2006","ISL","EN.GHG.CO2.LU.FL.MT.CE.AR5",0,-0.1544
"2241","YR2006","ISL","EN.GHG.CO2.LU.DF.MT.CE.AR5",0,0.0011
"2242","YR2006","ISL","EN.GHG.CO2.LU.OS.MT.CE.AR5",0,6.8421
"2243","YR2006","ISL","EN.GHG.CO2.LU.OL.MT.CE.AR5",0,-0.2642
"2244","YR2007","ISL","EN.GHG.CO2.LU.MT.CE.AR5",0,6.3392
"2245","YR2007","ISL","EN.GHG.CO2.LU.FL.MT.CE.AR5",0,-0.2722
"2246","YR2007","ISL","EN.GHG.CO2.LU.DF.MT.CE.AR5",0,0.0002
"2247","YR2007","ISL","EN.GHG.CO2.LU.OS.MT.CE.AR5",0,6.9028
"2248","YR2007","ISL","EN.GHG.CO2.LU.OL.MT.CE.AR5",0,-0.2916
"2249","YR2008","ISL","EN.GHG.CO2.LU.MT.CE.AR5",0,6.3828
"2250","YR2008","ISL","EN.GHG.CO2.LU.FL.MT.CE.AR5",0,-0.2761
"2251","YR2008","ISL","EN.GHG.CO2.LU.DF.MT.CE.AR5",0,0.0001
"2252","YR2008","ISL","EN.GHG.CO2.LU.OS.MT.CE.AR5",0,6.9569
"2253","YR2008","ISL","EN.GHG.CO2.LU.OL.MT.CE.AR5",0,-0.2981
"2254","YR2009","ISL","EN.GHG.CO2.LU.MT.CE.AR5",0,6.4379
"2255","YR2009","ISL","EN.GHG.CO2.LU.FL.MT.CE.AR5",0,-0.2893
"2256","YR2009","ISL","EN.GHG.CO2.LU.DF.MT.CE.AR5",0,0.0001
"2257","YR2009","ISL","EN.GHG.CO2.LU.OS.MT.CE.AR5",0,6.9791
"2258","YR2009","ISL","EN.GHG.CO2.LU.OL.MT.CE.AR5",0,-0.2519
"2259","YR2010","ISL","EN.GHG.CO2.LU.MT.CE.AR5",0,6.4122
"2260","YR2010","ISL","EN.GHG.CO2.LU.FL.MT.CE.AR5",0,-0.3123
"2261","YR2010","ISL","EN.GHG.CO2.LU.DF.MT.CE.AR5",0,0.0001
"2262","YR2010","ISL","EN.GHG.CO2.LU.OS.MT.CE.AR5",0,7.0044
"2263","YR2010","ISL","EN.GHG.CO2.LU.OL.MT.CE.AR5",0,-0.2799
"2264","YR2011","ISL","EN.GHG.CO2.LU.MT.CE.AR5",0,6.3909
"2265","YR2011","ISL","EN.GHG.CO2.LU.FL.MT.CE.AR5",0,-0.3397
"2266","YR2011","ISL","EN.GHG.CO2.LU.DF.MT.CE.AR5",0,0.0005
"2267","YR2011","ISL","EN.GHG.CO2.LU.OS.MT.CE.AR5",0,7.0284
"2268","YR2011","ISL","EN.GHG.CO2.LU.OL.MT.CE.AR5",0,-0.2982
"2269","YR2012","ISL","EN.GHG.CO2.LU.MT.CE.AR5",0,6.3956
"2270","YR2012","ISL","EN.GHG.CO2.LU.FL.MT.CE.AR5",0,-0.3512
"2271","YR2012","ISL","EN.GHG.CO2.LU.DF.MT.CE.AR5",0,0.0001
"2272","YR2012","ISL","EN.GHG.CO2.LU.OS.MT.CE.AR5",0,7.0543
"2273","YR2012","ISL","EN.GHG.CO2.LU.OL.MT.CE.AR5",0,-0.3076
"2274","YR2013","ISL","EN.GHG.CO2.LU.MT.CE.AR5",0,6.3961
"2275","YR2013","ISL","EN.GHG.CO2.LU.FL.MT.CE.AR5",0,-0.3689
"2276","YR2013","ISL","EN.GHG.CO2.LU.DF.MT.CE.AR5",0,0.0002
"2277","YR2013","ISL","EN.GHG.CO2.LU.OS.MT.CE.AR5",0,7.081
"2278","YR2013","ISL","EN.GHG.CO2.LU.OL.MT.CE.AR5",0,-0.316
"2279","YR2014","ISL","EN.GHG.CO2.LU.MT.CE.AR5",0,6.3896
"2280","YR2014","ISL","EN.GHG.CO2.LU.FL.MT.CE.AR5",0,-0.3926
"2281","YR2014","ISL","EN.GHG.CO2.LU.DF.MT.CE.AR5",0,0.0001
"2282","YR2014","ISL","EN.GHG.CO2.LU.OS.MT.CE.AR5",0,7.1075
"2283","YR2014","ISL","EN.GHG.CO2.LU.OL.MT.CE.AR5",0,-0.3253
"2284","YR2015","ISL","EN.GHG.CO2.LU.MT.CE.AR5",0,6.3804
"2285","YR2015","ISL","EN.GHG.CO2.LU.FL.MT.CE.AR5",0,-0.4177
"2286","YR2015","ISL","EN.GHG.CO2.LU.DF.MT.CE.AR5",0,0.0001
"2287","YR2015","ISL","EN.GHG.CO2.LU.OS.MT.CE.AR5",0,7.1344
"2288","YR2015","ISL","EN.GHG.CO2.LU.OL.MT.CE.AR5",0,-0.3364
"2289","YR2016","ISL","EN.GHG.CO2.LU.MT.CE.AR5",0,6.3631
"2290","YR2016","ISL","EN.GHG.CO2.LU.FL.MT.CE.AR5",0,-0.4418
"2291","YR2016","ISL","EN.GHG.CO2.LU.DF.MT.CE.AR5",0,0.0001
"2292","YR2016","ISL","EN.GHG.CO2.LU.OS.MT.CE.AR5",0,7.1601
"2293","YR2016","ISL","EN.GHG.CO2.LU.OL.MT.CE.AR5",0,-0.3552
"2294","YR2017","ISL","EN.GHG.CO2.LU.MT.CE.AR5",0,6.3353
"2295","YR2017","ISL","EN.GHG.CO2.LU.FL.MT.CE.AR5",0,-0.4801
"2296","YR2017","ISL","EN.GHG.CO2.LU.DF.MT.CE.AR5",0,0.0001
"2297","YR2017","ISL","EN.GHG.CO2.LU.OS.MT.CE.AR5",0,7.1865
"2298","YR2017","ISL","EN.GHG.CO2.LU.OL.MT.CE.AR5",0,-0.3711
"2299","YR2018","ISL","EN.GHG.CO2.LU.MT.CE.AR5",0,6.3235
"2300","YR2018","ISL","EN.GHG.CO2.LU.FL.MT.CE.AR5",0,-0.5096
"2301","YR2018","ISL","EN.GHG.CO2.LU.DF.MT.CE.AR5",0,0.0001
"2302","YR2018","ISL","EN.GHG.CO2.LU.OS.MT.CE.AR5",0,7.2132
"2303","YR2018","ISL","EN.GHG.CO2.LU.OL.MT.CE.AR5",0,-0.3802
"2304","YR2019","ISL","EN.GHG.CO2.LU.MT.CE.AR5",0,6.3369
"2305","YR2019","ISL","EN.GHG.CO2.LU.FL.MT.CE.AR5",0,-0.5108
"2306","YR2019","ISL","EN.GHG.CO2.LU.DF.MT.CE.AR5",0,0.0001
"2307","YR2019","ISL","EN.GHG.CO2.LU.OS.MT.CE.AR5",0,7.2372
"2308","YR2019","ISL","EN.GHG.CO2.LU.OL.MT.CE.AR5",0,-0.3896
"2309","YR2020","ISL","EN.GHG.CO2.LU.MT.CE.AR5",0,6.3569
"2310","YR2020","ISL","EN.GHG.CO2.LU.FL.MT.CE.AR5",0,-0.5144
"2311","YR2020","ISL","EN.GHG.CO2.LU.DF.MT.CE.AR5",0,0.0003
"2312","YR2020","ISL","EN.GHG.CO2.LU.OS.MT.CE.AR5",0,7.2558
"2313","YR2020","ISL","EN.GHG.CO2.LU.OL.MT.CE.AR5",0,-0.3847
"2314","YR2021","ISL","EN.GHG.CO2.LU.MT.CE.AR5",0,6.3634
"2315","YR2021","ISL","EN.GHG.CO2.LU.FL.MT.CE.AR5",0,-0.5159
"2316","YR2021","ISL","EN.GHG.CO2.LU.DF.MT.CE.AR5",0,0.0015
"2317","YR2021","ISL","EN.GHG.CO2.LU.OS.MT.CE.AR5",0,7.278
"2318","YR2021","ISL","EN.GHG.CO2.LU.OL.MT.CE.AR5",0,-0.4003
"2319","YR2022","ISL","EN.GHG.CO2.LU.MT.CE.AR5",0,6.3494
"2320","YR2022","ISL","EN.GHG.CO2.LU.FL.MT.CE.AR5",0,-0.5446
"2321","YR2022","ISL","EN.GHG.CO2.LU.DF.MT.CE.AR5",0,0.0002
"2322","YR2022","ISL","EN.GHG.CO2.LU.OS.MT.CE.AR5",0,7.2974
"2323","YR2022","ISL","EN.GHG.CO2.LU.OL.MT.CE.AR5",0,-0.4034
"2324","YR2023","ISL","EN.GHG.CO2.LU.MT.CE.AR5",0,6.3506
"2325","YR2023","ISL","EN.GHG.CO2.LU.FL.MT.CE.AR5",0,-0.5645
"2326","YR2023","ISL","EN.GHG.CO2.LU.DF.MT.CE.AR5",0,0.0002
"2327","YR2023","ISL","EN.GHG.CO2.LU.OS.MT.CE.AR5",0,7.3243
"2328","YR2023","ISL","EN.GHG.CO2.LU.OL.MT.CE.AR5",0,-0.4034
"2329","YR2000","ITA","EN.GHG.CO2.LU.MT.CE.AR5",0,-21.3118
"2330","YR2000","ITA","EN.GHG.CO2.LU.FL.MT.CE.AR5",0,-26.5495
"2331","YR2000","ITA","EN.GHG.CO2.LU.DF.MT.CE.AR5",0,0.3501
"2332","YR2000","ITA","EN.GHG.CO2.LU.OS.MT.CE.AR5",0,0.8734
"2333","YR2000","ITA","EN.GHG.CO2.LU.OL.MT.CE.AR5",0,4.4676
"2334","YR2001","ITA","EN.GHG.CO2.LU.MT.CE.AR5",0,-31.0552
"2335","YR2001","ITA","EN.GHG.CO2.LU.FL.MT.CE.AR5",0,-32.2519
"2336","YR2001","ITA","EN.GHG.CO2.LU.DF.MT.CE.AR5",0,0.3512
"2337","YR2001","ITA","EN.GHG.CO2.LU.OS.MT.CE.AR5",0,0.8754
"2338","YR2001","ITA","EN.GHG.CO2.LU.OL.MT.CE.AR5",0,0.1931
"2339","YR2002","ITA","EN.GHG.CO2.LU.MT.CE.AR5",0,-35.165
"2340","YR2002","ITA","EN.GHG.CO2.LU.FL.MT.CE.AR5",0,-35.6676
"2341","YR2002","ITA","EN.GHG.CO2.LU.DF.MT.CE.AR5",0,0.3526
"2342","YR2002","ITA","EN.GHG.CO2.LU.OS.MT.CE.AR5",0,0.8774
"2343","YR2002","ITA","EN.GHG.CO2.LU.OL.MT.CE.AR5",0,-0.3862
"2344","YR2003","ITA","EN.GHG.CO2.LU.MT.CE.AR5",0,-27.6002
"2345","YR2003","ITA","EN.GHG.CO2.LU.FL.MT.CE.AR5",0,-29.7038
"2346","YR2003","ITA","EN.GHG.CO2.LU.DF.MT.CE.AR5",0,0.3535
"2347","YR2003","ITA","EN.GHG.CO2.LU.OS.MT.CE.AR5",0,0.8793
"2348","YR2003","ITA","EN.GHG.CO2.LU.OL.MT.CE.AR5",0,1.3021
"2349","YR2004","ITA","EN.GHG.CO2.LU.MT.CE.AR5",0,-33.6557
"2350","YR2004","ITA","EN.GHG.CO2.LU.FL.MT.CE.AR5",0,-33.964
"2351","YR2004","ITA","EN.GHG.CO2.LU.DF.MT.CE.AR5",0,0.3547
"2352","YR2004","ITA","EN.GHG.CO2.LU.OS.MT.CE.AR5",0,0.8793
"2353","YR2004","ITA","EN.GHG.CO2.LU.OL.MT.CE.AR5",0,-0.357
"2354","YR2005","ITA","EN.GHG.CO2.LU.MT.CE.AR5",0,-34.4401
"2355","YR2005","ITA","EN.GHG.CO2.LU.FL.MT.CE.AR5",0,-35.0492
"2356","YR2005","ITA","EN.GHG.CO2.LU.DF.MT.CE.AR5",0,1.8283
"2357","YR2005","ITA","EN.GHG.CO2.LU.OS.MT.CE.AR5",0,0.8793
"2358","YR2005","ITA","EN.GHG.CO2.LU.OL.MT.CE.AR5",0,-1.5958
"2359","YR2006","ITA","EN.GHG.CO2.LU.MT.CE.AR5",0,-35.0607
"2360","YR2006","ITA","EN.GHG.CO2.LU.FL.MT.CE.AR5",0,-34.6062
"2361","YR2006","ITA","EN.GHG.CO2.LU.DF.MT.CE.AR5",0,1.8367
"2362","YR2006","ITA","EN.GHG.CO2.LU.OS.MT.CE.AR5",0,0.8773
"2363","YR2006","ITA","EN.GHG.CO2.LU.OL.MT.CE.AR5",0,-2.4535
"2364","YR2007","ITA","EN.GHG.CO2.LU.MT.CE.AR5",0,-13.5537
"2365","YR2007","ITA","EN.GHG.CO2.LU.FL.MT.CE.AR5",0,-19.2583
"2366","YR2007","ITA","EN.GHG.CO2.LU.DF.MT.CE.AR5",0,1.839
"2367","YR2007","ITA","EN.GHG.CO2.LU.OS.MT.CE.AR5",0,0.8753
"2368","YR2007","ITA","EN.GHG.CO2.LU.OL.MT.CE.AR5",0,3.7285
"2369","YR2008","ITA","EN.GHG.CO2.LU.MT.CE.AR5",0,-30.941
"2370","YR2008","ITA","EN.GHG.CO2.LU.FL.MT.CE.AR5",0,-31.4881
"2371","YR2008","ITA","EN.GHG.CO2.LU.DF.MT.CE.AR5",0,1.8462
"2372","YR2008","ITA","EN.GHG.CO2.LU.OS.MT.CE.AR5",0,0.8753
"2373","YR2008","ITA","EN.GHG.CO2.LU.OL.MT.CE.AR5",0,-1.427
"2374","YR2009","ITA","EN.GHG.CO2.LU.MT.CE.AR5",0,-34.0952
"2375","YR2009","ITA","EN.GHG.CO2.LU.FL.MT.CE.AR5",0,-33.4269
"2376","YR2009","ITA","EN.GHG.CO2.LU.DF.MT.CE.AR5",0,1.8538
"2377","YR2009","ITA","EN.GHG.CO2.LU.OS.MT.CE.AR5",0,0.8753
"2378","YR2009","ITA","EN.GHG.CO2.LU.OL.MT.CE.AR5",0,-3.0793
"2379","YR2010","ITA","EN.GHG.CO2.LU.MT.CE.AR5",0,-40.282
"2380","YR2010","ITA","EN.GHG.CO2.LU.FL.MT.CE.AR5",0,-36.5075
"2381","YR2010","ITA","EN.GHG.CO2.LU.DF.MT.CE.AR5",0,1.8702
"2382","YR2010","ITA","EN.GHG.CO2.LU.OS.MT.CE.AR5",0,0.8753
"2383","YR2010","ITA","EN.GHG.CO2.LU.OL.MT.CE.AR5",0,-6.3784
"2384","YR2011","ITA","EN.GHG.CO2.LU.MT.CE.AR5",0,-33.4314
"2385","YR2011","ITA","EN.GHG.CO2.LU.FL.MT.CE.AR5",0,-33.2597
"2386","YR2011","ITA","EN.GHG.CO2.LU.DF.MT.CE.AR5",0,1.8776
"2387","YR2011","ITA","EN.GHG.CO2.LU.OS.MT.CE.AR5",0,0.8753
"2388","YR2011","ITA","EN.GHG.CO2.LU.OL.MT.CE.AR5",0,-3.0448
"2389","YR2012","ITA","EN.GHG.CO2.LU.MT.CE.AR5",0,-24.9175
"2390","YR2012","ITA","EN.GHG.CO2.LU.FL.MT.CE.AR5",0,-28.7235
"2391","YR2012","ITA","EN.GHG.CO2.LU.DF.MT.CE.AR5",0,1.8832
"2392","YR2012","ITA","EN.GHG.CO2.LU.OS.MT.CE.AR5",0,0.8753
"2393","YR2012","ITA","EN.GHG.CO2.LU.OL.MT.CE.AR5",0,0.8456
"2394","YR2013","ITA","EN.GHG.CO2.LU.MT.CE.AR5",0,-40.0641
"2395","YR2013","ITA","EN.GHG.CO2.LU.FL.MT.CE.AR5",0,-38.6861
"2396","YR2013","ITA","EN.GHG.CO2.LU.DF.MT.CE.AR5",0,1.8925
"2397","YR2013","ITA","EN.GHG.CO2.LU.OS.MT.CE.AR5",0,0.8752
"2398","YR2013","ITA","EN.GHG.CO2.LU.OL.MT.CE.AR5",0,-4.411
"2399","YR2014","ITA","EN.GHG.CO2.LU.MT.CE.AR5",0,-40.7342
"2400","YR2014","ITA","EN.GHG.CO2.LU.FL.MT.CE.AR5",0,-39.5953
"2401","YR2014","ITA","EN.GHG.CO2.LU.DF.MT.CE.AR5",0,1.902
"2402","YR2014","ITA","EN.GHG.CO2.LU.OS.MT.CE.AR5",0,0.8752
"2403","YR2014","ITA","EN.GHG.CO2.LU.OL.MT.CE.AR5",0,-4.1025
"2404","YR2015","ITA","EN.GHG.CO2.LU.MT.CE.AR5",0,-42.3109
"2405","YR2015","ITA","EN.GHG.CO2.LU.FL.MT.CE.AR5",0,-40.3033
"2406","YR2015","ITA","EN.GHG.CO2.LU.DF.MT.CE.AR5",0,1.915
"2407","YR2015","ITA","EN.GHG.CO2.LU.OS.MT.CE.AR5",0,0.8752
"2408","YR2015","ITA","EN.GHG.CO2.LU.OL.MT.CE.AR5",0,-4.8864
"2409","YR2016","ITA","EN.GHG.CO2.LU.MT.CE.AR5",0,-44.5666
"2410","YR2016","ITA","EN.GHG.CO2.LU.FL.MT.CE.AR5",0,-42.1965
"2411","YR2016","ITA","EN.GHG.CO2.LU.DF.MT.CE.AR5",0,1.9104
"2412","YR2016","ITA","EN.GHG.CO2.LU.OS.MT.CE.AR5",0,0.8752
"2413","YR2016","ITA","EN.GHG.CO2.LU.OL.MT.CE.AR5",0,-5.1497
"2414","YR2017","ITA","EN.GHG.CO2.LU.MT.CE.AR5",0,-28.0306
"2415","YR2017","ITA","EN.GHG.CO2.LU.FL.MT.CE.AR5",0,-29.641
"2416","YR2017","ITA","EN.GHG.CO2.LU.DF.MT.CE.AR5",0,1.9017
"2417","YR2017","ITA","EN.GHG.CO2.LU.OS.MT.CE.AR5",0,0.8752
"2418","YR2017","ITA","EN.GHG.CO2.LU.OL.MT.CE.AR5",0,-1.2258
"2419","YR2018","ITA","EN.GHG.CO2.LU.MT.CE.AR5",0,-50.0841
"2420","YR2018","ITA","EN.GHG.CO2.LU.FL.MT.CE.AR5",0,-47.7065
"2421","YR2018","ITA","EN.GHG.CO2.LU.DF.MT.CE.AR5",0,1.8996
"2422","YR2018","ITA","EN.GHG.CO2.LU.OS.MT.CE.AR5",0,0.8752
"2423","YR2018","ITA","EN.GHG.CO2.LU.OL.MT.CE.AR5",0,-5.4165
"2424","YR2019","ITA","EN.GHG.CO2.LU.MT.CE.AR5",0,-48.1942
"2425","YR2019","ITA","EN.GHG.CO2.LU.FL.MT.CE.AR5",0,-44.528
"2426","YR2019","ITA","EN.GHG.CO2.LU.DF.MT.CE.AR5",0,1.8967
"2427","YR2019","ITA","EN.GHG.CO2.LU.OS.MT.CE.AR5",0,0.8608
"2428","YR2019","ITA","EN.GHG.CO2.LU.OL.MT.CE.AR5",0,-4.9845
"2429","YR2020","ITA","EN.GHG.CO2.LU.MT.CE.AR5",0,-40.4766
"2430","YR2020","ITA","EN.GHG.CO2.LU.FL.MT.CE.AR5",0,-41.1774
"2431","YR2020","ITA","EN.GHG.CO2.LU.DF.MT.CE.AR5",0,1.8927
"2432","YR2020","ITA","EN.GHG.CO2.LU.OS.MT.CE.AR5",0,0.8608
"2433","YR2020","ITA","EN.GHG.CO2.LU.OL.MT.CE.AR5",0,-1.4064
"2434","YR2021","ITA","EN.GHG.CO2.LU.MT.CE.AR5",0,-39.2648
"2435","YR2021","ITA","EN.GHG.CO2.LU.FL.MT.CE.AR5",0,-42.0073
"2436","YR2021","ITA","EN.GHG.CO2.LU.DF.MT.CE.AR5",0,1.886
"2437","YR2021","ITA","EN.GHG.CO2.LU.OS.MT.CE.AR5",0,0.8608
"2438","YR2021","ITA","EN.GHG.CO2.LU.OL.MT.CE.AR5",0,0.3539
"2439","YR2022","ITA","EN.GHG.CO2.LU.MT.CE.AR5",0,-40.279
"2440","YR2022","ITA","EN.GHG.CO2.LU.FL.MT.CE.AR5",0,-44.145
"2441","YR2022","ITA","EN.GHG.CO2.LU.DF.MT.CE.AR5",0,1.8828
"2442","YR2022","ITA","EN.GHG.CO2.LU.OS.MT.CE.AR5",0,0.8608
"2443","YR2022","ITA","EN.GHG.CO2.LU.OL.MT.CE.AR5",0,1.5485
"2444","YR2023","ITA","EN.GHG.CO2.LU.MT.CE.AR5",0,-54.3911
"2445","YR2023","ITA","EN.GHG.CO2.LU.FL.MT.CE.AR5",0,-54.9702
"2446","YR2023","ITA","EN.GHG.CO2.LU.DF.MT.CE.AR5",0,1.8833
"2447","YR2023","ITA","EN.GHG.CO2.LU.OS.MT.CE.AR5",0,0.8608
"2448","YR2023","ITA","EN.GHG.CO2.LU.OL.MT.CE.AR5",0,1.5485
"2449","YR2000","JPN","EN.GHG.CO2.LU.MT.CE.AR5",0,-91.8923
"2450","YR2000","JPN","EN.GHG.CO2.LU.FL.MT.CE.AR5",0,-103.8298
"2451","YR2000","JPN","EN.GHG.CO2.LU.DF.MT.CE.AR5",0,5.068
"2452","YR2000","JPN","EN.GHG.CO2.LU.OS.MT.CE.AR5",0,1.3323
"2453","YR2000","JPN","EN.GHG.CO2.LU.OL.MT.CE.AR5",0,3.7764
"2454","YR2001","JPN","EN.GHG.CO2.LU.MT.CE.AR5",0,-92.9375
"2455","YR2001","JPN","EN.GHG.CO2.LU.FL.MT.CE.AR5",0,-103.7647
"2456","YR2001","JPN","EN.GHG.CO2.LU.DF.MT.CE.AR5",0,4.8569
"2457","YR2001","JPN","EN.GHG.CO2.LU.OS.MT.CE.AR5",0,1.3249
"2458","YR2001","JPN","EN.GHG.CO2.LU.OL.MT.CE.AR5",0,3.1317
"2459","YR2002","JPN","EN.GHG.CO2.LU.MT.CE.AR5",0,-94.5302
"2460","YR2002","JPN","EN.GHG.CO2.LU.FL.MT.CE.AR5",0,-103.6915
"2461","YR2002","JPN","EN.GHG.CO2.LU.DF.MT.CE.AR5",0,4.0699
"2462","YR2002","JPN","EN.GHG.CO2.LU.OS.MT.CE.AR5",0,1.3202
"2463","YR2002","JPN","EN.GHG.CO2.LU.OL.MT.CE.AR5",0,2.5943
"2464","YR2003","JPN","EN.GHG.CO2.LU.MT.CE.AR5",0,-105.0007
"2465","YR2003","JPN","EN.GHG.CO2.LU.FL.MT.CE.AR5",0,-111.7875
"2466","YR2003","JPN","EN.GHG.CO2.LU.DF.MT.CE.AR5",0,3.819
"2467","YR2003","JPN","EN.GHG.CO2.LU.OS.MT.CE.AR5",0,1.3162
"2468","YR2003","JPN","EN.GHG.CO2.LU.OL.MT.CE.AR5",0,0.2831
"2469","YR2004","JPN","EN.GHG.CO2.LU.MT.CE.AR5",0,-102.8712
"2470","YR2004","JPN","EN.GHG.CO2.LU.FL.MT.CE.AR5",0,-111.8223
"2471","YR2004","JPN","EN.GHG.CO2.LU.DF.MT.CE.AR5",0,3.7241
"2472","YR2004","JPN","EN.GHG.CO2.LU.OS.MT.CE.AR5",0,1.3128
"2473","YR2004","JPN","EN.GHG.CO2.LU.OL.MT.CE.AR5",0,3.1245
"2474","YR2005","JPN","EN.GHG.CO2.LU.MT.CE.AR5",0,-98.5283
"2475","YR2005","JPN","EN.GHG.CO2.LU.FL.MT.CE.AR5",0,-106.059
"2476","YR2005","JPN","EN.GHG.CO2.LU.DF.MT.CE.AR5",0,3.7566
"2477","YR2005","JPN","EN.GHG.CO2.LU.OS.MT.CE.AR5",0,1.308
"2478","YR2005","JPN","EN.GHG.CO2.LU.OL.MT.CE.AR5",0,1.8984
"2479","YR2006","JPN","EN.GHG.CO2.LU.MT.CE.AR5",0,-92.2591
"2480","YR2006","JPN","EN.GHG.CO2.LU.FL.MT.CE.AR5",0,-100.0629
"2481","YR2006","JPN","EN.GHG.CO2.LU.DF.MT.CE.AR5",0,3.574
"2482","YR2006","JPN","EN.GHG.CO2.LU.OS.MT.CE.AR5",0,1.2999
"2483","YR2006","JPN","EN.GHG.CO2.LU.OL.MT.CE.AR5",0,2.6133
"2484","YR2007","JPN","EN.GHG.CO2.LU.MT.CE.AR5",0,-87.6395
"2485","YR2007","JPN","EN.GHG.CO2.LU.FL.MT.CE.AR5",0,-98.2473
"2486","YR2007","JPN","EN.GHG.CO2.LU.DF.MT.CE.AR5",0,4.3489
"2487","YR2007","JPN","EN.GHG.CO2.LU.OS.MT.CE.AR5",0,1.2984
"2488","YR2007","JPN","EN.GHG.CO2.LU.OL.MT.CE.AR5",0,5.5569
"2489","YR2008","JPN","EN.GHG.CO2.LU.MT.CE.AR5",0,-77.7159
"2490","YR2008","JPN","EN.GHG.CO2.LU.FL.MT.CE.AR5",0,-93.2358
"2491","YR2008","JPN","EN.GHG.CO2.LU.DF.MT.CE.AR5",0,4.1539
"2492","YR2008","JPN","EN.GHG.CO2.LU.OS.MT.CE.AR5",0,1.2953
"2493","YR2008","JPN","EN.GHG.CO2.LU.OL.MT.CE.AR5",0,10.8791
"2494","YR2009","JPN","EN.GHG.CO2.LU.MT.CE.AR5",0,-75.4566
"2495","YR2009","JPN","EN.GHG.CO2.LU.FL.MT.CE.AR5",0,-88.9263
"2496","YR2009","JPN","EN.GHG.CO2.LU.DF.MT.CE.AR5",0,3.9198
"2497","YR2009","JPN","EN.GHG.CO2.LU.OS.MT.CE.AR5",0,1.2965
"2498","YR2009","JPN","EN.GHG.CO2.LU.OL.MT.CE.AR5",0,8.3394
"2499","YR2010","JPN","EN.GHG.CO2.LU.MT.CE.AR5",0,-79.1079
"2500","YR2010","JPN","EN.GHG.CO2.LU.FL.MT.CE.AR5",0,-89.4942
"2501","YR2010","JPN","EN.GHG.CO2.LU.DF.MT.CE.AR5",0,3.8214
"2502","YR2010","JPN","EN.GHG.CO2.LU.OS.MT.CE.AR5",0,1.2838
"2503","YR2010","JPN","EN.GHG.CO2.LU.OL.MT.CE.AR5",0,5.6837
"2504","YR2011","JPN","EN.GHG.CO2.LU.MT.CE.AR5",0,-78.2631
"2505","YR2011","JPN","EN.GHG.CO2.LU.FL.MT.CE.AR5",0,-91.4608
"2506","YR2011","JPN","EN.GHG.CO2.LU.DF.MT.CE.AR5",0,3.0569
"2507","YR2011","JPN","EN.GHG.CO2.LU.OS.MT.CE.AR5",0,1.2796
"2508","YR2011","JPN","EN.GHG.CO2.LU.OL.MT.CE.AR5",0,7.1986
"2509","YR2012","JPN","EN.GHG.CO2.LU.MT.CE.AR5",0,-82.1446
"2510","YR2012","JPN","EN.GHG.CO2.LU.FL.MT.CE.AR5",0,-91.4081
"2511","YR2012","JPN","EN.GHG.CO2.LU.DF.MT.CE.AR5",0,2.9157
"2512","YR2012","JPN","EN.GHG.CO2.LU.OS.MT.CE.AR5",0,1.2761
"2513","YR2012","JPN","EN.GHG.CO2.LU.OL.MT.CE.AR5",0,5.5284
"2514","YR2013","JPN","EN.GHG.CO2.LU.MT.CE.AR5",0,-75.6197
"2515","YR2013","JPN","EN.GHG.CO2.LU.FL.MT.CE.AR5",0,-83.6004
"2516","YR2013","JPN","EN.GHG.CO2.LU.DF.MT.CE.AR5",0,3.0148
"2517","YR2013","JPN","EN.GHG.CO2.LU.OS.MT.CE.AR5",0,1.273
"2518","YR2013","JPN","EN.GHG.CO2.LU.OL.MT.CE.AR5",0,3.9277
"2519","YR2014","JPN","EN.GHG.CO2.LU.MT.CE.AR5",0,-69.894
"2520","YR2014","JPN","EN.GHG.CO2.LU.FL.MT.CE.AR5",0,-80.5045
"2521","YR2014","JPN","EN.GHG.CO2.LU.DF.MT.CE.AR5",0,2.9465
"2522","YR2014","JPN","EN.GHG.CO2.LU.OS.MT.CE.AR5",0,1.2768
"2523","YR2014","JPN","EN.GHG.CO2.LU.OL.MT.CE.AR5",0,7.2481
"2524","YR2015","JPN","EN.GHG.CO2.LU.MT.CE.AR5",0,-64.3658
"2525","YR2015","JPN","EN.GHG.CO2.LU.FL.MT.CE.AR5",0,-73.7891
"2526","YR2015","JPN","EN.GHG.CO2.LU.DF.MT.CE.AR5",0,3.1209
"2527","YR2015","JPN","EN.GHG.CO2.LU.OS.MT.CE.AR5",0,1.276
"2528","YR2015","JPN","EN.GHG.CO2.LU.OL.MT.CE.AR5",0,6.0932
"2529","YR2016","JPN","EN.GHG.CO2.LU.MT.CE.AR5",0,-59.7453
"2530","YR2016","JPN","EN.GHG.CO2.LU.FL.MT.CE.AR5",0,-68.9952
"2531","YR2016","JPN","EN.GHG.CO2.LU.DF.MT.CE.AR5",0,3.0876
"2532","YR2016","JPN","EN.GHG.CO2.LU.OS.MT.CE.AR5",0,1.2639
"2533","YR2016","JPN","EN.GHG.CO2.LU.OL.MT.CE.AR5",0,6.2111
"2534","YR2017","JPN","EN.GHG.CO2.LU.MT.CE.AR5",0,-62.9858
"2535","YR2017","JPN","EN.GHG.CO2.LU.FL.MT.CE.AR5",0,-70.7921
"2536","YR2017","JPN","EN.GHG.CO2.LU.DF.MT.CE.AR5",0,2.7284
"2537","YR2017","JPN","EN.GHG.CO2.LU.OS.MT.CE.AR5",0,1.2632
"2538","YR2017","JPN","EN.GHG.CO2.LU.OL.MT.CE.AR5",0,5.3686
"2539","YR2018","JPN","EN.GHG.CO2.LU.MT.CE.AR5",0,-62.4023
"2540","YR2018","JPN","EN.GHG.CO2.LU.FL.MT.CE.AR5",0,-68.9798
"2541","YR2018","JPN","EN.GHG.CO2.LU.DF.MT.CE.AR5",0,2.693
"2542","YR2018","JPN","EN.GHG.CO2.LU.OS.MT.CE.AR5",0,1.2646
"2543","YR2018","JPN","EN.GHG.CO2.LU.OL.MT.CE.AR5",0,4.2743
"2544","YR2019","JPN","EN.GHG.CO2.LU.MT.CE.AR5",0,-57.0184
"2545","YR2019","JPN","EN.GHG.CO2.LU.FL.MT.CE.AR5",0,-64.4622
"2546","YR2019","JPN","EN.GHG.CO2.LU.DF.MT.CE.AR5",0,3.3937
"2547","YR2019","JPN","EN.GHG.CO2.LU.OS.MT.CE.AR5",0,1.2656
"2548","YR2019","JPN","EN.GHG.CO2.LU.OL.MT.CE.AR5",0,4.3824
"2549","YR2020","JPN","EN.GHG.CO2.LU.MT.CE.AR5",0,-58.9407
"2550","YR2020","JPN","EN.GHG.CO2.LU.FL.MT.CE.AR5",0,-65.851
"2551","YR2020","JPN","EN.GHG.CO2.LU.DF.MT.CE.AR5",0,3.4007
"2552","YR2020","JPN","EN.GHG.CO2.LU.OS.MT.CE.AR5",0,1.2662
"2553","YR2020","JPN","EN.GHG.CO2.LU.OL.MT.CE.AR5",0,3.256
"2554","YR2021","JPN","EN.GHG.CO2.LU.MT.CE.AR5",0,-58.017
"2555","YR2021","JPN","EN.GHG.CO2.LU.FL.MT.CE.AR5",0,-63.5939
"2556","YR2021","JPN","EN.GHG.CO2.LU.DF.MT.CE.AR5",0,3.1063
"2557","YR2021","JPN","EN.GHG.CO2.LU.OS.MT.CE.AR5",0,1.2664
"2558","YR2021","JPN","EN.GHG.CO2.LU.OL.MT.CE.AR5",0,3.258
"2559","YR2022","JPN","EN.GHG.CO2.LU.MT.CE.AR5",0,-52.4405
"2560","YR2022","JPN","EN.GHG.CO2.LU.FL.MT.CE.AR5",0,-59.7629
"2561","YR2022","JPN","EN.GHG.CO2.LU.DF.MT.CE.AR5",0,3.113
"2562","YR2022","JPN","EN.GHG.CO2.LU.OS.MT.CE.AR5",0,1.264
"2563","YR2022","JPN","EN.GHG.CO2.LU.OL.MT.CE.AR5",0,4.7659
"2564","YR2023","JPN","EN.GHG.CO2.LU.MT.CE.AR5",0,-50.7078
"2565","YR2023","JPN","EN.GHG.CO2.LU.FL.MT.CE.AR5",0,-57.7677
"2566","YR2023","JPN","EN.GHG.CO2.LU.DF.MT.CE.AR5",0,2.6401
"2567","YR2023","JPN","EN.GHG.CO2.LU.OS.MT.CE.AR5",0,1.2632
"2568","YR2023","JPN","EN.GHG.CO2.LU.OL.MT.CE.AR5",0,4.7659
"2569","YR2000","LIE","EN.GHG.CO2.LU.MT.CE.AR5",0,0.0253
"2570","YR2000","LIE","EN.GHG.CO2.LU.FL.MT.CE.AR5",0,0.0098
"2571","YR2000","LIE","EN.GHG.CO2.LU.DF.MT.CE.AR5",0,0.0067
"2572","YR2000","LIE","EN.GHG.CO2.LU.OS.MT.CE.AR5",0,0.0088
"2573","YR2000","LIE","EN.GHG.CO2.LU.OL.MT.CE.AR5",0,0.0008
"2574","YR2001","LIE","EN.GHG.CO2.LU.MT.CE.AR5",0,0.0014
"2575","YR2001","LIE","EN.GHG.CO2.LU.FL.MT.CE.AR5",0,-0.0143
"2576","YR2001","LIE","EN.GHG.CO2.LU.DF.MT.CE.AR5",0,0.0068
"2577","YR2001","LIE","EN.GHG.CO2.LU.OS.MT.CE.AR5",0,0.0088
"2578","YR2001","LIE","EN.GHG.CO2.LU.OL.MT.CE.AR5",0,0.0008
"2579","YR2002","LIE","EN.GHG.CO2.LU.MT.CE.AR5",0,0.0022
"2580","YR2002","LIE","EN.GHG.CO2.LU.FL.MT.CE.AR5",0,-0.0138
"2581","YR2002","LIE","EN.GHG.CO2.LU.DF.MT.CE.AR5",0,0.0069
"2582","YR2002","LIE","EN.GHG.CO2.LU.OS.MT.CE.AR5",0,0.0088
"2583","YR2002","LIE","EN.GHG.CO2.LU.OL.MT.CE.AR5",0,0.0008
"2584","YR2003","LIE","EN.GHG.CO2.LU.MT.CE.AR5",0,0.0035
"2585","YR2003","LIE","EN.GHG.CO2.LU.FL.MT.CE.AR5",0,-0.0099
"2586","YR2003","LIE","EN.GHG.CO2.LU.DF.MT.CE.AR5",0,0.005
"2587","YR2003","LIE","EN.GHG.CO2.LU.OS.MT.CE.AR5",0,0.0088
"2588","YR2003","LIE","EN.GHG.CO2.LU.OL.MT.CE.AR5",0,0.0001
"2589","YR2004","LIE","EN.GHG.CO2.LU.MT.CE.AR5",0,0.0057
"2590","YR2004","LIE","EN.GHG.CO2.LU.FL.MT.CE.AR5",0,-0.0079
"2591","YR2004","LIE","EN.GHG.CO2.LU.DF.MT.CE.AR5",0,0.005
"2592","YR2004","LIE","EN.GHG.CO2.LU.OS.MT.CE.AR5",0,0.0088
"2593","YR2004","LIE","EN.GHG.CO2.LU.OL.MT.CE.AR5",0,0.0001
"2594","YR2005","LIE","EN.GHG.CO2.LU.MT.CE.AR5",0,0.0057
"2595","YR2005","LIE","EN.GHG.CO2.LU.FL.MT.CE.AR5",0,-0.008
"2596","YR2005","LIE","EN.GHG.CO2.LU.DF.MT.CE.AR5",0,0.0051
"2597","YR2005","LIE","EN.GHG.CO2.LU.OS.MT.CE.AR5",0,0.0088
"2598","YR2005","LIE","EN.GHG.CO2.LU.OL.MT.CE.AR5",0,0.0001
"2599","YR2006","LIE","EN.GHG.CO2.LU.MT.CE.AR5",0,0.0106
"2600","YR2006","LIE","EN.GHG.CO2.LU.FL.MT.CE.AR5",0,-0.0033
"2601","YR2006","LIE","EN.GHG.CO2.LU.DF.MT.CE.AR5",0,0.0052
"2602","YR2006","LIE","EN.GHG.CO2.LU.OS.MT.CE.AR5",0,0.0088
"2603","YR2006","LIE","EN.GHG.CO2.LU.OL.MT.CE.AR5",0,0.0001
"2604","YR2007","LIE","EN.GHG.CO2.LU.MT.CE.AR5",0,0.0198
"2605","YR2007","LIE","EN.GHG.CO2.LU.FL.MT.CE.AR5",0,0.0058
"2606","YR2007","LIE","EN.GHG.CO2.LU.DF.MT.CE.AR5",0,0.0052
"2607","YR2007","LIE","EN.GHG.CO2.LU.OS.MT.CE.AR5",0,0.0088
"2608","YR2007","LIE","EN.GHG.CO2.LU.OL.MT.CE.AR5",0,0.0001
"2609","YR2008","LIE","EN.GHG.CO2.LU.MT.CE.AR5",0,0.022
"2610","YR2008","LIE","EN.GHG.CO2.LU.FL.MT.CE.AR5",0,0.0077
"2611","YR2008","LIE","EN.GHG.CO2.LU.DF.MT.CE.AR5",0,0.0053
"2612","YR2008","LIE","EN.GHG.CO2.LU.OS.MT.CE.AR5",0,0.0088
"2613","YR2008","LIE","EN.GHG.CO2.LU.OL.MT.CE.AR5",0,0.0002
"2614","YR2009","LIE","EN.GHG.CO2.LU.MT.CE.AR5",0,0.0184
"2615","YR2009","LIE","EN.GHG.CO2.LU.FL.MT.CE.AR5",0,0.0045
"2616","YR2009","LIE","EN.GHG.CO2.LU.DF.MT.CE.AR5",0,0.0044
"2617","YR2009","LIE","EN.GHG.CO2.LU.OS.MT.CE.AR5",0,0.0087
"2618","YR2009","LIE","EN.GHG.CO2.LU.OL.MT.CE.AR5",0,0.0006
"2619","YR2010","LIE","EN.GHG.CO2.LU.MT.CE.AR5",0,0.0168
"2620","YR2010","LIE","EN.GHG.CO2.LU.FL.MT.CE.AR5",0,0.0028
"2621","YR2010","LIE","EN.GHG.CO2.LU.DF.MT.CE.AR5",0,0.0045
"2622","YR2010","LIE","EN.GHG.CO2.LU.OS.MT.CE.AR5",0,0.0087
"2623","YR2010","LIE","EN.GHG.CO2.LU.OL.MT.CE.AR5",0,0.0006
"2624","YR2011","LIE","EN.GHG.CO2.LU.MT.CE.AR5",0,0.0079
"2625","YR2011","LIE","EN.GHG.CO2.LU.FL.MT.CE.AR5",0,-0.006
"2626","YR2011","LIE","EN.GHG.CO2.LU.DF.MT.CE.AR5",0,0.0045
"2627","YR2011","LIE","EN.GHG.CO2.LU.OS.MT.CE.AR5",0,0.0087
"2628","YR2011","LIE","EN.GHG.CO2.LU.OL.MT.CE.AR5",0,0.0005
"2629","YR2012","LIE","EN.GHG.CO2.LU.MT.CE.AR5",0,0.0079
"2630","YR2012","LIE","EN.GHG.CO2.LU.FL.MT.CE.AR5",0,-0.006
"2631","YR2012","LIE","EN.GHG.CO2.LU.DF.MT.CE.AR5",0,0.0045
"2632","YR2012","LIE","EN.GHG.CO2.LU.OS.MT.CE.AR5",0,0.0087
"2633","YR2012","LIE","EN.GHG.CO2.LU.OL.MT.CE.AR5",0,0.0005
"2634","YR2013","LIE","EN.GHG.CO2.LU.MT.CE.AR5",0,0.0027
"2635","YR2013","LIE","EN.GHG.CO2.LU.FL.MT.CE.AR5",0,-0.0111
"2636","YR2013","LIE","EN.GHG.CO2.LU.DF.MT.CE.AR5",0,0.0045
"2637","YR2013","LIE","EN.GHG.CO2.LU.OS.MT.CE.AR5",0,0.0087
"2638","YR2013","LIE","EN.GHG.CO2.LU.OL.MT.CE.AR5",0,0.0004
"2639","YR2014","LIE","EN.GHG.CO2.LU.MT.CE.AR5",0,0.0025
"2640","YR2014","LIE","EN.GHG.CO2.LU.FL.MT.CE.AR5",0,-0.0113
"2641","YR2014","LIE","EN.GHG.CO2.LU.DF.MT.CE.AR5",0,0.0046
"2642","YR2014","LIE","EN.GHG.CO2.LU.OS.MT.CE.AR5",0,0.0087
"2643","YR2014","LIE","EN.GHG.CO2.LU.OL.MT.CE.AR5",0,0.0004
"2644","YR2015","LIE","EN.GHG.CO2.LU.MT.CE.AR5",0,0.0006
"2645","YR2015","LIE","EN.GHG.CO2.LU.FL.MT.CE.AR5",0,-0.0152
"2646","YR2015","LIE","EN.GHG.CO2.LU.DF.MT.CE.AR5",0,0.0097
"2647","YR2015","LIE","EN.GHG.CO2.LU.OS.MT.CE.AR5",0,0.0087
"2648","YR2015","LIE","EN.GHG.CO2.LU.OL.MT.CE.AR5",0,-0.0028
"2649","YR2016","LIE","EN.GHG.CO2.LU.MT.CE.AR5",0,-0.0009
"2650","YR2016","LIE","EN.GHG.CO2.LU.FL.MT.CE.AR5",0,-0.0167
"2651","YR2016","LIE","EN.GHG.CO2.LU.DF.MT.CE.AR5",0,0.0099
"2652","YR2016","LIE","EN.GHG.CO2.LU.OS.MT.CE.AR5",0,0.0087
"2653","YR2016","LIE","EN.GHG.CO2.LU.OL.MT.CE.AR5",0,-0.0029
"2654","YR2017","LIE","EN.GHG.CO2.LU.MT.CE.AR5",0,-0.0002
"2655","YR2017","LIE","EN.GHG.CO2.LU.FL.MT.CE.AR5",0,-0.016
"2656","YR2017","LIE","EN.GHG.CO2.LU.DF.MT.CE.AR5",0,0.0099
"2657","YR2017","LIE","EN.GHG.CO2.LU.OS.MT.CE.AR5",0,0.0087
"2658","YR2017","LIE","EN.GHG.CO2.LU.OL.MT.CE.AR5",0,-0.003
"2659","YR2018","LIE","EN.GHG.CO2.LU.MT.CE.AR5",0,0.0089
"2660","YR2018","LIE","EN.GHG.CO2.LU.FL.MT.CE.AR5",0,-0.009
"2661","YR2018","LIE","EN.GHG.CO2.LU.DF.MT.CE.AR5",0,0.0099
"2662","YR2018","LIE","EN.GHG.CO2.LU.OS.MT.CE.AR5",0,0.0087
"2663","YR2018","LIE","EN.GHG.CO2.LU.OL.MT.CE.AR5",0,-0.0031
"2664","YR2019","LIE","EN.GHG.CO2.LU.MT.CE.AR5",0,0.0018
"2665","YR2019","LIE","EN.GHG.CO2.LU.FL.MT.CE.AR5",0,-0.0158
"2666","YR2019","LIE","EN.GHG.CO2.LU.DF.MT.CE.AR5",0,0.0099
"2667","YR2019","LIE","EN.GHG.CO2.LU.OS.MT.CE.AR5",0,0.0086
"2668","YR2019","LIE","EN.GHG.CO2.LU.OL.MT.CE.AR5",0,-0.0032
"2669","YR2020","LIE","EN.GHG.CO2.LU.MT.CE.AR5",0,-0.0057
"2670","YR2020","LIE","EN.GHG.CO2.LU.FL.MT.CE.AR5",0,-0.0209
"2671","YR2020","LIE","EN.GHG.CO2.LU.DF.MT.CE.AR5",0,0.0057
"2672","YR2020","LIE","EN.GHG.CO2.LU.OS.MT.CE.AR5",0,0.0086
"2673","YR2020","LIE","EN.GHG.CO2.LU.OL.MT.CE.AR5",0,-0.0015
"2674","YR2021","LIE","EN.GHG.CO2.LU.MT.CE.AR5",0,-0.0089
"2675","YR2021","LIE","EN.GHG.CO2.LU.FL.MT.CE.AR5",0,-0.0239
"2676","YR2021","LIE","EN.GHG.CO2.LU.DF.MT.CE.AR5",0,0.0057
"2677","YR2021","LIE","EN.GHG.CO2.LU.OS.MT.CE.AR5",0,0.0086
"2678","YR2021","LIE","EN.GHG.CO2.LU.OL.MT.CE.AR5",0,-0.0016
"2679","YR2022","LIE","EN.GHG.CO2.LU.MT.CE.AR5",0,-0.0078
"2680","YR2022","LIE","EN.GHG.CO2.LU.FL.MT.CE.AR5",0,-0.0226
"2681","YR2022","LIE","EN.GHG.CO2.LU.DF.MT.CE.AR5",0,0.0056
"2682","YR2022","LIE","EN.GHG.CO2.LU.OS.MT.CE.AR5",0,0.0086
"2683","YR2022","LIE","EN.GHG.CO2.LU.OL.MT.CE.AR5",0,-0.0017
"2684","YR2023","LIE","EN.GHG.CO2.LU.MT.CE.AR5",0,-0.0078
"2685","YR2023","LIE","EN.GHG.CO2.LU.FL.MT.CE.AR5",0,-0.0224
"2686","YR2023","LIE","EN.GHG.CO2.LU.DF.MT.CE.AR5",0,0.0056
"2687","YR2023","LIE","EN.GHG.CO2.LU.OS.MT.CE.AR5",0,0.0086
"2688","YR2023","LIE","EN.GHG.CO2.LU.OL.MT.CE.AR5",0,-0.0017
"2689","YR2000","LTU","EN.GHG.CO2.LU.MT.CE.AR5",0,-10.2372
"2690","YR2000","LTU","EN.GHG.CO2.LU.FL.MT.CE.AR5",0,-10.3459
"2691","YR2000","LTU","EN.GHG.CO2.LU.DF.MT.CE.AR5",0,0
"2692","YR2000","LTU","EN.GHG.CO2.LU.OS.MT.CE.AR5",0,0.3975
"2693","YR2000","LTU","EN.GHG.CO2.LU.OL.MT.CE.AR5",0,1.0136
"2694","YR2001","LTU","EN.GHG.CO2.LU.MT.CE.AR5",0,-8.0766
"2695","YR2001","LTU","EN.GHG.CO2.LU.FL.MT.CE.AR5",0,-7.8033
"2696","YR2001","LTU","EN.GHG.CO2.LU.DF.MT.CE.AR5",0,0
"2697","YR2001","LTU","EN.GHG.CO2.LU.OS.MT.CE.AR5",0,0.4146
"2698","YR2001","LTU","EN.GHG.CO2.LU.OL.MT.CE.AR5",0,0.5795
"2699","YR2002","LTU","EN.GHG.CO2.LU.MT.CE.AR5",0,-7.1994
"2700","YR2002","LTU","EN.GHG.CO2.LU.FL.MT.CE.AR5",0,-7.0264
"2701","YR2002","LTU","EN.GHG.CO2.LU.DF.MT.CE.AR5",0,0
"2702","YR2002","LTU","EN.GHG.CO2.LU.OS.MT.CE.AR5",0,0.7636
"2703","YR2002","LTU","EN.GHG.CO2.LU.OL.MT.CE.AR5",0,0.4352
"2704","YR2003","LTU","EN.GHG.CO2.LU.MT.CE.AR5",0,-6.5376
"2705","YR2003","LTU","EN.GHG.CO2.LU.FL.MT.CE.AR5",0,-5.9085
"2706","YR2003","LTU","EN.GHG.CO2.LU.DF.MT.CE.AR5",0,0.1189
"2707","YR2003","LTU","EN.GHG.CO2.LU.OS.MT.CE.AR5",0,0.569
"2708","YR2003","LTU","EN.GHG.CO2.LU.OL.MT.CE.AR5",0,0.2367
"2709","YR2004","LTU","EN.GHG.CO2.LU.MT.CE.AR5",0,-6.0994
"2710","YR2004","LTU","EN.GHG.CO2.LU.FL.MT.CE.AR5",0,-5.7919
"2711","YR2004","LTU","EN.GHG.CO2.LU.DF.MT.CE.AR5",0,0.2382
"2712","YR2004","LTU","EN.GHG.CO2.LU.OS.MT.CE.AR5",0,0.5323
"2713","YR2004","LTU","EN.GHG.CO2.LU.OL.MT.CE.AR5",0,0.2881
"2714","YR2005","LTU","EN.GHG.CO2.LU.MT.CE.AR5",0,-5.3074
"2715","YR2005","LTU","EN.GHG.CO2.LU.FL.MT.CE.AR5",0,-5.3873
"2716","YR2005","LTU","EN.GHG.CO2.LU.DF.MT.CE.AR5",0,0.1359
"2717","YR2005","LTU","EN.GHG.CO2.LU.OS.MT.CE.AR5",0,0.7657
"2718","YR2005","LTU","EN.GHG.CO2.LU.OL.MT.CE.AR5",0,0.4195
"2719","YR2006","LTU","EN.GHG.CO2.LU.MT.CE.AR5",0,-4.848
"2720","YR2006","LTU","EN.GHG.CO2.LU.FL.MT.CE.AR5",0,-5.5815
"2721","YR2006","LTU","EN.GHG.CO2.LU.DF.MT.CE.AR5",0,0.1363
"2722","YR2006","LTU","EN.GHG.CO2.LU.OS.MT.CE.AR5",0,0.6889
"2723","YR2006","LTU","EN.GHG.CO2.LU.OL.MT.CE.AR5",0,1.1133
"2724","YR2007","LTU","EN.GHG.CO2.LU.MT.CE.AR5",0,-6.5472
"2725","YR2007","LTU","EN.GHG.CO2.LU.FL.MT.CE.AR5",0,-6.7763
"2726","YR2007","LTU","EN.GHG.CO2.LU.DF.MT.CE.AR5",0,0
"2727","YR2007","LTU","EN.GHG.CO2.LU.OS.MT.CE.AR5",0,0.4329
"2728","YR2007","LTU","EN.GHG.CO2.LU.OL.MT.CE.AR5",0,1.2238
"2729","YR2008","LTU","EN.GHG.CO2.LU.MT.CE.AR5",0,-7.1178
"2730","YR2008","LTU","EN.GHG.CO2.LU.FL.MT.CE.AR5",0,-8.3171
"2731","YR2008","LTU","EN.GHG.CO2.LU.DF.MT.CE.AR5",0,0
"2732","YR2008","LTU","EN.GHG.CO2.LU.OS.MT.CE.AR5",0,0.7467
"2733","YR2008","LTU","EN.GHG.CO2.LU.OL.MT.CE.AR5",0,1.4649
"2734","YR2009","LTU","EN.GHG.CO2.LU.MT.CE.AR5",0,-7.9179
"2735","YR2009","LTU","EN.GHG.CO2.LU.FL.MT.CE.AR5",0,-9.4556
"2736","YR2009","LTU","EN.GHG.CO2.LU.DF.MT.CE.AR5",0,0.0052
"2737","YR2009","LTU","EN.GHG.CO2.LU.OS.MT.CE.AR5",0,0.8064
"2738","YR2009","LTU","EN.GHG.CO2.LU.OL.MT.CE.AR5",0,1.451
"2739","YR2010","LTU","EN.GHG.CO2.LU.MT.CE.AR5",0,-11.1567
"2740","YR2010","LTU","EN.GHG.CO2.LU.FL.MT.CE.AR5",0,-10.5001
"2741","YR2010","LTU","EN.GHG.CO2.LU.DF.MT.CE.AR5",0,0
"2742","YR2010","LTU","EN.GHG.CO2.LU.OS.MT.CE.AR5",0,0.4979
"2743","YR2010","LTU","EN.GHG.CO2.LU.OL.MT.CE.AR5",0,0.1118
"2744","YR2011","LTU","EN.GHG.CO2.LU.MT.CE.AR5",0,-11.1177
"2745","YR2011","LTU","EN.GHG.CO2.LU.FL.MT.CE.AR5",0,-10.9538
"2746","YR2011","LTU","EN.GHG.CO2.LU.DF.MT.CE.AR5",0,0
"2747","YR2011","LTU","EN.GHG.CO2.LU.OS.MT.CE.AR5",0,0.5717
"2748","YR2011","LTU","EN.GHG.CO2.LU.OL.MT.CE.AR5",0,0.6603
"2749","YR2012","LTU","EN.GHG.CO2.LU.MT.CE.AR5",0,-10.5222
"2750","YR2012","LTU","EN.GHG.CO2.LU.FL.MT.CE.AR5",0,-10.527
"2751","YR2012","LTU","EN.GHG.CO2.LU.DF.MT.CE.AR5",0,0
"2752","YR2012","LTU","EN.GHG.CO2.LU.OS.MT.CE.AR5",0,0.5438
"2753","YR2012","LTU","EN.GHG.CO2.LU.OL.MT.CE.AR5",0,0.6216
"2754","YR2013","LTU","EN.GHG.CO2.LU.MT.CE.AR5",0,-9.8089
"2755","YR2013","LTU","EN.GHG.CO2.LU.FL.MT.CE.AR5",0,-10.25
"2756","YR2013","LTU","EN.GHG.CO2.LU.DF.MT.CE.AR5",0,0
"2757","YR2013","LTU","EN.GHG.CO2.LU.OS.MT.CE.AR5",0,0.7451
"2758","YR2013","LTU","EN.GHG.CO2.LU.OL.MT.CE.AR5",0,1.0358
"2759","YR2014","LTU","EN.GHG.CO2.LU.MT.CE.AR5",0,-8.9107
"2760","YR2014","LTU","EN.GHG.CO2.LU.FL.MT.CE.AR5",0,-9.4104
"2761","YR2014","LTU","EN.GHG.CO2.LU.DF.MT.CE.AR5",0,0
"2762","YR2014","LTU","EN.GHG.CO2.LU.OS.MT.CE.AR5",0,0.7173
"2763","YR2014","LTU","EN.GHG.CO2.LU.OL.MT.CE.AR5",0,1.158
"2764","YR2015","LTU","EN.GHG.CO2.LU.MT.CE.AR5",0,-7.8985
"2765","YR2015","LTU","EN.GHG.CO2.LU.FL.MT.CE.AR5",0,-8.5423
"2766","YR2015","LTU","EN.GHG.CO2.LU.DF.MT.CE.AR5",0,0
"2767","YR2015","LTU","EN.GHG.CO2.LU.OS.MT.CE.AR5",0,0.8433
"2768","YR2015","LTU","EN.GHG.CO2.LU.OL.MT.CE.AR5",0,1.0438
"2769","YR2016","LTU","EN.GHG.CO2.LU.MT.CE.AR5",0,-6.9937
"2770","YR2016","LTU","EN.GHG.CO2.LU.FL.MT.CE.AR5",0,-7.6955
"2771","YR2016","LTU","EN.GHG.CO2.LU.DF.MT.CE.AR5",0,0.1376
"2772","YR2016","LTU","EN.GHG.CO2.LU.OS.MT.CE.AR5",0,0.689
"2773","YR2016","LTU","EN.GHG.CO2.LU.OL.MT.CE.AR5",0,0.8846
"2774","YR2017","LTU","EN.GHG.CO2.LU.MT.CE.AR5",0,-6.3464
"2775","YR2017","LTU","EN.GHG.CO2.LU.FL.MT.CE.AR5",0,-7.5376
"2776","YR2017","LTU","EN.GHG.CO2.LU.DF.MT.CE.AR5",0,0.1212
"2777","YR2017","LTU","EN.GHG.CO2.LU.OS.MT.CE.AR5",0,0.7429
"2778","YR2017","LTU","EN.GHG.CO2.LU.OL.MT.CE.AR5",0,1.3012
"2779","YR2018","LTU","EN.GHG.CO2.LU.MT.CE.AR5",0,-5.269
"2780","YR2018","LTU","EN.GHG.CO2.LU.FL.MT.CE.AR5",0,-7.4911
"2781","YR2018","LTU","EN.GHG.CO2.LU.DF.MT.CE.AR5",0,0.9729
"2782","YR2018","LTU","EN.GHG.CO2.LU.OS.MT.CE.AR5",0,0.81
"2783","YR2018","LTU","EN.GHG.CO2.LU.OL.MT.CE.AR5",0,1.5077
"2784","YR2019","LTU","EN.GHG.CO2.LU.MT.CE.AR5",0,-5.5909
"2785","YR2019","LTU","EN.GHG.CO2.LU.FL.MT.CE.AR5",0,-7.2802
"2786","YR2019","LTU","EN.GHG.CO2.LU.DF.MT.CE.AR5",0,0.0059
"2787","YR2019","LTU","EN.GHG.CO2.LU.OS.MT.CE.AR5",0,0.7692
"2788","YR2019","LTU","EN.GHG.CO2.LU.OL.MT.CE.AR5",0,1.7416
"2789","YR2020","LTU","EN.GHG.CO2.LU.MT.CE.AR5",0,-5.6327
"2790","YR2020","LTU","EN.GHG.CO2.LU.FL.MT.CE.AR5",0,-7.4093
"2791","YR2020","LTU","EN.GHG.CO2.LU.DF.MT.CE.AR5",0,0.0895
"2792","YR2020","LTU","EN.GHG.CO2.LU.OS.MT.CE.AR5",0,0.835
"2793","YR2020","LTU","EN.GHG.CO2.LU.OL.MT.CE.AR5",0,1.7041
"2794","YR2021","LTU","EN.GHG.CO2.LU.MT.CE.AR5",0,-5.8835
"2795","YR2021","LTU","EN.GHG.CO2.LU.FL.MT.CE.AR5",0,-7.4373
"2796","YR2021","LTU","EN.GHG.CO2.LU.DF.MT.CE.AR5",0,0.0951
"2797","YR2021","LTU","EN.GHG.CO2.LU.OS.MT.CE.AR5",0,0.8452
"2798","YR2021","LTU","EN.GHG.CO2.LU.OL.MT.CE.AR5",0,1.8435
"2799","YR2022","LTU","EN.GHG.CO2.LU.MT.CE.AR5",0,-6.2878
"2800","YR2022","LTU","EN.GHG.CO2.LU.FL.MT.CE.AR5",0,-7.3541
"2801","YR2022","LTU","EN.GHG.CO2.LU.DF.MT.CE.AR5",0,0.0064
"2802","YR2022","LTU","EN.GHG.CO2.LU.OS.MT.CE.AR5",0,0.8372
"2803","YR2022","LTU","EN.GHG.CO2.LU.OL.MT.CE.AR5",0,2.1161
"2804","YR2023","LTU","EN.GHG.CO2.LU.MT.CE.AR5",0,-5.7299
"2805","YR2023","LTU","EN.GHG.CO2.LU.FL.MT.CE.AR5",0,-7.1452
"2806","YR2023","LTU","EN.GHG.CO2.LU.DF.MT.CE.AR5",0,0.1387
"2807","YR2023","LTU","EN.GHG.CO2.LU.OS.MT.CE.AR5",0,0.6876
"2808","YR2023","LTU","EN.GHG.CO2.LU.OL.MT.CE.AR5",0,2.1161
"2809","YR2000","LUX","EN.GHG.CO2.LU.MT.CE.AR5",0,-0.615
"2810","YR2000","LUX","EN.GHG.CO2.LU.FL.MT.CE.AR5",0,-0.6571
"2811","YR2000","LUX","EN.GHG.CO2.LU.DF.MT.CE.AR5",0,0.0356
"2812","YR2000","LUX","EN.GHG.CO2.LU.OL.MT.CE.AR5",0,0.0249
"2813","YR2001","LUX","EN.GHG.CO2.LU.MT.CE.AR5",0,-0.591
"2814","YR2001","LUX","EN.GHG.CO2.LU.FL.MT.CE.AR5",0,-0.6396
"2815","YR2001","LUX","EN.GHG.CO2.LU.DF.MT.CE.AR5",0,0.0354
"2816","YR2001","LUX","EN.GHG.CO2.LU.OL.MT.CE.AR5",0,0.0271
"2817","YR2002","LUX","EN.GHG.CO2.LU.MT.CE.AR5",0,-0.6101
"2818","YR2002","LUX","EN.GHG.CO2.LU.FL.MT.CE.AR5",0,-0.6642
"2819","YR2002","LUX","EN.GHG.CO2.LU.DF.MT.CE.AR5",0,0.0352
"2820","YR2002","LUX","EN.GHG.CO2.LU.OL.MT.CE.AR5",0,0.0291
"2821","YR2003","LUX","EN.GHG.CO2.LU.MT.CE.AR5",0,-0.5881
"2822","YR2003","LUX","EN.GHG.CO2.LU.FL.MT.CE.AR5",0,-0.648
"2823","YR2003","LUX","EN.GHG.CO2.LU.DF.MT.CE.AR5",0,0.035
"2824","YR2003","LUX","EN.GHG.CO2.LU.OL.MT.CE.AR5",0,0.031
"2825","YR2004","LUX","EN.GHG.CO2.LU.MT.CE.AR5",0,-0.6317
"2826","YR2004","LUX","EN.GHG.CO2.LU.FL.MT.CE.AR5",0,-0.6764
"2827","YR2004","LUX","EN.GHG.CO2.LU.DF.MT.CE.AR5",0,0.0348
"2828","YR2004","LUX","EN.GHG.CO2.LU.OL.MT.CE.AR5",0,0.0331
"2829","YR2005","LUX","EN.GHG.CO2.LU.MT.CE.AR5",0,-0.5855
"2830","YR2005","LUX","EN.GHG.CO2.LU.FL.MT.CE.AR5",0,-0.6378
"2831","YR2005","LUX","EN.GHG.CO2.LU.DF.MT.CE.AR5",0,0.0346
"2832","YR2005","LUX","EN.GHG.CO2.LU.OL.MT.CE.AR5",0,0.0354
"2833","YR2006","LUX","EN.GHG.CO2.LU.MT.CE.AR5",0,-0.5035
"2834","YR2006","LUX","EN.GHG.CO2.LU.FL.MT.CE.AR5",0,-0.5626
"2835","YR2006","LUX","EN.GHG.CO2.LU.DF.MT.CE.AR5",0,0.0341
"2836","YR2006","LUX","EN.GHG.CO2.LU.OL.MT.CE.AR5",0,0.0358
"2837","YR2007","LUX","EN.GHG.CO2.LU.MT.CE.AR5",0,-0.4102
"2838","YR2007","LUX","EN.GHG.CO2.LU.FL.MT.CE.AR5",0,-0.4754
"2839","YR2007","LUX","EN.GHG.CO2.LU.DF.MT.CE.AR5",0,0.0337
"2840","YR2007","LUX","EN.GHG.CO2.LU.OL.MT.CE.AR5",0,0.0364
"2841","YR2008","LUX","EN.GHG.CO2.LU.MT.CE.AR5",0,-0.4269
"2842","YR2008","LUX","EN.GHG.CO2.LU.FL.MT.CE.AR5",0,-0.4676
"2843","YR2008","LUX","EN.GHG.CO2.LU.DF.MT.CE.AR5",0,0.0155
"2844","YR2008","LUX","EN.GHG.CO2.LU.OL.MT.CE.AR5",0,0.0247
"2845","YR2009","LUX","EN.GHG.CO2.LU.MT.CE.AR5",0,-0.4389
"2846","YR2009","LUX","EN.GHG.CO2.LU.FL.MT.CE.AR5",0,-0.4736
"2847","YR2009","LUX","EN.GHG.CO2.LU.DF.MT.CE.AR5",0,0.0146
"2848","YR2009","LUX","EN.GHG.CO2.LU.OL.MT.CE.AR5",0,0.025
"2849","YR2010","LUX","EN.GHG.CO2.LU.MT.CE.AR5",0,-0.2207
"2850","YR2010","LUX","EN.GHG.CO2.LU.FL.MT.CE.AR5",0,-0.235
"2851","YR2010","LUX","EN.GHG.CO2.LU.DF.MT.CE.AR5",0,0.0154
"2852","YR2010","LUX","EN.GHG.CO2.LU.OL.MT.CE.AR5",0,0.0258
"2853","YR2011","LUX","EN.GHG.CO2.LU.MT.CE.AR5",0,-0.3182
"2854","YR2011","LUX","EN.GHG.CO2.LU.FL.MT.CE.AR5",0,-0.3179
"2855","YR2011","LUX","EN.GHG.CO2.LU.DF.MT.CE.AR5",0,0.0153
"2856","YR2011","LUX","EN.GHG.CO2.LU.OL.MT.CE.AR5",0,0.0213
"2857","YR2012","LUX","EN.GHG.CO2.LU.MT.CE.AR5",0,-0.4131
"2858","YR2012","LUX","EN.GHG.CO2.LU.FL.MT.CE.AR5",0,-0.3901
"2859","YR2012","LUX","EN.GHG.CO2.LU.DF.MT.CE.AR5",0,0.0151
"2860","YR2012","LUX","EN.GHG.CO2.LU.OL.MT.CE.AR5",0,-0.0034
"2861","YR2013","LUX","EN.GHG.CO2.LU.MT.CE.AR5",0,-0.5768
"2862","YR2013","LUX","EN.GHG.CO2.LU.FL.MT.CE.AR5",0,-0.5719
"2863","YR2013","LUX","EN.GHG.CO2.LU.DF.MT.CE.AR5",0,0.0399
"2864","YR2013","LUX","EN.GHG.CO2.LU.OL.MT.CE.AR5",0,-0.0206
"2865","YR2014","LUX","EN.GHG.CO2.LU.MT.CE.AR5",0,-0.5079
"2866","YR2014","LUX","EN.GHG.CO2.LU.FL.MT.CE.AR5",0,-0.4828
"2867","YR2014","LUX","EN.GHG.CO2.LU.DF.MT.CE.AR5",0,0.0395
"2868","YR2014","LUX","EN.GHG.CO2.LU.OL.MT.CE.AR5",0,-0.0437
"2869","YR2015","LUX","EN.GHG.CO2.LU.MT.CE.AR5",0,-0.4613
"2870","YR2015","LUX","EN.GHG.CO2.LU.FL.MT.CE.AR5",0,-0.4254
"2871","YR2015","LUX","EN.GHG.CO2.LU.DF.MT.CE.AR5",0,0.0391
"2872","YR2015","LUX","EN.GHG.CO2.LU.OL.MT.CE.AR5",0,-0.0512
"2873","YR2016","LUX","EN.GHG.CO2.LU.MT.CE.AR5",0,-0.5652
"2874","YR2016","LUX","EN.GHG.CO2.LU.FL.MT.CE.AR5",0,-0.4997
"2875","YR2016","LUX","EN.GHG.CO2.LU.DF.MT.CE.AR5",0,0.0166
"2876","YR2016","LUX","EN.GHG.CO2.LU.OL.MT.CE.AR5",0,-0.0613
"2877","YR2017","LUX","EN.GHG.CO2.LU.MT.CE.AR5",0,-0.4799
"2878","YR2017","LUX","EN.GHG.CO2.LU.FL.MT.CE.AR5",0,-0.4352
"2879","YR2017","LUX","EN.GHG.CO2.LU.DF.MT.CE.AR5",0,0.0164
"2880","YR2017","LUX","EN.GHG.CO2.LU.OL.MT.CE.AR5",0,-0.0654
"2881","YR2018","LUX","EN.GHG.CO2.LU.MT.CE.AR5",0,-0.3425
"2882","YR2018","LUX","EN.GHG.CO2.LU.FL.MT.CE.AR5",0,-0.2984
"2883","YR2018","LUX","EN.GHG.CO2.LU.DF.MT.CE.AR5",0,0.0161
"2884","YR2018","LUX","EN.GHG.CO2.LU.OL.MT.CE.AR5",0,-0.0666
"2885","YR2019","LUX","EN.GHG.CO2.LU.MT.CE.AR5",0,-0.4625
"2886","YR2019","LUX","EN.GHG.CO2.LU.FL.MT.CE.AR5",0,-0.4209
"2887","YR2019","LUX","EN.GHG.CO2.LU.DF.MT.CE.AR5",0,0.0177
"2888","YR2019","LUX","EN.GHG.CO2.LU.OL.MT.CE.AR5",0,-0.0646
"2889","YR2020","LUX","EN.GHG.CO2.LU.MT.CE.AR5",0,-0.5471
"2890","YR2020","LUX","EN.GHG.CO2.LU.FL.MT.CE.AR5",0,-0.4946
"2891","YR2020","LUX","EN.GHG.CO2.LU.DF.MT.CE.AR5",0,0.0174
"2892","YR2020","LUX","EN.GHG.CO2.LU.OL.MT.CE.AR5",0,-0.065
"2893","YR2021","LUX","EN.GHG.CO2.LU.MT.CE.AR5",0,-0.7062
"2894","YR2021","LUX","EN.GHG.CO2.LU.FL.MT.CE.AR5",0,-0.648
"2895","YR2021","LUX","EN.GHG.CO2.LU.DF.MT.CE.AR5",0,0.0172
"2896","YR2021","LUX","EN.GHG.CO2.LU.OL.MT.CE.AR5",0,-0.0663
"2897","YR2022","LUX","EN.GHG.CO2.LU.MT.CE.AR5",0,-0.7477
"2898","YR2022","LUX","EN.GHG.CO2.LU.FL.MT.CE.AR5",0,-0.6933
"2899","YR2022","LUX","EN.GHG.CO2.LU.DF.MT.CE.AR5",0,0.0169
"2900","YR2022","LUX","EN.GHG.CO2.LU.OL.MT.CE.AR5",0,-0.0675
"2901","YR2023","LUX","EN.GHG.CO2.LU.MT.CE.AR5",0,-0.6781
"2902","YR2023","LUX","EN.GHG.CO2.LU.FL.MT.CE.AR5",0,-0.6189
"2903","YR2023","LUX","EN.GHG.CO2.LU.DF.MT.CE.AR5",0,0.0167
"2904","YR2023","LUX","EN.GHG.CO2.LU.OL.MT.CE.AR5",0,-0.0675
"2905","YR2000","LVA","EN.GHG.CO2.LU.MT.CE.AR5",0,-13.0746
"2906","YR2000","LVA","EN.GHG.CO2.LU.FL.MT.CE.AR5",0,-14.7912
"2907","YR2000","LVA","EN.GHG.CO2.LU.DF.MT.CE.AR5",0,0.0775
"2908","YR2000","LVA","EN.GHG.CO2.LU.OS.MT.CE.AR5",0,3.9707
"2909","YR2000","LVA","EN.GHG.CO2.LU.OL.MT.CE.AR5",0,0.0911
"2910","YR2001","LVA","EN.GHG.CO2.LU.MT.CE.AR5",0,-14.0535
"2911","YR2001","LVA","EN.GHG.CO2.LU.FL.MT.CE.AR5",0,-15.6476
"2912","YR2001","LVA","EN.GHG.CO2.LU.DF.MT.CE.AR5",0,0.4
"2913","YR2001","LVA","EN.GHG.CO2.LU.OS.MT.CE.AR5",0,3.9502
"2914","YR2001","LVA","EN.GHG.CO2.LU.OL.MT.CE.AR5",0,-0.4979
"2915","YR2002","LVA","EN.GHG.CO2.LU.MT.CE.AR5",0,-12.357
"2916","YR2002","LVA","EN.GHG.CO2.LU.FL.MT.CE.AR5",0,-14.4465
"2917","YR2002","LVA","EN.GHG.CO2.LU.DF.MT.CE.AR5",0,0.4046
"2918","YR2002","LVA","EN.GHG.CO2.LU.OS.MT.CE.AR5",0,3.9306
"2919","YR2002","LVA","EN.GHG.CO2.LU.OL.MT.CE.AR5",0,0.0499
"2920","YR2003","LVA","EN.GHG.CO2.LU.MT.CE.AR5",0,-11.917
"2921","YR2003","LVA","EN.GHG.CO2.LU.FL.MT.CE.AR5",0,-13.6997
"2922","YR2003","LVA","EN.GHG.CO2.LU.DF.MT.CE.AR5",0,0.4093
"2923","YR2003","LVA","EN.GHG.CO2.LU.OS.MT.CE.AR5",0,3.9119
"2924","YR2003","LVA","EN.GHG.CO2.LU.OL.MT.CE.AR5",0,-0.2693
"2925","YR2004","LVA","EN.GHG.CO2.LU.MT.CE.AR5",0,-8.1953
"2926","YR2004","LVA","EN.GHG.CO2.LU.FL.MT.CE.AR5",0,-10.075
"2927","YR2004","LVA","EN.GHG.CO2.LU.DF.MT.CE.AR5",0,0.4133
"2928","YR2004","LVA","EN.GHG.CO2.LU.OS.MT.CE.AR5",0,3.8945
"2929","YR2004","LVA","EN.GHG.CO2.LU.OL.MT.CE.AR5",0,-0.282
"2930","YR2005","LVA","EN.GHG.CO2.LU.MT.CE.AR5",0,-7.6083
"2931","YR2005","LVA","EN.GHG.CO2.LU.FL.MT.CE.AR5",0,-9.5746
"2932","YR2005","LVA","EN.GHG.CO2.LU.DF.MT.CE.AR5",0,0.4178
"2933","YR2005","LVA","EN.GHG.CO2.LU.OS.MT.CE.AR5",0,3.8776
"2934","YR2005","LVA","EN.GHG.CO2.LU.OL.MT.CE.AR5",0,-0.1376
"2935","YR2006","LVA","EN.GHG.CO2.LU.MT.CE.AR5",0,-8.4363
"2936","YR2006","LVA","EN.GHG.CO2.LU.FL.MT.CE.AR5",0,-10.9516
"2937","YR2006","LVA","EN.GHG.CO2.LU.DF.MT.CE.AR5",0,0.4211
"2938","YR2006","LVA","EN.GHG.CO2.LU.OS.MT.CE.AR5",0,3.8616
"2939","YR2006","LVA","EN.GHG.CO2.LU.OL.MT.CE.AR5",0,0.463
"2940","YR2007","LVA","EN.GHG.CO2.LU.MT.CE.AR5",0,-7.958
"2941","YR2007","LVA","EN.GHG.CO2.LU.FL.MT.CE.AR5",0,-10.3279
"2942","YR2007","LVA","EN.GHG.CO2.LU.DF.MT.CE.AR5",0,0.4244
"2943","YR2007","LVA","EN.GHG.CO2.LU.OS.MT.CE.AR5",0,3.8466
"2944","YR2007","LVA","EN.GHG.CO2.LU.OL.MT.CE.AR5",0,-0.5804
"2945","YR2008","LVA","EN.GHG.CO2.LU.MT.CE.AR5",0,-8.3402
"2946","YR2008","LVA","EN.GHG.CO2.LU.FL.MT.CE.AR5",0,-11.359
"2947","YR2008","LVA","EN.GHG.CO2.LU.DF.MT.CE.AR5",0,0.4267
"2948","YR2008","LVA","EN.GHG.CO2.LU.OS.MT.CE.AR5",0,3.8325
"2949","YR2008","LVA","EN.GHG.CO2.LU.OL.MT.CE.AR5",0,-0.2449
"2950","YR2009","LVA","EN.GHG.CO2.LU.MT.CE.AR5",0,-4.9157
"2951","YR2009","LVA","EN.GHG.CO2.LU.FL.MT.CE.AR5",0,-8.4509
"2952","YR2009","LVA","EN.GHG.CO2.LU.DF.MT.CE.AR5",0,0.5484
"2953","YR2009","LVA","EN.GHG.CO2.LU.OS.MT.CE.AR5",0,3.8249
"2954","YR2009","LVA","EN.GHG.CO2.LU.OL.MT.CE.AR5",0,0.3415
"2955","YR2010","LVA","EN.GHG.CO2.LU.MT.CE.AR5",0,-3.1322
"2956","YR2010","LVA","EN.GHG.CO2.LU.FL.MT.CE.AR5",0,-5.9291
"2957","YR2010","LVA","EN.GHG.CO2.LU.DF.MT.CE.AR5",0,0.5572
"2958","YR2010","LVA","EN.GHG.CO2.LU.OS.MT.CE.AR5",0,3.8243
"2959","YR2010","LVA","EN.GHG.CO2.LU.OL.MT.CE.AR5",0,0.1767
"2960","YR2011","LVA","EN.GHG.CO2.LU.MT.CE.AR5",0,-3.5301
"2961","YR2011","LVA","EN.GHG.CO2.LU.FL.MT.CE.AR5",0,-6.3502
"2962","YR2011","LVA","EN.GHG.CO2.LU.DF.MT.CE.AR5",0,0.5654
"2963","YR2011","LVA","EN.GHG.CO2.LU.OS.MT.CE.AR5",0,3.8243
"2964","YR2011","LVA","EN.GHG.CO2.LU.OL.MT.CE.AR5",0,0.4036
"2965","YR2012","LVA","EN.GHG.CO2.LU.MT.CE.AR5",0,-4.8945
"2966","YR2012","LVA","EN.GHG.CO2.LU.FL.MT.CE.AR5",0,-6.9204
"2967","YR2012","LVA","EN.GHG.CO2.LU.DF.MT.CE.AR5",0,0.5724
"2968","YR2012","LVA","EN.GHG.CO2.LU.OS.MT.CE.AR5",0,3.8247
"2969","YR2012","LVA","EN.GHG.CO2.LU.OL.MT.CE.AR5",0,-0.5354
"2970","YR2013","LVA","EN.GHG.CO2.LU.MT.CE.AR5",0,-3.6158
"2971","YR2013","LVA","EN.GHG.CO2.LU.FL.MT.CE.AR5",0,-6.1783
"2972","YR2013","LVA","EN.GHG.CO2.LU.DF.MT.CE.AR5",0,0.5792
"2973","YR2013","LVA","EN.GHG.CO2.LU.OS.MT.CE.AR5",0,3.8418
"2974","YR2013","LVA","EN.GHG.CO2.LU.OL.MT.CE.AR5",0,-0.0118
"2975","YR2014","LVA","EN.GHG.CO2.LU.MT.CE.AR5",0,0.3455
"2976","YR2014","LVA","EN.GHG.CO2.LU.FL.MT.CE.AR5",0,-1.9436
"2977","YR2014","LVA","EN.GHG.CO2.LU.DF.MT.CE.AR5",0,0.3813
"2978","YR2014","LVA","EN.GHG.CO2.LU.OS.MT.CE.AR5",0,3.8286
"2979","YR2014","LVA","EN.GHG.CO2.LU.OL.MT.CE.AR5",0,-0.0955
"2980","YR2015","LVA","EN.GHG.CO2.LU.MT.CE.AR5",0,-0.9422
"2981","YR2015","LVA","EN.GHG.CO2.LU.FL.MT.CE.AR5",0,-3.5752
"2982","YR2015","LVA","EN.GHG.CO2.LU.DF.MT.CE.AR5",0,0.3877
"2983","YR2015","LVA","EN.GHG.CO2.LU.OS.MT.CE.AR5",0,3.8433
"2984","YR2015","LVA","EN.GHG.CO2.LU.OL.MT.CE.AR5",0,0.222
"2985","YR2016","LVA","EN.GHG.CO2.LU.MT.CE.AR5",0,-2.8055
"2986","YR2016","LVA","EN.GHG.CO2.LU.FL.MT.CE.AR5",0,-4.8061
"2987","YR2016","LVA","EN.GHG.CO2.LU.DF.MT.CE.AR5",0,0.3937
"2988","YR2016","LVA","EN.GHG.CO2.LU.OS.MT.CE.AR5",0,3.8581
"2989","YR2016","LVA","EN.GHG.CO2.LU.OL.MT.CE.AR5",0,-0.1505
"2990","YR2017","LVA","EN.GHG.CO2.LU.MT.CE.AR5",0,-4.2994
"2991","YR2017","LVA","EN.GHG.CO2.LU.FL.MT.CE.AR5",0,-6.5594
"2992","YR2017","LVA","EN.GHG.CO2.LU.DF.MT.CE.AR5",0,0.3998
"2993","YR2017","LVA","EN.GHG.CO2.LU.OS.MT.CE.AR5",0,3.8801
"2994","YR2017","LVA","EN.GHG.CO2.LU.OL.MT.CE.AR5",0,0.4747
"2995","YR2018","LVA","EN.GHG.CO2.LU.MT.CE.AR5",0,-1.891
"2996","YR2018","LVA","EN.GHG.CO2.LU.FL.MT.CE.AR5",0,-5.9299
"2997","YR2018","LVA","EN.GHG.CO2.LU.DF.MT.CE.AR5",0,0.4056
"2998","YR2018","LVA","EN.GHG.CO2.LU.OS.MT.CE.AR5",0,3.9021
"2999","YR2018","LVA","EN.GHG.CO2.LU.OL.MT.CE.AR5",0,2.028
"3000","YR2019","LVA","EN.GHG.CO2.LU.MT.CE.AR5",0,-3.6043
"3001","YR2019","LVA","EN.GHG.CO2.LU.FL.MT.CE.AR5",0,-6.8034
"3002","YR2019","LVA","EN.GHG.CO2.LU.DF.MT.CE.AR5",0,0.7417
"3003","YR2019","LVA","EN.GHG.CO2.LU.OS.MT.CE.AR5",0,3.9442
"3004","YR2019","LVA","EN.GHG.CO2.LU.OL.MT.CE.AR5",0,0.8218
"3005","YR2020","LVA","EN.GHG.CO2.LU.MT.CE.AR5",0,-0.8784
"3006","YR2020","LVA","EN.GHG.CO2.LU.FL.MT.CE.AR5",0,-4.2701
"3007","YR2020","LVA","EN.GHG.CO2.LU.DF.MT.CE.AR5",0,0.7484
"3008","YR2020","LVA","EN.GHG.CO2.LU.OS.MT.CE.AR5",0,3.9906
"3009","YR2020","LVA","EN.GHG.CO2.LU.OL.MT.CE.AR5",0,0.7667
"3010","YR2021","LVA","EN.GHG.CO2.LU.MT.CE.AR5",0,0.5442
"3011","YR2021","LVA","EN.GHG.CO2.LU.FL.MT.CE.AR5",0,-2.4983
"3012","YR2021","LVA","EN.GHG.CO2.LU.DF.MT.CE.AR5",0,0.7547
"3013","YR2021","LVA","EN.GHG.CO2.LU.OS.MT.CE.AR5",0,4.038
"3014","YR2021","LVA","EN.GHG.CO2.LU.OL.MT.CE.AR5",0,0.8327
"3015","YR2022","LVA","EN.GHG.CO2.LU.MT.CE.AR5",0,4.2429
"3016","YR2022","LVA","EN.GHG.CO2.LU.FL.MT.CE.AR5",0,-0.3727
"3017","YR2022","LVA","EN.GHG.CO2.LU.DF.MT.CE.AR5",0,0.9914
"3018","YR2022","LVA","EN.GHG.CO2.LU.OS.MT.CE.AR5",0,4.0961
"3019","YR2022","LVA","EN.GHG.CO2.LU.OL.MT.CE.AR5",0,1.5068
"3020","YR2023","LVA","EN.GHG.CO2.LU.MT.CE.AR5",0,3.2267
"3021","YR2023","LVA","EN.GHG.CO2.LU.FL.MT.CE.AR5",0,-0.8741
"3022","YR2023","LVA","EN.GHG.CO2.LU.DF.MT.CE.AR5",0,0.7509
"3023","YR2023","LVA","EN.GHG.CO2.LU.OS.MT.CE.AR5",0,4.0417
"3024","YR2023","LVA","EN.GHG.CO2.LU.OL.MT.CE.AR5",0,1.5068
"3025","YR2000","MCO","EN.GHG.CO2.LU.MT.CE.AR5",0,-0.0001
"3026","YR2000","MCO","EN.GHG.CO2.LU.OL.MT.CE.AR5",0,-0.0001
"3027","YR2001","MCO","EN.GHG.CO2.LU.MT.CE.AR5",0,-0.0001
"3028","YR2001","MCO","EN.GHG.CO2.LU.OL.MT.CE.AR5",0,-0.0001
"3029","YR2002","MCO","EN.GHG.CO2.LU.MT.CE.AR5",0,-0.0001
"3030","YR2002","MCO","EN.GHG.CO2.LU.OL.MT.CE.AR5",0,-0.0001
"3031","YR2003","MCO","EN.GHG.CO2.LU.MT.CE.AR5",0,-0.0001
"3032","YR2003","MCO","EN.GHG.CO2.LU.OL.MT.CE.AR5",0,-0.0001
"3033","YR2004","MCO","EN.GHG.CO2.LU.MT.CE.AR5",0,0
"3034","YR2004","MCO","EN.GHG.CO2.LU.OL.MT.CE.AR5",0,0
"3035","YR2005","MCO","EN.GHG.CO2.LU.MT.CE.AR5",0,-0.0001
"3036","YR2005","MCO","EN.GHG.CO2.LU.OL.MT.CE.AR5",0,-0.0001
"3037","YR2006","MCO","EN.GHG.CO2.LU.MT.CE.AR5",0,-0.0001
"3038","YR2006","MCO","EN.GHG.CO2.LU.OL.MT.CE.AR5",0,-0.0001
"3039","YR2007","MCO","EN.GHG.CO2.LU.MT.CE.AR5",0,-0.0001
"3040","YR2007","MCO","EN.GHG.CO2.LU.OL.MT.CE.AR5",0,-0.0001
"3041","YR2008","MCO","EN.GHG.CO2.LU.MT.CE.AR5",0,-0.0001
"3042","YR2008","MCO","EN.GHG.CO2.LU.OL.MT.CE.AR5",0,-0.0001
"3043","YR2009","MCO","EN.GHG.CO2.LU.MT.CE.AR5",0,-0.0001
"3044","YR2009","MCO","EN.GHG.CO2.LU.OL.MT.CE.AR5",0,-0.0001
"3045","YR2010","MCO","EN.GHG.CO2.LU.MT.CE.AR5",0,-0.0001
"3046","YR2010","MCO","EN.GHG.CO2.LU.OL.MT.CE.AR5",0,-0.0001
"3047","YR2011","MCO","EN.GHG.CO2.LU.MT.CE.AR5",0,-0.0001
"3048","YR2011","MCO","EN.GHG.CO2.LU.OL.MT.CE.AR5",0,-0.0001
"3049","YR2012","MCO","EN.GHG.CO2.LU.MT.CE.AR5",0,-0.0001
"3050","YR2012","MCO","EN.GHG.CO2.LU.OL.MT.CE.AR5",0,-0.0001
"3051","YR2013","MCO","EN.GHG.CO2.LU.MT.CE.AR5",0,-0.0001
"3052","YR2013","MCO","EN.GHG.CO2.LU.OL.MT.CE.AR5",0,-0.0001
"3053","YR2014","MCO","EN.GHG.CO2.LU.MT.CE.AR5",0,-0.0001
"3054","YR2014","MCO","EN.GHG.CO2.LU.OL.MT.CE.AR5",0,-0.0001
"3055","YR2015","MCO","EN.GHG.CO2.LU.MT.CE.AR5",0,0
"3056","YR2015","MCO","EN.GHG.CO2.LU.OL.MT.CE.AR5",0,0
"3057","YR2016","MCO","EN.GHG.CO2.LU.MT.CE.AR5",0,-0.0001
"3058","YR2016","MCO","EN.GHG.CO2.LU.OL.MT.CE.AR5",0,-0.0001
"3059","YR2017","MCO","EN.GHG.CO2.LU.MT.CE.AR5",0,-0.0001
"3060","YR2017","MCO","EN.GHG.CO2.LU.OL.MT.CE.AR5",0,-0.0001
"3061","YR2018","MCO","EN.GHG.CO2.LU.MT.CE.AR5",0,-0.0001
"3062","YR2018","MCO","EN.GHG.CO2.LU.OL.MT.CE.AR5",0,-0.0001
"3063","YR2019","MCO","EN.GHG.CO2.LU.MT.CE.AR5",0,0
"3064","YR2019","MCO","EN.GHG.CO2.LU.OL.MT.CE.AR5",0,0
"3065","YR2020","MCO","EN.GHG.CO2.LU.MT.CE.AR5",0,-0.0001
"3066","YR2020","MCO","EN.GHG.CO2.LU.OL.MT.CE.AR5",0,-0.0001
"3067","YR2021","MCO","EN.GHG.CO2.LU.MT.CE.AR5",0,-0.0001
"3068","YR2021","MCO","EN.GHG.CO2.LU.OL.MT.CE.AR5",0,-0.0001
"3069","YR2022","MCO","EN.GHG.CO2.LU.MT.CE.AR5",0,-0.0001
"3070","YR2022","MCO","EN.GHG.CO2.LU.OL.MT.CE.AR5",0,-0.0001
"3071","YR2023","MCO","EN.GHG.CO2.LU.MT.CE.AR5",0,-0.0001
"3072","YR2023","MCO","EN.GHG.CO2.LU.OL.MT.CE.AR5",0,-0.0001
"3073","YR2000","MLT","EN.GHG.CO2.LU.MT.CE.AR5",0,-0.0092
"3074","YR2000","MLT","EN.GHG.CO2.LU.FL.MT.CE.AR5",0,0
"3075","YR2000","MLT","EN.GHG.CO2.LU.OL.MT.CE.AR5",0,-0.0092
"3076","YR2001","MLT","EN.GHG.CO2.LU.MT.CE.AR5",0,-0.0057
"3077","YR2001","MLT","EN.GHG.CO2.LU.FL.MT.CE.AR5",0,0
"3078","YR2001","MLT","EN.GHG.CO2.LU.OL.MT.CE.AR5",0,-0.0057
"3079","YR2002","MLT","EN.GHG.CO2.LU.MT.CE.AR5",0,0.0201
"3080","YR2002","MLT","EN.GHG.CO2.LU.FL.MT.CE.AR5",0,0
"3081","YR2002","MLT","EN.GHG.CO2.LU.OL.MT.CE.AR5",0,0.0201
"3082","YR2003","MLT","EN.GHG.CO2.LU.MT.CE.AR5",0,0.0201
"3083","YR2003","MLT","EN.GHG.CO2.LU.FL.MT.CE.AR5",0,0
"3084","YR2003","MLT","EN.GHG.CO2.LU.OL.MT.CE.AR5",0,0.0202
"3085","YR2004","MLT","EN.GHG.CO2.LU.MT.CE.AR5",0,-0.0008
"3086","YR2004","MLT","EN.GHG.CO2.LU.FL.MT.CE.AR5",0,-0.0001
"3087","YR2004","MLT","EN.GHG.CO2.LU.OL.MT.CE.AR5",0,-0.0007
"3088","YR2005","MLT","EN.GHG.CO2.LU.MT.CE.AR5",0,-0.0003
"3089","YR2005","MLT","EN.GHG.CO2.LU.FL.MT.CE.AR5",0,-0.0001
"3090","YR2005","MLT","EN.GHG.CO2.LU.OL.MT.CE.AR5",0,-0.0002
"3091","YR2006","MLT","EN.GHG.CO2.LU.MT.CE.AR5",0,-0.001
"3092","YR2006","MLT","EN.GHG.CO2.LU.FL.MT.CE.AR5",0,-0.0001
"3093","YR2006","MLT","EN.GHG.CO2.LU.OL.MT.CE.AR5",0,-0.0009
"3094","YR2007","MLT","EN.GHG.CO2.LU.MT.CE.AR5",0,-0.0003
"3095","YR2007","MLT","EN.GHG.CO2.LU.FL.MT.CE.AR5",0,-0.0001
"3096","YR2007","MLT","EN.GHG.CO2.LU.OL.MT.CE.AR5",0,-0.0002
"3097","YR2008","MLT","EN.GHG.CO2.LU.MT.CE.AR5",0,0.0137
"3098","YR2008","MLT","EN.GHG.CO2.LU.FL.MT.CE.AR5",0,-0.0001
"3099","YR2008","MLT","EN.GHG.CO2.LU.OL.MT.CE.AR5",0,0.0137
"3100","YR2009","MLT","EN.GHG.CO2.LU.MT.CE.AR5",0,0.0136
"3101","YR2009","MLT","EN.GHG.CO2.LU.FL.MT.CE.AR5",0,-0.0001
"3102","YR2009","MLT","EN.GHG.CO2.LU.OL.MT.CE.AR5",0,0.0137
"3103","YR2010","MLT","EN.GHG.CO2.LU.MT.CE.AR5",0,0.0139
"3104","YR2010","MLT","EN.GHG.CO2.LU.FL.MT.CE.AR5",0,-0.0001
"3105","YR2010","MLT","EN.GHG.CO2.LU.OL.MT.CE.AR5",0,0.0139
"3106","YR2011","MLT","EN.GHG.CO2.LU.MT.CE.AR5",0,0.0005
"3107","YR2011","MLT","EN.GHG.CO2.LU.FL.MT.CE.AR5",0,-0.0001
"3108","YR2011","MLT","EN.GHG.CO2.LU.OL.MT.CE.AR5",0,0.0006
"3109","YR2012","MLT","EN.GHG.CO2.LU.MT.CE.AR5",0,0.0006
"3110","YR2012","MLT","EN.GHG.CO2.LU.FL.MT.CE.AR5",0,-0.0001
"3111","YR2012","MLT","EN.GHG.CO2.LU.OL.MT.CE.AR5",0,0.0006
"3112","YR2013","MLT","EN.GHG.CO2.LU.MT.CE.AR5",0,0.0005
"3113","YR2013","MLT","EN.GHG.CO2.LU.FL.MT.CE.AR5",0,-0.0001
"3114","YR2013","MLT","EN.GHG.CO2.LU.OL.MT.CE.AR5",0,0.0006
"3115","YR2014","MLT","EN.GHG.CO2.LU.MT.CE.AR5",0,0.001
"3116","YR2014","MLT","EN.GHG.CO2.LU.FL.MT.CE.AR5",0,-0.0001
"3117","YR2014","MLT","EN.GHG.CO2.LU.OL.MT.CE.AR5",0,0.0011
"3118","YR2015","MLT","EN.GHG.CO2.LU.MT.CE.AR5",0,0.0011
"3119","YR2015","MLT","EN.GHG.CO2.LU.FL.MT.CE.AR5",0,-0.0001
"3120","YR2015","MLT","EN.GHG.CO2.LU.OL.MT.CE.AR5",0,0.0012
"3121","YR2016","MLT","EN.GHG.CO2.LU.MT.CE.AR5",0,0.0008
"3122","YR2016","MLT","EN.GHG.CO2.LU.FL.MT.CE.AR5",0,-0.0001
"3123","YR2016","MLT","EN.GHG.CO2.LU.OL.MT.CE.AR5",0,0.0009
"3124","YR2017","MLT","EN.GHG.CO2.LU.MT.CE.AR5",0,0.0025
"3125","YR2017","MLT","EN.GHG.CO2.LU.FL.MT.CE.AR5",0,-0.0001
"3126","YR2017","MLT","EN.GHG.CO2.LU.OL.MT.CE.AR5",0,0.0026
"3127","YR2018","MLT","EN.GHG.CO2.LU.MT.CE.AR5",0,0.0015
"3128","YR2018","MLT","EN.GHG.CO2.LU.FL.MT.CE.AR5",0,-0.0001
"3129","YR2018","MLT","EN.GHG.CO2.LU.OL.MT.CE.AR5",0,0.0016
"3130","YR2019","MLT","EN.GHG.CO2.LU.MT.CE.AR5",0,0.0058
"3131","YR2019","MLT","EN.GHG.CO2.LU.FL.MT.CE.AR5",0,-0.0001
"3132","YR2019","MLT","EN.GHG.CO2.LU.DF.MT.CE.AR5",0,-0.0001
"3133","YR2019","MLT","EN.GHG.CO2.LU.OL.MT.CE.AR5",0,0.006
"3134","YR2020","MLT","EN.GHG.CO2.LU.MT.CE.AR5",0,0.008
"3135","YR2020","MLT","EN.GHG.CO2.LU.FL.MT.CE.AR5",0,-0.0001
"3136","YR2020","MLT","EN.GHG.CO2.LU.DF.MT.CE.AR5",0,-0.0003
"3137","YR2020","MLT","EN.GHG.CO2.LU.OL.MT.CE.AR5",0,0.0084
"3138","YR2021","MLT","EN.GHG.CO2.LU.MT.CE.AR5",0,0.0001
"3139","YR2021","MLT","EN.GHG.CO2.LU.FL.MT.CE.AR5",0,-0.0001
"3140","YR2021","MLT","EN.GHG.CO2.LU.DF.MT.CE.AR5",0,-0.0004
"3141","YR2021","MLT","EN.GHG.CO2.LU.OL.MT.CE.AR5",0,0.0005
"3142","YR2022","MLT","EN.GHG.CO2.LU.MT.CE.AR5",0,0.0002
"3143","YR2022","MLT","EN.GHG.CO2.LU.FL.MT.CE.AR5",0,-0.0001
"3144","YR2022","MLT","EN.GHG.CO2.LU.DF.MT.CE.AR5",0,-0.0004
"3145","YR2022","MLT","EN.GHG.CO2.LU.OL.MT.CE.AR5",0,0.0007
"3146","YR2023","MLT","EN.GHG.CO2.LU.MT.CE.AR5",0,0.0004
"3147","YR2023","MLT","EN.GHG.CO2.LU.FL.MT.CE.AR5",0,-0.0001
"3148","YR2023","MLT","EN.GHG.CO2.LU.DF.MT.CE.AR5",0,-0.0004
"3149","YR2023","MLT","EN.GHG.CO2.LU.OL.MT.CE.AR5",0,0.0007
"3150","YR2000","NLD","EN.GHG.CO2.LU.MT.CE.AR5",0,3.7698
"3151","YR2000","NLD","EN.GHG.CO2.LU.FL.MT.CE.AR5",0,-2.6425
"3152","YR2000","NLD","EN.GHG.CO2.LU.DF.MT.CE.AR5",0,0.5707
"3153","YR2000","NLD","EN.GHG.CO2.LU.OS.MT.CE.AR5",0,5.746
"3154","YR2000","NLD","EN.GHG.CO2.LU.OL.MT.CE.AR5",0,0.11
"3155","YR2001","NLD","EN.GHG.CO2.LU.MT.CE.AR5",0,4.3071
"3156","YR2001","NLD","EN.GHG.CO2.LU.FL.MT.CE.AR5",0,-2.6441
"3157","YR2001","NLD","EN.GHG.CO2.LU.DF.MT.CE.AR5",0,0.5856
"3158","YR2001","NLD","EN.GHG.CO2.LU.OS.MT.CE.AR5",0,5.7092
"3159","YR2001","NLD","EN.GHG.CO2.LU.OL.MT.CE.AR5",0,0.5086
"3160","YR2002","NLD","EN.GHG.CO2.LU.MT.CE.AR5",0,4.4981
"3161","YR2002","NLD","EN.GHG.CO2.LU.FL.MT.CE.AR5",0,-2.6463
"3162","YR2002","NLD","EN.GHG.CO2.LU.DF.MT.CE.AR5",0,0.6007
"3163","YR2002","NLD","EN.GHG.CO2.LU.OS.MT.CE.AR5",0,5.6725
"3164","YR2002","NLD","EN.GHG.CO2.LU.OL.MT.CE.AR5",0,0.7356
"3165","YR2003","NLD","EN.GHG.CO2.LU.MT.CE.AR5",0,3.8302
"3166","YR2003","NLD","EN.GHG.CO2.LU.FL.MT.CE.AR5",0,-2.649
"3167","YR2003","NLD","EN.GHG.CO2.LU.DF.MT.CE.AR5",0,0.6152
"3168","YR2003","NLD","EN.GHG.CO2.LU.OS.MT.CE.AR5",0,5.6358
"3169","YR2003","NLD","EN.GHG.CO2.LU.OL.MT.CE.AR5",0,0.1071
"3170","YR2004","NLD","EN.GHG.CO2.LU.MT.CE.AR5",0,3.997
"3171","YR2004","NLD","EN.GHG.CO2.LU.FL.MT.CE.AR5",0,-2.6584
"3172","YR2004","NLD","EN.GHG.CO2.LU.DF.MT.CE.AR5",0,0.6107
"3173","YR2004","NLD","EN.GHG.CO2.LU.OS.MT.CE.AR5",0,5.5978
"3174","YR2004","NLD","EN.GHG.CO2.LU.OL.MT.CE.AR5",0,0.2804
"3175","YR2005","NLD","EN.GHG.CO2.LU.MT.CE.AR5",0,3.9209
"3176","YR2005","NLD","EN.GHG.CO2.LU.FL.MT.CE.AR5",0,-2.6622
"3177","YR2005","NLD","EN.GHG.CO2.LU.DF.MT.CE.AR5",0,0.6312
"3178","YR2005","NLD","EN.GHG.CO2.LU.OS.MT.CE.AR5",0,5.56
"3179","YR2005","NLD","EN.GHG.CO2.LU.OL.MT.CE.AR5",0,0.2886
"3180","YR2006","NLD","EN.GHG.CO2.LU.MT.CE.AR5",0,3.7585
"3181","YR2006","NLD","EN.GHG.CO2.LU.FL.MT.CE.AR5",0,-2.9015
"3182","YR2006","NLD","EN.GHG.CO2.LU.DF.MT.CE.AR5",0,0.6504
"3183","YR2006","NLD","EN.GHG.CO2.LU.OS.MT.CE.AR5",0,5.5223
"3184","YR2006","NLD","EN.GHG.CO2.LU.OL.MT.CE.AR5",0,0.3389
"3185","YR2007","NLD","EN.GHG.CO2.LU.MT.CE.AR5",0,4.1232
"3186","YR2007","NLD","EN.GHG.CO2.LU.FL.MT.CE.AR5",0,-2.9218
"3187","YR2007","NLD","EN.GHG.CO2.LU.DF.MT.CE.AR5",0,0.6762
"3188","YR2007","NLD","EN.GHG.CO2.LU.OS.MT.CE.AR5",0,5.4847
"3189","YR2007","NLD","EN.GHG.CO2.LU.OL.MT.CE.AR5",0,0.6744
"3190","YR2008","NLD","EN.GHG.CO2.LU.MT.CE.AR5",0,4.4438
"3191","YR2008","NLD","EN.GHG.CO2.LU.FL.MT.CE.AR5",0,-2.9423
"3192","YR2008","NLD","EN.GHG.CO2.LU.DF.MT.CE.AR5",0,0.7021
"3193","YR2008","NLD","EN.GHG.CO2.LU.OS.MT.CE.AR5",0,5.4473
"3194","YR2008","NLD","EN.GHG.CO2.LU.OL.MT.CE.AR5",0,1.1248
"3195","YR2009","NLD","EN.GHG.CO2.LU.MT.CE.AR5",0,4.2029
"3196","YR2009","NLD","EN.GHG.CO2.LU.FL.MT.CE.AR5",0,-2.9449
"3197","YR2009","NLD","EN.GHG.CO2.LU.DF.MT.CE.AR5",0,0.842
"3198","YR2009","NLD","EN.GHG.CO2.LU.OS.MT.CE.AR5",0,5.4106
"3199","YR2009","NLD","EN.GHG.CO2.LU.OL.MT.CE.AR5",0,0.8137
"3200","YR2010","NLD","EN.GHG.CO2.LU.MT.CE.AR5",0,3.8634
"3201","YR2010","NLD","EN.GHG.CO2.LU.FL.MT.CE.AR5",0,-2.9677
"3202","YR2010","NLD","EN.GHG.CO2.LU.DF.MT.CE.AR5",0,0.8785
"3203","YR2010","NLD","EN.GHG.CO2.LU.OS.MT.CE.AR5",0,5.3739
"3204","YR2010","NLD","EN.GHG.CO2.LU.OL.MT.CE.AR5",0,0.5167
"3205","YR2011","NLD","EN.GHG.CO2.LU.MT.CE.AR5",0,4.1109
"3206","YR2011","NLD","EN.GHG.CO2.LU.FL.MT.CE.AR5",0,-2.9909
"3207","YR2011","NLD","EN.GHG.CO2.LU.DF.MT.CE.AR5",0,0.9155
"3208","YR2011","NLD","EN.GHG.CO2.LU.OS.MT.CE.AR5",0,5.3373
"3209","YR2011","NLD","EN.GHG.CO2.LU.OL.MT.CE.AR5",0,0.7499
"3210","YR2012","NLD","EN.GHG.CO2.LU.MT.CE.AR5",0,3.9014
"3211","YR2012","NLD","EN.GHG.CO2.LU.FL.MT.CE.AR5",0,-3.0144
"3212","YR2012","NLD","EN.GHG.CO2.LU.DF.MT.CE.AR5",0,0.9524
"3213","YR2012","NLD","EN.GHG.CO2.LU.OS.MT.CE.AR5",0,5.3008
"3214","YR2012","NLD","EN.GHG.CO2.LU.OL.MT.CE.AR5",0,0.5538
"3215","YR2013","NLD","EN.GHG.CO2.LU.MT.CE.AR5",0,3.4007
"3216","YR2013","NLD","EN.GHG.CO2.LU.FL.MT.CE.AR5",0,-3.0125
"3217","YR2013","NLD","EN.GHG.CO2.LU.DF.MT.CE.AR5",0,1.1041
"3218","YR2013","NLD","EN.GHG.CO2.LU.OS.MT.CE.AR5",0,5.2629
"3219","YR2013","NLD","EN.GHG.CO2.LU.OL.MT.CE.AR5",0,-0.0359
"3220","YR2014","NLD","EN.GHG.CO2.LU.MT.CE.AR5",0,4.3144
"3221","YR2014","NLD","EN.GHG.CO2.LU.FL.MT.CE.AR5",0,-2.505
"3222","YR2014","NLD","EN.GHG.CO2.LU.DF.MT.CE.AR5",0,1.1683
"3223","YR2014","NLD","EN.GHG.CO2.LU.OS.MT.CE.AR5",0,5.2443
"3224","YR2014","NLD","EN.GHG.CO2.LU.OL.MT.CE.AR5",0,0.3198
"3225","YR2015","NLD","EN.GHG.CO2.LU.MT.CE.AR5",0,4.5812
"3226","YR2015","NLD","EN.GHG.CO2.LU.FL.MT.CE.AR5",0,-2.4655
"3227","YR2015","NLD","EN.GHG.CO2.LU.DF.MT.CE.AR5",0,1.2172
"3228","YR2015","NLD","EN.GHG.CO2.LU.OS.MT.CE.AR5",0,5.2257
"3229","YR2015","NLD","EN.GHG.CO2.LU.OL.MT.CE.AR5",0,0.472
"3230","YR2016","NLD","EN.GHG.CO2.LU.MT.CE.AR5",0,4.2991
"3231","YR2016","NLD","EN.GHG.CO2.LU.FL.MT.CE.AR5",0,-2.4256
"3232","YR2016","NLD","EN.GHG.CO2.LU.DF.MT.CE.AR5",0,1.2674
"3233","YR2016","NLD","EN.GHG.CO2.LU.OS.MT.CE.AR5",0,5.2071
"3234","YR2016","NLD","EN.GHG.CO2.LU.OL.MT.CE.AR5",0,0.1583
"3235","YR2017","NLD","EN.GHG.CO2.LU.MT.CE.AR5",0,3.4632
"3236","YR2017","NLD","EN.GHG.CO2.LU.FL.MT.CE.AR5",0,-2.4174
"3237","YR2017","NLD","EN.GHG.CO2.LU.DF.MT.CE.AR5",0,0.6931
"3238","YR2017","NLD","EN.GHG.CO2.LU.OS.MT.CE.AR5",0,5.1956
"3239","YR2017","NLD","EN.GHG.CO2.LU.OL.MT.CE.AR5",0,-0.1223
"3240","YR2018","NLD","EN.GHG.CO2.LU.MT.CE.AR5",0,3.3672
"3241","YR2018","NLD","EN.GHG.CO2.LU.FL.MT.CE.AR5",0,-2.4059
"3242","YR2018","NLD","EN.GHG.CO2.LU.DF.MT.CE.AR5",0,0.7136
"3243","YR2018","NLD","EN.GHG.CO2.LU.OS.MT.CE.AR5",0,5.1841
"3244","YR2018","NLD","EN.GHG.CO2.LU.OL.MT.CE.AR5",0,-0.2612
"3245","YR2019","NLD","EN.GHG.CO2.LU.MT.CE.AR5",0,3.0162
"3246","YR2019","NLD","EN.GHG.CO2.LU.FL.MT.CE.AR5",0,-2.3943
"3247","YR2019","NLD","EN.GHG.CO2.LU.DF.MT.CE.AR5",0,0.7346
"3248","YR2019","NLD","EN.GHG.CO2.LU.OS.MT.CE.AR5",0,5.1726
"3249","YR2019","NLD","EN.GHG.CO2.LU.OL.MT.CE.AR5",0,-0.6231
"3250","YR2020","NLD","EN.GHG.CO2.LU.MT.CE.AR5",0,2.6328
"3251","YR2020","NLD","EN.GHG.CO2.LU.FL.MT.CE.AR5",0,-2.3935
"3252","YR2020","NLD","EN.GHG.CO2.LU.DF.MT.CE.AR5",0,0.7552
"3253","YR2020","NLD","EN.GHG.CO2.LU.OS.MT.CE.AR5",0,5.1611
"3254","YR2020","NLD","EN.GHG.CO2.LU.OL.MT.CE.AR5",0,-1.0216
"3255","YR2021","NLD","EN.GHG.CO2.LU.MT.CE.AR5",0,2.6899
"3256","YR2021","NLD","EN.GHG.CO2.LU.FL.MT.CE.AR5",0,-2.3978
"3257","YR2021","NLD","EN.GHG.CO2.LU.DF.MT.CE.AR5",0,0.8108
"3258","YR2021","NLD","EN.GHG.CO2.LU.OS.MT.CE.AR5",0,5.1495
"3259","YR2021","NLD","EN.GHG.CO2.LU.OL.MT.CE.AR5",0,-0.9976
"3260","YR2022","NLD","EN.GHG.CO2.LU.MT.CE.AR5",0,2.7812
"3261","YR2022","NLD","EN.GHG.CO2.LU.FL.MT.CE.AR5",0,-2.1323
"3262","YR2022","NLD","EN.GHG.CO2.LU.DF.MT.CE.AR5",0,0.8305
"3263","YR2022","NLD","EN.GHG.CO2.LU.OS.MT.CE.AR5",0,5.1379
"3264","YR2022","NLD","EN.GHG.CO2.LU.OL.MT.CE.AR5",0,-1.1849
"3265","YR2023","NLD","EN.GHG.CO2.LU.MT.CE.AR5",0,3.1145
"3266","YR2023","NLD","EN.GHG.CO2.LU.FL.MT.CE.AR5",0,-2.1333
"3267","YR2023","NLD","EN.GHG.CO2.LU.DF.MT.CE.AR5",0,0.8452
"3268","YR2023","NLD","EN.GHG.CO2.LU.OS.MT.CE.AR5",0,5.1263
"3269","YR2023","NLD","EN.GHG.CO2.LU.OL.MT.CE.AR5",0,-1.1849
"3270","YR2000","NOR","EN.GHG.CO2.LU.MT.CE.AR5",0,-17.4058
"3271","YR2000","NOR","EN.GHG.CO2.LU.FL.MT.CE.AR5",0,-22.3935
"3272","YR2000","NOR","EN.GHG.CO2.LU.DF.MT.CE.AR5",0,2.2366
"3273","YR2000","NOR","EN.GHG.CO2.LU.OS.MT.CE.AR5",0,3.6189
"3274","YR2000","NOR","EN.GHG.CO2.LU.OL.MT.CE.AR5",0,-0.331
"3275","YR2001","NOR","EN.GHG.CO2.LU.MT.CE.AR5",0,-22.0415
"3276","YR2001","NOR","EN.GHG.CO2.LU.FL.MT.CE.AR5",0,-26.9549
"3277","YR2001","NOR","EN.GHG.CO2.LU.DF.MT.CE.AR5",0,2.145
"3278","YR2001","NOR","EN.GHG.CO2.LU.OS.MT.CE.AR5",0,3.639
"3279","YR2001","NOR","EN.GHG.CO2.LU.OL.MT.CE.AR5",0,-0.3383
"3280","YR2002","NOR","EN.GHG.CO2.LU.MT.CE.AR5",0,-23.2587
"3281","YR2002","NOR","EN.GHG.CO2.LU.FL.MT.CE.AR5",0,-28.1781
"3282","YR2002","NOR","EN.GHG.CO2.LU.DF.MT.CE.AR5",0,1.9968
"3283","YR2002","NOR","EN.GHG.CO2.LU.OS.MT.CE.AR5",0,3.6524
"3284","YR2002","NOR","EN.GHG.CO2.LU.OL.MT.CE.AR5",0,-0.3817
"3285","YR2003","NOR","EN.GHG.CO2.LU.MT.CE.AR5",0,-22.3026
"3286","YR2003","NOR","EN.GHG.CO2.LU.FL.MT.CE.AR5",0,-27.2799
"3287","YR2003","NOR","EN.GHG.CO2.LU.DF.MT.CE.AR5",0,1.8085
"3288","YR2003","NOR","EN.GHG.CO2.LU.OS.MT.CE.AR5",0,3.6674
"3289","YR2003","NOR","EN.GHG.CO2.LU.OL.MT.CE.AR5",0,-0.3663
"3290","YR2004","NOR","EN.GHG.CO2.LU.MT.CE.AR5",0,-22.6046
"3291","YR2004","NOR","EN.GHG.CO2.LU.FL.MT.CE.AR5",0,-27.3731
"3292","YR2004","NOR","EN.GHG.CO2.LU.DF.MT.CE.AR5",0,1.6526
"3293","YR2004","NOR","EN.GHG.CO2.LU.OS.MT.CE.AR5",0,3.6856
"3294","YR2004","NOR","EN.GHG.CO2.LU.OL.MT.CE.AR5",0,-0.3722
"3295","YR2005","NOR","EN.GHG.CO2.LU.MT.CE.AR5",0,-24.5806
"3296","YR2005","NOR","EN.GHG.CO2.LU.FL.MT.CE.AR5",0,-28.9927
"3297","YR2005","NOR","EN.GHG.CO2.LU.DF.MT.CE.AR5",0,1.5376
"3298","YR2005","NOR","EN.GHG.CO2.LU.OS.MT.CE.AR5",0,3.7104
"3299","YR2005","NOR","EN.GHG.CO2.LU.OL.MT.CE.AR5",0,-0.355
"3300","YR2006","NOR","EN.GHG.CO2.LU.MT.CE.AR5",0,-19.6938
"3301","YR2006","NOR","EN.GHG.CO2.LU.FL.MT.CE.AR5",0,-24.3726
"3302","YR2006","NOR","EN.GHG.CO2.LU.DF.MT.CE.AR5",0,1.7427
"3303","YR2006","NOR","EN.GHG.CO2.LU.OS.MT.CE.AR5",0,3.7164
"3304","YR2006","NOR","EN.GHG.CO2.LU.OL.MT.CE.AR5",0,-0.3581
"3305","YR2007","NOR","EN.GHG.CO2.LU.MT.CE.AR5",0,-21.2137
"3306","YR2007","NOR","EN.GHG.CO2.LU.FL.MT.CE.AR5",0,-25.8589
"3307","YR2007","NOR","EN.GHG.CO2.LU.DF.MT.CE.AR5",0,1.6693
"3308","YR2007","NOR","EN.GHG.CO2.LU.OS.MT.CE.AR5",0,3.7077
"3309","YR2007","NOR","EN.GHG.CO2.LU.OL.MT.CE.AR5",0,-0.3701
"3310","YR2008","NOR","EN.GHG.CO2.LU.MT.CE.AR5",0,-26.1868
"3311","YR2008","NOR","EN.GHG.CO2.LU.FL.MT.CE.AR5",0,-31.1609
"3312","YR2008","NOR","EN.GHG.CO2.LU.DF.MT.CE.AR5",0,1.8648
"3313","YR2008","NOR","EN.GHG.CO2.LU.OS.MT.CE.AR5",0,3.7371
"3314","YR2008","NOR","EN.GHG.CO2.LU.OL.MT.CE.AR5",0,-0.3811
"3315","YR2009","NOR","EN.GHG.CO2.LU.MT.CE.AR5",0,-24.8135
"3316","YR2009","NOR","EN.GHG.CO2.LU.FL.MT.CE.AR5",0,-30.3524
"3317","YR2009","NOR","EN.GHG.CO2.LU.DF.MT.CE.AR5",0,2.132
"3318","YR2009","NOR","EN.GHG.CO2.LU.OS.MT.CE.AR5",0,3.7154
"3319","YR2009","NOR","EN.GHG.CO2.LU.OL.MT.CE.AR5",0,-0.371
"3320","YR2010","NOR","EN.GHG.CO2.LU.MT.CE.AR5",0,-26.0613
"3321","YR2010","NOR","EN.GHG.CO2.LU.FL.MT.CE.AR5",0,-32.3068
"3322","YR2010","NOR","EN.GHG.CO2.LU.DF.MT.CE.AR5",0,2.2221
"3323","YR2010","NOR","EN.GHG.CO2.LU.OS.MT.CE.AR5",0,3.703
"3324","YR2010","NOR","EN.GHG.CO2.LU.OL.MT.CE.AR5",0,-0.3769
"3325","YR2011","NOR","EN.GHG.CO2.LU.MT.CE.AR5",0,-25.4031
"3326","YR2011","NOR","EN.GHG.CO2.LU.FL.MT.CE.AR5",0,-30.951
"3327","YR2011","NOR","EN.GHG.CO2.LU.DF.MT.CE.AR5",0,2.1277
"3328","YR2011","NOR","EN.GHG.CO2.LU.OS.MT.CE.AR5",0,3.7189
"3329","YR2011","NOR","EN.GHG.CO2.LU.OL.MT.CE.AR5",0,-0.3812
"3330","YR2012","NOR","EN.GHG.CO2.LU.MT.CE.AR5",0,-24.5305
"3331","YR2012","NOR","EN.GHG.CO2.LU.FL.MT.CE.AR5",0,-30.4014
"3332","YR2012","NOR","EN.GHG.CO2.LU.DF.MT.CE.AR5",0,2.364
"3333","YR2012","NOR","EN.GHG.CO2.LU.OS.MT.CE.AR5",0,3.7235
"3334","YR2012","NOR","EN.GHG.CO2.LU.OL.MT.CE.AR5",0,-0.3798
"3335","YR2013","NOR","EN.GHG.CO2.LU.MT.CE.AR5",0,-21.1518
"3336","YR2013","NOR","EN.GHG.CO2.LU.FL.MT.CE.AR5",0,-27.2743
"3337","YR2013","NOR","EN.GHG.CO2.LU.DF.MT.CE.AR5",0,2.3917
"3338","YR2013","NOR","EN.GHG.CO2.LU.OS.MT.CE.AR5",0,3.7577
"3339","YR2013","NOR","EN.GHG.CO2.LU.OL.MT.CE.AR5",0,-0.4324
"3340","YR2014","NOR","EN.GHG.CO2.LU.MT.CE.AR5",0,-18.9667
"3341","YR2014","NOR","EN.GHG.CO2.LU.FL.MT.CE.AR5",0,-25.2772
"3342","YR2014","NOR","EN.GHG.CO2.LU.DF.MT.CE.AR5",0,2.4777
"3343","YR2014","NOR","EN.GHG.CO2.LU.OS.MT.CE.AR5",0,3.7759
"3344","YR2014","NOR","EN.GHG.CO2.LU.OL.MT.CE.AR5",0,-0.4894
"3345","YR2015","NOR","EN.GHG.CO2.LU.MT.CE.AR5",0,-15.2627
"3346","YR2015","NOR","EN.GHG.CO2.LU.FL.MT.CE.AR5",0,-21.7498
"3347","YR2015","NOR","EN.GHG.CO2.LU.DF.MT.CE.AR5",0,2.4794
"3348","YR2015","NOR","EN.GHG.CO2.LU.OS.MT.CE.AR5",0,4.268
"3349","YR2015","NOR","EN.GHG.CO2.LU.OL.MT.CE.AR5",0,-0.4719
"3350","YR2016","NOR","EN.GHG.CO2.LU.MT.CE.AR5",0,-13.8216
"3351","YR2016","NOR","EN.GHG.CO2.LU.FL.MT.CE.AR5",0,-19.9538
"3352","YR2016","NOR","EN.GHG.CO2.LU.DF.MT.CE.AR5",0,2.3099
"3353","YR2016","NOR","EN.GHG.CO2.LU.OS.MT.CE.AR5",0,4.2632
"3354","YR2016","NOR","EN.GHG.CO2.LU.OL.MT.CE.AR5",0,-0.5242
"3355","YR2017","NOR","EN.GHG.CO2.LU.MT.CE.AR5",0,-16.0802
"3356","YR2017","NOR","EN.GHG.CO2.LU.FL.MT.CE.AR5",0,-21.6112
"3357","YR2017","NOR","EN.GHG.CO2.LU.DF.MT.CE.AR5",0,1.9064
"3358","YR2017","NOR","EN.GHG.CO2.LU.OS.MT.CE.AR5",0,4.3741
"3359","YR2017","NOR","EN.GHG.CO2.LU.OL.MT.CE.AR5",0,-0.5131
"3360","YR2018","NOR","EN.GHG.CO2.LU.MT.CE.AR5",0,-13.1117
"3361","YR2018","NOR","EN.GHG.CO2.LU.FL.MT.CE.AR5",0,-18.4236
"3362","YR2018","NOR","EN.GHG.CO2.LU.DF.MT.CE.AR5",0,1.861
"3363","YR2018","NOR","EN.GHG.CO2.LU.OS.MT.CE.AR5",0,4.375
"3364","YR2018","NOR","EN.GHG.CO2.LU.OL.MT.CE.AR5",0,-0.542
"3365","YR2019","NOR","EN.GHG.CO2.LU.MT.CE.AR5",0,-8.8348
"3366","YR2019","NOR","EN.GHG.CO2.LU.FL.MT.CE.AR5",0,-14.7116
"3367","YR2019","NOR","EN.GHG.CO2.LU.DF.MT.CE.AR5",0,2.1817
"3368","YR2019","NOR","EN.GHG.CO2.LU.OS.MT.CE.AR5",0,4.5868
"3369","YR2019","NOR","EN.GHG.CO2.LU.OL.MT.CE.AR5",0,-0.4177
"3370","YR2020","NOR","EN.GHG.CO2.LU.MT.CE.AR5",0,-15.9634
"3371","YR2020","NOR","EN.GHG.CO2.LU.FL.MT.CE.AR5",0,-21.1236
"3372","YR2020","NOR","EN.GHG.CO2.LU.DF.MT.CE.AR5",0,1.9405
"3373","YR2020","NOR","EN.GHG.CO2.LU.OS.MT.CE.AR5",0,4.1546
"3374","YR2020","NOR","EN.GHG.CO2.LU.OL.MT.CE.AR5",0,-0.4844
"3375","YR2021","NOR","EN.GHG.CO2.LU.MT.CE.AR5",0,-10.5742
"3376","YR2021","NOR","EN.GHG.CO2.LU.FL.MT.CE.AR5",0,-16.1151
"3377","YR2021","NOR","EN.GHG.CO2.LU.DF.MT.CE.AR5",0,2.1103
"3378","YR2021","NOR","EN.GHG.CO2.LU.OS.MT.CE.AR5",0,4.1648
"3379","YR2021","NOR","EN.GHG.CO2.LU.OL.MT.CE.AR5",0,-0.4387
"3380","YR2022","NOR","EN.GHG.CO2.LU.MT.CE.AR5",0,-8.988
"3381","YR2022","NOR","EN.GHG.CO2.LU.FL.MT.CE.AR5",0,-14.3369
"3382","YR2022","NOR","EN.GHG.CO2.LU.DF.MT.CE.AR5",0,2.2267
"3383","YR2022","NOR","EN.GHG.CO2.LU.OS.MT.CE.AR5",0,4.0684
"3384","YR2022","NOR","EN.GHG.CO2.LU.OL.MT.CE.AR5",0,-0.4324
"3385","YR2023","NOR","EN.GHG.CO2.LU.MT.CE.AR5",0,-15.5605
"3386","YR2023","NOR","EN.GHG.CO2.LU.FL.MT.CE.AR5",0,-20.7669
"3387","YR2023","NOR","EN.GHG.CO2.LU.DF.MT.CE.AR5",0,2.0592
"3388","YR2023","NOR","EN.GHG.CO2.LU.OS.MT.CE.AR5",0,4.0574
"3389","YR2023","NOR","EN.GHG.CO2.LU.OL.MT.CE.AR5",0,-0.4324
"3390","YR2000","NZL","EN.GHG.CO2.LU.MT.CE.AR5",0,-27.8806
"3391","YR2000","NZL","EN.GHG.CO2.LU.FL.MT.CE.AR5",0,-26.0486
"3392","YR2000","NZL","EN.GHG.CO2.LU.DF.MT.CE.AR5",0,2.064
"3393","YR2000","NZL","EN.GHG.CO2.LU.OS.MT.CE.AR5",0,1.822
"3394","YR2000","NZL","EN.GHG.CO2.LU.OL.MT.CE.AR5",0,-0.5874
"3395","YR2001","NZL","EN.GHG.CO2.LU.MT.CE.AR5",0,-28.1475
"3396","YR2001","NZL","EN.GHG.CO2.LU.FL.MT.CE.AR5",0,-25.5886
"3397","YR2001","NZL","EN.GHG.CO2.LU.DF.MT.CE.AR5",0,2.0117
"3398","YR2001","NZL","EN.GHG.CO2.LU.OS.MT.CE.AR5",0,1.8244
"3399","YR2001","NZL","EN.GHG.CO2.LU.OL.MT.CE.AR5",0,-0.5644
"3400","YR2002","NZL","EN.GHG.CO2.LU.MT.CE.AR5",0,-26.5985
"3401","YR2002","NZL","EN.GHG.CO2.LU.FL.MT.CE.AR5",0,-22.9755
"3402","YR2002","NZL","EN.GHG.CO2.LU.DF.MT.CE.AR5",0,1.7345
"3403","YR2002","NZL","EN.GHG.CO2.LU.OS.MT.CE.AR5",0,1.8282
"3404","YR2002","NZL","EN.GHG.CO2.LU.OL.MT.CE.AR5",0,-0.5403
"3405","YR2003","NZL","EN.GHG.CO2.LU.MT.CE.AR5",0,-27.3698
"3406","YR2003","NZL","EN.GHG.CO2.LU.FL.MT.CE.AR5",0,-25.9564
"3407","YR2003","NZL","EN.GHG.CO2.LU.DF.MT.CE.AR5",0,3.2883
"3408","YR2003","NZL","EN.GHG.CO2.LU.OS.MT.CE.AR5",0,1.8239
"3409","YR2003","NZL","EN.GHG.CO2.LU.OL.MT.CE.AR5",0,-0.5115
"3410","YR2004","NZL","EN.GHG.CO2.LU.MT.CE.AR5",0,-27.1335
"3411","YR2004","NZL","EN.GHG.CO2.LU.FL.MT.CE.AR5",0,-29.4234
"3412","YR2004","NZL","EN.GHG.CO2.LU.DF.MT.CE.AR5",0,6.0292
"3413","YR2004","NZL","EN.GHG.CO2.LU.OS.MT.CE.AR5",0,1.8265
"3414","YR2004","NZL","EN.GHG.CO2.LU.OL.MT.CE.AR5",0,-0.4815
"3415","YR2005","NZL","EN.GHG.CO2.LU.MT.CE.AR5",0,-24.8452
"3416","YR2005","NZL","EN.GHG.CO2.LU.FL.MT.CE.AR5",0,-33.0857
"3417","YR2005","NZL","EN.GHG.CO2.LU.DF.MT.CE.AR5",0,11.4127
"3418","YR2005","NZL","EN.GHG.CO2.LU.OS.MT.CE.AR5",0,1.8351
"3419","YR2005","NZL","EN.GHG.CO2.LU.OL.MT.CE.AR5",0,-0.4503
"3420","YR2006","NZL","EN.GHG.CO2.LU.MT.CE.AR5",0,-22.7315
"3421","YR2006","NZL","EN.GHG.CO2.LU.FL.MT.CE.AR5",0,-33.7425
"3422","YR2006","NZL","EN.GHG.CO2.LU.DF.MT.CE.AR5",0,14.0685
"3423","YR2006","NZL","EN.GHG.CO2.LU.OS.MT.CE.AR5",0,1.8429
"3424","YR2006","NZL","EN.GHG.CO2.LU.OL.MT.CE.AR5",0,-0.4256
"3425","YR2007","NZL","EN.GHG.CO2.LU.MT.CE.AR5",0,-20.6831
"3426","YR2007","NZL","EN.GHG.CO2.LU.FL.MT.CE.AR5",0,-37.0979
"3427","YR2007","NZL","EN.GHG.CO2.LU.DF.MT.CE.AR5",0,19.4483
"3428","YR2007","NZL","EN.GHG.CO2.LU.OS.MT.CE.AR5",0,1.8467
"3429","YR2007","NZL","EN.GHG.CO2.LU.OL.MT.CE.AR5",0,-0.3985
"3430","YR2008","NZL","EN.GHG.CO2.LU.MT.CE.AR5",0,-29.2379
"3431","YR2008","NZL","EN.GHG.CO2.LU.FL.MT.CE.AR5",0,-30.3993
"3432","YR2008","NZL","EN.GHG.CO2.LU.DF.MT.CE.AR5",0,3.1697
"3433","YR2008","NZL","EN.GHG.CO2.LU.OS.MT.CE.AR5",0,1.8522
"3434","YR2008","NZL","EN.GHG.CO2.LU.OL.MT.CE.AR5",0,0.2097
"3435","YR2009","NZL","EN.GHG.CO2.LU.MT.CE.AR5",0,-28.1138
"3436","YR2009","NZL","EN.GHG.CO2.LU.FL.MT.CE.AR5",0,-30.7365
"3437","YR2009","NZL","EN.GHG.CO2.LU.DF.MT.CE.AR5",0,5.5133
"3438","YR2009","NZL","EN.GHG.CO2.LU.OS.MT.CE.AR5",0,1.8561
"3439","YR2009","NZL","EN.GHG.CO2.LU.OL.MT.CE.AR5",0,0.2169
"3440","YR2010","NZL","EN.GHG.CO2.LU.MT.CE.AR5",0,-29.0357
"3441","YR2010","NZL","EN.GHG.CO2.LU.FL.MT.CE.AR5",0,-30.61
"3442","YR2010","NZL","EN.GHG.CO2.LU.DF.MT.CE.AR5",0,6.0702
"3443","YR2010","NZL","EN.GHG.CO2.LU.OS.MT.CE.AR5",0,1.8558
"3444","YR2010","NZL","EN.GHG.CO2.LU.OL.MT.CE.AR5",0,0.1946
"3445","YR2011","NZL","EN.GHG.CO2.LU.MT.CE.AR5",0,-29.0947
"3446","YR2011","NZL","EN.GHG.CO2.LU.FL.MT.CE.AR5",0,-29.1558
"3447","YR2011","NZL","EN.GHG.CO2.LU.DF.MT.CE.AR5",0,5.1785
"3448","YR2011","NZL","EN.GHG.CO2.LU.OS.MT.CE.AR5",0,1.866
"3449","YR2011","NZL","EN.GHG.CO2.LU.OL.MT.CE.AR5",0,0.1776
"3450","YR2012","NZL","EN.GHG.CO2.LU.MT.CE.AR5",0,-25.8874
"3451","YR2012","NZL","EN.GHG.CO2.LU.FL.MT.CE.AR5",0,-27.3554
"3452","YR2012","NZL","EN.GHG.CO2.LU.DF.MT.CE.AR5",0,6.8718
"3453","YR2012","NZL","EN.GHG.CO2.LU.OS.MT.CE.AR5",0,1.864
"3454","YR2012","NZL","EN.GHG.CO2.LU.OL.MT.CE.AR5",0,0.1516
"3455","YR2013","NZL","EN.GHG.CO2.LU.MT.CE.AR5",0,-26.0345
"3456","YR2013","NZL","EN.GHG.CO2.LU.FL.MT.CE.AR5",0,-28.2249
"3457","YR2013","NZL","EN.GHG.CO2.LU.DF.MT.CE.AR5",0,8.9068
"3458","YR2013","NZL","EN.GHG.CO2.LU.OS.MT.CE.AR5",0,1.8636
"3459","YR2013","NZL","EN.GHG.CO2.LU.OL.MT.CE.AR5",0,-0.0536
"3460","YR2014","NZL","EN.GHG.CO2.LU.MT.CE.AR5",0,-25.8751
"3461","YR2014","NZL","EN.GHG.CO2.LU.FL.MT.CE.AR5",0,-27.2817
"3462","YR2014","NZL","EN.GHG.CO2.LU.DF.MT.CE.AR5",0,7.2692
"3463","YR2014","NZL","EN.GHG.CO2.LU.OS.MT.CE.AR5",0,1.8624
"3464","YR2014","NZL","EN.GHG.CO2.LU.OL.MT.CE.AR5",0,-0.0984
"3465","YR2015","NZL","EN.GHG.CO2.LU.MT.CE.AR5",0,-25.9794
"3466","YR2015","NZL","EN.GHG.CO2.LU.FL.MT.CE.AR5",0,-26.7743
"3467","YR2015","NZL","EN.GHG.CO2.LU.DF.MT.CE.AR5",0,5.8087
"3468","YR2015","NZL","EN.GHG.CO2.LU.OS.MT.CE.AR5",0,1.8591
"3469","YR2015","NZL","EN.GHG.CO2.LU.OL.MT.CE.AR5",0,-0.1617
"3470","YR2016","NZL","EN.GHG.CO2.LU.MT.CE.AR5",0,-25.389
"3471","YR2016","NZL","EN.GHG.CO2.LU.FL.MT.CE.AR5",0,-25.881
"3472","YR2016","NZL","EN.GHG.CO2.LU.DF.MT.CE.AR5",0,6.5561
"3473","YR2016","NZL","EN.GHG.CO2.LU.OS.MT.CE.AR5",0,1.8585
"3474","YR2016","NZL","EN.GHG.CO2.LU.OL.MT.CE.AR5",0,-0.1883
"3475","YR2017","NZL","EN.GHG.CO2.LU.MT.CE.AR5",0,-23.8509
"3476","YR2017","NZL","EN.GHG.CO2.LU.FL.MT.CE.AR5",0,-23.18
"3477","YR2017","NZL","EN.GHG.CO2.LU.DF.MT.CE.AR5",0,5.9561
"3478","YR2017","NZL","EN.GHG.CO2.LU.OS.MT.CE.AR5",0,1.8594
"3479","YR2017","NZL","EN.GHG.CO2.LU.OL.MT.CE.AR5",0,0.0256
"3480","YR2018","NZL","EN.GHG.CO2.LU.MT.CE.AR5",0,-22.7236
"3481","YR2018","NZL","EN.GHG.CO2.LU.FL.MT.CE.AR5",0,-20.4611
"3482","YR2018","NZL","EN.GHG.CO2.LU.DF.MT.CE.AR5",0,4.9935
"3483","YR2018","NZL","EN.GHG.CO2.LU.OS.MT.CE.AR5",0,1.8609
"3484","YR2018","NZL","EN.GHG.CO2.LU.OL.MT.CE.AR5",0,0.0434
"3485","YR2019","NZL","EN.GHG.CO2.LU.MT.CE.AR5",0,-21.9443
"3486","YR2019","NZL","EN.GHG.CO2.LU.FL.MT.CE.AR5",0,-18.2018
"3487","YR2019","NZL","EN.GHG.CO2.LU.DF.MT.CE.AR5",0,3.2167
"3488","YR2019","NZL","EN.GHG.CO2.LU.OS.MT.CE.AR5",0,1.862
"3489","YR2019","NZL","EN.GHG.CO2.LU.OL.MT.CE.AR5",0,0.055
"3490","YR2020","NZL","EN.GHG.CO2.LU.MT.CE.AR5",0,-21.3006
"3491","YR2020","NZL","EN.GHG.CO2.LU.FL.MT.CE.AR5",0,-21.6811
"3492","YR2020","NZL","EN.GHG.CO2.LU.DF.MT.CE.AR5",0,5.0977
"3493","YR2020","NZL","EN.GHG.CO2.LU.OS.MT.CE.AR5",0,1.8632
"3494","YR2020","NZL","EN.GHG.CO2.LU.OL.MT.CE.AR5",0,0.0767
"3495","YR2021","NZL","EN.GHG.CO2.LU.MT.CE.AR5",0,-20.943
"3496","YR2021","NZL","EN.GHG.CO2.LU.FL.MT.CE.AR5",0,-17.2791
"3497","YR2021","NZL","EN.GHG.CO2.LU.DF.MT.CE.AR5",0,3.2212
"3498","YR2021","NZL","EN.GHG.CO2.LU.OS.MT.CE.AR5",0,1.8645
"3499","YR2021","NZL","EN.GHG.CO2.LU.OL.MT.CE.AR5",0,0.0564
"3500","YR2022","NZL","EN.GHG.CO2.LU.MT.CE.AR5",0,-19.6616
"3501","YR2022","NZL","EN.GHG.CO2.LU.FL.MT.CE.AR5",0,-17.5101
"3502","YR2022","NZL","EN.GHG.CO2.LU.DF.MT.CE.AR5",0,2.4954
"3503","YR2022","NZL","EN.GHG.CO2.LU.OS.MT.CE.AR5",0,1.8654
"3504","YR2022","NZL","EN.GHG.CO2.LU.OL.MT.CE.AR5",0,0.07
"3505","YR2023","NZL","EN.GHG.CO2.LU.MT.CE.AR5",0,-20.511
"3506","YR2023","NZL","EN.GHG.CO2.LU.FL.MT.CE.AR5",0,-18.4976
"3507","YR2023","NZL","EN.GHG.CO2.LU.DF.MT.CE.AR5",0,1.8448
"3508","YR2023","NZL","EN.GHG.CO2.LU.OS.MT.CE.AR5",0,1.8665
"3509","YR2023","NZL","EN.GHG.CO2.LU.OL.MT.CE.AR5",0,0.07
"3510","YR2000","POL","EN.GHG.CO2.LU.MT.CE.AR5",0,-40.7678
"3511","YR2000","POL","EN.GHG.CO2.LU.FL.MT.CE.AR5",0,-38.0679
"3512","YR2000","POL","EN.GHG.CO2.LU.DF.MT.CE.AR5",0,0.2835
"3513","YR2000","POL","EN.GHG.CO2.LU.OS.MT.CE.AR5",0,4.7037
"3514","YR2000","POL","EN.GHG.CO2.LU.OL.MT.CE.AR5",0,-5.0542
"3515","YR2001","POL","EN.GHG.CO2.LU.MT.CE.AR5",0,-32.8955
"3516","YR2001","POL","EN.GHG.CO2.LU.FL.MT.CE.AR5",0,-30.1472
"3517","YR2001","POL","EN.GHG.CO2.LU.DF.MT.CE.AR5",0,0.2377
"3518","YR2001","POL","EN.GHG.CO2.LU.OS.MT.CE.AR5",0,4.6996
"3519","YR2001","POL","EN.GHG.CO2.LU.OL.MT.CE.AR5",0,-5.3362
"3520","YR2002","POL","EN.GHG.CO2.LU.MT.CE.AR5",0,-41.6551
"3521","YR2002","POL","EN.GHG.CO2.LU.FL.MT.CE.AR5",0,-38.6167
"3522","YR2002","POL","EN.GHG.CO2.LU.DF.MT.CE.AR5",0,0.2086
"3523","YR2002","POL","EN.GHG.CO2.LU.OS.MT.CE.AR5",0,4.7175
"3524","YR2002","POL","EN.GHG.CO2.LU.OL.MT.CE.AR5",0,-5.4136
"3525","YR2003","POL","EN.GHG.CO2.LU.MT.CE.AR5",0,-43.8349
"3526","YR2003","POL","EN.GHG.CO2.LU.FL.MT.CE.AR5",0,-40.582
"3527","YR2003","POL","EN.GHG.CO2.LU.DF.MT.CE.AR5",0,0.2672
"3528","YR2003","POL","EN.GHG.CO2.LU.OS.MT.CE.AR5",0,4.7262
"3529","YR2003","POL","EN.GHG.CO2.LU.OL.MT.CE.AR5",0,-5.2641
"3530","YR2004","POL","EN.GHG.CO2.LU.MT.CE.AR5",0,-54.8853
"3531","YR2004","POL","EN.GHG.CO2.LU.FL.MT.CE.AR5",0,-51.0747
"3532","YR2004","POL","EN.GHG.CO2.LU.DF.MT.CE.AR5",0,0.2574
"3533","YR2004","POL","EN.GHG.CO2.LU.OS.MT.CE.AR5",0,4.7356
"3534","YR2004","POL","EN.GHG.CO2.LU.OL.MT.CE.AR5",0,-5.1729
"3535","YR2005","POL","EN.GHG.CO2.LU.MT.CE.AR5",0,-54.1937
"3536","YR2005","POL","EN.GHG.CO2.LU.FL.MT.CE.AR5",0,-51.0042
"3537","YR2005","POL","EN.GHG.CO2.LU.DF.MT.CE.AR5",0,0.2119
"3538","YR2005","POL","EN.GHG.CO2.LU.OS.MT.CE.AR5",0,4.7418
"3539","YR2005","POL","EN.GHG.CO2.LU.OL.MT.CE.AR5",0,-4.8571
"3540","YR2006","POL","EN.GHG.CO2.LU.MT.CE.AR5",0,-48.2015
"3541","YR2006","POL","EN.GHG.CO2.LU.FL.MT.CE.AR5",0,-44.99
"3542","YR2006","POL","EN.GHG.CO2.LU.DF.MT.CE.AR5",0,0.2373
"3543","YR2006","POL","EN.GHG.CO2.LU.OS.MT.CE.AR5",0,4.743
"3544","YR2006","POL","EN.GHG.CO2.LU.OL.MT.CE.AR5",0,-4.7293
"3545","YR2007","POL","EN.GHG.CO2.LU.MT.CE.AR5",0,-41.3439
"3546","YR2007","POL","EN.GHG.CO2.LU.FL.MT.CE.AR5",0,-37.5651
"3547","YR2007","POL","EN.GHG.CO2.LU.DF.MT.CE.AR5",0,0.2363
"3548","YR2007","POL","EN.GHG.CO2.LU.OS.MT.CE.AR5",0,4.7463
"3549","YR2007","POL","EN.GHG.CO2.LU.OL.MT.CE.AR5",0,-4.6644
"3550","YR2008","POL","EN.GHG.CO2.LU.MT.CE.AR5",0,-40.9057
"3551","YR2008","POL","EN.GHG.CO2.LU.FL.MT.CE.AR5",0,-37.9398
"3552","YR2008","POL","EN.GHG.CO2.LU.DF.MT.CE.AR5",0,0.2403
"3553","YR2008","POL","EN.GHG.CO2.LU.OS.MT.CE.AR5",0,4.7477
"3554","YR2008","POL","EN.GHG.CO2.LU.OL.MT.CE.AR5",0,-4.3079
"3555","YR2009","POL","EN.GHG.CO2.LU.MT.CE.AR5",0,-40.8676
"3556","YR2009","POL","EN.GHG.CO2.LU.FL.MT.CE.AR5",0,-37.6566
"3557","YR2009","POL","EN.GHG.CO2.LU.DF.MT.CE.AR5",0,0.2513
"3558","YR2009","POL","EN.GHG.CO2.LU.OS.MT.CE.AR5",0,4.7488
"3559","YR2009","POL","EN.GHG.CO2.LU.OL.MT.CE.AR5",0,-4.7482
"3560","YR2010","POL","EN.GHG.CO2.LU.MT.CE.AR5",0,-39.1029
"3561","YR2010","POL","EN.GHG.CO2.LU.FL.MT.CE.AR5",0,-35.7858
"3562","YR2010","POL","EN.GHG.CO2.LU.DF.MT.CE.AR5",0,0.229
"3563","YR2010","POL","EN.GHG.CO2.LU.OS.MT.CE.AR5",0,4.7461
"3564","YR2010","POL","EN.GHG.CO2.LU.OL.MT.CE.AR5",0,-4.461
"3565","YR2011","POL","EN.GHG.CO2.LU.MT.CE.AR5",0,-44.5673
"3566","YR2011","POL","EN.GHG.CO2.LU.FL.MT.CE.AR5",0,-41.2245
"3567","YR2011","POL","EN.GHG.CO2.LU.DF.MT.CE.AR5",0,0.2469
"3568","YR2011","POL","EN.GHG.CO2.LU.OS.MT.CE.AR5",0,4.7434
"3569","YR2011","POL","EN.GHG.CO2.LU.OL.MT.CE.AR5",0,-4.5653
"3570","YR2012","POL","EN.GHG.CO2.LU.MT.CE.AR5",0,-45.0057
"3571","YR2012","POL","EN.GHG.CO2.LU.FL.MT.CE.AR5",0,-41.7
"3572","YR2012","POL","EN.GHG.CO2.LU.DF.MT.CE.AR5",0,0.2191
"3573","YR2012","POL","EN.GHG.CO2.LU.OS.MT.CE.AR5",0,4.7406
"3574","YR2012","POL","EN.GHG.CO2.LU.OL.MT.CE.AR5",0,-4.5103
"3575","YR2013","POL","EN.GHG.CO2.LU.MT.CE.AR5",0,-47.1545
"3576","YR2013","POL","EN.GHG.CO2.LU.FL.MT.CE.AR5",0,-43.9944
"3577","YR2013","POL","EN.GHG.CO2.LU.DF.MT.CE.AR5",0,0.2212
"3578","YR2013","POL","EN.GHG.CO2.LU.OS.MT.CE.AR5",0,4.7438
"3579","YR2013","POL","EN.GHG.CO2.LU.OL.MT.CE.AR5",0,-4.2848
"3580","YR2014","POL","EN.GHG.CO2.LU.MT.CE.AR5",0,-39.7322
"3581","YR2014","POL","EN.GHG.CO2.LU.FL.MT.CE.AR5",0,-37.3384
"3582","YR2014","POL","EN.GHG.CO2.LU.DF.MT.CE.AR5",0,0.3001
"3583","YR2014","POL","EN.GHG.CO2.LU.OS.MT.CE.AR5",0,4.7387
"3584","YR2014","POL","EN.GHG.CO2.LU.OL.MT.CE.AR5",0,-3.5537
"3585","YR2015","POL","EN.GHG.CO2.LU.MT.CE.AR5",0,-36.167
"3586","YR2015","POL","EN.GHG.CO2.LU.FL.MT.CE.AR5",0,-33.2531
"3587","YR2015","POL","EN.GHG.CO2.LU.DF.MT.CE.AR5",0,0.2831
"3588","YR2015","POL","EN.GHG.CO2.LU.OS.MT.CE.AR5",0,4.745
"3589","YR2015","POL","EN.GHG.CO2.LU.OL.MT.CE.AR5",0,-3.9344
"3590","YR2016","POL","EN.GHG.CO2.LU.MT.CE.AR5",0,-43.6188
"3591","YR2016","POL","EN.GHG.CO2.LU.FL.MT.CE.AR5",0,-44.0759
"3592","YR2016","POL","EN.GHG.CO2.LU.DF.MT.CE.AR5",0,3.7721
"3593","YR2016","POL","EN.GHG.CO2.LU.OS.MT.CE.AR5",0,4.7454
"3594","YR2016","POL","EN.GHG.CO2.LU.OL.MT.CE.AR5",0,-3.7409
"3595","YR2017","POL","EN.GHG.CO2.LU.MT.CE.AR5",0,-44.3394
"3596","YR2017","POL","EN.GHG.CO2.LU.FL.MT.CE.AR5",0,-41.7255
"3597","YR2017","POL","EN.GHG.CO2.LU.DF.MT.CE.AR5",0,0.5071
"3598","YR2017","POL","EN.GHG.CO2.LU.OS.MT.CE.AR5",0,4.7435
"3599","YR2017","POL","EN.GHG.CO2.LU.OL.MT.CE.AR5",0,-3.2955
"3600","YR2018","POL","EN.GHG.CO2.LU.MT.CE.AR5",0,-43.8061
"3601","YR2018","POL","EN.GHG.CO2.LU.FL.MT.CE.AR5",0,-40.3053
"3602","YR2018","POL","EN.GHG.CO2.LU.DF.MT.CE.AR5",0,0.3374
"3603","YR2018","POL","EN.GHG.CO2.LU.OS.MT.CE.AR5",0,4.7415
"3604","YR2018","POL","EN.GHG.CO2.LU.OL.MT.CE.AR5",0,-3.8064
"3605","YR2019","POL","EN.GHG.CO2.LU.MT.CE.AR5",0,-25.2356
"3606","YR2019","POL","EN.GHG.CO2.LU.FL.MT.CE.AR5",0,-22.229
"3607","YR2019","POL","EN.GHG.CO2.LU.DF.MT.CE.AR5",0,0.3493
"3608","YR2019","POL","EN.GHG.CO2.LU.OS.MT.CE.AR5",0,4.7395
"3609","YR2019","POL","EN.GHG.CO2.LU.OL.MT.CE.AR5",0,-3.3652
"3610","YR2020","POL","EN.GHG.CO2.LU.MT.CE.AR5",0,-26.109
"3611","YR2020","POL","EN.GHG.CO2.LU.FL.MT.CE.AR5",0,-22.9888
"3612","YR2020","POL","EN.GHG.CO2.LU.DF.MT.CE.AR5",0,0.2966
"3613","YR2020","POL","EN.GHG.CO2.LU.OS.MT.CE.AR5",0,4.7375
"3614","YR2020","POL","EN.GHG.CO2.LU.OL.MT.CE.AR5",0,-3.3282
"3615","YR2021","POL","EN.GHG.CO2.LU.MT.CE.AR5",0,-26.8584
"3616","YR2021","POL","EN.GHG.CO2.LU.FL.MT.CE.AR5",0,-22.9785
"3617","YR2021","POL","EN.GHG.CO2.LU.DF.MT.CE.AR5",0,0.3217
"3618","YR2021","POL","EN.GHG.CO2.LU.OS.MT.CE.AR5",0,4.7394
"3619","YR2021","POL","EN.GHG.CO2.LU.OL.MT.CE.AR5",0,-3.5569
"3620","YR2022","POL","EN.GHG.CO2.LU.MT.CE.AR5",0,-38.5045
"3621","YR2022","POL","EN.GHG.CO2.LU.FL.MT.CE.AR5",0,-35.3856
"3622","YR2022","POL","EN.GHG.CO2.LU.DF.MT.CE.AR5",0,0.4724
"3623","YR2022","POL","EN.GHG.CO2.LU.OS.MT.CE.AR5",0,4.7446
"3624","YR2022","POL","EN.GHG.CO2.LU.OL.MT.CE.AR5",0,-3.6337
"3625","YR2023","POL","EN.GHG.CO2.LU.MT.CE.AR5",0,-35.8278
"3626","YR2023","POL","EN.GHG.CO2.LU.FL.MT.CE.AR5",0,-41.1485
"3627","YR2023","POL","EN.GHG.CO2.LU.DF.MT.CE.AR5",0,8.9472
"3628","YR2023","POL","EN.GHG.CO2.LU.OS.MT.CE.AR5",0,4.7496
"3629","YR2023","POL","EN.GHG.CO2.LU.OL.MT.CE.AR5",0,-3.6337
"3630","YR2000","PRT","EN.GHG.CO2.LU.MT.CE.AR5",0,1.1599
"3631","YR2000","PRT","EN.GHG.CO2.LU.FL.MT.CE.AR5",0,-2.1699
"3632","YR2000","PRT","EN.GHG.CO2.LU.DF.MT.CE.AR5",0,1.777
"3633","YR2000","PRT","EN.GHG.CO2.LU.OL.MT.CE.AR5",0,2.8502
"3634","YR2001","PRT","EN.GHG.CO2.LU.MT.CE.AR5",0,-3.1835
"3635","YR2001","PRT","EN.GHG.CO2.LU.FL.MT.CE.AR5",0,-4.8427
"3636","YR2001","PRT","EN.GHG.CO2.LU.DF.MT.CE.AR5",0,1.8057
"3637","YR2001","PRT","EN.GHG.CO2.LU.OL.MT.CE.AR5",0,0.9563
"3638","YR2002","PRT","EN.GHG.CO2.LU.MT.CE.AR5",0,-3.2654
"3639","YR2002","PRT","EN.GHG.CO2.LU.FL.MT.CE.AR5",0,-5.211
"3640","YR2002","PRT","EN.GHG.CO2.LU.DF.MT.CE.AR5",0,1.8279
"3641","YR2002","PRT","EN.GHG.CO2.LU.OL.MT.CE.AR5",0,1.3029
"3642","YR2003","PRT","EN.GHG.CO2.LU.MT.CE.AR5",0,6.7859
"3643","YR2003","PRT","EN.GHG.CO2.LU.FL.MT.CE.AR5",0,-4.1034
"3644","YR2003","PRT","EN.GHG.CO2.LU.DF.MT.CE.AR5",0,1.8543
"3645","YR2003","PRT","EN.GHG.CO2.LU.OL.MT.CE.AR5",0,10.4208
"3646","YR2004","PRT","EN.GHG.CO2.LU.MT.CE.AR5",0,-2.3102
"3647","YR2004","PRT","EN.GHG.CO2.LU.FL.MT.CE.AR5",0,-2.7417
"3648","YR2004","PRT","EN.GHG.CO2.LU.DF.MT.CE.AR5",0,1.8517
"3649","YR2004","PRT","EN.GHG.CO2.LU.OL.MT.CE.AR5",0,-0.1744
"3650","YR2005","PRT","EN.GHG.CO2.LU.MT.CE.AR5",0,3.5343
"3651","YR2005","PRT","EN.GHG.CO2.LU.FL.MT.CE.AR5",0,-2.9935
"3652","YR2005","PRT","EN.GHG.CO2.LU.DF.MT.CE.AR5",0,1.8699
"3653","YR2005","PRT","EN.GHG.CO2.LU.OL.MT.CE.AR5",0,5.8609
"3654","YR2006","PRT","EN.GHG.CO2.LU.MT.CE.AR5",0,-2.5275
"3655","YR2006","PRT","EN.GHG.CO2.LU.FL.MT.CE.AR5",0,-1.0914
"3656","YR2006","PRT","EN.GHG.CO2.LU.DF.MT.CE.AR5",0,1.8746
"3657","YR2006","PRT","EN.GHG.CO2.LU.OL.MT.CE.AR5",0,-2.152
"3658","YR2007","PRT","EN.GHG.CO2.LU.MT.CE.AR5",0,-2.8257
"3659","YR2007","PRT","EN.GHG.CO2.LU.FL.MT.CE.AR5",0,-1.2666
"3660","YR2007","PRT","EN.GHG.CO2.LU.DF.MT.CE.AR5",0,1.8962
"3661","YR2007","PRT","EN.GHG.CO2.LU.OL.MT.CE.AR5",0,-2.5701
"3662","YR2008","PRT","EN.GHG.CO2.LU.MT.CE.AR5",0,-6.3227
"3663","YR2008","PRT","EN.GHG.CO2.LU.FL.MT.CE.AR5",0,-3.6467
"3664","YR2008","PRT","EN.GHG.CO2.LU.DF.MT.CE.AR5",0,1.0926
"3665","YR2008","PRT","EN.GHG.CO2.LU.OL.MT.CE.AR5",0,-2.9186
"3666","YR2009","PRT","EN.GHG.CO2.LU.MT.CE.AR5",0,-5.0548
"3667","YR2009","PRT","EN.GHG.CO2.LU.FL.MT.CE.AR5",0,-4.5172
"3668","YR2009","PRT","EN.GHG.CO2.LU.DF.MT.CE.AR5",0,1.1408
"3669","YR2009","PRT","EN.GHG.CO2.LU.OL.MT.CE.AR5",0,-0.7432
"3670","YR2010","PRT","EN.GHG.CO2.LU.MT.CE.AR5",0,-3.5996
"3671","YR2010","PRT","EN.GHG.CO2.LU.FL.MT.CE.AR5",0,-4.4623
"3672","YR2010","PRT","EN.GHG.CO2.LU.DF.MT.CE.AR5",0,1.1804
"3673","YR2010","PRT","EN.GHG.CO2.LU.OL.MT.CE.AR5",0,0.2187
"3674","YR2011","PRT","EN.GHG.CO2.LU.MT.CE.AR5",0,-3.4766
"3675","YR2011","PRT","EN.GHG.CO2.LU.FL.MT.CE.AR5",0,-2.5539
"3676","YR2011","PRT","EN.GHG.CO2.LU.DF.MT.CE.AR5",0,1.0984
"3677","YR2011","PRT","EN.GHG.CO2.LU.OL.MT.CE.AR5",0,-1.3727
"3678","YR2012","PRT","EN.GHG.CO2.LU.MT.CE.AR5",0,-2.7836
"3679","YR2012","PRT","EN.GHG.CO2.LU.FL.MT.CE.AR5",0,-2.7871
"3680","YR2012","PRT","EN.GHG.CO2.LU.DF.MT.CE.AR5",0,1.1319
"3681","YR2012","PRT","EN.GHG.CO2.LU.OL.MT.CE.AR5",0,-0.3082
"3682","YR2013","PRT","EN.GHG.CO2.LU.MT.CE.AR5",0,-1.5971
"3683","YR2013","PRT","EN.GHG.CO2.LU.FL.MT.CE.AR5",0,-2.8863
"3684","YR2013","PRT","EN.GHG.CO2.LU.DF.MT.CE.AR5",0,1.2043
"3685","YR2013","PRT","EN.GHG.CO2.LU.OL.MT.CE.AR5",0,0.2723
"3686","YR2014","PRT","EN.GHG.CO2.LU.MT.CE.AR5",0,-4.1013
"3687","YR2014","PRT","EN.GHG.CO2.LU.FL.MT.CE.AR5",0,-1.9851
"3688","YR2014","PRT","EN.GHG.CO2.LU.DF.MT.CE.AR5",0,1.2286
"3689","YR2014","PRT","EN.GHG.CO2.LU.OL.MT.CE.AR5",0,-2.8907
"3690","YR2015","PRT","EN.GHG.CO2.LU.MT.CE.AR5",0,-2.9042
"3691","YR2015","PRT","EN.GHG.CO2.LU.FL.MT.CE.AR5",0,-1.6258
"3692","YR2015","PRT","EN.GHG.CO2.LU.DF.MT.CE.AR5",0,1.2523
"3693","YR2015","PRT","EN.GHG.CO2.LU.OL.MT.CE.AR5",0,-1.752
"3694","YR2016","PRT","EN.GHG.CO2.LU.MT.CE.AR5",0,-0.7948
"3695","YR2016","PRT","EN.GHG.CO2.LU.FL.MT.CE.AR5",0,-1.8334
"3696","YR2016","PRT","EN.GHG.CO2.LU.DF.MT.CE.AR5",0,1.15
"3697","YR2016","PRT","EN.GHG.CO2.LU.OL.MT.CE.AR5",0,0.4965
"3698","YR2017","PRT","EN.GHG.CO2.LU.MT.CE.AR5",0,13.8547
"3699","YR2017","PRT","EN.GHG.CO2.LU.FL.MT.CE.AR5",0,-1.1183
"3700","YR2017","PRT","EN.GHG.CO2.LU.DF.MT.CE.AR5",0,1.1434
"3701","YR2017","PRT","EN.GHG.CO2.LU.OL.MT.CE.AR5",0,14.2703
"3702","YR2018","PRT","EN.GHG.CO2.LU.MT.CE.AR5",0,-4.2036
"3703","YR2018","PRT","EN.GHG.CO2.LU.FL.MT.CE.AR5",0,-1.8863
"3704","YR2018","PRT","EN.GHG.CO2.LU.DF.MT.CE.AR5",0,1.1132
"3705","YR2018","PRT","EN.GHG.CO2.LU.OL.MT.CE.AR5",0,-2.9046
"3706","YR2019","PRT","EN.GHG.CO2.LU.MT.CE.AR5",0,-3.5202
"3707","YR2019","PRT","EN.GHG.CO2.LU.FL.MT.CE.AR5",0,-1.6315
"3708","YR2019","PRT","EN.GHG.CO2.LU.DF.MT.CE.AR5",0,1.1028
"3709","YR2019","PRT","EN.GHG.CO2.LU.OL.MT.CE.AR5",0,-2.5061
"3710","YR2020","PRT","EN.GHG.CO2.LU.MT.CE.AR5",0,-3.7906
"3711","YR2020","PRT","EN.GHG.CO2.LU.FL.MT.CE.AR5",0,-3.0391
"3712","YR2020","PRT","EN.GHG.CO2.LU.DF.MT.CE.AR5",0,1.0898
"3713","YR2020","PRT","EN.GHG.CO2.LU.OL.MT.CE.AR5",0,-1.7131
"3714","YR2021","PRT","EN.GHG.CO2.LU.MT.CE.AR5",0,-2.8381
"3715","YR2021","PRT","EN.GHG.CO2.LU.FL.MT.CE.AR5",0,-1.4525
"3716","YR2021","PRT","EN.GHG.CO2.LU.DF.MT.CE.AR5",0,1.0767
"3717","YR2021","PRT","EN.GHG.CO2.LU.OL.MT.CE.AR5",0,-1.9584
"3718","YR2022","PRT","EN.GHG.CO2.LU.MT.CE.AR5",0,-0.7686
"3719","YR2022","PRT","EN.GHG.CO2.LU.FL.MT.CE.AR5",0,-1.3612
"3720","YR2022","PRT","EN.GHG.CO2.LU.DF.MT.CE.AR5",0,1.0611
"3721","YR2022","PRT","EN.GHG.CO2.LU.OL.MT.CE.AR5",0,-0.1075
"3722","YR2023","PRT","EN.GHG.CO2.LU.MT.CE.AR5",0,-2.2421
"3723","YR2023","PRT","EN.GHG.CO2.LU.FL.MT.CE.AR5",0,-1.4372
"3724","YR2023","PRT","EN.GHG.CO2.LU.DF.MT.CE.AR5",0,1.0427
"3725","YR2023","PRT","EN.GHG.CO2.LU.OL.MT.CE.AR5",0,-0.1075
"3726","YR2000","ROU","EN.GHG.CO2.LU.MT.CE.AR5",0,-30.2951
"3727","YR2000","ROU","EN.GHG.CO2.LU.FL.MT.CE.AR5",0,-30.8865
"3728","YR2000","ROU","EN.GHG.CO2.LU.DF.MT.CE.AR5",0,1.3077
"3729","YR2000","ROU","EN.GHG.CO2.LU.OS.MT.CE.AR5",0,0.2284
"3730","YR2000","ROU","EN.GHG.CO2.LU.OL.MT.CE.AR5",0,-0.9655
"3731","YR2001","ROU","EN.GHG.CO2.LU.MT.CE.AR5",0,-31.0964
"3732","YR2001","ROU","EN.GHG.CO2.LU.FL.MT.CE.AR5",0,-31.7325
"3733","YR2001","ROU","EN.GHG.CO2.LU.DF.MT.CE.AR5",0,1.2982
"3734","YR2001","ROU","EN.GHG.CO2.LU.OS.MT.CE.AR5",0,0.2284
"3735","YR2001","ROU","EN.GHG.CO2.LU.OL.MT.CE.AR5",0,-1.0216
"3736","YR2002","ROU","EN.GHG.CO2.LU.MT.CE.AR5",0,-29.6258
"3737","YR2002","ROU","EN.GHG.CO2.LU.FL.MT.CE.AR5",0,-29.6729
"3738","YR2002","ROU","EN.GHG.CO2.LU.DF.MT.CE.AR5",0,1.2622
"3739","YR2002","ROU","EN.GHG.CO2.LU.OS.MT.CE.AR5",0,0.2284
"3740","YR2002","ROU","EN.GHG.CO2.LU.OL.MT.CE.AR5",0,-0.9696
"3741","YR2003","ROU","EN.GHG.CO2.LU.MT.CE.AR5",0,-30.2727
"3742","YR2003","ROU","EN.GHG.CO2.LU.FL.MT.CE.AR5",0,-29.4878
"3743","YR2003","ROU","EN.GHG.CO2.LU.DF.MT.CE.AR5",0,1.2536
"3744","YR2003","ROU","EN.GHG.CO2.LU.OS.MT.CE.AR5",0,0.2284
"3745","YR2003","ROU","EN.GHG.CO2.LU.OL.MT.CE.AR5",0,-1.0292
"3746","YR2004","ROU","EN.GHG.CO2.LU.MT.CE.AR5",0,-30.1973
"3747","YR2004","ROU","EN.GHG.CO2.LU.FL.MT.CE.AR5",0,-29.0212
"3748","YR2004","ROU","EN.GHG.CO2.LU.DF.MT.CE.AR5",0,1.2591
"3749","YR2004","ROU","EN.GHG.CO2.LU.OS.MT.CE.AR5",0,0.2284
"3750","YR2004","ROU","EN.GHG.CO2.LU.OL.MT.CE.AR5",0,-1.0431
"3751","YR2005","ROU","EN.GHG.CO2.LU.MT.CE.AR5",0,-31.1373
"3752","YR2005","ROU","EN.GHG.CO2.LU.FL.MT.CE.AR5",0,-30.4495
"3753","YR2005","ROU","EN.GHG.CO2.LU.DF.MT.CE.AR5",0,1.2678
"3754","YR2005","ROU","EN.GHG.CO2.LU.OS.MT.CE.AR5",0,0.2284
"3755","YR2005","ROU","EN.GHG.CO2.LU.OL.MT.CE.AR5",0,-1.0425
"3756","YR2006","ROU","EN.GHG.CO2.LU.MT.CE.AR5",0,-30.7809
"3757","YR2006","ROU","EN.GHG.CO2.LU.FL.MT.CE.AR5",0,-30.5088
"3758","YR2006","ROU","EN.GHG.CO2.LU.DF.MT.CE.AR5",0,1.2874
"3759","YR2006","ROU","EN.GHG.CO2.LU.OS.MT.CE.AR5",0,0.2284
"3760","YR2006","ROU","EN.GHG.CO2.LU.OL.MT.CE.AR5",0,-1.0255
"3761","YR2007","ROU","EN.GHG.CO2.LU.MT.CE.AR5",0,-31.8481
"3762","YR2007","ROU","EN.GHG.CO2.LU.FL.MT.CE.AR5",0,-29.7148
"3763","YR2007","ROU","EN.GHG.CO2.LU.DF.MT.CE.AR5",0,1.2758
"3764","YR2007","ROU","EN.GHG.CO2.LU.OS.MT.CE.AR5",0,0.2284
"3765","YR2007","ROU","EN.GHG.CO2.LU.OL.MT.CE.AR5",0,-2.1399
"3766","YR2008","ROU","EN.GHG.CO2.LU.MT.CE.AR5",0,-32.3906
"3767","YR2008","ROU","EN.GHG.CO2.LU.FL.MT.CE.AR5",0,-30.3847
"3768","YR2008","ROU","EN.GHG.CO2.LU.DF.MT.CE.AR5",0,1.3011
"3769","YR2008","ROU","EN.GHG.CO2.LU.OS.MT.CE.AR5",0,0.2284
"3770","YR2008","ROU","EN.GHG.CO2.LU.OL.MT.CE.AR5",0,-1.9897
"3771","YR2009","ROU","EN.GHG.CO2.LU.MT.CE.AR5",0,-29.3846
"3772","YR2009","ROU","EN.GHG.CO2.LU.FL.MT.CE.AR5",0,-30.6319
"3773","YR2009","ROU","EN.GHG.CO2.LU.DF.MT.CE.AR5",0,1.3169
"3774","YR2009","ROU","EN.GHG.CO2.LU.OS.MT.CE.AR5",0,0.2284
"3775","YR2009","ROU","EN.GHG.CO2.LU.OL.MT.CE.AR5",0,0.9443
"3776","YR2010","ROU","EN.GHG.CO2.LU.MT.CE.AR5",0,-35.3108
"3777","YR2010","ROU","EN.GHG.CO2.LU.FL.MT.CE.AR5",0,-30.3481
"3778","YR2010","ROU","EN.GHG.CO2.LU.DF.MT.CE.AR5",0,1.3302
"3779","YR2010","ROU","EN.GHG.CO2.LU.OS.MT.CE.AR5",0,0.2284
"3780","YR2010","ROU","EN.GHG.CO2.LU.OL.MT.CE.AR5",0,-4.0949
"3781","YR2011","ROU","EN.GHG.CO2.LU.MT.CE.AR5",0,-35.9369
"3782","YR2011","ROU","EN.GHG.CO2.LU.FL.MT.CE.AR5",0,-29.0247
"3783","YR2011","ROU","EN.GHG.CO2.LU.DF.MT.CE.AR5",0,1.3423
"3784","YR2011","ROU","EN.GHG.CO2.LU.OS.MT.CE.AR5",0,0.2284
"3785","YR2011","ROU","EN.GHG.CO2.LU.OL.MT.CE.AR5",0,-5.8227
"3786","YR2012","ROU","EN.GHG.CO2.LU.MT.CE.AR5",0,-38.5145
"3787","YR2012","ROU","EN.GHG.CO2.LU.FL.MT.CE.AR5",0,-28.5372
"3788","YR2012","ROU","EN.GHG.CO2.LU.DF.MT.CE.AR5",0,0.9825
"3789","YR2012","ROU","EN.GHG.CO2.LU.OS.MT.CE.AR5",0,0.2284
"3790","YR2012","ROU","EN.GHG.CO2.LU.OL.MT.CE.AR5",0,-6.7871
"3791","YR2013","ROU","EN.GHG.CO2.LU.MT.CE.AR5",0,-38.6511
"3792","YR2013","ROU","EN.GHG.CO2.LU.FL.MT.CE.AR5",0,-28.4564
"3793","YR2013","ROU","EN.GHG.CO2.LU.DF.MT.CE.AR5",0,0.9768
"3794","YR2013","ROU","EN.GHG.CO2.LU.OS.MT.CE.AR5",0,0.2284
"3795","YR2013","ROU","EN.GHG.CO2.LU.OL.MT.CE.AR5",0,-6.5386
"3796","YR2014","ROU","EN.GHG.CO2.LU.MT.CE.AR5",0,-49.3176
"3797","YR2014","ROU","EN.GHG.CO2.LU.FL.MT.CE.AR5",0,-29.5641
"3798","YR2014","ROU","EN.GHG.CO2.LU.DF.MT.CE.AR5",0,0.9756
"3799","YR2014","ROU","EN.GHG.CO2.LU.OS.MT.CE.AR5",0,0.2284
"3800","YR2014","ROU","EN.GHG.CO2.LU.OL.MT.CE.AR5",0,-16.4129
"3801","YR2015","ROU","EN.GHG.CO2.LU.MT.CE.AR5",0,-48.4795
"3802","YR2015","ROU","EN.GHG.CO2.LU.FL.MT.CE.AR5",0,-29.2844
"3803","YR2015","ROU","EN.GHG.CO2.LU.DF.MT.CE.AR5",0,1.1118
"3804","YR2015","ROU","EN.GHG.CO2.LU.OS.MT.CE.AR5",0,0.2284
"3805","YR2015","ROU","EN.GHG.CO2.LU.OL.MT.CE.AR5",0,-16.0516
"3806","YR2016","ROU","EN.GHG.CO2.LU.MT.CE.AR5",0,-50.577
"3807","YR2016","ROU","EN.GHG.CO2.LU.FL.MT.CE.AR5",0,-30.0278
"3808","YR2016","ROU","EN.GHG.CO2.LU.DF.MT.CE.AR5",0,1.1131
"3809","YR2016","ROU","EN.GHG.CO2.LU.OS.MT.CE.AR5",0,0.2284
"3810","YR2016","ROU","EN.GHG.CO2.LU.OL.MT.CE.AR5",0,-17.3716
"3811","YR2017","ROU","EN.GHG.CO2.LU.MT.CE.AR5",0,-48.779
"3812","YR2017","ROU","EN.GHG.CO2.LU.FL.MT.CE.AR5",0,-29.0285
"3813","YR2017","ROU","EN.GHG.CO2.LU.DF.MT.CE.AR5",0,1.1558
"3814","YR2017","ROU","EN.GHG.CO2.LU.OS.MT.CE.AR5",0,0.2284
"3815","YR2017","ROU","EN.GHG.CO2.LU.OL.MT.CE.AR5",0,-16.8364
"3816","YR2018","ROU","EN.GHG.CO2.LU.MT.CE.AR5",0,-46.8386
"3817","YR2018","ROU","EN.GHG.CO2.LU.FL.MT.CE.AR5",0,-28.3373
"3818","YR2018","ROU","EN.GHG.CO2.LU.DF.MT.CE.AR5",0,1.1543
"3819","YR2018","ROU","EN.GHG.CO2.LU.OS.MT.CE.AR5",0,0.2284
"3820","YR2018","ROU","EN.GHG.CO2.LU.OL.MT.CE.AR5",0,-16.4741
"3821","YR2019","ROU","EN.GHG.CO2.LU.MT.CE.AR5",0,-46.8404
"3822","YR2019","ROU","EN.GHG.CO2.LU.FL.MT.CE.AR5",0,-28.8962
"3823","YR2019","ROU","EN.GHG.CO2.LU.DF.MT.CE.AR5",0,1.1531
"3824","YR2019","ROU","EN.GHG.CO2.LU.OS.MT.CE.AR5",0,0.2284
"3825","YR2019","ROU","EN.GHG.CO2.LU.OL.MT.CE.AR5",0,-15.7724
"3826","YR2020","ROU","EN.GHG.CO2.LU.MT.CE.AR5",0,-49.2101
"3827","YR2020","ROU","EN.GHG.CO2.LU.FL.MT.CE.AR5",0,-28.6024
"3828","YR2020","ROU","EN.GHG.CO2.LU.DF.MT.CE.AR5",0,1.1361
"3829","YR2020","ROU","EN.GHG.CO2.LU.OS.MT.CE.AR5",0,0.2284
"3830","YR2020","ROU","EN.GHG.CO2.LU.OL.MT.CE.AR5",0,-18.7048
"3831","YR2021","ROU","EN.GHG.CO2.LU.MT.CE.AR5",0,-47.8666
"3832","YR2021","ROU","EN.GHG.CO2.LU.FL.MT.CE.AR5",0,-28.3049
"3833","YR2021","ROU","EN.GHG.CO2.LU.DF.MT.CE.AR5",0,1.1357
"3834","YR2021","ROU","EN.GHG.CO2.LU.OS.MT.CE.AR5",0,0.2284
"3835","YR2021","ROU","EN.GHG.CO2.LU.OL.MT.CE.AR5",0,-17.9833
"3836","YR2022","ROU","EN.GHG.CO2.LU.MT.CE.AR5",0,-45.8355
"3837","YR2022","ROU","EN.GHG.CO2.LU.FL.MT.CE.AR5",0,-27.9229
"3838","YR2022","ROU","EN.GHG.CO2.LU.DF.MT.CE.AR5",0,1.1417
"3839","YR2022","ROU","EN.GHG.CO2.LU.OS.MT.CE.AR5",0,0.2284
"3840","YR2022","ROU","EN.GHG.CO2.LU.OL.MT.CE.AR5",0,-17.7066
"3841","YR2023","ROU","EN.GHG.CO2.LU.MT.CE.AR5",0,-46.5587
"3842","YR2023","ROU","EN.GHG.CO2.LU.FL.MT.CE.AR5",0,-28.9
"3843","YR2023","ROU","EN.GHG.CO2.LU.DF.MT.CE.AR5",0,1.1233
"3844","YR2023","ROU","EN.GHG.CO2.LU.OS.MT.CE.AR5",0,0.2284
"3845","YR2023","ROU","EN.GHG.CO2.LU.OL.MT.CE.AR5",0,-17.7066
"3846","YR2000","RUS","EN.GHG.CO2.LU.MT.CE.AR5",0,-1409.7871
"3847","YR2000","RUS","EN.GHG.CO2.LU.FL.MT.CE.AR5",0,-1425.2704
"3848","YR2000","RUS","EN.GHG.CO2.LU.DF.MT.CE.AR5",0,9.8609
"3849","YR2000","RUS","EN.GHG.CO2.LU.OS.MT.CE.AR5",0,33.9129
"3850","YR2000","RUS","EN.GHG.CO2.LU.OL.MT.CE.AR5",0,-56.5282
"3851","YR2001","RUS","EN.GHG.CO2.LU.MT.CE.AR5",0,-1517.1343
"3852","YR2001","RUS","EN.GHG.CO2.LU.FL.MT.CE.AR5",0,-1532.0338
"3853","YR2001","RUS","EN.GHG.CO2.LU.DF.MT.CE.AR5",0,8.1116
"3854","YR2001","RUS","EN.GHG.CO2.LU.OS.MT.CE.AR5",0,33.4619
"3855","YR2001","RUS","EN.GHG.CO2.LU.OL.MT.CE.AR5",0,-54.0555
"3856","YR2002","RUS","EN.GHG.CO2.LU.MT.CE.AR5",0,-1453.9532
"3857","YR2002","RUS","EN.GHG.CO2.LU.FL.MT.CE.AR5",0,-1470.8508
"3858","YR2002","RUS","EN.GHG.CO2.LU.DF.MT.CE.AR5",0,8.2793
"3859","YR2002","RUS","EN.GHG.CO2.LU.OS.MT.CE.AR5",0,32.9881
"3860","YR2002","RUS","EN.GHG.CO2.LU.OL.MT.CE.AR5",0,-48.9896
"3861","YR2003","RUS","EN.GHG.CO2.LU.MT.CE.AR5",0,-1328.1466
"3862","YR2003","RUS","EN.GHG.CO2.LU.FL.MT.CE.AR5",0,-1288.7501
"3863","YR2003","RUS","EN.GHG.CO2.LU.DF.MT.CE.AR5",0,7.6004
"3864","YR2003","RUS","EN.GHG.CO2.LU.OS.MT.CE.AR5",0,31.8711
"3865","YR2003","RUS","EN.GHG.CO2.LU.OL.MT.CE.AR5",0,-101.0727
"3866","YR2004","RUS","EN.GHG.CO2.LU.MT.CE.AR5",0,-1731.2034
"3867","YR2004","RUS","EN.GHG.CO2.LU.FL.MT.CE.AR5",0,-1703.8127
"3868","YR2004","RUS","EN.GHG.CO2.LU.DF.MT.CE.AR5",0,7.5108
"3869","YR2004","RUS","EN.GHG.CO2.LU.OS.MT.CE.AR5",0,31.4219
"3870","YR2004","RUS","EN.GHG.CO2.LU.OL.MT.CE.AR5",0,-86.3915
"3871","YR2005","RUS","EN.GHG.CO2.LU.MT.CE.AR5",0,-1672.8608
"3872","YR2005","RUS","EN.GHG.CO2.LU.FL.MT.CE.AR5",0,-1628.521
"3873","YR2005","RUS","EN.GHG.CO2.LU.DF.MT.CE.AR5",0,7.0726
"3874","YR2005","RUS","EN.GHG.CO2.LU.OS.MT.CE.AR5",0,30.7502
"3875","YR2005","RUS","EN.GHG.CO2.LU.OL.MT.CE.AR5",0,-101.2675
"3876","YR2006","RUS","EN.GHG.CO2.LU.MT.CE.AR5",0,-1702.093
"3877","YR2006","RUS","EN.GHG.CO2.LU.FL.MT.CE.AR5",0,-1680.6357
"3878","YR2006","RUS","EN.GHG.CO2.LU.DF.MT.CE.AR5",0,7.119
"3879","YR2006","RUS","EN.GHG.CO2.LU.OS.MT.CE.AR5",0,30.2607
"3880","YR2006","RUS","EN.GHG.CO2.LU.OL.MT.CE.AR5",0,-74.7791
"3881","YR2007","RUS","EN.GHG.CO2.LU.MT.CE.AR5",0,-1744.6829
"3882","YR2007","RUS","EN.GHG.CO2.LU.FL.MT.CE.AR5",0,-1714.4785
"3883","YR2007","RUS","EN.GHG.CO2.LU.DF.MT.CE.AR5",0,7.0933
"3884","YR2007","RUS","EN.GHG.CO2.LU.OS.MT.CE.AR5",0,29.841
"3885","YR2007","RUS","EN.GHG.CO2.LU.OL.MT.CE.AR5",0,-85.2145
"3886","YR2008","RUS","EN.GHG.CO2.LU.MT.CE.AR5",0,-1673.976
"3887","YR2008","RUS","EN.GHG.CO2.LU.FL.MT.CE.AR5",0,-1683.4307
"3888","YR2008","RUS","EN.GHG.CO2.LU.DF.MT.CE.AR5",0,5.6075
"3889","YR2008","RUS","EN.GHG.CO2.LU.OS.MT.CE.AR5",0,29.7043
"3890","YR2008","RUS","EN.GHG.CO2.LU.OL.MT.CE.AR5",0,-48.8974
"3891","YR2009","RUS","EN.GHG.CO2.LU.MT.CE.AR5",0,-1727.4064
"3892","YR2009","RUS","EN.GHG.CO2.LU.FL.MT.CE.AR5",0,-1715.3825
"3893","YR2009","RUS","EN.GHG.CO2.LU.DF.MT.CE.AR5",0,8.2448
"3894","YR2009","RUS","EN.GHG.CO2.LU.OS.MT.CE.AR5",0,30.0101
"3895","YR2009","RUS","EN.GHG.CO2.LU.OL.MT.CE.AR5",0,-56.9736
"3896","YR2010","RUS","EN.GHG.CO2.LU.MT.CE.AR5",0,-1700.2755
"3897","YR2010","RUS","EN.GHG.CO2.LU.FL.MT.CE.AR5",0,-1618.4115
"3898","YR2010","RUS","EN.GHG.CO2.LU.DF.MT.CE.AR5",0,3.689
"3899","YR2010","RUS","EN.GHG.CO2.LU.OS.MT.CE.AR5",0,29.7937
"3900","YR2010","RUS","EN.GHG.CO2.LU.OL.MT.CE.AR5",0,-120.2552
"3901","YR2011","RUS","EN.GHG.CO2.LU.MT.CE.AR5",0,-1340.2362
"3902","YR2011","RUS","EN.GHG.CO2.LU.FL.MT.CE.AR5",0,-1294.9513
"3903","YR2011","RUS","EN.GHG.CO2.LU.DF.MT.CE.AR5",0,7.7485
"3904","YR2011","RUS","EN.GHG.CO2.LU.OS.MT.CE.AR5",0,29.6246
"3905","YR2011","RUS","EN.GHG.CO2.LU.OL.MT.CE.AR5",0,-88.5982
"3906","YR2012","RUS","EN.GHG.CO2.LU.MT.CE.AR5",0,-953.4346
"3907","YR2012","RUS","EN.GHG.CO2.LU.FL.MT.CE.AR5",0,-923.3898
"3908","YR2012","RUS","EN.GHG.CO2.LU.DF.MT.CE.AR5",0,6.7624
"3909","YR2012","RUS","EN.GHG.CO2.LU.OS.MT.CE.AR5",0,29.6383
"3910","YR2012","RUS","EN.GHG.CO2.LU.OL.MT.CE.AR5",0,-72.9556
"3911","YR2013","RUS","EN.GHG.CO2.LU.MT.CE.AR5",0,-1407.9297
"3912","YR2013","RUS","EN.GHG.CO2.LU.FL.MT.CE.AR5",0,-1385.8024
"3913","YR2013","RUS","EN.GHG.CO2.LU.DF.MT.CE.AR5",0,5.2524
"3914","YR2013","RUS","EN.GHG.CO2.LU.OS.MT.CE.AR5",0,30.1203
"3915","YR2013","RUS","EN.GHG.CO2.LU.OL.MT.CE.AR5",0,-63.4622
"3916","YR2014","RUS","EN.GHG.CO2.LU.MT.CE.AR5",0,-1233.9446
"3917","YR2014","RUS","EN.GHG.CO2.LU.FL.MT.CE.AR5",0,-1177.9937
"3918","YR2014","RUS","EN.GHG.CO2.LU.DF.MT.CE.AR5",0,5.011
"3919","YR2014","RUS","EN.GHG.CO2.LU.OS.MT.CE.AR5",0,32.8472
"3920","YR2014","RUS","EN.GHG.CO2.LU.OL.MT.CE.AR5",0,-99.2759
"3921","YR2015","RUS","EN.GHG.CO2.LU.MT.CE.AR5",0,-1184.5858
"3922","YR2015","RUS","EN.GHG.CO2.LU.FL.MT.CE.AR5",0,-1150.1871
"3923","YR2015","RUS","EN.GHG.CO2.LU.DF.MT.CE.AR5",0,14.2854
"3924","YR2015","RUS","EN.GHG.CO2.LU.OS.MT.CE.AR5",0,29.5547
"3925","YR2015","RUS","EN.GHG.CO2.LU.OL.MT.CE.AR5",0,-81.4175
"3926","YR2016","RUS","EN.GHG.CO2.LU.MT.CE.AR5",0,-1058.4923
"3927","YR2016","RUS","EN.GHG.CO2.LU.FL.MT.CE.AR5",0,-1005.9377
"3928","YR2016","RUS","EN.GHG.CO2.LU.DF.MT.CE.AR5",0,4.521
"3929","YR2016","RUS","EN.GHG.CO2.LU.OS.MT.CE.AR5",0,29.6065
"3930","YR2016","RUS","EN.GHG.CO2.LU.OL.MT.CE.AR5",0,-88.1612
"3931","YR2017","RUS","EN.GHG.CO2.LU.MT.CE.AR5",0,-1170.0384
"3932","YR2017","RUS","EN.GHG.CO2.LU.FL.MT.CE.AR5",0,-1079.1954
"3933","YR2017","RUS","EN.GHG.CO2.LU.DF.MT.CE.AR5",0,5.1344
"3934","YR2017","RUS","EN.GHG.CO2.LU.OS.MT.CE.AR5",0,29.6971
"3935","YR2017","RUS","EN.GHG.CO2.LU.OL.MT.CE.AR5",0,-121.9344
"3936","YR2018","RUS","EN.GHG.CO2.LU.MT.CE.AR5",0,-1068.3204
"3937","YR2018","RUS","EN.GHG.CO2.LU.FL.MT.CE.AR5",0,-1013.2196
"3938","YR2018","RUS","EN.GHG.CO2.LU.DF.MT.CE.AR5",0,4.8409
"3939","YR2018","RUS","EN.GHG.CO2.LU.OS.MT.CE.AR5",0,29.4886
"3940","YR2018","RUS","EN.GHG.CO2.LU.OL.MT.CE.AR5",0,-85.1387
"3941","YR2019","RUS","EN.GHG.CO2.LU.MT.CE.AR5",0,-952.8043
"3942","YR2019","RUS","EN.GHG.CO2.LU.FL.MT.CE.AR5",0,-955.9494
"3943","YR2019","RUS","EN.GHG.CO2.LU.DF.MT.CE.AR5",0,8.8556
"3944","YR2019","RUS","EN.GHG.CO2.LU.OS.MT.CE.AR5",0,29.468
"3945","YR2019","RUS","EN.GHG.CO2.LU.OL.MT.CE.AR5",0,-31.1768
"3946","YR2020","RUS","EN.GHG.CO2.LU.MT.CE.AR5",0,-1124.5656
"3947","YR2020","RUS","EN.GHG.CO2.LU.FL.MT.CE.AR5",0,-1073.5105
"3948","YR2020","RUS","EN.GHG.CO2.LU.DF.MT.CE.AR5",0,2.8082
"3949","YR2020","RUS","EN.GHG.CO2.LU.OS.MT.CE.AR5",0,29.2941
"3950","YR2020","RUS","EN.GHG.CO2.LU.OL.MT.CE.AR5",0,-73.8561
"3951","YR2021","RUS","EN.GHG.CO2.LU.MT.CE.AR5",0,-799.7053
"3952","YR2021","RUS","EN.GHG.CO2.LU.FL.MT.CE.AR5",0,-818.1011
"3953","YR2021","RUS","EN.GHG.CO2.LU.DF.MT.CE.AR5",0,18.4631
"3954","YR2021","RUS","EN.GHG.CO2.LU.OS.MT.CE.AR5",0,29.4893
"3955","YR2021","RUS","EN.GHG.CO2.LU.OL.MT.CE.AR5",0,-26.2263
"3956","YR2022","RUS","EN.GHG.CO2.LU.MT.CE.AR5",0,-1199.9534
"3957","YR2022","RUS","EN.GHG.CO2.LU.FL.MT.CE.AR5",0,-1190.8164
"3958","YR2022","RUS","EN.GHG.CO2.LU.DF.MT.CE.AR5",0,8.4364
"3959","YR2022","RUS","EN.GHG.CO2.LU.OS.MT.CE.AR5",0,29.2355
"3960","YR2022","RUS","EN.GHG.CO2.LU.OL.MT.CE.AR5",0,-44.4455
"3961","YR2023","RUS","EN.GHG.CO2.LU.MT.CE.AR5",0,-1193.109
"3962","YR2023","RUS","EN.GHG.CO2.LU.FL.MT.CE.AR5",0,-1145.0262
"3963","YR2023","RUS","EN.GHG.CO2.LU.DF.MT.CE.AR5",0,5.8822
"3964","YR2023","RUS","EN.GHG.CO2.LU.OS.MT.CE.AR5",0,29.848
"3965","YR2023","RUS","EN.GHG.CO2.LU.OL.MT.CE.AR5",0,-44.4455
"3966","YR2000","SVK","EN.GHG.CO2.LU.MT.CE.AR5",0,-9.0151
"3967","YR2000","SVK","EN.GHG.CO2.LU.FL.MT.CE.AR5",0,-7.7352
"3968","YR2000","SVK","EN.GHG.CO2.LU.DF.MT.CE.AR5",0,0.1807
"3969","YR2000","SVK","EN.GHG.CO2.LU.OL.MT.CE.AR5",0,-0.5405
"3970","YR2001","SVK","EN.GHG.CO2.LU.MT.CE.AR5",0,-8.3064
"3971","YR2001","SVK","EN.GHG.CO2.LU.FL.MT.CE.AR5",0,-7.685
"3972","YR2001","SVK","EN.GHG.CO2.LU.DF.MT.CE.AR5",0,0.2441
"3973","YR2001","SVK","EN.GHG.CO2.LU.OL.MT.CE.AR5",0,-0.5917
"3974","YR2002","SVK","EN.GHG.CO2.LU.MT.CE.AR5",0,-8.7949
"3975","YR2002","SVK","EN.GHG.CO2.LU.FL.MT.CE.AR5",0,-7.734
"3976","YR2002","SVK","EN.GHG.CO2.LU.DF.MT.CE.AR5",0,0.1513
"3977","YR2002","SVK","EN.GHG.CO2.LU.OL.MT.CE.AR5",0,-0.6151
"3978","YR2003","SVK","EN.GHG.CO2.LU.MT.CE.AR5",0,-8.2501
"3979","YR2003","SVK","EN.GHG.CO2.LU.FL.MT.CE.AR5",0,-7.218
"3980","YR2003","SVK","EN.GHG.CO2.LU.DF.MT.CE.AR5",0,0.2204
"3981","YR2003","SVK","EN.GHG.CO2.LU.OL.MT.CE.AR5",0,-0.4376
"3982","YR2004","SVK","EN.GHG.CO2.LU.MT.CE.AR5",0,-8.212
"3983","YR2004","SVK","EN.GHG.CO2.LU.FL.MT.CE.AR5",0,-6.3781
"3984","YR2004","SVK","EN.GHG.CO2.LU.DF.MT.CE.AR5",0,0.1439
"3985","YR2004","SVK","EN.GHG.CO2.LU.OL.MT.CE.AR5",0,-0.82
"3986","YR2005","SVK","EN.GHG.CO2.LU.MT.CE.AR5",0,-4.3399
"3987","YR2005","SVK","EN.GHG.CO2.LU.FL.MT.CE.AR5",0,-2.0185
"3988","YR2005","SVK","EN.GHG.CO2.LU.DF.MT.CE.AR5",0,0.3201
"3989","YR2005","SVK","EN.GHG.CO2.LU.OL.MT.CE.AR5",0,-0.645
"3990","YR2006","SVK","EN.GHG.CO2.LU.MT.CE.AR5",0,-7.4146
"3991","YR2006","SVK","EN.GHG.CO2.LU.FL.MT.CE.AR5",0,-4.9117
"3992","YR2006","SVK","EN.GHG.CO2.LU.DF.MT.CE.AR5",0,0.1633
"3993","YR2006","SVK","EN.GHG.CO2.LU.OL.MT.CE.AR5",0,-0.7904
"3994","YR2007","SVK","EN.GHG.CO2.LU.MT.CE.AR5",0,-6.9842
"3995","YR2007","SVK","EN.GHG.CO2.LU.FL.MT.CE.AR5",0,-4.6244
"3996","YR2007","SVK","EN.GHG.CO2.LU.DF.MT.CE.AR5",0,0.2501
"3997","YR2007","SVK","EN.GHG.CO2.LU.OL.MT.CE.AR5",0,-0.5981
"3998","YR2008","SVK","EN.GHG.CO2.LU.MT.CE.AR5",0,-5.8708
"3999","YR2008","SVK","EN.GHG.CO2.LU.FL.MT.CE.AR5",0,-3.4045
"4000","YR2008","SVK","EN.GHG.CO2.LU.DF.MT.CE.AR5",0,0.1879
"4001","YR2008","SVK","EN.GHG.CO2.LU.OL.MT.CE.AR5",0,-0.7161
"4002","YR2009","SVK","EN.GHG.CO2.LU.MT.CE.AR5",0,-5.6547
"4003","YR2009","SVK","EN.GHG.CO2.LU.FL.MT.CE.AR5",0,-3.8839
"4004","YR2009","SVK","EN.GHG.CO2.LU.DF.MT.CE.AR5",0,0.2568
"4005","YR2009","SVK","EN.GHG.CO2.LU.OL.MT.CE.AR5",0,-0.5676
"4006","YR2010","SVK","EN.GHG.CO2.LU.MT.CE.AR5",0,-4.7595
"4007","YR2010","SVK","EN.GHG.CO2.LU.FL.MT.CE.AR5",0,-2.8969
"4008","YR2010","SVK","EN.GHG.CO2.LU.DF.MT.CE.AR5",0,0.1828
"4009","YR2010","SVK","EN.GHG.CO2.LU.OL.MT.CE.AR5",0,-0.7108
"4010","YR2011","SVK","EN.GHG.CO2.LU.MT.CE.AR5",0,-5.1283
"4011","YR2011","SVK","EN.GHG.CO2.LU.FL.MT.CE.AR5",0,-3.4868
"4012","YR2011","SVK","EN.GHG.CO2.LU.DF.MT.CE.AR5",0,0.07
"4013","YR2011","SVK","EN.GHG.CO2.LU.OL.MT.CE.AR5",0,-0.6426
"4014","YR2012","SVK","EN.GHG.CO2.LU.MT.CE.AR5",0,-6.2671
"4015","YR2012","SVK","EN.GHG.CO2.LU.FL.MT.CE.AR5",0,-5.5897
"4016","YR2012","SVK","EN.GHG.CO2.LU.DF.MT.CE.AR5",0,0.0863
"4017","YR2012","SVK","EN.GHG.CO2.LU.OL.MT.CE.AR5",0,-0.2553
"4018","YR2013","SVK","EN.GHG.CO2.LU.MT.CE.AR5",0,-6.9853
"4019","YR2013","SVK","EN.GHG.CO2.LU.FL.MT.CE.AR5",0,-6.1117
"4020","YR2013","SVK","EN.GHG.CO2.LU.DF.MT.CE.AR5",0,0.0736
"4021","YR2013","SVK","EN.GHG.CO2.LU.OL.MT.CE.AR5",0,-0.5068
"4022","YR2014","SVK","EN.GHG.CO2.LU.MT.CE.AR5",0,-4.817
"4023","YR2014","SVK","EN.GHG.CO2.LU.FL.MT.CE.AR5",0,-3.6504
"4024","YR2014","SVK","EN.GHG.CO2.LU.DF.MT.CE.AR5",0,0.0942
"4025","YR2014","SVK","EN.GHG.CO2.LU.OL.MT.CE.AR5",0,-0.5324
"4026","YR2015","SVK","EN.GHG.CO2.LU.MT.CE.AR5",0,-5.3029
"4027","YR2015","SVK","EN.GHG.CO2.LU.FL.MT.CE.AR5",0,-4.0445
"4028","YR2015","SVK","EN.GHG.CO2.LU.DF.MT.CE.AR5",0,0.0921
"4029","YR2015","SVK","EN.GHG.CO2.LU.OL.MT.CE.AR5",0,-0.4098
"4030","YR2016","SVK","EN.GHG.CO2.LU.MT.CE.AR5",0,-5.374
"4031","YR2016","SVK","EN.GHG.CO2.LU.FL.MT.CE.AR5",0,-3.7728
"4032","YR2016","SVK","EN.GHG.CO2.LU.DF.MT.CE.AR5",0,0.0559
"4033","YR2016","SVK","EN.GHG.CO2.LU.OL.MT.CE.AR5",0,-0.5934
"4034","YR2017","SVK","EN.GHG.CO2.LU.MT.CE.AR5",0,-5.2693
"4035","YR2017","SVK","EN.GHG.CO2.LU.FL.MT.CE.AR5",0,-3.6901
"4036","YR2017","SVK","EN.GHG.CO2.LU.DF.MT.CE.AR5",0,0.0849
"4037","YR2017","SVK","EN.GHG.CO2.LU.OL.MT.CE.AR5",0,-0.5871
"4038","YR2018","SVK","EN.GHG.CO2.LU.MT.CE.AR5",0,-4.2956
"4039","YR2018","SVK","EN.GHG.CO2.LU.FL.MT.CE.AR5",0,-2.9672
"4040","YR2018","SVK","EN.GHG.CO2.LU.DF.MT.CE.AR5",0,0.1444
"4041","YR2018","SVK","EN.GHG.CO2.LU.OL.MT.CE.AR5",0,-0.5836
"4042","YR2019","SVK","EN.GHG.CO2.LU.MT.CE.AR5",0,-5.065
"4043","YR2019","SVK","EN.GHG.CO2.LU.FL.MT.CE.AR5",0,-3.972
"4044","YR2019","SVK","EN.GHG.CO2.LU.DF.MT.CE.AR5",0,0.0656
"4045","YR2019","SVK","EN.GHG.CO2.LU.OL.MT.CE.AR5",0,-0.5137
"4046","YR2020","SVK","EN.GHG.CO2.LU.MT.CE.AR5",0,-7.2438
"4047","YR2020","SVK","EN.GHG.CO2.LU.FL.MT.CE.AR5",0,-6.6414
"4048","YR2020","SVK","EN.GHG.CO2.LU.DF.MT.CE.AR5",0,0.0719
"4049","YR2020","SVK","EN.GHG.CO2.LU.OL.MT.CE.AR5",0,-0.427
"4050","YR2021","SVK","EN.GHG.CO2.LU.MT.CE.AR5",0,-7.2638
"4051","YR2021","SVK","EN.GHG.CO2.LU.FL.MT.CE.AR5",0,-6.3783
"4052","YR2021","SVK","EN.GHG.CO2.LU.DF.MT.CE.AR5",0,0.06
"4053","YR2021","SVK","EN.GHG.CO2.LU.OL.MT.CE.AR5",0,-0.5627
"4054","YR2022","SVK","EN.GHG.CO2.LU.MT.CE.AR5",0,-7.3172
"4055","YR2022","SVK","EN.GHG.CO2.LU.FL.MT.CE.AR5",0,-7.0045
"4056","YR2022","SVK","EN.GHG.CO2.LU.DF.MT.CE.AR5",0,0.0559
"4057","YR2022","SVK","EN.GHG.CO2.LU.OL.MT.CE.AR5",0,-0.2242
"4058","YR2023","SVK","EN.GHG.CO2.LU.MT.CE.AR5",0,-7.8178
"4059","YR2023","SVK","EN.GHG.CO2.LU.FL.MT.CE.AR5",0,-7.0184
"4060","YR2023","SVK","EN.GHG.CO2.LU.DF.MT.CE.AR5",0,0.0516
"4061","YR2023","SVK","EN.GHG.CO2.LU.OL.MT.CE.AR5",0,-0.2242
"4062","YR2000","SVN","EN.GHG.CO2.LU.MT.CE.AR5",0,-6.2385
"4063","YR2000","SVN","EN.GHG.CO2.LU.FL.MT.CE.AR5",0,-6.0469
"4064","YR2000","SVN","EN.GHG.CO2.LU.DF.MT.CE.AR5",0,0.3228
"4065","YR2000","SVN","EN.GHG.CO2.LU.OS.MT.CE.AR5",0,0.1013
"4066","YR2000","SVN","EN.GHG.CO2.LU.OL.MT.CE.AR5",0,-0.5307
"4067","YR2001","SVN","EN.GHG.CO2.LU.MT.CE.AR5",0,-6.2895
"4068","YR2001","SVN","EN.GHG.CO2.LU.FL.MT.CE.AR5",0,-6.1321
"4069","YR2001","SVN","EN.GHG.CO2.LU.DF.MT.CE.AR5",0,0.3278
"4070","YR2001","SVN","EN.GHG.CO2.LU.OS.MT.CE.AR5",0,0
"4071","YR2001","SVN","EN.GHG.CO2.LU.OL.MT.CE.AR5",0,-0.4076
"4072","YR2002","SVN","EN.GHG.CO2.LU.MT.CE.AR5",0,-7.4078
"4073","YR2002","SVN","EN.GHG.CO2.LU.FL.MT.CE.AR5",0,-7.2322
"4074","YR2002","SVN","EN.GHG.CO2.LU.DF.MT.CE.AR5",0,0.3331
"4075","YR2002","SVN","EN.GHG.CO2.LU.OS.MT.CE.AR5",0,0
"4076","YR2002","SVN","EN.GHG.CO2.LU.OL.MT.CE.AR5",0,-0.4108
"4077","YR2003","SVN","EN.GHG.CO2.LU.MT.CE.AR5",0,-7.0928
"4078","YR2003","SVN","EN.GHG.CO2.LU.FL.MT.CE.AR5",0,-7.245
"4079","YR2003","SVN","EN.GHG.CO2.LU.DF.MT.CE.AR5",0,0.5549
"4080","YR2003","SVN","EN.GHG.CO2.LU.OS.MT.CE.AR5",0,0
"4081","YR2003","SVN","EN.GHG.CO2.LU.OL.MT.CE.AR5",0,-0.2738
"4082","YR2004","SVN","EN.GHG.CO2.LU.MT.CE.AR5",0,-7.2306
"4083","YR2004","SVN","EN.GHG.CO2.LU.FL.MT.CE.AR5",0,-7.258
"4084","YR2004","SVN","EN.GHG.CO2.LU.DF.MT.CE.AR5",0,0.5658
"4085","YR2004","SVN","EN.GHG.CO2.LU.OS.MT.CE.AR5",0,0
"4086","YR2004","SVN","EN.GHG.CO2.LU.OL.MT.CE.AR5",0,-0.3743
"4087","YR2005","SVN","EN.GHG.CO2.LU.MT.CE.AR5",0,-7.2707
"4088","YR2005","SVN","EN.GHG.CO2.LU.FL.MT.CE.AR5",0,-7.271
"4089","YR2005","SVN","EN.GHG.CO2.LU.DF.MT.CE.AR5",0,0.5781
"4090","YR2005","SVN","EN.GHG.CO2.LU.OS.MT.CE.AR5",0,0
"4091","YR2005","SVN","EN.GHG.CO2.LU.OL.MT.CE.AR5",0,-0.3931
"4092","YR2006","SVN","EN.GHG.CO2.LU.MT.CE.AR5",0,-7.2617
"4093","YR2006","SVN","EN.GHG.CO2.LU.FL.MT.CE.AR5",0,-7.284
"4094","YR2006","SVN","EN.GHG.CO2.LU.DF.MT.CE.AR5",0,0.5911
"4095","YR2006","SVN","EN.GHG.CO2.LU.OS.MT.CE.AR5",0,0
"4096","YR2006","SVN","EN.GHG.CO2.LU.OL.MT.CE.AR5",0,-0.3501
"4097","YR2007","SVN","EN.GHG.CO2.LU.MT.CE.AR5",0,-7.6012
"4098","YR2007","SVN","EN.GHG.CO2.LU.FL.MT.CE.AR5",0,-7.3026
"4099","YR2007","SVN","EN.GHG.CO2.LU.DF.MT.CE.AR5",0,0.365
"4100","YR2007","SVN","EN.GHG.CO2.LU.OS.MT.CE.AR5",0,0
"4101","YR2007","SVN","EN.GHG.CO2.LU.OL.MT.CE.AR5",0,-0.3528
"4102","YR2008","SVN","EN.GHG.CO2.LU.MT.CE.AR5",0,-7.3467
"4103","YR2008","SVN","EN.GHG.CO2.LU.FL.MT.CE.AR5",0,-7.1477
"4104","YR2008","SVN","EN.GHG.CO2.LU.DF.MT.CE.AR5",0,0.3695
"4105","YR2008","SVN","EN.GHG.CO2.LU.OS.MT.CE.AR5",0,0
"4106","YR2008","SVN","EN.GHG.CO2.LU.OL.MT.CE.AR5",0,-0.34
"4107","YR2009","SVN","EN.GHG.CO2.LU.MT.CE.AR5",0,-7.2785
"4108","YR2009","SVN","EN.GHG.CO2.LU.FL.MT.CE.AR5",0,-7.1474
"4109","YR2009","SVN","EN.GHG.CO2.LU.DF.MT.CE.AR5",0,0.374
"4110","YR2009","SVN","EN.GHG.CO2.LU.OS.MT.CE.AR5",0,0
"4111","YR2009","SVN","EN.GHG.CO2.LU.OL.MT.CE.AR5",0,-0.3226
"4112","YR2010","SVN","EN.GHG.CO2.LU.MT.CE.AR5",0,-7.2032
"4113","YR2010","SVN","EN.GHG.CO2.LU.FL.MT.CE.AR5",0,-7.1471
"4114","YR2010","SVN","EN.GHG.CO2.LU.DF.MT.CE.AR5",0,0.3787
"4115","YR2010","SVN","EN.GHG.CO2.LU.OS.MT.CE.AR5",0,0
"4116","YR2010","SVN","EN.GHG.CO2.LU.OL.MT.CE.AR5",0,-0.3059
"4117","YR2011","SVN","EN.GHG.CO2.LU.MT.CE.AR5",0,-7.1029
"4118","YR2011","SVN","EN.GHG.CO2.LU.FL.MT.CE.AR5",0,-7.1448
"4119","YR2011","SVN","EN.GHG.CO2.LU.DF.MT.CE.AR5",0,0.383
"4120","YR2011","SVN","EN.GHG.CO2.LU.OS.MT.CE.AR5",0,0
"4121","YR2011","SVN","EN.GHG.CO2.LU.OL.MT.CE.AR5",0,-0.2665
"4122","YR2012","SVN","EN.GHG.CO2.LU.MT.CE.AR5",0,-7.0284
"4123","YR2012","SVN","EN.GHG.CO2.LU.FL.MT.CE.AR5",0,-7.1426
"4124","YR2012","SVN","EN.GHG.CO2.LU.DF.MT.CE.AR5",0,0.3876
"4125","YR2012","SVN","EN.GHG.CO2.LU.OS.MT.CE.AR5",0,0
"4126","YR2012","SVN","EN.GHG.CO2.LU.OL.MT.CE.AR5",0,-0.2094
"4127","YR2013","SVN","EN.GHG.CO2.LU.MT.CE.AR5",0,-5.3301
"4128","YR2013","SVN","EN.GHG.CO2.LU.FL.MT.CE.AR5",0,-5.3612
"4129","YR2013","SVN","EN.GHG.CO2.LU.DF.MT.CE.AR5",0,0.285
"4130","YR2013","SVN","EN.GHG.CO2.LU.OS.MT.CE.AR5",0,0
"4131","YR2013","SVN","EN.GHG.CO2.LU.OL.MT.CE.AR5",0,-0.2285
"4132","YR2014","SVN","EN.GHG.CO2.LU.MT.CE.AR5",0,0.4441
"4133","YR2014","SVN","EN.GHG.CO2.LU.FL.MT.CE.AR5",0,0.5114
"4134","YR2014","SVN","EN.GHG.CO2.LU.DF.MT.CE.AR5",0,0.2839
"4135","YR2014","SVN","EN.GHG.CO2.LU.OS.MT.CE.AR5",0,0
"4136","YR2014","SVN","EN.GHG.CO2.LU.OL.MT.CE.AR5",0,-0.2385
"4137","YR2015","SVN","EN.GHG.CO2.LU.MT.CE.AR5",0,0.5409
"4138","YR2015","SVN","EN.GHG.CO2.LU.FL.MT.CE.AR5",0,0.6223
"4139","YR2015","SVN","EN.GHG.CO2.LU.DF.MT.CE.AR5",0,0.2833
"4140","YR2015","SVN","EN.GHG.CO2.LU.OS.MT.CE.AR5",0,0
"4141","YR2015","SVN","EN.GHG.CO2.LU.OL.MT.CE.AR5",0,-0.2357
"4142","YR2016","SVN","EN.GHG.CO2.LU.MT.CE.AR5",0,0.6891
"4143","YR2016","SVN","EN.GHG.CO2.LU.FL.MT.CE.AR5",0,0.7332
"4144","YR2016","SVN","EN.GHG.CO2.LU.DF.MT.CE.AR5",0,0.2819
"4145","YR2016","SVN","EN.GHG.CO2.LU.OS.MT.CE.AR5",0,0
"4146","YR2016","SVN","EN.GHG.CO2.LU.OL.MT.CE.AR5",0,-0.2242
"4147","YR2017","SVN","EN.GHG.CO2.LU.MT.CE.AR5",0,0.6858
"4148","YR2017","SVN","EN.GHG.CO2.LU.FL.MT.CE.AR5",0,0.8495
"4149","YR2017","SVN","EN.GHG.CO2.LU.DF.MT.CE.AR5",0,0.2609
"4150","YR2017","SVN","EN.GHG.CO2.LU.OS.MT.CE.AR5",0,0
"4151","YR2017","SVN","EN.GHG.CO2.LU.OL.MT.CE.AR5",0,-0.3389
"4152","YR2018","SVN","EN.GHG.CO2.LU.MT.CE.AR5",0,0.7853
"4153","YR2018","SVN","EN.GHG.CO2.LU.FL.MT.CE.AR5",0,0.9669
"4154","YR2018","SVN","EN.GHG.CO2.LU.DF.MT.CE.AR5",0,0.257
"4155","YR2018","SVN","EN.GHG.CO2.LU.OS.MT.CE.AR5",0,0
"4156","YR2018","SVN","EN.GHG.CO2.LU.OL.MT.CE.AR5",0,-0.3127
"4157","YR2019","SVN","EN.GHG.CO2.LU.MT.CE.AR5",0,-4.5643
"4158","YR2019","SVN","EN.GHG.CO2.LU.FL.MT.CE.AR5",0,-4.2906
"4159","YR2019","SVN","EN.GHG.CO2.LU.DF.MT.CE.AR5",0,0.256
"4160","YR2019","SVN","EN.GHG.CO2.LU.OS.MT.CE.AR5",0,0
"4161","YR2019","SVN","EN.GHG.CO2.LU.OL.MT.CE.AR5",0,-0.2768
"4162","YR2020","SVN","EN.GHG.CO2.LU.MT.CE.AR5",0,-4.3724
"4163","YR2020","SVN","EN.GHG.CO2.LU.FL.MT.CE.AR5",0,-4.2448
"4164","YR2020","SVN","EN.GHG.CO2.LU.DF.MT.CE.AR5",0,0.2548
"4165","YR2020","SVN","EN.GHG.CO2.LU.OS.MT.CE.AR5",0,0
"4166","YR2020","SVN","EN.GHG.CO2.LU.OL.MT.CE.AR5",0,-0.2402
"4167","YR2021","SVN","EN.GHG.CO2.LU.MT.CE.AR5",0,-4.3531
"4168","YR2021","SVN","EN.GHG.CO2.LU.FL.MT.CE.AR5",0,-4.1982
"4169","YR2021","SVN","EN.GHG.CO2.LU.DF.MT.CE.AR5",0,0.2541
"4170","YR2021","SVN","EN.GHG.CO2.LU.OS.MT.CE.AR5",0,0
"4171","YR2021","SVN","EN.GHG.CO2.LU.OL.MT.CE.AR5",0,-0.2139
"4172","YR2022","SVN","EN.GHG.CO2.LU.MT.CE.AR5",0,-4.2661
"4173","YR2022","SVN","EN.GHG.CO2.LU.FL.MT.CE.AR5",0,-4.1506
"4174","YR2022","SVN","EN.GHG.CO2.LU.DF.MT.CE.AR5",0,0.2542
"4175","YR2022","SVN","EN.GHG.CO2.LU.OS.MT.CE.AR5",0,0
"4176","YR2022","SVN","EN.GHG.CO2.LU.OL.MT.CE.AR5",0,-0.0648
"4177","YR2023","SVN","EN.GHG.CO2.LU.MT.CE.AR5",0,-4.3234
"4178","YR2023","SVN","EN.GHG.CO2.LU.FL.MT.CE.AR5",0,-4.1488
"4179","YR2023","SVN","EN.GHG.CO2.LU.DF.MT.CE.AR5",0,0.2497
"4180","YR2023","SVN","EN.GHG.CO2.LU.OS.MT.CE.AR5",0,0
"4181","YR2023","SVN","EN.GHG.CO2.LU.OL.MT.CE.AR5",0,-0.0648
"4182","YR2000","SWE","EN.GHG.CO2.LU.MT.CE.AR5",0,-62.6851
"4183","YR2000","SWE","EN.GHG.CO2.LU.FL.MT.CE.AR5",0,-67.1686
"4184","YR2000","SWE","EN.GHG.CO2.LU.DF.MT.CE.AR5",0,1.8916
"4185","YR2000","SWE","EN.GHG.CO2.LU.OS.MT.CE.AR5",0,0
"4186","YR2000","SWE","EN.GHG.CO2.LU.OL.MT.CE.AR5",0,10.7505
"4187","YR2001","SWE","EN.GHG.CO2.LU.MT.CE.AR5",0,-63.5997
"4188","YR2001","SWE","EN.GHG.CO2.LU.FL.MT.CE.AR5",0,-68.4881
"4189","YR2001","SWE","EN.GHG.CO2.LU.DF.MT.CE.AR5",0,1.2254
"4190","YR2001","SWE","EN.GHG.CO2.LU.OS.MT.CE.AR5",0,0
"4191","YR2001","SWE","EN.GHG.CO2.LU.OL.MT.CE.AR5",0,10.4854
"4192","YR2002","SWE","EN.GHG.CO2.LU.MT.CE.AR5",0,-63.2524
"4193","YR2002","SWE","EN.GHG.CO2.LU.FL.MT.CE.AR5",0,-67.8154
"4194","YR2002","SWE","EN.GHG.CO2.LU.DF.MT.CE.AR5",0,1.0971
"4195","YR2002","SWE","EN.GHG.CO2.LU.OS.MT.CE.AR5",0,0
"4196","YR2002","SWE","EN.GHG.CO2.LU.OL.MT.CE.AR5",0,10.9456
"4197","YR2003","SWE","EN.GHG.CO2.LU.MT.CE.AR5",0,-61.544
"4198","YR2003","SWE","EN.GHG.CO2.LU.FL.MT.CE.AR5",0,-65.8396
"4199","YR2003","SWE","EN.GHG.CO2.LU.DF.MT.CE.AR5",0,1.9112
"4200","YR2003","SWE","EN.GHG.CO2.LU.OS.MT.CE.AR5",0,0
"4201","YR2003","SWE","EN.GHG.CO2.LU.OL.MT.CE.AR5",0,10.543
"4202","YR2004","SWE","EN.GHG.CO2.LU.MT.CE.AR5",0,-58.2395
"4203","YR2004","SWE","EN.GHG.CO2.LU.FL.MT.CE.AR5",0,-61.9846
"4204","YR2004","SWE","EN.GHG.CO2.LU.DF.MT.CE.AR5",0,2.1247
"4205","YR2004","SWE","EN.GHG.CO2.LU.OS.MT.CE.AR5",0,0
"4206","YR2004","SWE","EN.GHG.CO2.LU.OL.MT.CE.AR5",0,10.3942
"4207","YR2005","SWE","EN.GHG.CO2.LU.MT.CE.AR5",0,-59.8984
"4208","YR2005","SWE","EN.GHG.CO2.LU.FL.MT.CE.AR5",0,-59.8848
"4209","YR2005","SWE","EN.GHG.CO2.LU.DF.MT.CE.AR5",0,0.6633
"4210","YR2005","SWE","EN.GHG.CO2.LU.OS.MT.CE.AR5",0,0
"4211","YR2005","SWE","EN.GHG.CO2.LU.OL.MT.CE.AR5",0,9.9343
"4212","YR2006","SWE","EN.GHG.CO2.LU.MT.CE.AR5",0,-64.4835
"4213","YR2006","SWE","EN.GHG.CO2.LU.FL.MT.CE.AR5",0,-63.6455
"4214","YR2006","SWE","EN.GHG.CO2.LU.DF.MT.CE.AR5",0,0.9389
"4215","YR2006","SWE","EN.GHG.CO2.LU.OS.MT.CE.AR5",0,0
"4216","YR2006","SWE","EN.GHG.CO2.LU.OL.MT.CE.AR5",0,9.8571
"4217","YR2007","SWE","EN.GHG.CO2.LU.MT.CE.AR5",0,-65.3534
"4218","YR2007","SWE","EN.GHG.CO2.LU.FL.MT.CE.AR5",0,-64.6084
"4219","YR2007","SWE","EN.GHG.CO2.LU.DF.MT.CE.AR5",0,2.0138
"4220","YR2007","SWE","EN.GHG.CO2.LU.OS.MT.CE.AR5",0,0
"4221","YR2007","SWE","EN.GHG.CO2.LU.OL.MT.CE.AR5",0,9.0954
"4222","YR2008","SWE","EN.GHG.CO2.LU.MT.CE.AR5",0,-63.2783
"4223","YR2008","SWE","EN.GHG.CO2.LU.FL.MT.CE.AR5",0,-64.1976
"4224","YR2008","SWE","EN.GHG.CO2.LU.DF.MT.CE.AR5",0,1.732
"4225","YR2008","SWE","EN.GHG.CO2.LU.OS.MT.CE.AR5",0,0
"4226","YR2008","SWE","EN.GHG.CO2.LU.OL.MT.CE.AR5",0,9.0522
"4227","YR2009","SWE","EN.GHG.CO2.LU.MT.CE.AR5",0,-62.6622
"4228","YR2009","SWE","EN.GHG.CO2.LU.FL.MT.CE.AR5",0,-66.332
"4229","YR2009","SWE","EN.GHG.CO2.LU.DF.MT.CE.AR5",0,2.4148
"4230","YR2009","SWE","EN.GHG.CO2.LU.OS.MT.CE.AR5",0,0
"4231","YR2009","SWE","EN.GHG.CO2.LU.OL.MT.CE.AR5",0,8.8177
"4232","YR2010","SWE","EN.GHG.CO2.LU.MT.CE.AR5",0,-63.3858
"4233","YR2010","SWE","EN.GHG.CO2.LU.FL.MT.CE.AR5",0,-67.5237
"4234","YR2010","SWE","EN.GHG.CO2.LU.DF.MT.CE.AR5",0,2.6334
"4235","YR2010","SWE","EN.GHG.CO2.LU.OS.MT.CE.AR5",0,0
"4236","YR2010","SWE","EN.GHG.CO2.LU.OL.MT.CE.AR5",0,9.2409
"4237","YR2011","SWE","EN.GHG.CO2.LU.MT.CE.AR5",0,-62.4564
"4238","YR2011","SWE","EN.GHG.CO2.LU.FL.MT.CE.AR5",0,-66.0544
"4239","YR2011","SWE","EN.GHG.CO2.LU.DF.MT.CE.AR5",0,1.7655
"4240","YR2011","SWE","EN.GHG.CO2.LU.OS.MT.CE.AR5",0,0
"4241","YR2011","SWE","EN.GHG.CO2.LU.OL.MT.CE.AR5",0,9.0966
"4242","YR2012","SWE","EN.GHG.CO2.LU.MT.CE.AR5",0,-60.5978
"4243","YR2012","SWE","EN.GHG.CO2.LU.FL.MT.CE.AR5",0,-64.8608
"4244","YR2012","SWE","EN.GHG.CO2.LU.DF.MT.CE.AR5",0,2.0441
"4245","YR2012","SWE","EN.GHG.CO2.LU.OS.MT.CE.AR5",0,0
"4246","YR2012","SWE","EN.GHG.CO2.LU.OL.MT.CE.AR5",0,9.2905
"4247","YR2013","SWE","EN.GHG.CO2.LU.MT.CE.AR5",0,-60.4897
"4248","YR2013","SWE","EN.GHG.CO2.LU.FL.MT.CE.AR5",0,-64.8443
"4249","YR2013","SWE","EN.GHG.CO2.LU.DF.MT.CE.AR5",0,1.7254
"4250","YR2013","SWE","EN.GHG.CO2.LU.OS.MT.CE.AR5",0,0
"4251","YR2013","SWE","EN.GHG.CO2.LU.OL.MT.CE.AR5",0,9.0716
"4252","YR2014","SWE","EN.GHG.CO2.LU.MT.CE.AR5",0,-59.299
"4253","YR2014","SWE","EN.GHG.CO2.LU.FL.MT.CE.AR5",0,-62.5999
"4254","YR2014","SWE","EN.GHG.CO2.LU.DF.MT.CE.AR5",0,2.0753
"4255","YR2014","SWE","EN.GHG.CO2.LU.OS.MT.CE.AR5",0,0
"4256","YR2014","SWE","EN.GHG.CO2.LU.OL.MT.CE.AR5",0,8.9282
"4257","YR2015","SWE","EN.GHG.CO2.LU.MT.CE.AR5",0,-56.8208
"4258","YR2015","SWE","EN.GHG.CO2.LU.FL.MT.CE.AR5",0,-61.3199
"4259","YR2015","SWE","EN.GHG.CO2.LU.DF.MT.CE.AR5",0,3.262
"4260","YR2015","SWE","EN.GHG.CO2.LU.OS.MT.CE.AR5",0,0
"4261","YR2015","SWE","EN.GHG.CO2.LU.OL.MT.CE.AR5",0,8.8487
"4262","YR2016","SWE","EN.GHG.CO2.LU.MT.CE.AR5",0,-53.9541
"4263","YR2016","SWE","EN.GHG.CO2.LU.FL.MT.CE.AR5",0,-57.0153
"4264","YR2016","SWE","EN.GHG.CO2.LU.DF.MT.CE.AR5",0,2.0593
"4265","YR2016","SWE","EN.GHG.CO2.LU.OS.MT.CE.AR5",0,0
"4266","YR2016","SWE","EN.GHG.CO2.LU.OL.MT.CE.AR5",0,9.4345
"4267","YR2017","SWE","EN.GHG.CO2.LU.MT.CE.AR5",0,-47.9036
"4268","YR2017","SWE","EN.GHG.CO2.LU.FL.MT.CE.AR5",0,-52.1615
"4269","YR2017","SWE","EN.GHG.CO2.LU.DF.MT.CE.AR5",0,1.2147
"4270","YR2017","SWE","EN.GHG.CO2.LU.OS.MT.CE.AR5",0,0
"4271","YR2017","SWE","EN.GHG.CO2.LU.OL.MT.CE.AR5",0,9.946
"4272","YR2018","SWE","EN.GHG.CO2.LU.MT.CE.AR5",0,-41.4166
"4273","YR2018","SWE","EN.GHG.CO2.LU.FL.MT.CE.AR5",0,-47.9037
"4274","YR2018","SWE","EN.GHG.CO2.LU.DF.MT.CE.AR5",0,2.4492
"4275","YR2018","SWE","EN.GHG.CO2.LU.OS.MT.CE.AR5",0,0
"4276","YR2018","SWE","EN.GHG.CO2.LU.OL.MT.CE.AR5",0,10.2453
"4277","YR2019","SWE","EN.GHG.CO2.LU.MT.CE.AR5",0,-41.3656
"4278","YR2019","SWE","EN.GHG.CO2.LU.FL.MT.CE.AR5",0,-45.9109
"4279","YR2019","SWE","EN.GHG.CO2.LU.DF.MT.CE.AR5",0,2.5558
"4280","YR2019","SWE","EN.GHG.CO2.LU.OS.MT.CE.AR5",0,0
"4281","YR2019","SWE","EN.GHG.CO2.LU.OL.MT.CE.AR5",0,9.076
"4282","YR2020","SWE","EN.GHG.CO2.LU.MT.CE.AR5",0,-40.9622
"4283","YR2020","SWE","EN.GHG.CO2.LU.FL.MT.CE.AR5",0,-44.3616
"4284","YR2020","SWE","EN.GHG.CO2.LU.DF.MT.CE.AR5",0,2.3077
"4285","YR2020","SWE","EN.GHG.CO2.LU.OS.MT.CE.AR5",0,0
"4286","YR2020","SWE","EN.GHG.CO2.LU.OL.MT.CE.AR5",0,9.6178
"4287","YR2021","SWE","EN.GHG.CO2.LU.MT.CE.AR5",0,-38.3049
"4288","YR2021","SWE","EN.GHG.CO2.LU.FL.MT.CE.AR5",0,-40.5093
"4289","YR2021","SWE","EN.GHG.CO2.LU.DF.MT.CE.AR5",0,0.6673
"4290","YR2021","SWE","EN.GHG.CO2.LU.OS.MT.CE.AR5",0,0
"4291","YR2021","SWE","EN.GHG.CO2.LU.OL.MT.CE.AR5",0,9.9054
"4292","YR2022","SWE","EN.GHG.CO2.LU.MT.CE.AR5",0,-35.2809
"4293","YR2022","SWE","EN.GHG.CO2.LU.FL.MT.CE.AR5",0,-40.2202
"4294","YR2022","SWE","EN.GHG.CO2.LU.DF.MT.CE.AR5",0,1.0796
"4295","YR2022","SWE","EN.GHG.CO2.LU.OS.MT.CE.AR5",0,0
"4296","YR2022","SWE","EN.GHG.CO2.LU.OL.MT.CE.AR5",0,11.5117
"4297","YR2023","SWE","EN.GHG.CO2.LU.MT.CE.AR5",0,-32.8944
"4298","YR2023","SWE","EN.GHG.CO2.LU.FL.MT.CE.AR5",0,-40.9183
"4299","YR2023","SWE","EN.GHG.CO2.LU.DF.MT.CE.AR5",0,1.6309
"4300","YR2023","SWE","EN.GHG.CO2.LU.OS.MT.CE.AR5",0,0
"4301","YR2023","SWE","EN.GHG.CO2.LU.OL.MT.CE.AR5",0,11.5117
"4302","YR2000","TUR","EN.GHG.CO2.LU.MT.CE.AR5",0,-68.4589
"4303","YR2000","TUR","EN.GHG.CO2.LU.FL.MT.CE.AR5",0,-66.5773
"4304","YR2000","TUR","EN.GHG.CO2.LU.DF.MT.CE.AR5",0,0.3352
"4305","YR2000","TUR","EN.GHG.CO2.LU.OS.MT.CE.AR5",0,0
"4306","YR2000","TUR","EN.GHG.CO2.LU.OL.MT.CE.AR5",0,2.088
"4307","YR2001","TUR","EN.GHG.CO2.LU.MT.CE.AR5",0,0
"4308","YR2001","TUR","EN.GHG.CO2.LU.FL.MT.CE.AR5",0,-67.8062
"4309","YR2001","TUR","EN.GHG.CO2.LU.DF.MT.CE.AR5",0,0.4001
"4310","YR2001","TUR","EN.GHG.CO2.LU.OS.MT.CE.AR5",0,0
"4311","YR2001","TUR","EN.GHG.CO2.LU.OL.MT.CE.AR5",0,71.2174
"4312","YR2002","TUR","EN.GHG.CO2.LU.MT.CE.AR5",0,-69.4365
"4313","YR2002","TUR","EN.GHG.CO2.LU.FL.MT.CE.AR5",0,-66.2281
"4314","YR2002","TUR","EN.GHG.CO2.LU.DF.MT.CE.AR5",0,0.8936
"4315","YR2002","TUR","EN.GHG.CO2.LU.OS.MT.CE.AR5",0,0
"4316","YR2002","TUR","EN.GHG.CO2.LU.OL.MT.CE.AR5",0,0.7326
"4317","YR2003","TUR","EN.GHG.CO2.LU.MT.CE.AR5",0,-71.3679
"4318","YR2003","TUR","EN.GHG.CO2.LU.FL.MT.CE.AR5",0,-67.3073
"4319","YR2003","TUR","EN.GHG.CO2.LU.DF.MT.CE.AR5",0,0.5655
"4320","YR2003","TUR","EN.GHG.CO2.LU.OS.MT.CE.AR5",0,0
"4321","YR2003","TUR","EN.GHG.CO2.LU.OL.MT.CE.AR5",0,0.4456
"4322","YR2004","TUR","EN.GHG.CO2.LU.MT.CE.AR5",0,-69.9714
"4323","YR2004","TUR","EN.GHG.CO2.LU.FL.MT.CE.AR5",0,-65.9297
"4324","YR2004","TUR","EN.GHG.CO2.LU.DF.MT.CE.AR5",0,1.2826
"4325","YR2004","TUR","EN.GHG.CO2.LU.OS.MT.CE.AR5",0,0
"4326","YR2004","TUR","EN.GHG.CO2.LU.OL.MT.CE.AR5",0,0.3183
"4327","YR2005","TUR","EN.GHG.CO2.LU.MT.CE.AR5",0,-72.2889
"4328","YR2005","TUR","EN.GHG.CO2.LU.FL.MT.CE.AR5",0,-66.7062
"4329","YR2005","TUR","EN.GHG.CO2.LU.DF.MT.CE.AR5",0,0.8384
"4330","YR2005","TUR","EN.GHG.CO2.LU.OS.MT.CE.AR5",0,0
"4331","YR2005","TUR","EN.GHG.CO2.LU.OL.MT.CE.AR5",0,0.0296
"4332","YR2006","TUR","EN.GHG.CO2.LU.MT.CE.AR5",0,-71.7093
"4333","YR2006","TUR","EN.GHG.CO2.LU.FL.MT.CE.AR5",0,-67.5435
"4334","YR2006","TUR","EN.GHG.CO2.LU.DF.MT.CE.AR5",0,1.606
"4335","YR2006","TUR","EN.GHG.CO2.LU.OS.MT.CE.AR5",0,0
"4336","YR2006","TUR","EN.GHG.CO2.LU.OL.MT.CE.AR5",0,0.5341
"4337","YR2007","TUR","EN.GHG.CO2.LU.MT.CE.AR5",0,-72.137
"4338","YR2007","TUR","EN.GHG.CO2.LU.FL.MT.CE.AR5",0,-67.1587
"4339","YR2007","TUR","EN.GHG.CO2.LU.DF.MT.CE.AR5",0,1.2727
"4340","YR2007","TUR","EN.GHG.CO2.LU.OS.MT.CE.AR5",0,0
"4341","YR2007","TUR","EN.GHG.CO2.LU.OL.MT.CE.AR5",0,0.8339
"4342","YR2008","TUR","EN.GHG.CO2.LU.MT.CE.AR5",0,-68.2614
"4343","YR2008","TUR","EN.GHG.CO2.LU.FL.MT.CE.AR5",0,-65.2593
"4344","YR2008","TUR","EN.GHG.CO2.LU.DF.MT.CE.AR5",0,1.698
"4345","YR2008","TUR","EN.GHG.CO2.LU.OS.MT.CE.AR5",0,0
"4346","YR2008","TUR","EN.GHG.CO2.LU.OL.MT.CE.AR5",0,2.5854
"4347","YR2009","TUR","EN.GHG.CO2.LU.MT.CE.AR5",0,-70.9101
"4348","YR2009","TUR","EN.GHG.CO2.LU.FL.MT.CE.AR5",0,-65.3792
"4349","YR2009","TUR","EN.GHG.CO2.LU.DF.MT.CE.AR5",0,1.2274
"4350","YR2009","TUR","EN.GHG.CO2.LU.OS.MT.CE.AR5",0,0
"4351","YR2009","TUR","EN.GHG.CO2.LU.OL.MT.CE.AR5",0,0.2017
"4352","YR2010","TUR","EN.GHG.CO2.LU.MT.CE.AR5",0,-72.1817
"4353","YR2010","TUR","EN.GHG.CO2.LU.FL.MT.CE.AR5",0,-66.0362
"4354","YR2010","TUR","EN.GHG.CO2.LU.DF.MT.CE.AR5",0,1.8173
"4355","YR2010","TUR","EN.GHG.CO2.LU.OS.MT.CE.AR5",0,0
"4356","YR2010","TUR","EN.GHG.CO2.LU.OL.MT.CE.AR5",0,0.3578
"4357","YR2011","TUR","EN.GHG.CO2.LU.MT.CE.AR5",0,-75.7254
"4358","YR2011","TUR","EN.GHG.CO2.LU.FL.MT.CE.AR5",0,-67.7015
"4359","YR2011","TUR","EN.GHG.CO2.LU.DF.MT.CE.AR5",0,1.1035
"4360","YR2011","TUR","EN.GHG.CO2.LU.OS.MT.CE.AR5",0,0
"4361","YR2011","TUR","EN.GHG.CO2.LU.OL.MT.CE.AR5",0,0.166
"4362","YR2012","TUR","EN.GHG.CO2.LU.MT.CE.AR5",0,-73.6516
"4363","YR2012","TUR","EN.GHG.CO2.LU.FL.MT.CE.AR5",0,-66.5998
"4364","YR2012","TUR","EN.GHG.CO2.LU.DF.MT.CE.AR5",0,1.7842
"4365","YR2012","TUR","EN.GHG.CO2.LU.OS.MT.CE.AR5",0,0
"4366","YR2012","TUR","EN.GHG.CO2.LU.OL.MT.CE.AR5",0,1.2392
"4367","YR2013","TUR","EN.GHG.CO2.LU.MT.CE.AR5",0,-76.6779
"4368","YR2013","TUR","EN.GHG.CO2.LU.FL.MT.CE.AR5",0,-68.4605
"4369","YR2013","TUR","EN.GHG.CO2.LU.DF.MT.CE.AR5",0,1.2503
"4370","YR2013","TUR","EN.GHG.CO2.LU.OS.MT.CE.AR5",0,0
"4371","YR2013","TUR","EN.GHG.CO2.LU.OL.MT.CE.AR5",0,1.1102
"4372","YR2014","TUR","EN.GHG.CO2.LU.MT.CE.AR5",0,-77.019
"4373","YR2014","TUR","EN.GHG.CO2.LU.FL.MT.CE.AR5",0,-67.2381
"4374","YR2014","TUR","EN.GHG.CO2.LU.DF.MT.CE.AR5",0,1.6683
"4375","YR2014","TUR","EN.GHG.CO2.LU.OS.MT.CE.AR5",0,0
"4376","YR2014","TUR","EN.GHG.CO2.LU.OL.MT.CE.AR5",0,0.1749
"4377","YR2015","TUR","EN.GHG.CO2.LU.MT.CE.AR5",0,-73.0247
"4378","YR2015","TUR","EN.GHG.CO2.LU.FL.MT.CE.AR5",0,-63.0698
"4379","YR2015","TUR","EN.GHG.CO2.LU.DF.MT.CE.AR5",0,2.246
"4380","YR2015","TUR","EN.GHG.CO2.LU.OS.MT.CE.AR5",0,0
"4381","YR2015","TUR","EN.GHG.CO2.LU.OL.MT.CE.AR5",0,-0.0028
"4382","YR2016","TUR","EN.GHG.CO2.LU.MT.CE.AR5",0,-73.9196
"4383","YR2016","TUR","EN.GHG.CO2.LU.FL.MT.CE.AR5",0,-63.2896
"4384","YR2016","TUR","EN.GHG.CO2.LU.DF.MT.CE.AR5",0,1.7356
"4385","YR2016","TUR","EN.GHG.CO2.LU.OS.MT.CE.AR5",0,0
"4386","YR2016","TUR","EN.GHG.CO2.LU.OL.MT.CE.AR5",0,0.6327
"4387","YR2017","TUR","EN.GHG.CO2.LU.MT.CE.AR5",0,-76.2507
"4388","YR2017","TUR","EN.GHG.CO2.LU.FL.MT.CE.AR5",0,-66.1536
"4389","YR2017","TUR","EN.GHG.CO2.LU.DF.MT.CE.AR5",0,1.3714
"4390","YR2017","TUR","EN.GHG.CO2.LU.OS.MT.CE.AR5",0,0
"4391","YR2017","TUR","EN.GHG.CO2.LU.OL.MT.CE.AR5",0,0.5581
"4392","YR2018","TUR","EN.GHG.CO2.LU.MT.CE.AR5",0,-70.5454
"4393","YR2018","TUR","EN.GHG.CO2.LU.FL.MT.CE.AR5",0,-60.3377
"4394","YR2018","TUR","EN.GHG.CO2.LU.DF.MT.CE.AR5",0,1.7867
"4395","YR2018","TUR","EN.GHG.CO2.LU.OS.MT.CE.AR5",0,0
"4396","YR2018","TUR","EN.GHG.CO2.LU.OL.MT.CE.AR5",0,0.1402
"4397","YR2019","TUR","EN.GHG.CO2.LU.MT.CE.AR5",0,-64.5318
"4398","YR2019","TUR","EN.GHG.CO2.LU.FL.MT.CE.AR5",0,-54.541
"4399","YR2019","TUR","EN.GHG.CO2.LU.DF.MT.CE.AR5",0,1.3109
"4400","YR2019","TUR","EN.GHG.CO2.LU.OS.MT.CE.AR5",0,0
"4401","YR2019","TUR","EN.GHG.CO2.LU.OL.MT.CE.AR5",0,0.4808
"4402","YR2020","TUR","EN.GHG.CO2.LU.MT.CE.AR5",0,-57.9636
"4403","YR2020","TUR","EN.GHG.CO2.LU.FL.MT.CE.AR5",0,-49.5618
"4404","YR2020","TUR","EN.GHG.CO2.LU.DF.MT.CE.AR5",0,1.9111
"4405","YR2020","TUR","EN.GHG.CO2.LU.OS.MT.CE.AR5",0,0
"4406","YR2020","TUR","EN.GHG.CO2.LU.OL.MT.CE.AR5",0,1.5824
"4407","YR2021","TUR","EN.GHG.CO2.LU.MT.CE.AR5",0,-49.2351
"4408","YR2021","TUR","EN.GHG.CO2.LU.FL.MT.CE.AR5",0,-43.872
"4409","YR2021","TUR","EN.GHG.CO2.LU.DF.MT.CE.AR5",0,1.1736
"4410","YR2021","TUR","EN.GHG.CO2.LU.OS.MT.CE.AR5",0,0
"4411","YR2021","TUR","EN.GHG.CO2.LU.OL.MT.CE.AR5",0,9.2075
"4412","YR2022","TUR","EN.GHG.CO2.LU.MT.CE.AR5",0,-56.3957
"4413","YR2022","TUR","EN.GHG.CO2.LU.FL.MT.CE.AR5",0,-45.7728
"4414","YR2022","TUR","EN.GHG.CO2.LU.DF.MT.CE.AR5",0,1.8502
"4415","YR2022","TUR","EN.GHG.CO2.LU.OS.MT.CE.AR5",0,0
"4416","YR2022","TUR","EN.GHG.CO2.LU.OL.MT.CE.AR5",0,1.2155
"4417","YR2023","TUR","EN.GHG.CO2.LU.MT.CE.AR5",0,-69.3787
"4418","YR2023","TUR","EN.GHG.CO2.LU.FL.MT.CE.AR5",0,-56.2306
"4419","YR2023","TUR","EN.GHG.CO2.LU.DF.MT.CE.AR5",0,1.3181
"4420","YR2023","TUR","EN.GHG.CO2.LU.OS.MT.CE.AR5",0,0
"4421","YR2023","TUR","EN.GHG.CO2.LU.OL.MT.CE.AR5",0,1.2155
"4422","YR2000","UKR","EN.GHG.CO2.LU.MT.CE.AR5",0,-33.6212
"4423","YR2000","UKR","EN.GHG.CO2.LU.FL.MT.CE.AR5",0,-41.7696
"4424","YR2000","UKR","EN.GHG.CO2.LU.DF.MT.CE.AR5",0,0.1597
"4425","YR2000","UKR","EN.GHG.CO2.LU.OS.MT.CE.AR5",0,0
"4426","YR2000","UKR","EN.GHG.CO2.LU.OL.MT.CE.AR5",0,5.5901
"4427","YR2001","UKR","EN.GHG.CO2.LU.MT.CE.AR5",0,-25.2261
"4428","YR2001","UKR","EN.GHG.CO2.LU.FL.MT.CE.AR5",0,-41.2486
"4429","YR2001","UKR","EN.GHG.CO2.LU.DF.MT.CE.AR5",0,0.1556
"4430","YR2001","UKR","EN.GHG.CO2.LU.OS.MT.CE.AR5",0,0
"4431","YR2001","UKR","EN.GHG.CO2.LU.OL.MT.CE.AR5",0,13.5684
"4432","YR2002","UKR","EN.GHG.CO2.LU.MT.CE.AR5",0,-22.8687
"4433","YR2002","UKR","EN.GHG.CO2.LU.FL.MT.CE.AR5",0,-38.9948
"4434","YR2002","UKR","EN.GHG.CO2.LU.DF.MT.CE.AR5",0,0.2003
"4435","YR2002","UKR","EN.GHG.CO2.LU.OS.MT.CE.AR5",0,0
"4436","YR2002","UKR","EN.GHG.CO2.LU.OL.MT.CE.AR5",0,13.8351
"4437","YR2003","UKR","EN.GHG.CO2.LU.MT.CE.AR5",0,-32.5181
"4438","YR2003","UKR","EN.GHG.CO2.LU.FL.MT.CE.AR5",0,-37.0504
"4439","YR2003","UKR","EN.GHG.CO2.LU.DF.MT.CE.AR5",0,0.1563
"4440","YR2003","UKR","EN.GHG.CO2.LU.OS.MT.CE.AR5",0,0
"4441","YR2003","UKR","EN.GHG.CO2.LU.OL.MT.CE.AR5",0,2.5953
"4442","YR2004","UKR","EN.GHG.CO2.LU.MT.CE.AR5",0,-19.0198
"4443","YR2004","UKR","EN.GHG.CO2.LU.FL.MT.CE.AR5",0,-35.2743
"4444","YR2004","UKR","EN.GHG.CO2.LU.DF.MT.CE.AR5",0,0.2464
"4445","YR2004","UKR","EN.GHG.CO2.LU.OS.MT.CE.AR5",0,0
"4446","YR2004","UKR","EN.GHG.CO2.LU.OL.MT.CE.AR5",0,14.6641
"4447","YR2005","UKR","EN.GHG.CO2.LU.MT.CE.AR5",0,-18.4777
"4448","YR2005","UKR","EN.GHG.CO2.LU.FL.MT.CE.AR5",0,-35.4682
"4449","YR2005","UKR","EN.GHG.CO2.LU.DF.MT.CE.AR5",0,0.1529
"4450","YR2005","UKR","EN.GHG.CO2.LU.OS.MT.CE.AR5",0,0
"4451","YR2005","UKR","EN.GHG.CO2.LU.OL.MT.CE.AR5",0,15.7195
"4452","YR2006","UKR","EN.GHG.CO2.LU.MT.CE.AR5",0,-22.4963
"4453","YR2006","UKR","EN.GHG.CO2.LU.FL.MT.CE.AR5",0,-34.4822
"4454","YR2006","UKR","EN.GHG.CO2.LU.DF.MT.CE.AR5",0,0.1602
"4455","YR2006","UKR","EN.GHG.CO2.LU.OS.MT.CE.AR5",0,0
"4456","YR2006","UKR","EN.GHG.CO2.LU.OL.MT.CE.AR5",0,10.8339
"4457","YR2007","UKR","EN.GHG.CO2.LU.MT.CE.AR5",0,-23.7461
"4458","YR2007","UKR","EN.GHG.CO2.LU.FL.MT.CE.AR5",0,-31.283
"4459","YR2007","UKR","EN.GHG.CO2.LU.DF.MT.CE.AR5",0,0.1715
"4460","YR2007","UKR","EN.GHG.CO2.LU.OS.MT.CE.AR5",0,0
"4461","YR2007","UKR","EN.GHG.CO2.LU.OL.MT.CE.AR5",0,6.8585
"4462","YR2008","UKR","EN.GHG.CO2.LU.MT.CE.AR5",0,-10.7284
"4463","YR2008","UKR","EN.GHG.CO2.LU.FL.MT.CE.AR5",0,-34.3757
"4464","YR2008","UKR","EN.GHG.CO2.LU.DF.MT.CE.AR5",0,1.0875
"4465","YR2008","UKR","EN.GHG.CO2.LU.OS.MT.CE.AR5",0,0
"4466","YR2008","UKR","EN.GHG.CO2.LU.OL.MT.CE.AR5",0,21.8565
"4467","YR2009","UKR","EN.GHG.CO2.LU.MT.CE.AR5",0,-15.9365
"4468","YR2009","UKR","EN.GHG.CO2.LU.FL.MT.CE.AR5",0,-36.8542
"4469","YR2009","UKR","EN.GHG.CO2.LU.DF.MT.CE.AR5",0,0.1758
"4470","YR2009","UKR","EN.GHG.CO2.LU.OS.MT.CE.AR5",0,0
"4471","YR2009","UKR","EN.GHG.CO2.LU.OL.MT.CE.AR5",0,19.0982
"4472","YR2010","UKR","EN.GHG.CO2.LU.MT.CE.AR5",0,-21.1703
"4473","YR2010","UKR","EN.GHG.CO2.LU.FL.MT.CE.AR5",0,-32.4039
"4474","YR2010","UKR","EN.GHG.CO2.LU.DF.MT.CE.AR5",0,0.1714
"4475","YR2010","UKR","EN.GHG.CO2.LU.OS.MT.CE.AR5",0,0
"4476","YR2010","UKR","EN.GHG.CO2.LU.OL.MT.CE.AR5",0,9.7167
"4477","YR2011","UKR","EN.GHG.CO2.LU.MT.CE.AR5",0,-7.1212
"4478","YR2011","UKR","EN.GHG.CO2.LU.FL.MT.CE.AR5",0,-30.0126
"4479","YR2011","UKR","EN.GHG.CO2.LU.DF.MT.CE.AR5",0,0.1758
"4480","YR2011","UKR","EN.GHG.CO2.LU.OS.MT.CE.AR5",0,0
"4481","YR2011","UKR","EN.GHG.CO2.LU.OL.MT.CE.AR5",0,21.7684
"4482","YR2012","UKR","EN.GHG.CO2.LU.MT.CE.AR5",0,-10.9207
"4483","YR2012","UKR","EN.GHG.CO2.LU.FL.MT.CE.AR5",0,-29.21
"4484","YR2012","UKR","EN.GHG.CO2.LU.DF.MT.CE.AR5",0,0.158
"4485","YR2012","UKR","EN.GHG.CO2.LU.OS.MT.CE.AR5",0,0
"4486","YR2012","UKR","EN.GHG.CO2.LU.OL.MT.CE.AR5",0,17.2214
"4487","YR2013","UKR","EN.GHG.CO2.LU.MT.CE.AR5",0,1.3638
"4488","YR2013","UKR","EN.GHG.CO2.LU.FL.MT.CE.AR5",0,-27.8536
"4489","YR2013","UKR","EN.GHG.CO2.LU.DF.MT.CE.AR5",0,0.1472
"4490","YR2013","UKR","EN.GHG.CO2.LU.OS.MT.CE.AR5",0,0
"4491","YR2013","UKR","EN.GHG.CO2.LU.OL.MT.CE.AR5",0,28.2385
"4492","YR2014","UKR","EN.GHG.CO2.LU.MT.CE.AR5",0,2.5155
"4493","YR2014","UKR","EN.GHG.CO2.LU.FL.MT.CE.AR5",0,-29.1978
"4494","YR2014","UKR","EN.GHG.CO2.LU.DF.MT.CE.AR5",0,0.1345
"4495","YR2014","UKR","EN.GHG.CO2.LU.OS.MT.CE.AR5",0,0
"4496","YR2014","UKR","EN.GHG.CO2.LU.OL.MT.CE.AR5",0,30.4933
"4497","YR2015","UKR","EN.GHG.CO2.LU.MT.CE.AR5",0,3.9244
"4498","YR2015","UKR","EN.GHG.CO2.LU.FL.MT.CE.AR5",0,-25.4691
"4499","YR2015","UKR","EN.GHG.CO2.LU.DF.MT.CE.AR5",0,0.1396
"4500","YR2015","UKR","EN.GHG.CO2.LU.OS.MT.CE.AR5",0,0
"4501","YR2015","UKR","EN.GHG.CO2.LU.OL.MT.CE.AR5",0,28.3769
"4502","YR2016","UKR","EN.GHG.CO2.LU.MT.CE.AR5",0,5.8995
"4503","YR2016","UKR","EN.GHG.CO2.LU.FL.MT.CE.AR5",0,-24.2602
"4504","YR2016","UKR","EN.GHG.CO2.LU.DF.MT.CE.AR5",0,0.1185
"4505","YR2016","UKR","EN.GHG.CO2.LU.OS.MT.CE.AR5",0,0
"4506","YR2016","UKR","EN.GHG.CO2.LU.OL.MT.CE.AR5",0,29.7081
"4507","YR2017","UKR","EN.GHG.CO2.LU.MT.CE.AR5",0,-2.6947
"4508","YR2017","UKR","EN.GHG.CO2.LU.FL.MT.CE.AR5",0,-26.4061
"4509","YR2017","UKR","EN.GHG.CO2.LU.DF.MT.CE.AR5",0,0.1302
"4510","YR2017","UKR","EN.GHG.CO2.LU.OS.MT.CE.AR5",0,0
"4511","YR2017","UKR","EN.GHG.CO2.LU.OL.MT.CE.AR5",0,23.5769
"4512","YR2018","UKR","EN.GHG.CO2.LU.MT.CE.AR5",0,6.9344
"4513","YR2018","UKR","EN.GHG.CO2.LU.FL.MT.CE.AR5",0,-24.7882
"4514","YR2018","UKR","EN.GHG.CO2.LU.DF.MT.CE.AR5",0,0.0489
"4515","YR2018","UKR","EN.GHG.CO2.LU.OS.MT.CE.AR5",0,0
"4516","YR2018","UKR","EN.GHG.CO2.LU.OL.MT.CE.AR5",0,33.1869
"4517","YR2019","UKR","EN.GHG.CO2.LU.MT.CE.AR5",0,4.8782
"4518","YR2019","UKR","EN.GHG.CO2.LU.FL.MT.CE.AR5",0,-26.4701
"4519","YR2019","UKR","EN.GHG.CO2.LU.DF.MT.CE.AR5",0,0.1477
"4520","YR2019","UKR","EN.GHG.CO2.LU.OS.MT.CE.AR5",0,0
"4521","YR2019","UKR","EN.GHG.CO2.LU.OL.MT.CE.AR5",0,32.2094
"4522","YR2020","UKR","EN.GHG.CO2.LU.MT.CE.AR5",0,-16.1343
"4523","YR2020","UKR","EN.GHG.CO2.LU.FL.MT.CE.AR5",0,-32.0065
"4524","YR2020","UKR","EN.GHG.CO2.LU.DF.MT.CE.AR5",0,0.0547
"4525","YR2020","UKR","EN.GHG.CO2.LU.OS.MT.CE.AR5",0,0
"4526","YR2020","UKR","EN.GHG.CO2.LU.OL.MT.CE.AR5",0,16.6983
"4527","YR2021","UKR","EN.GHG.CO2.LU.MT.CE.AR5",0,-5.5924
"4528","YR2021","UKR","EN.GHG.CO2.LU.FL.MT.CE.AR5",0,-33.7877
"4529","YR2021","UKR","EN.GHG.CO2.LU.DF.MT.CE.AR5",0,0.0548
"4530","YR2021","UKR","EN.GHG.CO2.LU.OS.MT.CE.AR5",0,0
"4531","YR2021","UKR","EN.GHG.CO2.LU.OL.MT.CE.AR5",0,29.8072
"4532","YR2022","UKR","EN.GHG.CO2.LU.MT.CE.AR5",0,-15.8689
"4533","YR2022","UKR","EN.GHG.CO2.LU.FL.MT.CE.AR5",0,-36.3191
"4534","YR2022","UKR","EN.GHG.CO2.LU.DF.MT.CE.AR5",0,0.0475
"4535","YR2022","UKR","EN.GHG.CO2.LU.OS.MT.CE.AR5",0,0
"4536","YR2022","UKR","EN.GHG.CO2.LU.OL.MT.CE.AR5",0,21.8503
"4537","YR2023","UKR","EN.GHG.CO2.LU.MT.CE.AR5",0,-11.3341
"4538","YR2023","UKR","EN.GHG.CO2.LU.FL.MT.CE.AR5",0,-36.8148
"4539","YR2023","UKR","EN.GHG.CO2.LU.DF.MT.CE.AR5",0,0.0451
"4540","YR2023","UKR","EN.GHG.CO2.LU.OS.MT.CE.AR5",0,0
"4541","YR2023","UKR","EN.GHG.CO2.LU.OL.MT.CE.AR5",0,21.8503
"4542","YR2000","ARG","EN.GHG.CO2.LU.MT.CE.AR5",0,85.1989
"4543","YR2000","ARG","EN.GHG.CO2.LU.FL.MT.CE.AR5",0,-5.454
"4544","YR2000","ARG","EN.GHG.CO2.LU.DF.MT.CE.AR5",0,84.46
"4545","YR2000","ARG","EN.GHG.CO2.LU.OL.MT.CE.AR5",0,7.27
"4546","YR2001","ARG","EN.GHG.CO2.LU.MT.CE.AR5",0,82.8669
"4547","YR2001","ARG","EN.GHG.CO2.LU.FL.MT.CE.AR5",0,-8.0606
"4548","YR2001","ARG","EN.GHG.CO2.LU.DF.MT.CE.AR5",0,84.2532
"4549","YR2001","ARG","EN.GHG.CO2.LU.OL.MT.CE.AR5",0,7.6903
"4550","YR2002","ARG","EN.GHG.CO2.LU.MT.CE.AR5",0,97.586
"4551","YR2002","ARG","EN.GHG.CO2.LU.FL.MT.CE.AR5",0,-6.6888
"4552","YR2002","ARG","EN.GHG.CO2.LU.DF.MT.CE.AR5",0,103.8466
"4553","YR2002","ARG","EN.GHG.CO2.LU.OL.MT.CE.AR5",0,1.4529
"4554","YR2003","ARG","EN.GHG.CO2.LU.MT.CE.AR5",0,96.107
"4555","YR2003","ARG","EN.GHG.CO2.LU.FL.MT.CE.AR5",0,-3.1401
"4556","YR2003","ARG","EN.GHG.CO2.LU.DF.MT.CE.AR5",0,103.8702
"4557","YR2003","ARG","EN.GHG.CO2.LU.OL.MT.CE.AR5",0,-2.8587
"4558","YR2004","ARG","EN.GHG.CO2.LU.MT.CE.AR5",0,104.4959
"4559","YR2004","ARG","EN.GHG.CO2.LU.FL.MT.CE.AR5",0,5.4319
"4560","YR2004","ARG","EN.GHG.CO2.LU.DF.MT.CE.AR5",0,103.7517
"4561","YR2004","ARG","EN.GHG.CO2.LU.OL.MT.CE.AR5",0,-3.1516
"4562","YR2005","ARG","EN.GHG.CO2.LU.MT.CE.AR5",0,93.2023
"4563","YR2005","ARG","EN.GHG.CO2.LU.FL.MT.CE.AR5",0,-6.201
"4564","YR2005","ARG","EN.GHG.CO2.LU.DF.MT.CE.AR5",0,103.9927
"4565","YR2005","ARG","EN.GHG.CO2.LU.OL.MT.CE.AR5",0,-2.7793
"4566","YR2006","ARG","EN.GHG.CO2.LU.MT.CE.AR5",0,110.1489
"4567","YR2006","ARG","EN.GHG.CO2.LU.FL.MT.CE.AR5",0,-7.1724
"4568","YR2006","ARG","EN.GHG.CO2.LU.DF.MT.CE.AR5",0,116.1669
"4569","YR2006","ARG","EN.GHG.CO2.LU.OL.MT.CE.AR5",0,3.3245
"4570","YR2007","ARG","EN.GHG.CO2.LU.MT.CE.AR5",0,117.3274
"4571","YR2007","ARG","EN.GHG.CO2.LU.FL.MT.CE.AR5",0,-6.579
"4572","YR2007","ARG","EN.GHG.CO2.LU.DF.MT.CE.AR5",0,127.8186
"4573","YR2007","ARG","EN.GHG.CO2.LU.OL.MT.CE.AR5",0,-2.2045
"4574","YR2008","ARG","EN.GHG.CO2.LU.MT.CE.AR5",0,93.3693
"4575","YR2008","ARG","EN.GHG.CO2.LU.FL.MT.CE.AR5",0,-8.6713
"4576","YR2008","ARG","EN.GHG.CO2.LU.DF.MT.CE.AR5",0,106.1047
"4577","YR2008","ARG","EN.GHG.CO2.LU.OL.MT.CE.AR5",0,-2.7874
"4578","YR2009","ARG","EN.GHG.CO2.LU.MT.CE.AR5",0,69.9649
"4579","YR2009","ARG","EN.GHG.CO2.LU.FL.MT.CE.AR5",0,-7.5111
"4580","YR2009","ARG","EN.GHG.CO2.LU.DF.MT.CE.AR5",0,73.4239
"4581","YR2009","ARG","EN.GHG.CO2.LU.OL.MT.CE.AR5",0,5.931
"4582","YR2010","ARG","EN.GHG.CO2.LU.MT.CE.AR5",0,75.1387
"4583","YR2010","ARG","EN.GHG.CO2.LU.FL.MT.CE.AR5",0,-6.5607
"4584","YR2010","ARG","EN.GHG.CO2.LU.DF.MT.CE.AR5",0,73.1133
"4585","YR2010","ARG","EN.GHG.CO2.LU.OL.MT.CE.AR5",0,10.5447
"4586","YR2011","ARG","EN.GHG.CO2.LU.MT.CE.AR5",0,52.9773
"4587","YR2011","ARG","EN.GHG.CO2.LU.FL.MT.CE.AR5",0,-6.6459
"4588","YR2011","ARG","EN.GHG.CO2.LU.DF.MT.CE.AR5",0,65.582
"4589","YR2011","ARG","EN.GHG.CO2.LU.OL.MT.CE.AR5",0,-4.1491
"4590","YR2012","ARG","EN.GHG.CO2.LU.MT.CE.AR5",0,90.8544
"4591","YR2012","ARG","EN.GHG.CO2.LU.FL.MT.CE.AR5",0,-8.6143
"4592","YR2012","ARG","EN.GHG.CO2.LU.DF.MT.CE.AR5",0,97.2028
"4593","YR2012","ARG","EN.GHG.CO2.LU.OL.MT.CE.AR5",0,4.9726
"4594","YR2013","ARG","EN.GHG.CO2.LU.MT.CE.AR5",0,85.3427
"4595","YR2013","ARG","EN.GHG.CO2.LU.FL.MT.CE.AR5",0,-6.4123
"4596","YR2013","ARG","EN.GHG.CO2.LU.DF.MT.CE.AR5",0,95.1933
"4597","YR2013","ARG","EN.GHG.CO2.LU.OL.MT.CE.AR5",0,-0.6298
"4598","YR2014","ARG","EN.GHG.CO2.LU.MT.CE.AR5",0,57.2142
"4599","YR2014","ARG","EN.GHG.CO2.LU.FL.MT.CE.AR5",0,-13.0416
"4600","YR2014","ARG","EN.GHG.CO2.LU.DF.MT.CE.AR5",0,63.186
"4601","YR2014","ARG","EN.GHG.CO2.LU.OL.MT.CE.AR5",0,8.9103
"4602","YR2015","ARG","EN.GHG.CO2.LU.MT.CE.AR5",0,36.6095
"4603","YR2015","ARG","EN.GHG.CO2.LU.FL.MT.CE.AR5",0,-11.6509
"4604","YR2015","ARG","EN.GHG.CO2.LU.DF.MT.CE.AR5",0,49.3859
"4605","YR2015","ARG","EN.GHG.CO2.LU.OL.MT.CE.AR5",0,1.1179
"4606","YR2016","ARG","EN.GHG.CO2.LU.MT.CE.AR5",0,29.689
"4607","YR2016","ARG","EN.GHG.CO2.LU.FL.MT.CE.AR5",0,-11.5794
"4608","YR2016","ARG","EN.GHG.CO2.LU.DF.MT.CE.AR5",0,46.6271
"4609","YR2016","ARG","EN.GHG.CO2.LU.OL.MT.CE.AR5",0,-2.7489
"4610","YR2017","ARG","EN.GHG.CO2.LU.MT.CE.AR5",0,36.1152
"4611","YR2017","ARG","EN.GHG.CO2.LU.FL.MT.CE.AR5",0,-9.6586
"4612","YR2017","ARG","EN.GHG.CO2.LU.DF.MT.CE.AR5",0,52.7134
"4613","YR2017","ARG","EN.GHG.CO2.LU.OL.MT.CE.AR5",0,-4.2101
"4614","YR2018","ARG","EN.GHG.CO2.LU.MT.CE.AR5",0,37.3124
"4615","YR2018","ARG","EN.GHG.CO2.LU.FL.MT.CE.AR5",0,-10.3894
"4616","YR2018","ARG","EN.GHG.CO2.LU.DF.MT.CE.AR5",0,44.7385
"4617","YR2018","ARG","EN.GHG.CO2.LU.OL.MT.CE.AR5",0,5.4045
"4618","YR2019","ARG","EN.GHG.CO2.LU.MT.CE.AR5",0,7.7871
"4619","YR2019","ARG","EN.GHG.CO2.LU.FL.MT.CE.AR5",0,-10.8074
"4620","YR2019","ARG","EN.GHG.CO2.LU.DF.MT.CE.AR5",0,34.2818
"4621","YR2019","ARG","EN.GHG.CO2.LU.OL.MT.CE.AR5",0,-13.5546
"4622","YR2020","ARG","EN.GHG.CO2.LU.MT.CE.AR5",0,67.8844
"4623","YR2020","ARG","EN.GHG.CO2.LU.FL.MT.CE.AR5",0,-10.7672
"4624","YR2020","ARG","EN.GHG.CO2.LU.DF.MT.CE.AR5",0,86.7791
"4625","YR2020","ARG","EN.GHG.CO2.LU.OL.MT.CE.AR5",0,-6.4941
"4626","YR2021","ARG","EN.GHG.CO2.LU.MT.CE.AR5",0,51.8085
"4627","YR2021","ARG","EN.GHG.CO2.LU.FL.MT.CE.AR5",0,-7.7413
"4628","YR2021","ARG","EN.GHG.CO2.LU.DF.MT.CE.AR5",0,64.9527
"4629","YR2021","ARG","EN.GHG.CO2.LU.OL.MT.CE.AR5",0,-2.7382
"4630","YR2022","ARG","EN.GHG.CO2.LU.MT.CE.AR5",0,47.033
"4631","YR2022","ARG","EN.GHG.CO2.LU.FL.MT.CE.AR5",0,-1.5231
"4632","YR2022","ARG","EN.GHG.CO2.LU.DF.MT.CE.AR5",0,50.8476
"4633","YR2022","ARG","EN.GHG.CO2.LU.OL.MT.CE.AR5",0,0.4241
"4634","YR2023","ARG","EN.GHG.CO2.LU.MT.CE.AR5",0,47.033
"4635","YR2023","ARG","EN.GHG.CO2.LU.FL.MT.CE.AR5",0,-1.5231
"4636","YR2023","ARG","EN.GHG.CO2.LU.DF.MT.CE.AR5",0,50.8476
"4637","YR2023","ARG","EN.GHG.CO2.LU.OL.MT.CE.AR5",0,0.4241
"4638","YR2000","AZE","EN.GHG.CO2.LU.MT.CE.AR5",0,-5.5321
"4639","YR2000","AZE","EN.GHG.CO2.LU.FL.MT.CE.AR5",0,-3.8442
"4640","YR2000","AZE","EN.GHG.CO2.LU.OL.MT.CE.AR5",0,-0.7138
"4641","YR2001","AZE","EN.GHG.CO2.LU.MT.CE.AR5",0,-5.5321
"4642","YR2001","AZE","EN.GHG.CO2.LU.FL.MT.CE.AR5",0,-3.8442
"4643","YR2001","AZE","EN.GHG.CO2.LU.OL.MT.CE.AR5",0,-0.7138
"4644","YR2002","AZE","EN.GHG.CO2.LU.MT.CE.AR5",0,-5.5321
"4645","YR2002","AZE","EN.GHG.CO2.LU.FL.MT.CE.AR5",0,-3.8442
"4646","YR2002","AZE","EN.GHG.CO2.LU.OL.MT.CE.AR5",0,-0.7138
"4647","YR2003","AZE","EN.GHG.CO2.LU.MT.CE.AR5",0,-5.5321
"4648","YR2003","AZE","EN.GHG.CO2.LU.FL.MT.CE.AR5",0,-3.8442
"4649","YR2003","AZE","EN.GHG.CO2.LU.OL.MT.CE.AR5",0,-0.7138
"4650","YR2004","AZE","EN.GHG.CO2.LU.MT.CE.AR5",0,-5.5321
"4651","YR2004","AZE","EN.GHG.CO2.LU.FL.MT.CE.AR5",0,-3.8442
"4652","YR2004","AZE","EN.GHG.CO2.LU.OL.MT.CE.AR5",0,-0.7138
"4653","YR2005","AZE","EN.GHG.CO2.LU.MT.CE.AR5",0,-5.5321
"4654","YR2005","AZE","EN.GHG.CO2.LU.FL.MT.CE.AR5",0,-3.8442
"4655","YR2005","AZE","EN.GHG.CO2.LU.OL.MT.CE.AR5",0,-0.7138
"4656","YR2006","AZE","EN.GHG.CO2.LU.MT.CE.AR5",0,-5.5321
"4657","YR2006","AZE","EN.GHG.CO2.LU.FL.MT.CE.AR5",0,-3.8442
"4658","YR2006","AZE","EN.GHG.CO2.LU.OL.MT.CE.AR5",0,-0.7138
"4659","YR2007","AZE","EN.GHG.CO2.LU.MT.CE.AR5",0,-5.5321
"4660","YR2007","AZE","EN.GHG.CO2.LU.FL.MT.CE.AR5",0,-3.8442
"4661","YR2007","AZE","EN.GHG.CO2.LU.OL.MT.CE.AR5",0,-0.7138
"4662","YR2008","AZE","EN.GHG.CO2.LU.MT.CE.AR5",0,-5.5321
"4663","YR2008","AZE","EN.GHG.CO2.LU.FL.MT.CE.AR5",0,-3.8442
"4664","YR2008","AZE","EN.GHG.CO2.LU.OL.MT.CE.AR5",0,-0.7138
"4665","YR2009","AZE","EN.GHG.CO2.LU.MT.CE.AR5",0,-5.5321
"4666","YR2009","AZE","EN.GHG.CO2.LU.FL.MT.CE.AR5",0,-3.8442
"4667","YR2009","AZE","EN.GHG.CO2.LU.OL.MT.CE.AR5",0,-0.7138
"4668","YR2010","AZE","EN.GHG.CO2.LU.MT.CE.AR5",0,-5.5321
"4669","YR2010","AZE","EN.GHG.CO2.LU.FL.MT.CE.AR5",0,-3.8442
"4670","YR2010","AZE","EN.GHG.CO2.LU.OL.MT.CE.AR5",0,-0.7138
"4671","YR2011","AZE","EN.GHG.CO2.LU.MT.CE.AR5",0,-5.5321
"4672","YR2011","AZE","EN.GHG.CO2.LU.FL.MT.CE.AR5",0,-3.8442
"4673","YR2011","AZE","EN.GHG.CO2.LU.OL.MT.CE.AR5",0,-0.7138
"4674","YR2012","AZE","EN.GHG.CO2.LU.MT.CE.AR5",0,-5.5321
"4675","YR2012","AZE","EN.GHG.CO2.LU.FL.MT.CE.AR5",0,-3.8442
"4676","YR2012","AZE","EN.GHG.CO2.LU.OL.MT.CE.AR5",0,-0.7138
"4677","YR2013","AZE","EN.GHG.CO2.LU.MT.CE.AR5",0,-5.5321
"4678","YR2013","AZE","EN.GHG.CO2.LU.FL.MT.CE.AR5",0,-3.8442
"4679","YR2013","AZE","EN.GHG.CO2.LU.OL.MT.CE.AR5",0,-0.7138
"4680","YR2014","AZE","EN.GHG.CO2.LU.MT.CE.AR5",0,-5.5321
"4681","YR2014","AZE","EN.GHG.CO2.LU.FL.MT.CE.AR5",0,-3.8442
"4682","YR2014","AZE","EN.GHG.CO2.LU.OL.MT.CE.AR5",0,-0.7138
"4683","YR2015","AZE","EN.GHG.CO2.LU.MT.CE.AR5",0,-5.5321
"4684","YR2015","AZE","EN.GHG.CO2.LU.FL.MT.CE.AR5",0,-3.8442
"4685","YR2015","AZE","EN.GHG.CO2.LU.OL.MT.CE.AR5",0,-0.7138
"4686","YR2016","AZE","EN.GHG.CO2.LU.MT.CE.AR5",0,-5.5321
"4687","YR2016","AZE","EN.GHG.CO2.LU.FL.MT.CE.AR5",0,-3.8442
"4688","YR2016","AZE","EN.GHG.CO2.LU.OL.MT.CE.AR5",0,-0.7138
"4689","YR2017","AZE","EN.GHG.CO2.LU.MT.CE.AR5",0,-5.5321
"4690","YR2017","AZE","EN.GHG.CO2.LU.FL.MT.CE.AR5",0,-3.8442
"4691","YR2017","AZE","EN.GHG.CO2.LU.OL.MT.CE.AR5",0,-0.7138
"4692","YR2018","AZE","EN.GHG.CO2.LU.MT.CE.AR5",0,-5.5321
"4693","YR2018","AZE","EN.GHG.CO2.LU.FL.MT.CE.AR5",0,-3.8442
"4694","YR2018","AZE","EN.GHG.CO2.LU.OL.MT.CE.AR5",0,-0.7138
"4695","YR2019","AZE","EN.GHG.CO2.LU.MT.CE.AR5",0,-5.5321
"4696","YR2019","AZE","EN.GHG.CO2.LU.FL.MT.CE.AR5",0,-3.8442
"4697","YR2019","AZE","EN.GHG.CO2.LU.OL.MT.CE.AR5",0,-0.7138
"4698","YR2020","AZE","EN.GHG.CO2.LU.MT.CE.AR5",0,-5.5321
"4699","YR2020","AZE","EN.GHG.CO2.LU.FL.MT.CE.AR5",0,-3.8442
"4700","YR2020","AZE","EN.GHG.CO2.LU.OL.MT.CE.AR5",0,-0.7138
"4701","YR2021","AZE","EN.GHG.CO2.LU.MT.CE.AR5",0,-5.3911
"4702","YR2021","AZE","EN.GHG.CO2.LU.FL.MT.CE.AR5",0,-3.6653
"4703","YR2021","AZE","EN.GHG.CO2.LU.OL.MT.CE.AR5",0,-0.7379
"4704","YR2022","AZE","EN.GHG.CO2.LU.MT.CE.AR5",0,-5.2146
"4705","YR2022","AZE","EN.GHG.CO2.LU.FL.MT.CE.AR5",0,-3.5675
"4706","YR2022","AZE","EN.GHG.CO2.LU.OL.MT.CE.AR5",0,-0.7379
"4707","YR2023","AZE","EN.GHG.CO2.LU.MT.CE.AR5",0,-5.2146
"4708","YR2023","AZE","EN.GHG.CO2.LU.FL.MT.CE.AR5",0,-3.5675
"4709","YR2023","AZE","EN.GHG.CO2.LU.OL.MT.CE.AR5",0,-0.7379
"4710","YR2000","BRA","EN.GHG.CO2.LU.MT.CE.AR5",0,1108.0799
"4711","YR2000","BRA","EN.GHG.CO2.LU.FL.MT.CE.AR5",0,-185.0762
"4712","YR2000","BRA","EN.GHG.CO2.LU.DF.MT.CE.AR5",0,1289.5172
"4713","YR2000","BRA","EN.GHG.CO2.LU.OL.MT.CE.AR5",0,43.5778
"4714","YR2001","BRA","EN.GHG.CO2.LU.MT.CE.AR5",0,1055.5153
"4715","YR2001","BRA","EN.GHG.CO2.LU.FL.MT.CE.AR5",0,-192.8018
"4716","YR2001","BRA","EN.GHG.CO2.LU.DF.MT.CE.AR5",0,1251.3978
"4717","YR2001","BRA","EN.GHG.CO2.LU.OL.MT.CE.AR5",0,37.7755
"4718","YR2002","BRA","EN.GHG.CO2.LU.MT.CE.AR5",0,1254.563
"4719","YR2002","BRA","EN.GHG.CO2.LU.FL.MT.CE.AR5",0,-191.9897
"4720","YR2002","BRA","EN.GHG.CO2.LU.DF.MT.CE.AR5",0,1450.8556
"4721","YR2002","BRA","EN.GHG.CO2.LU.OL.MT.CE.AR5",0,38.7046
"4722","YR2003","BRA","EN.GHG.CO2.LU.MT.CE.AR5",0,2290.325
"4723","YR2003","BRA","EN.GHG.CO2.LU.FL.MT.CE.AR5",0,-201.022
"4724","YR2003","BRA","EN.GHG.CO2.LU.DF.MT.CE.AR5",0,2412.1969
"4725","YR2003","BRA","EN.GHG.CO2.LU.OL.MT.CE.AR5",0,125.2216
"4726","YR2004","BRA","EN.GHG.CO2.LU.MT.CE.AR5",0,2475.1078
"4727","YR2004","BRA","EN.GHG.CO2.LU.FL.MT.CE.AR5",0,-200.3772
"4728","YR2004","BRA","EN.GHG.CO2.LU.DF.MT.CE.AR5",0,2593.6117
"4729","YR2004","BRA","EN.GHG.CO2.LU.OL.MT.CE.AR5",0,130.9885
"4730","YR2005","BRA","EN.GHG.CO2.LU.MT.CE.AR5",0,1474.2087
"4731","YR2005","BRA","EN.GHG.CO2.LU.FL.MT.CE.AR5",0,-271.356
"4732","YR2005","BRA","EN.GHG.CO2.LU.DF.MT.CE.AR5",0,1720.8048
"4733","YR2005","BRA","EN.GHG.CO2.LU.OL.MT.CE.AR5",0,76.81
"4734","YR2006","BRA","EN.GHG.CO2.LU.MT.CE.AR5",0,1127.8363
"4735","YR2006","BRA","EN.GHG.CO2.LU.FL.MT.CE.AR5",0,-274.4841
"4736","YR2006","BRA","EN.GHG.CO2.LU.DF.MT.CE.AR5",0,1394.0544
"4737","YR2006","BRA","EN.GHG.CO2.LU.OL.MT.CE.AR5",0,61.8692
"4738","YR2007","BRA","EN.GHG.CO2.LU.MT.CE.AR5",0,791.5942
"4739","YR2007","BRA","EN.GHG.CO2.LU.FL.MT.CE.AR5",0,-336.5666
"4740","YR2007","BRA","EN.GHG.CO2.LU.DF.MT.CE.AR5",0,1136.2769
"4741","YR2007","BRA","EN.GHG.CO2.LU.OL.MT.CE.AR5",0,44.5212
"4742","YR2008","BRA","EN.GHG.CO2.LU.MT.CE.AR5",0,898.1821
"4743","YR2008","BRA","EN.GHG.CO2.LU.FL.MT.CE.AR5",0,-330.4275
"4744","YR2008","BRA","EN.GHG.CO2.LU.DF.MT.CE.AR5",0,1230.2719
"4745","YR2008","BRA","EN.GHG.CO2.LU.OL.MT.CE.AR5",0,47.3981
"4746","YR2009","BRA","EN.GHG.CO2.LU.MT.CE.AR5",0,302.3082
"4747","YR2009","BRA","EN.GHG.CO2.LU.FL.MT.CE.AR5",0,-392.3082
"4748","YR2009","BRA","EN.GHG.CO2.LU.DF.MT.CE.AR5",0,718.349
"4749","YR2009","BRA","EN.GHG.CO2.LU.OL.MT.CE.AR5",0,16.2705
"4750","YR2010","BRA","EN.GHG.CO2.LU.MT.CE.AR5",0,239.3014
"4751","YR2010","BRA","EN.GHG.CO2.LU.FL.MT.CE.AR5",0,-400.3905
"4752","YR2010","BRA","EN.GHG.CO2.LU.DF.MT.CE.AR5",0,668.0281
"4753","YR2010","BRA","EN.GHG.CO2.LU.OL.MT.CE.AR5",0,14.7076
"4754","YR2011","BRA","EN.GHG.CO2.LU.MT.CE.AR5",0,290.9904
"4755","YR2011","BRA","EN.GHG.CO2.LU.FL.MT.CE.AR5",0,-348.2599
"4756","YR2011","BRA","EN.GHG.CO2.LU.DF.MT.CE.AR5",0,617.4445
"4757","YR2011","BRA","EN.GHG.CO2.LU.OL.MT.CE.AR5",0,63.0397
"4758","YR2012","BRA","EN.GHG.CO2.LU.MT.CE.AR5",0,145.8948
"4759","YR2012","BRA","EN.GHG.CO2.LU.FL.MT.CE.AR5",0,-363.6506
"4760","YR2012","BRA","EN.GHG.CO2.LU.DF.MT.CE.AR5",0,492.7719
"4761","YR2012","BRA","EN.GHG.CO2.LU.OL.MT.CE.AR5",0,56.3551
"4762","YR2013","BRA","EN.GHG.CO2.LU.MT.CE.AR5",0,374.5368
"4763","YR2013","BRA","EN.GHG.CO2.LU.FL.MT.CE.AR5",0,-342.1421
"4764","YR2013","BRA","EN.GHG.CO2.LU.DF.MT.CE.AR5",0,670.0571
"4765","YR2013","BRA","EN.GHG.CO2.LU.OL.MT.CE.AR5",0,84.6851
"4766","YR2014","BRA","EN.GHG.CO2.LU.MT.CE.AR5",0,229.0188
"4767","YR2014","BRA","EN.GHG.CO2.LU.FL.MT.CE.AR5",0,-356.6646
"4768","YR2014","BRA","EN.GHG.CO2.LU.DF.MT.CE.AR5",0,555.4173
"4769","YR2014","BRA","EN.GHG.CO2.LU.OL.MT.CE.AR5",0,66.4132
"4770","YR2015","BRA","EN.GHG.CO2.LU.MT.CE.AR5",0,337.8337
"4771","YR2015","BRA","EN.GHG.CO2.LU.FL.MT.CE.AR5",0,-348.7281
"4772","YR2015","BRA","EN.GHG.CO2.LU.DF.MT.CE.AR5",0,646.5574
"4773","YR2015","BRA","EN.GHG.CO2.LU.OL.MT.CE.AR5",0,74.161
"4774","YR2016","BRA","EN.GHG.CO2.LU.MT.CE.AR5",0,398.3703
"4775","YR2016","BRA","EN.GHG.CO2.LU.FL.MT.CE.AR5",0,-347.5572
"4776","YR2016","BRA","EN.GHG.CO2.LU.DF.MT.CE.AR5",0,714.4707
"4777","YR2016","BRA","EN.GHG.CO2.LU.OL.MT.CE.AR5",0,69.6545
"4778","YR2017","BRA","EN.GHG.CO2.LU.MT.CE.AR5",0,279.4896
"4779","YR2017","BRA","EN.GHG.CO2.LU.FL.MT.CE.AR5",0,-359.6307
"4780","YR2017","BRA","EN.GHG.CO2.LU.DF.MT.CE.AR5",0,622.687
"4781","YR2017","BRA","EN.GHG.CO2.LU.OL.MT.CE.AR5",0,57.3502
"4782","YR2018","BRA","EN.GHG.CO2.LU.MT.CE.AR5",0,326.1754
"4783","YR2018","BRA","EN.GHG.CO2.LU.FL.MT.CE.AR5",0,-355.3087
"4784","YR2018","BRA","EN.GHG.CO2.LU.DF.MT.CE.AR5",0,665.4077
"4785","YR2018","BRA","EN.GHG.CO2.LU.OL.MT.CE.AR5",0,60.0002
"4786","YR2019","BRA","EN.GHG.CO2.LU.MT.CE.AR5",0,522.8626
"4787","YR2019","BRA","EN.GHG.CO2.LU.FL.MT.CE.AR5",0,-338.176
"4788","YR2019","BRA","EN.GHG.CO2.LU.DF.MT.CE.AR5",0,836.2601
"4789","YR2019","BRA","EN.GHG.CO2.LU.OL.MT.CE.AR5",0,68.582
"4790","YR2020","BRA","EN.GHG.CO2.LU.MT.CE.AR5",0,616.679
"4791","YR2020","BRA","EN.GHG.CO2.LU.FL.MT.CE.AR5",0,-329.19
"4792","YR2020","BRA","EN.GHG.CO2.LU.DF.MT.CE.AR5",0,914.8701
"4793","YR2020","BRA","EN.GHG.CO2.LU.OL.MT.CE.AR5",0,79.0549
"4794","YR2021","BRA","EN.GHG.CO2.LU.MT.CE.AR5",0,825.3723
"4795","YR2021","BRA","EN.GHG.CO2.LU.FL.MT.CE.AR5",0,-309.4883
"4796","YR2021","BRA","EN.GHG.CO2.LU.DF.MT.CE.AR5",0,1092.027
"4797","YR2021","BRA","EN.GHG.CO2.LU.OL.MT.CE.AR5",0,95.948
"4798","YR2022","BRA","EN.GHG.CO2.LU.MT.CE.AR5",0,751.4669
"4799","YR2022","BRA","EN.GHG.CO2.LU.FL.MT.CE.AR5",0,-314.8425
"4800","YR2022","BRA","EN.GHG.CO2.LU.DF.MT.CE.AR5",0,1024.764
"4801","YR2022","BRA","EN.GHG.CO2.LU.OL.MT.CE.AR5",0,98.0526
"4802","YR2023","BRA","EN.GHG.CO2.LU.MT.CE.AR5",0,751.4669
"4803","YR2023","BRA","EN.GHG.CO2.LU.FL.MT.CE.AR5",0,-314.8425
"4804","YR2023","BRA","EN.GHG.CO2.LU.DF.MT.CE.AR5",0,1024.764
"4805","YR2023","BRA","EN.GHG.CO2.LU.OL.MT.CE.AR5",0,98.0526
"4806","YR2000","BRN","EN.GHG.CO2.LU.MT.CE.AR5",0,-4.0042
"4807","YR2000","BRN","EN.GHG.CO2.LU.FL.MT.CE.AR5",0,-4.0042
"4808","YR2001","BRN","EN.GHG.CO2.LU.MT.CE.AR5",0,-4.0042
"4809","YR2001","BRN","EN.GHG.CO2.LU.FL.MT.CE.AR5",0,-4.0042
"4810","YR2002","BRN","EN.GHG.CO2.LU.MT.CE.AR5",0,-4.0042
"4811","YR2002","BRN","EN.GHG.CO2.LU.FL.MT.CE.AR5",0,-4.0042
"4812","YR2003","BRN","EN.GHG.CO2.LU.MT.CE.AR5",0,-4.0042
"4813","YR2003","BRN","EN.GHG.CO2.LU.FL.MT.CE.AR5",0,-4.0042
"4814","YR2004","BRN","EN.GHG.CO2.LU.MT.CE.AR5",0,-4.0042
"4815","YR2004","BRN","EN.GHG.CO2.LU.FL.MT.CE.AR5",0,-4.0042
"4816","YR2005","BRN","EN.GHG.CO2.LU.MT.CE.AR5",0,-4.0042
"4817","YR2005","BRN","EN.GHG.CO2.LU.FL.MT.CE.AR5",0,-4.0042
"4818","YR2006","BRN","EN.GHG.CO2.LU.MT.CE.AR5",0,-4.0042
"4819","YR2006","BRN","EN.GHG.CO2.LU.FL.MT.CE.AR5",0,-4.0042
"4820","YR2007","BRN","EN.GHG.CO2.LU.MT.CE.AR5",0,-4.0042
"4821","YR2007","BRN","EN.GHG.CO2.LU.FL.MT.CE.AR5",0,-4.0042
"4822","YR2008","BRN","EN.GHG.CO2.LU.MT.CE.AR5",0,-4.0042
"4823","YR2008","BRN","EN.GHG.CO2.LU.FL.MT.CE.AR5",0,-4.0042
"4824","YR2009","BRN","EN.GHG.CO2.LU.MT.CE.AR5",0,-4.0042
"4825","YR2009","BRN","EN.GHG.CO2.LU.FL.MT.CE.AR5",0,-4.0042
"4826","YR2010","BRN","EN.GHG.CO2.LU.MT.CE.AR5",0,-4.0042
"4827","YR2010","BRN","EN.GHG.CO2.LU.FL.MT.CE.AR5",0,-4.0042
"4828","YR2011","BRN","EN.GHG.CO2.LU.MT.CE.AR5",0,-4.3419
"4829","YR2011","BRN","EN.GHG.CO2.LU.FL.MT.CE.AR5",0,-4.3419
"4830","YR2012","BRN","EN.GHG.CO2.LU.MT.CE.AR5",0,-4.0757
"4831","YR2012","BRN","EN.GHG.CO2.LU.FL.MT.CE.AR5",0,-4.0757
"4832","YR2013","BRN","EN.GHG.CO2.LU.MT.CE.AR5",0,-4.2356
"4833","YR2013","BRN","EN.GHG.CO2.LU.FL.MT.CE.AR5",0,-4.2356
"4834","YR2014","BRN","EN.GHG.CO2.LU.MT.CE.AR5",0,-4.0516
"4835","YR2014","BRN","EN.GHG.CO2.LU.FL.MT.CE.AR5",0,-4.0516
"4836","YR2015","BRN","EN.GHG.CO2.LU.MT.CE.AR5",0,-3.5238
"4837","YR2015","BRN","EN.GHG.CO2.LU.FL.MT.CE.AR5",0,-3.5238
"4838","YR2016","BRN","EN.GHG.CO2.LU.MT.CE.AR5",0,-3.4093
"4839","YR2016","BRN","EN.GHG.CO2.LU.FL.MT.CE.AR5",0,-3.4093
"4840","YR2017","BRN","EN.GHG.CO2.LU.MT.CE.AR5",0,-4.5611
"4841","YR2017","BRN","EN.GHG.CO2.LU.FL.MT.CE.AR5",0,-4.5611
"4842","YR2018","BRN","EN.GHG.CO2.LU.MT.CE.AR5",0,-4.081
"4843","YR2018","BRN","EN.GHG.CO2.LU.FL.MT.CE.AR5",0,-4.081
"4844","YR2019","BRN","EN.GHG.CO2.LU.MT.CE.AR5",0,-3.4002
"4845","YR2019","BRN","EN.GHG.CO2.LU.FL.MT.CE.AR5",0,-3.4002
"4846","YR2020","BRN","EN.GHG.CO2.LU.MT.CE.AR5",0,-4.168
"4847","YR2020","BRN","EN.GHG.CO2.LU.FL.MT.CE.AR5",0,-4.168
"4848","YR2021","BRN","EN.GHG.CO2.LU.MT.CE.AR5",0,-4.4593
"4849","YR2021","BRN","EN.GHG.CO2.LU.FL.MT.CE.AR5",0,-4.4593
"4850","YR2022","BRN","EN.GHG.CO2.LU.MT.CE.AR5",0,-4.4629
"4851","YR2022","BRN","EN.GHG.CO2.LU.FL.MT.CE.AR5",0,-4.4629
"4852","YR2023","BRN","EN.GHG.CO2.LU.MT.CE.AR5",0,-4.4629
"4853","YR2023","BRN","EN.GHG.CO2.LU.FL.MT.CE.AR5",0,-4.4629
"4854","YR2000","BTN","EN.GHG.CO2.LU.MT.CE.AR5",0,-12.0107
"4855","YR2000","BTN","EN.GHG.CO2.LU.FL.MT.CE.AR5",0,-12.0036
"4856","YR2000","BTN","EN.GHG.CO2.LU.DF.MT.CE.AR5",0,0.0601
"4857","YR2000","BTN","EN.GHG.CO2.LU.OL.MT.CE.AR5",0,-0.0672
"4858","YR2001","BTN","EN.GHG.CO2.LU.MT.CE.AR5",0,-12.0107
"4859","YR2001","BTN","EN.GHG.CO2.LU.FL.MT.CE.AR5",0,-12.0036
"4860","YR2001","BTN","EN.GHG.CO2.LU.DF.MT.CE.AR5",0,0.0601
"4861","YR2001","BTN","EN.GHG.CO2.LU.OL.MT.CE.AR5",0,-0.0672
"4862","YR2002","BTN","EN.GHG.CO2.LU.MT.CE.AR5",0,-12.0107
"4863","YR2002","BTN","EN.GHG.CO2.LU.FL.MT.CE.AR5",0,-12.0036
"4864","YR2002","BTN","EN.GHG.CO2.LU.DF.MT.CE.AR5",0,0.0601
"4865","YR2002","BTN","EN.GHG.CO2.LU.OL.MT.CE.AR5",0,-0.0672
"4866","YR2003","BTN","EN.GHG.CO2.LU.MT.CE.AR5",0,-12.0107
"4867","YR2003","BTN","EN.GHG.CO2.LU.FL.MT.CE.AR5",0,-12.0036
"4868","YR2003","BTN","EN.GHG.CO2.LU.DF.MT.CE.AR5",0,0.0601
"4869","YR2003","BTN","EN.GHG.CO2.LU.OL.MT.CE.AR5",0,-0.0672
"4870","YR2004","BTN","EN.GHG.CO2.LU.MT.CE.AR5",0,-12.0107
"4871","YR2004","BTN","EN.GHG.CO2.LU.FL.MT.CE.AR5",0,-12.0036
"4872","YR2004","BTN","EN.GHG.CO2.LU.DF.MT.CE.AR5",0,0.0601
"4873","YR2004","BTN","EN.GHG.CO2.LU.OL.MT.CE.AR5",0,-0.0672
"4874","YR2005","BTN","EN.GHG.CO2.LU.MT.CE.AR5",0,-12.0107
"4875","YR2005","BTN","EN.GHG.CO2.LU.FL.MT.CE.AR5",0,-12.0036
"4876","YR2005","BTN","EN.GHG.CO2.LU.DF.MT.CE.AR5",0,0.0601
"4877","YR2005","BTN","EN.GHG.CO2.LU.OL.MT.CE.AR5",0,-0.0672
"4878","YR2006","BTN","EN.GHG.CO2.LU.MT.CE.AR5",0,-12.0107
"4879","YR2006","BTN","EN.GHG.CO2.LU.FL.MT.CE.AR5",0,-12.0036
"4880","YR2006","BTN","EN.GHG.CO2.LU.DF.MT.CE.AR5",0,0.0601
"4881","YR2006","BTN","EN.GHG.CO2.LU.OL.MT.CE.AR5",0,-0.0672
"4882","YR2007","BTN","EN.GHG.CO2.LU.MT.CE.AR5",0,-12.0107
"4883","YR2007","BTN","EN.GHG.CO2.LU.FL.MT.CE.AR5",0,-12.0036
"4884","YR2007","BTN","EN.GHG.CO2.LU.DF.MT.CE.AR5",0,0.0601
"4885","YR2007","BTN","EN.GHG.CO2.LU.OL.MT.CE.AR5",0,-0.0672
"4886","YR2008","BTN","EN.GHG.CO2.LU.MT.CE.AR5",0,-12.0107
"4887","YR2008","BTN","EN.GHG.CO2.LU.FL.MT.CE.AR5",0,-12.0036
"4888","YR2008","BTN","EN.GHG.CO2.LU.DF.MT.CE.AR5",0,0.0601
"4889","YR2008","BTN","EN.GHG.CO2.LU.OL.MT.CE.AR5",0,-0.0672
"4890","YR2009","BTN","EN.GHG.CO2.LU.MT.CE.AR5",0,-12.0107
"4891","YR2009","BTN","EN.GHG.CO2.LU.FL.MT.CE.AR5",0,-12.0036
"4892","YR2009","BTN","EN.GHG.CO2.LU.DF.MT.CE.AR5",0,0.0601
"4893","YR2009","BTN","EN.GHG.CO2.LU.OL.MT.CE.AR5",0,-0.0672
"4894","YR2010","BTN","EN.GHG.CO2.LU.MT.CE.AR5",0,-12.0107
"4895","YR2010","BTN","EN.GHG.CO2.LU.FL.MT.CE.AR5",0,-12.0036
"4896","YR2010","BTN","EN.GHG.CO2.LU.DF.MT.CE.AR5",0,0.0601
"4897","YR2010","BTN","EN.GHG.CO2.LU.OL.MT.CE.AR5",0,-0.0672
"4898","YR2011","BTN","EN.GHG.CO2.LU.MT.CE.AR5",0,-12.0107
"4899","YR2011","BTN","EN.GHG.CO2.LU.FL.MT.CE.AR5",0,-12.0036
"4900","YR2011","BTN","EN.GHG.CO2.LU.DF.MT.CE.AR5",0,0.0601
"4901","YR2011","BTN","EN.GHG.CO2.LU.OL.MT.CE.AR5",0,-0.0672
"4902","YR2012","BTN","EN.GHG.CO2.LU.MT.CE.AR5",0,-12.0107
"4903","YR2012","BTN","EN.GHG.CO2.LU.FL.MT.CE.AR5",0,-12.0036
"4904","YR2012","BTN","EN.GHG.CO2.LU.DF.MT.CE.AR5",0,0.0601
"4905","YR2012","BTN","EN.GHG.CO2.LU.OL.MT.CE.AR5",0,-0.0672
"4906","YR2013","BTN","EN.GHG.CO2.LU.MT.CE.AR5",0,-12.0107
"4907","YR2013","BTN","EN.GHG.CO2.LU.FL.MT.CE.AR5",0,-12.0036
"4908","YR2013","BTN","EN.GHG.CO2.LU.DF.MT.CE.AR5",0,0.0601
"4909","YR2013","BTN","EN.GHG.CO2.LU.OL.MT.CE.AR5",0,-0.0672
"4910","YR2014","BTN","EN.GHG.CO2.LU.MT.CE.AR5",0,-12.0107
"4911","YR2014","BTN","EN.GHG.CO2.LU.FL.MT.CE.AR5",0,-12.0036
"4912","YR2014","BTN","EN.GHG.CO2.LU.DF.MT.CE.AR5",0,0.0601
"4913","YR2014","BTN","EN.GHG.CO2.LU.OL.MT.CE.AR5",0,-0.0672
"4914","YR2015","BTN","EN.GHG.CO2.LU.MT.CE.AR5",0,-12.0107
"4915","YR2015","BTN","EN.GHG.CO2.LU.FL.MT.CE.AR5",0,-12.0036
"4916","YR2015","BTN","EN.GHG.CO2.LU.DF.MT.CE.AR5",0,0.0601
"4917","YR2015","BTN","EN.GHG.CO2.LU.OL.MT.CE.AR5",0,-0.0672
"4918","YR2016","BTN","EN.GHG.CO2.LU.MT.CE.AR5",0,-12.0107
"4919","YR2016","BTN","EN.GHG.CO2.LU.FL.MT.CE.AR5",0,-12.0036
"4920","YR2016","BTN","EN.GHG.CO2.LU.DF.MT.CE.AR5",0,0.0601
"4921","YR2016","BTN","EN.GHG.CO2.LU.OL.MT.CE.AR5",0,-0.0672
"4922","YR2017","BTN","EN.GHG.CO2.LU.MT.CE.AR5",0,-12.0107
"4923","YR2017","BTN","EN.GHG.CO2.LU.FL.MT.CE.AR5",0,-12.0036
"4924","YR2017","BTN","EN.GHG.CO2.LU.DF.MT.CE.AR5",0,0.0601
"4925","YR2017","BTN","EN.GHG.CO2.LU.OL.MT.CE.AR5",0,-0.0672
"4926","YR2018","BTN","EN.GHG.CO2.LU.MT.CE.AR5",0,-12.0107
"4927","YR2018","BTN","EN.GHG.CO2.LU.FL.MT.CE.AR5",0,-12.0036
"4928","YR2018","BTN","EN.GHG.CO2.LU.DF.MT.CE.AR5",0,0.0601
"4929","YR2018","BTN","EN.GHG.CO2.LU.OL.MT.CE.AR5",0,-0.0672
"4930","YR2019","BTN","EN.GHG.CO2.LU.MT.CE.AR5",0,-12.0107
"4931","YR2019","BTN","EN.GHG.CO2.LU.FL.MT.CE.AR5",0,-12.0036
"4932","YR2019","BTN","EN.GHG.CO2.LU.DF.MT.CE.AR5",0,0.0601
"4933","YR2019","BTN","EN.GHG.CO2.LU.OL.MT.CE.AR5",0,-0.0672
"4934","YR2020","BTN","EN.GHG.CO2.LU.MT.CE.AR5",0,-11.4229
"4935","YR2020","BTN","EN.GHG.CO2.LU.FL.MT.CE.AR5",0,-11.4254
"4936","YR2020","BTN","EN.GHG.CO2.LU.DF.MT.CE.AR5",0,0.0636
"4937","YR2020","BTN","EN.GHG.CO2.LU.OL.MT.CE.AR5",0,-0.0611
"4938","YR2021","BTN","EN.GHG.CO2.LU.MT.CE.AR5",0,-11.7111
"4939","YR2021","BTN","EN.GHG.CO2.LU.FL.MT.CE.AR5",0,-11.8166
"4940","YR2021","BTN","EN.GHG.CO2.LU.DF.MT.CE.AR5",0,0.0672
"4941","YR2021","BTN","EN.GHG.CO2.LU.OL.MT.CE.AR5",0,0.0383
"4942","YR2022","BTN","EN.GHG.CO2.LU.MT.CE.AR5",0,-11.3305
"4943","YR2022","BTN","EN.GHG.CO2.LU.FL.MT.CE.AR5",0,-11.3739
"4944","YR2022","BTN","EN.GHG.CO2.LU.DF.MT.CE.AR5",0,0.0707
"4945","YR2022","BTN","EN.GHG.CO2.LU.OL.MT.CE.AR5",0,-0.0273
"4946","YR2023","BTN","EN.GHG.CO2.LU.MT.CE.AR5",0,-11.3305
"4947","YR2023","BTN","EN.GHG.CO2.LU.FL.MT.CE.AR5",0,-11.3739
"4948","YR2023","BTN","EN.GHG.CO2.LU.DF.MT.CE.AR5",0,0.0707
"4949","YR2023","BTN","EN.GHG.CO2.LU.OL.MT.CE.AR5",0,-0.0273
"4950","YR2000","CHN","EN.GHG.CO2.LU.MT.CE.AR5",0,-728.6672
"4951","YR2000","CHN","EN.GHG.CO2.LU.FL.MT.CE.AR5",0,-551.2046
"4952","YR2000","CHN","EN.GHG.CO2.LU.DF.MT.CE.AR5",0,1.5428
"4953","YR2000","CHN","EN.GHG.CO2.LU.OL.MT.CE.AR5",0,-117.7908
"4954","YR2001","CHN","EN.GHG.CO2.LU.MT.CE.AR5",0,-728.6672
"4955","YR2001","CHN","EN.GHG.CO2.LU.FL.MT.CE.AR5",0,-551.2046
"4956","YR2001","CHN","EN.GHG.CO2.LU.DF.MT.CE.AR5",0,1.5428
"4957","YR2001","CHN","EN.GHG.CO2.LU.OL.MT.CE.AR5",0,-117.7908
"4958","YR2002","CHN","EN.GHG.CO2.LU.MT.CE.AR5",0,-728.6672
"4959","YR2002","CHN","EN.GHG.CO2.LU.FL.MT.CE.AR5",0,-551.2046
"4960","YR2002","CHN","EN.GHG.CO2.LU.DF.MT.CE.AR5",0,1.5428
"4961","YR2002","CHN","EN.GHG.CO2.LU.OL.MT.CE.AR5",0,-117.7908
"4962","YR2003","CHN","EN.GHG.CO2.LU.MT.CE.AR5",0,-728.6672
"4963","YR2003","CHN","EN.GHG.CO2.LU.FL.MT.CE.AR5",0,-551.2046
"4964","YR2003","CHN","EN.GHG.CO2.LU.DF.MT.CE.AR5",0,1.5428
"4965","YR2003","CHN","EN.GHG.CO2.LU.OL.MT.CE.AR5",0,-117.7908
"4966","YR2004","CHN","EN.GHG.CO2.LU.MT.CE.AR5",0,-728.6672
"4967","YR2004","CHN","EN.GHG.CO2.LU.FL.MT.CE.AR5",0,-551.2046
"4968","YR2004","CHN","EN.GHG.CO2.LU.DF.MT.CE.AR5",0,1.5428
"4969","YR2004","CHN","EN.GHG.CO2.LU.OL.MT.CE.AR5",0,-117.7908
"4970","YR2005","CHN","EN.GHG.CO2.LU.MT.CE.AR5",0,-728.6672
"4971","YR2005","CHN","EN.GHG.CO2.LU.FL.MT.CE.AR5",0,-551.2046
"4972","YR2005","CHN","EN.GHG.CO2.LU.DF.MT.CE.AR5",0,1.5428
"4973","YR2005","CHN","EN.GHG.CO2.LU.OL.MT.CE.AR5",0,-117.7908
"4974","YR2006","CHN","EN.GHG.CO2.LU.MT.CE.AR5",0,-769.598
"4975","YR2006","CHN","EN.GHG.CO2.LU.FL.MT.CE.AR5",0,-574.1637
"4976","YR2006","CHN","EN.GHG.CO2.LU.DF.MT.CE.AR5",0,1.8853
"4977","YR2006","CHN","EN.GHG.CO2.LU.OL.MT.CE.AR5",0,-133.2616
"4978","YR2007","CHN","EN.GHG.CO2.LU.MT.CE.AR5",0,-810.5287
"4979","YR2007","CHN","EN.GHG.CO2.LU.FL.MT.CE.AR5",0,-597.1229
"4980","YR2007","CHN","EN.GHG.CO2.LU.DF.MT.CE.AR5",0,2.2277
"4981","YR2007","CHN","EN.GHG.CO2.LU.OL.MT.CE.AR5",0,-148.7325
"4982","YR2008","CHN","EN.GHG.CO2.LU.MT.CE.AR5",0,-851.4595
"4983","YR2008","CHN","EN.GHG.CO2.LU.FL.MT.CE.AR5",0,-620.082
"4984","YR2008","CHN","EN.GHG.CO2.LU.DF.MT.CE.AR5",0,2.5702
"4985","YR2008","CHN","EN.GHG.CO2.LU.OL.MT.CE.AR5",0,-164.2033
"4986","YR2009","CHN","EN.GHG.CO2.LU.MT.CE.AR5",0,-892.3903
"4987","YR2009","CHN","EN.GHG.CO2.LU.FL.MT.CE.AR5",0,-643.0412
"4988","YR2009","CHN","EN.GHG.CO2.LU.DF.MT.CE.AR5",0,2.9126
"4989","YR2009","CHN","EN.GHG.CO2.LU.OL.MT.CE.AR5",0,-179.6741
"4990","YR2010","CHN","EN.GHG.CO2.LU.MT.CE.AR5",0,-933.321
"4991","YR2010","CHN","EN.GHG.CO2.LU.FL.MT.CE.AR5",0,-666.0003
"4992","YR2010","CHN","EN.GHG.CO2.LU.DF.MT.CE.AR5",0,3.2551
"4993","YR2010","CHN","EN.GHG.CO2.LU.OL.MT.CE.AR5",0,-195.145
"4994","YR2011","CHN","EN.GHG.CO2.LU.MT.CE.AR5",0,-974.2518
"4995","YR2011","CHN","EN.GHG.CO2.LU.FL.MT.CE.AR5",0,-688.9594
"4996","YR2011","CHN","EN.GHG.CO2.LU.DF.MT.CE.AR5",0,3.5975
"4997","YR2011","CHN","EN.GHG.CO2.LU.OL.MT.CE.AR5",0,-210.6158
"4998","YR2012","CHN","EN.GHG.CO2.LU.MT.CE.AR5",0,-1015.1825
"4999","YR2012","CHN","EN.GHG.CO2.LU.FL.MT.CE.AR5",0,-711.9186
"5000","YR2012","CHN","EN.GHG.CO2.LU.DF.MT.CE.AR5",0,3.94
"5001","YR2012","CHN","EN.GHG.CO2.LU.OL.MT.CE.AR5",0,-226.0866
"5002","YR2013","CHN","EN.GHG.CO2.LU.MT.CE.AR5",0,-1056.1133
"5003","YR2013","CHN","EN.GHG.CO2.LU.FL.MT.CE.AR5",0,-734.8777
"5004","YR2013","CHN","EN.GHG.CO2.LU.DF.MT.CE.AR5",0,4.2824
"5005","YR2013","CHN","EN.GHG.CO2.LU.OL.MT.CE.AR5",0,-241.5575
"5006","YR2014","CHN","EN.GHG.CO2.LU.MT.CE.AR5",0,-1097.044
"5007","YR2014","CHN","EN.GHG.CO2.LU.FL.MT.CE.AR5",0,-757.8369
"5008","YR2014","CHN","EN.GHG.CO2.LU.DF.MT.CE.AR5",0,4.6249
"5009","YR2014","CHN","EN.GHG.CO2.LU.OL.MT.CE.AR5",0,-257.0283
"5010","YR2015","CHN","EN.GHG.CO2.LU.MT.CE.AR5",0,-1137.9748
"5011","YR2015","CHN","EN.GHG.CO2.LU.FL.MT.CE.AR5",0,-780.796
"5012","YR2015","CHN","EN.GHG.CO2.LU.DF.MT.CE.AR5",0,4.9673
"5013","YR2015","CHN","EN.GHG.CO2.LU.OL.MT.CE.AR5",0,-272.4992
"5014","YR2016","CHN","EN.GHG.CO2.LU.MT.CE.AR5",0,-1178.9056
"5015","YR2016","CHN","EN.GHG.CO2.LU.FL.MT.CE.AR5",0,-803.7551
"5016","YR2016","CHN","EN.GHG.CO2.LU.DF.MT.CE.AR5",0,5.3098
"5017","YR2016","CHN","EN.GHG.CO2.LU.OL.MT.CE.AR5",0,-287.97
"5018","YR2017","CHN","EN.GHG.CO2.LU.MT.CE.AR5",0,-1219.8363
"5019","YR2017","CHN","EN.GHG.CO2.LU.FL.MT.CE.AR5",0,-826.7143
"5020","YR2017","CHN","EN.GHG.CO2.LU.DF.MT.CE.AR5",0,5.6522
"5021","YR2017","CHN","EN.GHG.CO2.LU.OL.MT.CE.AR5",0,-303.4408
"5022","YR2018","CHN","EN.GHG.CO2.LU.MT.CE.AR5",0,-1260.7671
"5023","YR2018","CHN","EN.GHG.CO2.LU.FL.MT.CE.AR5",0,-849.6734
"5024","YR2018","CHN","EN.GHG.CO2.LU.DF.MT.CE.AR5",0,5.9946
"5025","YR2018","CHN","EN.GHG.CO2.LU.OL.MT.CE.AR5",0,-318.9117
"5026","YR2019","CHN","EN.GHG.CO2.LU.MT.CE.AR5",0,-1301.6978
"5027","YR2019","CHN","EN.GHG.CO2.LU.FL.MT.CE.AR5",0,-872.6326
"5028","YR2019","CHN","EN.GHG.CO2.LU.DF.MT.CE.AR5",0,6.3371
"5029","YR2019","CHN","EN.GHG.CO2.LU.OL.MT.CE.AR5",0,-334.3825
"5030","YR2020","CHN","EN.GHG.CO2.LU.MT.CE.AR5",0,-1342.6286
"5031","YR2020","CHN","EN.GHG.CO2.LU.FL.MT.CE.AR5",0,-895.5917
"5032","YR2020","CHN","EN.GHG.CO2.LU.DF.MT.CE.AR5",0,6.6795
"5033","YR2020","CHN","EN.GHG.CO2.LU.OL.MT.CE.AR5",0,-349.8533
"5034","YR2021","CHN","EN.GHG.CO2.LU.MT.CE.AR5",0,-1346.4991
"5035","YR2021","CHN","EN.GHG.CO2.LU.FL.MT.CE.AR5",0,-876.8269
"5036","YR2021","CHN","EN.GHG.CO2.LU.DF.MT.CE.AR5",0,3.2532
"5037","YR2021","CHN","EN.GHG.CO2.LU.OL.MT.CE.AR5",0,-369.1057
"5038","YR2022","CHN","EN.GHG.CO2.LU.MT.CE.AR5",0,-1346.4991
"5039","YR2022","CHN","EN.GHG.CO2.LU.FL.MT.CE.AR5",0,-876.8269
"5040","YR2022","CHN","EN.GHG.CO2.LU.DF.MT.CE.AR5",0,3.2532
"5041","YR2022","CHN","EN.GHG.CO2.LU.OL.MT.CE.AR5",0,-369.1057
"5042","YR2023","CHN","EN.GHG.CO2.LU.MT.CE.AR5",0,-1346.4991
"5043","YR2023","CHN","EN.GHG.CO2.LU.FL.MT.CE.AR5",0,-876.8269
"5044","YR2023","CHN","EN.GHG.CO2.LU.DF.MT.CE.AR5",0,3.2532
"5045","YR2023","CHN","EN.GHG.CO2.LU.OL.MT.CE.AR5",0,-369.1057
"5046","YR2000","CIV","EN.GHG.CO2.LU.MT.CE.AR5",0,71.516
"5047","YR2000","CIV","EN.GHG.CO2.LU.FL.MT.CE.AR5",0,-32.7577
"5048","YR2000","CIV","EN.GHG.CO2.LU.DF.MT.CE.AR5",0,147.5485
"5049","YR2000","CIV","EN.GHG.CO2.LU.OL.MT.CE.AR5",0,-43.201
"5050","YR2001","CIV","EN.GHG.CO2.LU.MT.CE.AR5",0,70.148
"5051","YR2001","CIV","EN.GHG.CO2.LU.FL.MT.CE.AR5",0,-32.6628
"5052","YR2001","CIV","EN.GHG.CO2.LU.DF.MT.CE.AR5",0,167.1684
"5053","YR2001","CIV","EN.GHG.CO2.LU.OL.MT.CE.AR5",0,-64.1098
"5054","YR2002","CIV","EN.GHG.CO2.LU.MT.CE.AR5",0,69.7284
"5055","YR2002","CIV","EN.GHG.CO2.LU.FL.MT.CE.AR5",0,-33.8669
"5056","YR2002","CIV","EN.GHG.CO2.LU.DF.MT.CE.AR5",0,166.1684
"5057","YR2002","CIV","EN.GHG.CO2.LU.OL.MT.CE.AR5",0,-62.2688
"5058","YR2003","CIV","EN.GHG.CO2.LU.MT.CE.AR5",0,71.1578
"5059","YR2003","CIV","EN.GHG.CO2.LU.FL.MT.CE.AR5",0,-34.1683
"5060","YR2003","CIV","EN.GHG.CO2.LU.DF.MT.CE.AR5",0,169.5749
"5061","YR2003","CIV","EN.GHG.CO2.LU.OL.MT.CE.AR5",0,-63.9335
"5062","YR2004","CIV","EN.GHG.CO2.LU.MT.CE.AR5",0,71.2293
"5063","YR2004","CIV","EN.GHG.CO2.LU.FL.MT.CE.AR5",0,-32.8933
"5064","YR2004","CIV","EN.GHG.CO2.LU.DF.MT.CE.AR5",0,169.7453
"5065","YR2004","CIV","EN.GHG.CO2.LU.OL.MT.CE.AR5",0,-65.5692
"5066","YR2005","CIV","EN.GHG.CO2.LU.MT.CE.AR5",0,71.7928
"5067","YR2005","CIV","EN.GHG.CO2.LU.FL.MT.CE.AR5",0,-33.0197
"5068","YR2005","CIV","EN.GHG.CO2.LU.DF.MT.CE.AR5",0,171.088
"5069","YR2005","CIV","EN.GHG.CO2.LU.OL.MT.CE.AR5",0,-66.5274
"5070","YR2006","CIV","EN.GHG.CO2.LU.MT.CE.AR5",0,74.4426
"5071","YR2006","CIV","EN.GHG.CO2.LU.FL.MT.CE.AR5",0,-32.1543
"5072","YR2006","CIV","EN.GHG.CO2.LU.DF.MT.CE.AR5",0,177.4027
"5073","YR2006","CIV","EN.GHG.CO2.LU.OL.MT.CE.AR5",0,-70.8632
"5074","YR2007","CIV","EN.GHG.CO2.LU.MT.CE.AR5",0,73.5293
"5075","YR2007","CIV","EN.GHG.CO2.LU.FL.MT.CE.AR5",0,-29.3033
"5076","YR2007","CIV","EN.GHG.CO2.LU.DF.MT.CE.AR5",0,175.2262
"5077","YR2007","CIV","EN.GHG.CO2.LU.OL.MT.CE.AR5",0,-72.3572
"5078","YR2008","CIV","EN.GHG.CO2.LU.MT.CE.AR5",0,73.5623
"5079","YR2008","CIV","EN.GHG.CO2.LU.FL.MT.CE.AR5",0,-30.1194
"5080","YR2008","CIV","EN.GHG.CO2.LU.DF.MT.CE.AR5",0,175.3048
"5081","YR2008","CIV","EN.GHG.CO2.LU.OL.MT.CE.AR5",0,-71.5968
"5082","YR2009","CIV","EN.GHG.CO2.LU.MT.CE.AR5",0,76.3277
"5083","YR2009","CIV","EN.GHG.CO2.LU.FL.MT.CE.AR5",0,-29.5213
"5084","YR2009","CIV","EN.GHG.CO2.LU.DF.MT.CE.AR5",0,181.8951
"5085","YR2009","CIV","EN.GHG.CO2.LU.OL.MT.CE.AR5",0,-75.562
"5086","YR2010","CIV","EN.GHG.CO2.LU.MT.CE.AR5",0,75.158
"5087","YR2010","CIV","EN.GHG.CO2.LU.FL.MT.CE.AR5",0,-26.6878
"5088","YR2010","CIV","EN.GHG.CO2.LU.DF.MT.CE.AR5",0,179.1076
"5089","YR2010","CIV","EN.GHG.CO2.LU.OL.MT.CE.AR5",0,-76.817
"5090","YR2011","CIV","EN.GHG.CO2.LU.MT.CE.AR5",0,76.6944
"5091","YR2011","CIV","EN.GHG.CO2.LU.FL.MT.CE.AR5",0,-25.9594
"5092","YR2011","CIV","EN.GHG.CO2.LU.DF.MT.CE.AR5",0,182.7689
"5093","YR2011","CIV","EN.GHG.CO2.LU.OL.MT.CE.AR5",0,-79.5396
"5094","YR2012","CIV","EN.GHG.CO2.LU.MT.CE.AR5",0,76.5659
"5095","YR2012","CIV","EN.GHG.CO2.LU.FL.MT.CE.AR5",0,-24.4457
"5096","YR2012","CIV","EN.GHG.CO2.LU.DF.MT.CE.AR5",0,182.4629
"5097","YR2012","CIV","EN.GHG.CO2.LU.OL.MT.CE.AR5",0,-80.9823
"5098","YR2013","CIV","EN.GHG.CO2.LU.MT.CE.AR5",0,77.5669
"5099","YR2013","CIV","EN.GHG.CO2.LU.FL.MT.CE.AR5",0,-24.37
"5100","YR2013","CIV","EN.GHG.CO2.LU.DF.MT.CE.AR5",0,184.8482
"5101","YR2013","CIV","EN.GHG.CO2.LU.OL.MT.CE.AR5",0,-82.3221
"5102","YR2014","CIV","EN.GHG.CO2.LU.MT.CE.AR5",0,78.1069
"5103","YR2014","CIV","EN.GHG.CO2.LU.FL.MT.CE.AR5",0,-22.837
"5104","YR2014","CIV","EN.GHG.CO2.LU.DF.MT.CE.AR5",0,186.1351
"5105","YR2014","CIV","EN.GHG.CO2.LU.OL.MT.CE.AR5",0,-84.1538
"5106","YR2015","CIV","EN.GHG.CO2.LU.MT.CE.AR5",0,67.1403
"5107","YR2015","CIV","EN.GHG.CO2.LU.FL.MT.CE.AR5",0,-22.2675
"5108","YR2015","CIV","EN.GHG.CO2.LU.DF.MT.CE.AR5",0,160.0008
"5109","YR2015","CIV","EN.GHG.CO2.LU.OL.MT.CE.AR5",0,-69.4686
"5110","YR2016","CIV","EN.GHG.CO2.LU.MT.CE.AR5",0,63.9548
"5111","YR2016","CIV","EN.GHG.CO2.LU.FL.MT.CE.AR5",0,-21.6608
"5112","YR2016","CIV","EN.GHG.CO2.LU.DF.MT.CE.AR5",0,152.4095
"5113","YR2016","CIV","EN.GHG.CO2.LU.OL.MT.CE.AR5",0,-65.6443
"5114","YR2017","CIV","EN.GHG.CO2.LU.MT.CE.AR5",0,60.7977
"5115","YR2017","CIV","EN.GHG.CO2.LU.FL.MT.CE.AR5",0,-21.0385
"5116","YR2017","CIV","EN.GHG.CO2.LU.DF.MT.CE.AR5",0,144.886
"5117","YR2017","CIV","EN.GHG.CO2.LU.OL.MT.CE.AR5",0,-61.896
"5118","YR2018","CIV","EN.GHG.CO2.LU.MT.CE.AR5",0,57.755
"5119","YR2018","CIV","EN.GHG.CO2.LU.FL.MT.CE.AR5",0,-20.4161
"5120","YR2018","CIV","EN.GHG.CO2.LU.DF.MT.CE.AR5",0,137.6348
"5121","YR2018","CIV","EN.GHG.CO2.LU.OL.MT.CE.AR5",0,-58.3342
"5122","YR2019","CIV","EN.GHG.CO2.LU.MT.CE.AR5",0,57.755
"5123","YR2019","CIV","EN.GHG.CO2.LU.FL.MT.CE.AR5",0,-19.7938
"5124","YR2019","CIV","EN.GHG.CO2.LU.DF.MT.CE.AR5",0,137.6348
"5125","YR2019","CIV","EN.GHG.CO2.LU.OL.MT.CE.AR5",0,-59.0951
"5126","YR2020","CIV","EN.GHG.CO2.LU.MT.CE.AR5",0,57.755
"5127","YR2020","CIV","EN.GHG.CO2.LU.FL.MT.CE.AR5",0,-19.7938
"5128","YR2020","CIV","EN.GHG.CO2.LU.DF.MT.CE.AR5",0,137.6348
"5129","YR2020","CIV","EN.GHG.CO2.LU.OL.MT.CE.AR5",0,-59.0951
"5130","YR2021","CIV","EN.GHG.CO2.LU.MT.CE.AR5",0,54.6768
"5131","YR2021","CIV","EN.GHG.CO2.LU.FL.MT.CE.AR5",0,-19.7938
"5132","YR2021","CIV","EN.GHG.CO2.LU.DF.MT.CE.AR5",0,130.2993
"5133","YR2021","CIV","EN.GHG.CO2.LU.OL.MT.CE.AR5",0,-54.8378
"5134","YR2022","CIV","EN.GHG.CO2.LU.MT.CE.AR5",0,54.6768
"5135","YR2022","CIV","EN.GHG.CO2.LU.FL.MT.CE.AR5",0,-19.1714
"5136","YR2022","CIV","EN.GHG.CO2.LU.DF.MT.CE.AR5",0,130.2993
"5137","YR2022","CIV","EN.GHG.CO2.LU.OL.MT.CE.AR5",0,-55.5633
"5138","YR2023","CIV","EN.GHG.CO2.LU.MT.CE.AR5",0,54.6768
"5139","YR2023","CIV","EN.GHG.CO2.LU.FL.MT.CE.AR5",0,-19.1714
"5140","YR2023","CIV","EN.GHG.CO2.LU.DF.MT.CE.AR5",0,130.2993
"5141","YR2023","CIV","EN.GHG.CO2.LU.OL.MT.CE.AR5",0,-55.5633
"5142","YR2000","COL","EN.GHG.CO2.LU.MT.CE.AR5",0,104.3601
"5143","YR2000","COL","EN.GHG.CO2.LU.FL.MT.CE.AR5",0,60.4979
"5144","YR2000","COL","EN.GHG.CO2.LU.DF.MT.CE.AR5",0,39.7592
"5145","YR2000","COL","EN.GHG.CO2.LU.OS.MT.CE.AR5",0,2.0124
"5146","YR2000","COL","EN.GHG.CO2.LU.OL.MT.CE.AR5",0,1.9185
"5147","YR2001","COL","EN.GHG.CO2.LU.MT.CE.AR5",0,83.9928
"5148","YR2001","COL","EN.GHG.CO2.LU.FL.MT.CE.AR5",0,46.9716
"5149","YR2001","COL","EN.GHG.CO2.LU.DF.MT.CE.AR5",0,32.7309
"5150","YR2001","COL","EN.GHG.CO2.LU.OS.MT.CE.AR5",0,2.0124
"5151","YR2001","COL","EN.GHG.CO2.LU.OL.MT.CE.AR5",0,2.1575
"5152","YR2002","COL","EN.GHG.CO2.LU.MT.CE.AR5",0,83.9603
"5153","YR2002","COL","EN.GHG.CO2.LU.FL.MT.CE.AR5",0,46.2825
"5154","YR2002","COL","EN.GHG.CO2.LU.DF.MT.CE.AR5",0,33.1742
"5155","YR2002","COL","EN.GHG.CO2.LU.OS.MT.CE.AR5",0,2.0124
"5156","YR2002","COL","EN.GHG.CO2.LU.OL.MT.CE.AR5",0,2.4076
"5157","YR2003","COL","EN.GHG.CO2.LU.MT.CE.AR5",0,99.1182
"5158","YR2003","COL","EN.GHG.CO2.LU.FL.MT.CE.AR5",0,51.1683
"5159","YR2003","COL","EN.GHG.CO2.LU.DF.MT.CE.AR5",0,43.5166
"5160","YR2003","COL","EN.GHG.CO2.LU.OS.MT.CE.AR5",0,2.0124
"5161","YR2003","COL","EN.GHG.CO2.LU.OL.MT.CE.AR5",0,2.4358
"5162","YR2004","COL","EN.GHG.CO2.LU.MT.CE.AR5",0,97.8783
"5163","YR2004","COL","EN.GHG.CO2.LU.FL.MT.CE.AR5",0,50.5021
"5164","YR2004","COL","EN.GHG.CO2.LU.DF.MT.CE.AR5",0,44.1691
"5165","YR2004","COL","EN.GHG.CO2.LU.OS.MT.CE.AR5",0,2.0124
"5166","YR2004","COL","EN.GHG.CO2.LU.OL.MT.CE.AR5",0,1.271
"5167","YR2005","COL","EN.GHG.CO2.LU.MT.CE.AR5",0,82.5591
"5168","YR2005","COL","EN.GHG.CO2.LU.FL.MT.CE.AR5",0,42.3782
"5169","YR2005","COL","EN.GHG.CO2.LU.DF.MT.CE.AR5",0,37.5048
"5170","YR2005","COL","EN.GHG.CO2.LU.OS.MT.CE.AR5",0,2.0124
"5171","YR2005","COL","EN.GHG.CO2.LU.OL.MT.CE.AR5",0,0.5745
"5172","YR2006","COL","EN.GHG.CO2.LU.MT.CE.AR5",0,80.3919
"5173","YR2006","COL","EN.GHG.CO2.LU.FL.MT.CE.AR5",0,40.9523
"5174","YR2006","COL","EN.GHG.CO2.LU.DF.MT.CE.AR5",0,37.9935
"5175","YR2006","COL","EN.GHG.CO2.LU.OS.MT.CE.AR5",0,2.0124
"5176","YR2006","COL","EN.GHG.CO2.LU.OL.MT.CE.AR5",0,-0.6356
"5177","YR2007","COL","EN.GHG.CO2.LU.MT.CE.AR5",0,82.1035
"5178","YR2007","COL","EN.GHG.CO2.LU.FL.MT.CE.AR5",0,40.373
"5179","YR2007","COL","EN.GHG.CO2.LU.DF.MT.CE.AR5",0,39.6136
"5180","YR2007","COL","EN.GHG.CO2.LU.OS.MT.CE.AR5",0,2.0124
"5181","YR2007","COL","EN.GHG.CO2.LU.OL.MT.CE.AR5",0,0.0526
"5182","YR2008","COL","EN.GHG.CO2.LU.MT.CE.AR5",0,78.1521
"5183","YR2008","COL","EN.GHG.CO2.LU.FL.MT.CE.AR5",0,39.113
"5184","YR2008","COL","EN.GHG.CO2.LU.DF.MT.CE.AR5",0,40.1438
"5185","YR2008","COL","EN.GHG.CO2.LU.OS.MT.CE.AR5",0,2.0124
"5186","YR2008","COL","EN.GHG.CO2.LU.OL.MT.CE.AR5",0,-3.0828
"5187","YR2009","COL","EN.GHG.CO2.LU.MT.CE.AR5",0,71.1382
"5188","YR2009","COL","EN.GHG.CO2.LU.FL.MT.CE.AR5",0,37.3038
"5189","YR2009","COL","EN.GHG.CO2.LU.DF.MT.CE.AR5",0,32.7048
"5190","YR2009","COL","EN.GHG.CO2.LU.OS.MT.CE.AR5",0,2.0124
"5191","YR2009","COL","EN.GHG.CO2.LU.OL.MT.CE.AR5",0,-0.6519
"5192","YR2010","COL","EN.GHG.CO2.LU.MT.CE.AR5",0,71.5769
"5193","YR2010","COL","EN.GHG.CO2.LU.FL.MT.CE.AR5",0,37.1744
"5194","YR2010","COL","EN.GHG.CO2.LU.DF.MT.CE.AR5",0,32.2969
"5195","YR2010","COL","EN.GHG.CO2.LU.OS.MT.CE.AR5",0,2.0124
"5196","YR2010","COL","EN.GHG.CO2.LU.OL.MT.CE.AR5",0,0.3724
"5197","YR2011","COL","EN.GHG.CO2.LU.MT.CE.AR5",0,81.8183
"5198","YR2011","COL","EN.GHG.CO2.LU.FL.MT.CE.AR5",0,40.8402
"5199","YR2011","COL","EN.GHG.CO2.LU.DF.MT.CE.AR5",0,40.1203
"5200","YR2011","COL","EN.GHG.CO2.LU.OS.MT.CE.AR5",0,2.0124
"5201","YR2011","COL","EN.GHG.CO2.LU.OL.MT.CE.AR5",0,-1.0437
"5202","YR2012","COL","EN.GHG.CO2.LU.MT.CE.AR5",0,81.2037
"5203","YR2012","COL","EN.GHG.CO2.LU.FL.MT.CE.AR5",0,40.9004
"5204","YR2012","COL","EN.GHG.CO2.LU.DF.MT.CE.AR5",0,39.8293
"5205","YR2012","COL","EN.GHG.CO2.LU.OS.MT.CE.AR5",0,2.0124
"5206","YR2012","COL","EN.GHG.CO2.LU.OL.MT.CE.AR5",0,-1.3752
"5207","YR2013","COL","EN.GHG.CO2.LU.MT.CE.AR5",0,63.4995
"5208","YR2013","COL","EN.GHG.CO2.LU.FL.MT.CE.AR5",0,34.0069
"5209","YR2013","COL","EN.GHG.CO2.LU.DF.MT.CE.AR5",0,30.0526
"5210","YR2013","COL","EN.GHG.CO2.LU.OS.MT.CE.AR5",0,2.0124
"5211","YR2013","COL","EN.GHG.CO2.LU.OL.MT.CE.AR5",0,-2.3856
"5212","YR2014","COL","EN.GHG.CO2.LU.MT.CE.AR5",0,68.9199
"5213","YR2014","COL","EN.GHG.CO2.LU.FL.MT.CE.AR5",0,40.725
"5214","YR2014","COL","EN.GHG.CO2.LU.DF.MT.CE.AR5",0,28.7778
"5215","YR2014","COL","EN.GHG.CO2.LU.OS.MT.CE.AR5",0,2.0124
"5216","YR2014","COL","EN.GHG.CO2.LU.OL.MT.CE.AR5",0,-2.5025
"5217","YR2015","COL","EN.GHG.CO2.LU.MT.CE.AR5",0,61.3419
"5218","YR2015","COL","EN.GHG.CO2.LU.FL.MT.CE.AR5",0,34.6555
"5219","YR2015","COL","EN.GHG.CO2.LU.DF.MT.CE.AR5",0,28.2312
"5220","YR2015","COL","EN.GHG.CO2.LU.OS.MT.CE.AR5",0,2.0124
"5221","YR2015","COL","EN.GHG.CO2.LU.OL.MT.CE.AR5",0,-3.4697
"5222","YR2016","COL","EN.GHG.CO2.LU.MT.CE.AR5",0,88.1764
"5223","YR2016","COL","EN.GHG.CO2.LU.FL.MT.CE.AR5",0,44.1688
"5224","YR2016","COL","EN.GHG.CO2.LU.DF.MT.CE.AR5",0,38.9469
"5225","YR2016","COL","EN.GHG.CO2.LU.OS.MT.CE.AR5",0,2.0124
"5226","YR2016","COL","EN.GHG.CO2.LU.OL.MT.CE.AR5",0,3.0205
"5227","YR2017","COL","EN.GHG.CO2.LU.MT.CE.AR5",0,111.5637
"5228","YR2017","COL","EN.GHG.CO2.LU.FL.MT.CE.AR5",0,58.9187
"5229","YR2017","COL","EN.GHG.CO2.LU.DF.MT.CE.AR5",0,53.3363
"5230","YR2017","COL","EN.GHG.CO2.LU.OS.MT.CE.AR5",0,2.0124
"5231","YR2017","COL","EN.GHG.CO2.LU.OL.MT.CE.AR5",0,-2.7524
"5232","YR2018","COL","EN.GHG.CO2.LU.MT.CE.AR5",0,105.975
"5233","YR2018","COL","EN.GHG.CO2.LU.FL.MT.CE.AR5",0,65.2498
"5234","YR2018","COL","EN.GHG.CO2.LU.DF.MT.CE.AR5",0,42.8241
"5235","YR2018","COL","EN.GHG.CO2.LU.OS.MT.CE.AR5",0,2.0124
"5236","YR2018","COL","EN.GHG.CO2.LU.OL.MT.CE.AR5",0,-4.176
"5237","YR2019","COL","EN.GHG.CO2.LU.MT.CE.AR5",0,88.1605
"5238","YR2019","COL","EN.GHG.CO2.LU.FL.MT.CE.AR5",0,49.8772
"5239","YR2019","COL","EN.GHG.CO2.LU.DF.MT.CE.AR5",0,38.7795
"5240","YR2019","COL","EN.GHG.CO2.LU.OS.MT.CE.AR5",0,2.0124
"5241","YR2019","COL","EN.GHG.CO2.LU.OL.MT.CE.AR5",0,-2.7989
"5242","YR2020","COL","EN.GHG.CO2.LU.MT.CE.AR5",0,98.0403
"5243","YR2020","COL","EN.GHG.CO2.LU.FL.MT.CE.AR5",0,58.8603
"5244","YR2020","COL","EN.GHG.CO2.LU.DF.MT.CE.AR5",0,41.5378
"5245","YR2020","COL","EN.GHG.CO2.LU.OS.MT.CE.AR5",0,2.0124
"5246","YR2020","COL","EN.GHG.CO2.LU.OL.MT.CE.AR5",0,-4.6868
"5247","YR2021","COL","EN.GHG.CO2.LU.MT.CE.AR5",0,96.0092
"5248","YR2021","COL","EN.GHG.CO2.LU.FL.MT.CE.AR5",0,57.7969
"5249","YR2021","COL","EN.GHG.CO2.LU.DF.MT.CE.AR5",0,42.5821
"5250","YR2021","COL","EN.GHG.CO2.LU.OS.MT.CE.AR5",0,2.0124
"5251","YR2021","COL","EN.GHG.CO2.LU.OL.MT.CE.AR5",0,-6.751
"5252","YR2022","COL","EN.GHG.CO2.LU.MT.CE.AR5",0,96.0092
"5253","YR2022","COL","EN.GHG.CO2.LU.FL.MT.CE.AR5",0,57.7969
"5254","YR2022","COL","EN.GHG.CO2.LU.DF.MT.CE.AR5",0,42.5821
"5255","YR2022","COL","EN.GHG.CO2.LU.OS.MT.CE.AR5",0,2.0124
"5256","YR2022","COL","EN.GHG.CO2.LU.OL.MT.CE.AR5",0,-6.751
"5257","YR2023","COL","EN.GHG.CO2.LU.MT.CE.AR5",0,96.0092
"5258","YR2023","COL","EN.GHG.CO2.LU.FL.MT.CE.AR5",0,57.7969
"5259","YR2023","COL","EN.GHG.CO2.LU.DF.MT.CE.AR5",0,42.5821
"5260","YR2023","COL","EN.GHG.CO2.LU.OS.MT.CE.AR5",0,2.0124
"5261","YR2023","COL","EN.GHG.CO2.LU.OL.MT.CE.AR5",0,-6.751
"5262","YR2000","DZA","EN.GHG.CO2.LU.MT.CE.AR5",0,-7.7458
"5263","YR2000","DZA","EN.GHG.CO2.LU.FL.MT.CE.AR5",0,-7.0522
"5264","YR2000","DZA","EN.GHG.CO2.LU.OL.MT.CE.AR5",0,-0.6936
"5265","YR2001","DZA","EN.GHG.CO2.LU.MT.CE.AR5",0,-9.4951
"5266","YR2001","DZA","EN.GHG.CO2.LU.FL.MT.CE.AR5",0,-8.7356
"5267","YR2001","DZA","EN.GHG.CO2.LU.OL.MT.CE.AR5",0,-0.7595
"5268","YR2002","DZA","EN.GHG.CO2.LU.MT.CE.AR5",0,-9.7436
"5269","YR2002","DZA","EN.GHG.CO2.LU.FL.MT.CE.AR5",0,-8.8789
"5270","YR2002","DZA","EN.GHG.CO2.LU.OL.MT.CE.AR5",0,-0.8647
"5271","YR2003","DZA","EN.GHG.CO2.LU.MT.CE.AR5",0,-9.724
"5272","YR2003","DZA","EN.GHG.CO2.LU.FL.MT.CE.AR5",0,-8.7492
"5273","YR2003","DZA","EN.GHG.CO2.LU.OL.MT.CE.AR5",0,-0.9748
"5274","YR2004","DZA","EN.GHG.CO2.LU.MT.CE.AR5",0,-9.0553
"5275","YR2004","DZA","EN.GHG.CO2.LU.FL.MT.CE.AR5",0,-7.9943
"5276","YR2004","DZA","EN.GHG.CO2.LU.OL.MT.CE.AR5",0,-1.061
"5277","YR2005","DZA","EN.GHG.CO2.LU.MT.CE.AR5",0,-9.2096
"5278","YR2005","DZA","EN.GHG.CO2.LU.FL.MT.CE.AR5",0,-8.0791
"5279","YR2005","DZA","EN.GHG.CO2.LU.OL.MT.CE.AR5",0,-1.1305
"5280","YR2006","DZA","EN.GHG.CO2.LU.MT.CE.AR5",0,-9.8518
"5281","YR2006","DZA","EN.GHG.CO2.LU.FL.MT.CE.AR5",0,-8.64
"5282","YR2006","DZA","EN.GHG.CO2.LU.OL.MT.CE.AR5",0,-1.2118
"5283","YR2007","DZA","EN.GHG.CO2.LU.MT.CE.AR5",0,-8.7421
"5284","YR2007","DZA","EN.GHG.CO2.LU.FL.MT.CE.AR5",0,-7.5078
"5285","YR2007","DZA","EN.GHG.CO2.LU.OL.MT.CE.AR5",0,-1.2343
"5286","YR2008","DZA","EN.GHG.CO2.LU.MT.CE.AR5",0,-9.61
"5287","YR2008","DZA","EN.GHG.CO2.LU.FL.MT.CE.AR5",0,-8.3833
"5288","YR2008","DZA","EN.GHG.CO2.LU.OL.MT.CE.AR5",0,-1.2268
"5289","YR2009","DZA","EN.GHG.CO2.LU.MT.CE.AR5",0,-9.9818
"5290","YR2009","DZA","EN.GHG.CO2.LU.FL.MT.CE.AR5",0,-8.757
"5291","YR2009","DZA","EN.GHG.CO2.LU.OL.MT.CE.AR5",0,-1.2248
"5292","YR2010","DZA","EN.GHG.CO2.LU.MT.CE.AR5",0,-10.2569
"5293","YR2010","DZA","EN.GHG.CO2.LU.FL.MT.CE.AR5",0,-9.0237
"5294","YR2010","DZA","EN.GHG.CO2.LU.OL.MT.CE.AR5",0,-1.2332
"5295","YR2011","DZA","EN.GHG.CO2.LU.MT.CE.AR5",0,-10.8043
"5296","YR2011","DZA","EN.GHG.CO2.LU.FL.MT.CE.AR5",0,-9.5518
"5297","YR2011","DZA","EN.GHG.CO2.LU.OL.MT.CE.AR5",0,-1.2525
"5298","YR2012","DZA","EN.GHG.CO2.LU.MT.CE.AR5",0,-8.4493
"5299","YR2012","DZA","EN.GHG.CO2.LU.FL.MT.CE.AR5",0,-7.1856
"5300","YR2012","DZA","EN.GHG.CO2.LU.OL.MT.CE.AR5",0,-1.2637
"5301","YR2013","DZA","EN.GHG.CO2.LU.MT.CE.AR5",0,-11.6376
"5302","YR2013","DZA","EN.GHG.CO2.LU.FL.MT.CE.AR5",0,-10.349
"5303","YR2013","DZA","EN.GHG.CO2.LU.OL.MT.CE.AR5",0,-1.2886
"5304","YR2014","DZA","EN.GHG.CO2.LU.MT.CE.AR5",0,-11.069
"5305","YR2014","DZA","EN.GHG.CO2.LU.FL.MT.CE.AR5",0,-9.7316
"5306","YR2014","DZA","EN.GHG.CO2.LU.OL.MT.CE.AR5",0,-1.3373
"5307","YR2015","DZA","EN.GHG.CO2.LU.MT.CE.AR5",0,-12.3905
"5308","YR2015","DZA","EN.GHG.CO2.LU.FL.MT.CE.AR5",0,-11.006
"5309","YR2015","DZA","EN.GHG.CO2.LU.OL.MT.CE.AR5",0,-1.3844
"5310","YR2016","DZA","EN.GHG.CO2.LU.MT.CE.AR5",0,-11.9709
"5311","YR2016","DZA","EN.GHG.CO2.LU.FL.MT.CE.AR5",0,-10.5657
"5312","YR2016","DZA","EN.GHG.CO2.LU.OL.MT.CE.AR5",0,-1.4052
"5313","YR2017","DZA","EN.GHG.CO2.LU.MT.CE.AR5",0,-10.7272
"5314","YR2017","DZA","EN.GHG.CO2.LU.FL.MT.CE.AR5",0,-9.3278
"5315","YR2017","DZA","EN.GHG.CO2.LU.OL.MT.CE.AR5",0,-1.3994
"5316","YR2018","DZA","EN.GHG.CO2.LU.MT.CE.AR5",0,-11.3462
"5317","YR2018","DZA","EN.GHG.CO2.LU.FL.MT.CE.AR5",0,-9.9972
"5318","YR2018","DZA","EN.GHG.CO2.LU.OL.MT.CE.AR5",0,-1.349
"5319","YR2019","DZA","EN.GHG.CO2.LU.MT.CE.AR5",0,-11.7337
"5320","YR2019","DZA","EN.GHG.CO2.LU.FL.MT.CE.AR5",0,-10.3824
"5321","YR2019","DZA","EN.GHG.CO2.LU.OL.MT.CE.AR5",0,-1.3513
"5322","YR2020","DZA","EN.GHG.CO2.LU.MT.CE.AR5",0,-11.2841
"5323","YR2020","DZA","EN.GHG.CO2.LU.FL.MT.CE.AR5",0,-9.9117
"5324","YR2020","DZA","EN.GHG.CO2.LU.OL.MT.CE.AR5",0,-1.3723
"5325","YR2021","DZA","EN.GHG.CO2.LU.MT.CE.AR5",0,-10.5442
"5326","YR2021","DZA","EN.GHG.CO2.LU.FL.MT.CE.AR5",0,-9.1767
"5327","YR2021","DZA","EN.GHG.CO2.LU.OL.MT.CE.AR5",0,-1.3675
"5328","YR2022","DZA","EN.GHG.CO2.LU.MT.CE.AR5",0,-11.5281
"5329","YR2022","DZA","EN.GHG.CO2.LU.FL.MT.CE.AR5",0,-10.1495
"5330","YR2022","DZA","EN.GHG.CO2.LU.OL.MT.CE.AR5",0,-1.3787
"5331","YR2023","DZA","EN.GHG.CO2.LU.MT.CE.AR5",0,-11.5281
"5332","YR2023","DZA","EN.GHG.CO2.LU.FL.MT.CE.AR5",0,-10.1495
"5333","YR2023","DZA","EN.GHG.CO2.LU.OL.MT.CE.AR5",0,-1.3787
"5334","YR2000","GEO","EN.GHG.CO2.LU.MT.CE.AR5",0,-6.7386
"5335","YR2000","GEO","EN.GHG.CO2.LU.FL.MT.CE.AR5",0,-6.7349
"5336","YR2000","GEO","EN.GHG.CO2.LU.OS.MT.CE.AR5",0,0.0158
"5337","YR2000","GEO","EN.GHG.CO2.LU.OL.MT.CE.AR5",0,-0.0195
"5338","YR2001","GEO","EN.GHG.CO2.LU.MT.CE.AR5",0,-6.9329
"5339","YR2001","GEO","EN.GHG.CO2.LU.FL.MT.CE.AR5",0,-6.8537
"5340","YR2001","GEO","EN.GHG.CO2.LU.OS.MT.CE.AR5",0,0.0158
"5341","YR2001","GEO","EN.GHG.CO2.LU.OL.MT.CE.AR5",0,-0.095
"5342","YR2002","GEO","EN.GHG.CO2.LU.MT.CE.AR5",0,-6.71
"5343","YR2002","GEO","EN.GHG.CO2.LU.FL.MT.CE.AR5",0,-6.666
"5344","YR2002","GEO","EN.GHG.CO2.LU.OS.MT.CE.AR5",0,0.0158
"5345","YR2002","GEO","EN.GHG.CO2.LU.OL.MT.CE.AR5",0,-0.0598
"5346","YR2003","GEO","EN.GHG.CO2.LU.MT.CE.AR5",0,-6.5875
"5347","YR2003","GEO","EN.GHG.CO2.LU.FL.MT.CE.AR5",0,-6.5263
"5348","YR2003","GEO","EN.GHG.CO2.LU.OS.MT.CE.AR5",0,0.0158
"5349","YR2003","GEO","EN.GHG.CO2.LU.OL.MT.CE.AR5",0,-0.077
"5350","YR2004","GEO","EN.GHG.CO2.LU.MT.CE.AR5",0,-6.4779
"5351","YR2004","GEO","EN.GHG.CO2.LU.FL.MT.CE.AR5",0,-6.3881
"5352","YR2004","GEO","EN.GHG.CO2.LU.OS.MT.CE.AR5",0,0.0158
"5353","YR2004","GEO","EN.GHG.CO2.LU.OL.MT.CE.AR5",0,-0.1055
"5354","YR2005","GEO","EN.GHG.CO2.LU.MT.CE.AR5",0,-6.0107
"5355","YR2005","GEO","EN.GHG.CO2.LU.FL.MT.CE.AR5",0,-5.9862
"5356","YR2005","GEO","EN.GHG.CO2.LU.OS.MT.CE.AR5",0,0.0158
"5357","YR2005","GEO","EN.GHG.CO2.LU.OL.MT.CE.AR5",0,-0.0402
"5358","YR2006","GEO","EN.GHG.CO2.LU.MT.CE.AR5",0,-6.7927
"5359","YR2006","GEO","EN.GHG.CO2.LU.FL.MT.CE.AR5",0,-6.5149
"5360","YR2006","GEO","EN.GHG.CO2.LU.OS.MT.CE.AR5",0,0.0158
"5361","YR2006","GEO","EN.GHG.CO2.LU.OL.MT.CE.AR5",0,-0.2936
"5362","YR2007","GEO","EN.GHG.CO2.LU.MT.CE.AR5",0,-6.2046
"5363","YR2007","GEO","EN.GHG.CO2.LU.FL.MT.CE.AR5",0,-5.9268
"5364","YR2007","GEO","EN.GHG.CO2.LU.OS.MT.CE.AR5",0,0.0158
"5365","YR2007","GEO","EN.GHG.CO2.LU.OL.MT.CE.AR5",0,-0.2935
"5366","YR2008","GEO","EN.GHG.CO2.LU.MT.CE.AR5",0,-6.3658
"5367","YR2008","GEO","EN.GHG.CO2.LU.FL.MT.CE.AR5",0,-6.0474
"5368","YR2008","GEO","EN.GHG.CO2.LU.OS.MT.CE.AR5",0,0.0158
"5369","YR2008","GEO","EN.GHG.CO2.LU.OL.MT.CE.AR5",0,-0.3342
"5370","YR2009","GEO","EN.GHG.CO2.LU.MT.CE.AR5",0,-6.4465
"5371","YR2009","GEO","EN.GHG.CO2.LU.FL.MT.CE.AR5",0,-6.266
"5372","YR2009","GEO","EN.GHG.CO2.LU.OS.MT.CE.AR5",0,0.0158
"5373","YR2009","GEO","EN.GHG.CO2.LU.OL.MT.CE.AR5",0,-0.1963
"5374","YR2010","GEO","EN.GHG.CO2.LU.MT.CE.AR5",0,-5.8209
"5375","YR2010","GEO","EN.GHG.CO2.LU.FL.MT.CE.AR5",0,-6.0661
"5376","YR2010","GEO","EN.GHG.CO2.LU.OS.MT.CE.AR5",0,0.0158
"5377","YR2010","GEO","EN.GHG.CO2.LU.OL.MT.CE.AR5",0,0.2295
"5378","YR2011","GEO","EN.GHG.CO2.LU.MT.CE.AR5",0,-6.1989
"5379","YR2011","GEO","EN.GHG.CO2.LU.FL.MT.CE.AR5",0,-6.508
"5380","YR2011","GEO","EN.GHG.CO2.LU.OS.MT.CE.AR5",0,0.0158
"5381","YR2011","GEO","EN.GHG.CO2.LU.OL.MT.CE.AR5",0,0.2933
"5382","YR2012","GEO","EN.GHG.CO2.LU.MT.CE.AR5",0,-6.4369
"5383","YR2012","GEO","EN.GHG.CO2.LU.FL.MT.CE.AR5",0,-6.7962
"5384","YR2012","GEO","EN.GHG.CO2.LU.OS.MT.CE.AR5",0,0.0158
"5385","YR2012","GEO","EN.GHG.CO2.LU.OL.MT.CE.AR5",0,0.3436
"5386","YR2013","GEO","EN.GHG.CO2.LU.MT.CE.AR5",0,-5.808
"5387","YR2013","GEO","EN.GHG.CO2.LU.FL.MT.CE.AR5",0,-6.3063
"5388","YR2013","GEO","EN.GHG.CO2.LU.OS.MT.CE.AR5",0,0.0158
"5389","YR2013","GEO","EN.GHG.CO2.LU.OL.MT.CE.AR5",0,0.4826
"5390","YR2014","GEO","EN.GHG.CO2.LU.MT.CE.AR5",0,-5.7277
"5391","YR2014","GEO","EN.GHG.CO2.LU.FL.MT.CE.AR5",0,-6.2902
"5392","YR2014","GEO","EN.GHG.CO2.LU.OS.MT.CE.AR5",0,0.0158
"5393","YR2014","GEO","EN.GHG.CO2.LU.OL.MT.CE.AR5",0,0.5468
"5394","YR2015","GEO","EN.GHG.CO2.LU.MT.CE.AR5",0,-5.7218
"5395","YR2015","GEO","EN.GHG.CO2.LU.FL.MT.CE.AR5",0,-6.2517
"5396","YR2015","GEO","EN.GHG.CO2.LU.OS.MT.CE.AR5",0,0.0158
"5397","YR2015","GEO","EN.GHG.CO2.LU.OL.MT.CE.AR5",0,0.5142
"5398","YR2016","GEO","EN.GHG.CO2.LU.MT.CE.AR5",0,-5.8588
"5399","YR2016","GEO","EN.GHG.CO2.LU.FL.MT.CE.AR5",0,-6.4042
"5400","YR2016","GEO","EN.GHG.CO2.LU.OS.MT.CE.AR5",0,0.0158
"5401","YR2016","GEO","EN.GHG.CO2.LU.OL.MT.CE.AR5",0,0.5296
"5402","YR2017","GEO","EN.GHG.CO2.LU.MT.CE.AR5",0,-5.813
"5403","YR2017","GEO","EN.GHG.CO2.LU.FL.MT.CE.AR5",0,-6.3851
"5404","YR2017","GEO","EN.GHG.CO2.LU.OS.MT.CE.AR5",0,0.0201
"5405","YR2017","GEO","EN.GHG.CO2.LU.OL.MT.CE.AR5",0,0.552
"5406","YR2018","GEO","EN.GHG.CO2.LU.MT.CE.AR5",0,-5.8845
"5407","YR2018","GEO","EN.GHG.CO2.LU.FL.MT.CE.AR5",0,-6.4933
"5408","YR2018","GEO","EN.GHG.CO2.LU.OS.MT.CE.AR5",0,0.0241
"5409","YR2018","GEO","EN.GHG.CO2.LU.OL.MT.CE.AR5",0,0.5847
"5410","YR2019","GEO","EN.GHG.CO2.LU.MT.CE.AR5",0,-5.7841
"5411","YR2019","GEO","EN.GHG.CO2.LU.FL.MT.CE.AR5",0,-6.4522
"5412","YR2019","GEO","EN.GHG.CO2.LU.OS.MT.CE.AR5",0,0.0353
"5413","YR2019","GEO","EN.GHG.CO2.LU.OL.MT.CE.AR5",0,0.6328
"5414","YR2020","GEO","EN.GHG.CO2.LU.MT.CE.AR5",0,-5.9034
"5415","YR2020","GEO","EN.GHG.CO2.LU.FL.MT.CE.AR5",0,-6.6858
"5416","YR2020","GEO","EN.GHG.CO2.LU.OS.MT.CE.AR5",0,0.0389
"5417","YR2020","GEO","EN.GHG.CO2.LU.OL.MT.CE.AR5",0,0.7435
"5418","YR2021","GEO","EN.GHG.CO2.LU.MT.CE.AR5",0,-6.0109
"5419","YR2021","GEO","EN.GHG.CO2.LU.FL.MT.CE.AR5",0,-6.8526
"5420","YR2021","GEO","EN.GHG.CO2.LU.OS.MT.CE.AR5",0,0.0376
"5421","YR2021","GEO","EN.GHG.CO2.LU.OL.MT.CE.AR5",0,0.8041
"5422","YR2022","GEO","EN.GHG.CO2.LU.MT.CE.AR5",0,-5.8006
"5423","YR2022","GEO","EN.GHG.CO2.LU.FL.MT.CE.AR5",0,-6.6936
"5424","YR2022","GEO","EN.GHG.CO2.LU.OS.MT.CE.AR5",0,0.0261
"5425","YR2022","GEO","EN.GHG.CO2.LU.OL.MT.CE.AR5",0,0.8669
"5426","YR2023","GEO","EN.GHG.CO2.LU.MT.CE.AR5",0,-5.8006
"5427","YR2023","GEO","EN.GHG.CO2.LU.FL.MT.CE.AR5",0,-6.6936
"5428","YR2023","GEO","EN.GHG.CO2.LU.OS.MT.CE.AR5",0,0.0261
"5429","YR2023","GEO","EN.GHG.CO2.LU.OL.MT.CE.AR5",0,0.8669
"5430","YR2000","GHA","EN.GHG.CO2.LU.MT.CE.AR5",0,5.3846
"5431","YR2000","GHA","EN.GHG.CO2.LU.FL.MT.CE.AR5",0,-4.3159
"5432","YR2000","GHA","EN.GHG.CO2.LU.DF.MT.CE.AR5",0,13.3303
"5433","YR2000","GHA","EN.GHG.CO2.LU.OL.MT.CE.AR5",0,-3.4272
"5434","YR2001","GHA","EN.GHG.CO2.LU.MT.CE.AR5",0,5.9334
"5435","YR2001","GHA","EN.GHG.CO2.LU.FL.MT.CE.AR5",0,-3.7671
"5436","YR2001","GHA","EN.GHG.CO2.LU.DF.MT.CE.AR5",0,13.3303
"5437","YR2001","GHA","EN.GHG.CO2.LU.OL.MT.CE.AR5",0,-3.4272
"5438","YR2002","GHA","EN.GHG.CO2.LU.MT.CE.AR5",0,6.1468
"5439","YR2002","GHA","EN.GHG.CO2.LU.FL.MT.CE.AR5",0,-3.5537
"5440","YR2002","GHA","EN.GHG.CO2.LU.DF.MT.CE.AR5",0,13.3303
"5441","YR2002","GHA","EN.GHG.CO2.LU.OL.MT.CE.AR5",0,-3.4272
"5442","YR2003","GHA","EN.GHG.CO2.LU.MT.CE.AR5",0,5.7867
"5443","YR2003","GHA","EN.GHG.CO2.LU.FL.MT.CE.AR5",0,-3.9139
"5444","YR2003","GHA","EN.GHG.CO2.LU.DF.MT.CE.AR5",0,13.3303
"5445","YR2003","GHA","EN.GHG.CO2.LU.OL.MT.CE.AR5",0,-3.4272
"5446","YR2004","GHA","EN.GHG.CO2.LU.MT.CE.AR5",0,5.2366
"5447","YR2004","GHA","EN.GHG.CO2.LU.FL.MT.CE.AR5",0,-4.464
"5448","YR2004","GHA","EN.GHG.CO2.LU.DF.MT.CE.AR5",0,13.3303
"5449","YR2004","GHA","EN.GHG.CO2.LU.OL.MT.CE.AR5",0,-3.4272
"5450","YR2005","GHA","EN.GHG.CO2.LU.MT.CE.AR5",0,5.3247
"5451","YR2005","GHA","EN.GHG.CO2.LU.FL.MT.CE.AR5",0,-4.3759
"5452","YR2005","GHA","EN.GHG.CO2.LU.DF.MT.CE.AR5",0,13.3303
"5453","YR2005","GHA","EN.GHG.CO2.LU.OL.MT.CE.AR5",0,-3.4272
"5454","YR2006","GHA","EN.GHG.CO2.LU.MT.CE.AR5",0,5.4977
"5455","YR2006","GHA","EN.GHG.CO2.LU.FL.MT.CE.AR5",0,-4.2029
"5456","YR2006","GHA","EN.GHG.CO2.LU.DF.MT.CE.AR5",0,13.3303
"5457","YR2006","GHA","EN.GHG.CO2.LU.OL.MT.CE.AR5",0,-3.4272
"5458","YR2007","GHA","EN.GHG.CO2.LU.MT.CE.AR5",0,5.5294
"5459","YR2007","GHA","EN.GHG.CO2.LU.FL.MT.CE.AR5",0,-4.1712
"5460","YR2007","GHA","EN.GHG.CO2.LU.DF.MT.CE.AR5",0,13.3303
"5461","YR2007","GHA","EN.GHG.CO2.LU.OL.MT.CE.AR5",0,-3.4272
"5462","YR2008","GHA","EN.GHG.CO2.LU.MT.CE.AR5",0,5.5802
"5463","YR2008","GHA","EN.GHG.CO2.LU.FL.MT.CE.AR5",0,-4.1204
"5464","YR2008","GHA","EN.GHG.CO2.LU.DF.MT.CE.AR5",0,13.3303
"5465","YR2008","GHA","EN.GHG.CO2.LU.OL.MT.CE.AR5",0,-3.4271
"5466","YR2009","GHA","EN.GHG.CO2.LU.MT.CE.AR5",0,5.3201
"5467","YR2009","GHA","EN.GHG.CO2.LU.FL.MT.CE.AR5",0,-4.3806
"5468","YR2009","GHA","EN.GHG.CO2.LU.DF.MT.CE.AR5",0,13.3303
"5469","YR2009","GHA","EN.GHG.CO2.LU.OL.MT.CE.AR5",0,-3.4271
"5470","YR2010","GHA","EN.GHG.CO2.LU.MT.CE.AR5",0,5.5945
"5471","YR2010","GHA","EN.GHG.CO2.LU.FL.MT.CE.AR5",0,-4.1062
"5472","YR2010","GHA","EN.GHG.CO2.LU.DF.MT.CE.AR5",0,13.3303
"5473","YR2010","GHA","EN.GHG.CO2.LU.OL.MT.CE.AR5",0,-3.4271
"5474","YR2011","GHA","EN.GHG.CO2.LU.MT.CE.AR5",0,5.4791
"5475","YR2011","GHA","EN.GHG.CO2.LU.FL.MT.CE.AR5",0,-4.2215
"5476","YR2011","GHA","EN.GHG.CO2.LU.DF.MT.CE.AR5",0,13.3303
"5477","YR2011","GHA","EN.GHG.CO2.LU.OL.MT.CE.AR5",0,-3.4271
"5478","YR2012","GHA","EN.GHG.CO2.LU.MT.CE.AR5",0,5.5879
"5479","YR2012","GHA","EN.GHG.CO2.LU.FL.MT.CE.AR5",0,-4.1128
"5480","YR2012","GHA","EN.GHG.CO2.LU.DF.MT.CE.AR5",0,13.3303
"5481","YR2012","GHA","EN.GHG.CO2.LU.OL.MT.CE.AR5",0,-3.4271
"5482","YR2013","GHA","EN.GHG.CO2.LU.MT.CE.AR5",0,5.9197
"5483","YR2013","GHA","EN.GHG.CO2.LU.FL.MT.CE.AR5",0,-3.781
"5484","YR2013","GHA","EN.GHG.CO2.LU.DF.MT.CE.AR5",0,13.3303
"5485","YR2013","GHA","EN.GHG.CO2.LU.OL.MT.CE.AR5",0,-3.4271
"5486","YR2014","GHA","EN.GHG.CO2.LU.MT.CE.AR5",0,5.8234
"5487","YR2014","GHA","EN.GHG.CO2.LU.FL.MT.CE.AR5",0,-3.8773
"5488","YR2014","GHA","EN.GHG.CO2.LU.DF.MT.CE.AR5",0,13.3303
"5489","YR2014","GHA","EN.GHG.CO2.LU.OL.MT.CE.AR5",0,-3.4271
"5490","YR2015","GHA","EN.GHG.CO2.LU.MT.CE.AR5",0,6.1709
"5491","YR2015","GHA","EN.GHG.CO2.LU.FL.MT.CE.AR5",0,-3.5299
"5492","YR2015","GHA","EN.GHG.CO2.LU.DF.MT.CE.AR5",0,13.3303
"5493","YR2015","GHA","EN.GHG.CO2.LU.OL.MT.CE.AR5",0,-3.4271
"5494","YR2016","GHA","EN.GHG.CO2.LU.MT.CE.AR5",0,5.5112
"5495","YR2016","GHA","EN.GHG.CO2.LU.FL.MT.CE.AR5",0,-4.1895
"5496","YR2016","GHA","EN.GHG.CO2.LU.DF.MT.CE.AR5",0,13.3303
"5497","YR2016","GHA","EN.GHG.CO2.LU.OL.MT.CE.AR5",0,-3.427
"5498","YR2017","GHA","EN.GHG.CO2.LU.MT.CE.AR5",0,5.1878
"5499","YR2017","GHA","EN.GHG.CO2.LU.FL.MT.CE.AR5",0,-4.513
"5500","YR2017","GHA","EN.GHG.CO2.LU.DF.MT.CE.AR5",0,13.3303
"5501","YR2017","GHA","EN.GHG.CO2.LU.OL.MT.CE.AR5",0,-3.427
"5502","YR2018","GHA","EN.GHG.CO2.LU.MT.CE.AR5",0,5.2892
"5503","YR2018","GHA","EN.GHG.CO2.LU.FL.MT.CE.AR5",0,-4.4115
"5504","YR2018","GHA","EN.GHG.CO2.LU.DF.MT.CE.AR5",0,13.3303
"5505","YR2018","GHA","EN.GHG.CO2.LU.OL.MT.CE.AR5",0,-3.427
"5506","YR2019","GHA","EN.GHG.CO2.LU.MT.CE.AR5",0,7.0206
"5507","YR2019","GHA","EN.GHG.CO2.LU.FL.MT.CE.AR5",0,-2.6801
"5508","YR2019","GHA","EN.GHG.CO2.LU.DF.MT.CE.AR5",0,13.3303
"5509","YR2019","GHA","EN.GHG.CO2.LU.OL.MT.CE.AR5",0,-3.427
"5510","YR2020","GHA","EN.GHG.CO2.LU.MT.CE.AR5",0,6.4459
"5511","YR2020","GHA","EN.GHG.CO2.LU.FL.MT.CE.AR5",0,-3.2549
"5512","YR2020","GHA","EN.GHG.CO2.LU.DF.MT.CE.AR5",0,13.3303
"5513","YR2020","GHA","EN.GHG.CO2.LU.OL.MT.CE.AR5",0,-3.427
"5514","YR2021","GHA","EN.GHG.CO2.LU.MT.CE.AR5",0,6.2199
"5515","YR2021","GHA","EN.GHG.CO2.LU.FL.MT.CE.AR5",0,-3.4805
"5516","YR2021","GHA","EN.GHG.CO2.LU.DF.MT.CE.AR5",0,13.3303
"5517","YR2021","GHA","EN.GHG.CO2.LU.OL.MT.CE.AR5",0,-3.4274
"5518","YR2022","GHA","EN.GHG.CO2.LU.MT.CE.AR5",0,6.7975
"5519","YR2022","GHA","EN.GHG.CO2.LU.FL.MT.CE.AR5",0,-2.7
"5520","YR2022","GHA","EN.GHG.CO2.LU.DF.MT.CE.AR5",0,13.3303
"5521","YR2022","GHA","EN.GHG.CO2.LU.OL.MT.CE.AR5",0,-3.6302
"5522","YR2023","GHA","EN.GHG.CO2.LU.MT.CE.AR5",0,6.7975
"5523","YR2023","GHA","EN.GHG.CO2.LU.FL.MT.CE.AR5",0,-2.7
"5524","YR2023","GHA","EN.GHG.CO2.LU.DF.MT.CE.AR5",0,13.3303
"5525","YR2023","GHA","EN.GHG.CO2.LU.OL.MT.CE.AR5",0,-3.6302
"5526","YR2000","GNB","EN.GHG.CO2.LU.MT.CE.AR5",0,-27.2178
"5527","YR2000","GNB","EN.GHG.CO2.LU.FL.MT.CE.AR5",0,-30.8187
"5528","YR2000","GNB","EN.GHG.CO2.LU.DF.MT.CE.AR5",0,3.6009
"5529","YR2001","GNB","EN.GHG.CO2.LU.MT.CE.AR5",0,-27.2178
"5530","YR2001","GNB","EN.GHG.CO2.LU.FL.MT.CE.AR5",0,-30.8187
"5531","YR2001","GNB","EN.GHG.CO2.LU.DF.MT.CE.AR5",0,3.6009
"5532","YR2002","GNB","EN.GHG.CO2.LU.MT.CE.AR5",0,-27.2178
"5533","YR2002","GNB","EN.GHG.CO2.LU.FL.MT.CE.AR5",0,-30.8187
"5534","YR2002","GNB","EN.GHG.CO2.LU.DF.MT.CE.AR5",0,3.6009
"5535","YR2003","GNB","EN.GHG.CO2.LU.MT.CE.AR5",0,-27.2178
"5536","YR2003","GNB","EN.GHG.CO2.LU.FL.MT.CE.AR5",0,-30.8187
"5537","YR2003","GNB","EN.GHG.CO2.LU.DF.MT.CE.AR5",0,3.6009
"5538","YR2004","GNB","EN.GHG.CO2.LU.MT.CE.AR5",0,-27.2178
"5539","YR2004","GNB","EN.GHG.CO2.LU.FL.MT.CE.AR5",0,-30.8187
"5540","YR2004","GNB","EN.GHG.CO2.LU.DF.MT.CE.AR5",0,3.6009
"5541","YR2005","GNB","EN.GHG.CO2.LU.MT.CE.AR5",0,-27.2178
"5542","YR2005","GNB","EN.GHG.CO2.LU.FL.MT.CE.AR5",0,-30.8187
"5543","YR2005","GNB","EN.GHG.CO2.LU.DF.MT.CE.AR5",0,3.6009
"5544","YR2006","GNB","EN.GHG.CO2.LU.MT.CE.AR5",0,-27.2178
"5545","YR2006","GNB","EN.GHG.CO2.LU.FL.MT.CE.AR5",0,-30.8187
"5546","YR2006","GNB","EN.GHG.CO2.LU.DF.MT.CE.AR5",0,3.6009
"5547","YR2007","GNB","EN.GHG.CO2.LU.MT.CE.AR5",0,-27.2178
"5548","YR2007","GNB","EN.GHG.CO2.LU.FL.MT.CE.AR5",0,-30.8187
"5549","YR2007","GNB","EN.GHG.CO2.LU.DF.MT.CE.AR5",0,3.6009
"5550","YR2008","GNB","EN.GHG.CO2.LU.MT.CE.AR5",0,-27.2178
"5551","YR2008","GNB","EN.GHG.CO2.LU.FL.MT.CE.AR5",0,-30.8187
"5552","YR2008","GNB","EN.GHG.CO2.LU.DF.MT.CE.AR5",0,3.6009
"5553","YR2009","GNB","EN.GHG.CO2.LU.MT.CE.AR5",0,-27.2178
"5554","YR2009","GNB","EN.GHG.CO2.LU.FL.MT.CE.AR5",0,-30.8187
"5555","YR2009","GNB","EN.GHG.CO2.LU.DF.MT.CE.AR5",0,3.6009
"5556","YR2010","GNB","EN.GHG.CO2.LU.MT.CE.AR5",0,-27.2178
"5557","YR2010","GNB","EN.GHG.CO2.LU.FL.MT.CE.AR5",0,-30.8187
"5558","YR2010","GNB","EN.GHG.CO2.LU.DF.MT.CE.AR5",0,3.6009
"5559","YR2011","GNB","EN.GHG.CO2.LU.MT.CE.AR5",0,-29.148
"5560","YR2011","GNB","EN.GHG.CO2.LU.FL.MT.CE.AR5",0,-32.2805
"5561","YR2011","GNB","EN.GHG.CO2.LU.DF.MT.CE.AR5",0,3.1325
"5562","YR2012","GNB","EN.GHG.CO2.LU.MT.CE.AR5",0,-27.8668
"5563","YR2012","GNB","EN.GHG.CO2.LU.FL.MT.CE.AR5",0,-30.4358
"5564","YR2012","GNB","EN.GHG.CO2.LU.DF.MT.CE.AR5",0,2.569
"5565","YR2013","GNB","EN.GHG.CO2.LU.MT.CE.AR5",0,-16.7538
"5566","YR2013","GNB","EN.GHG.CO2.LU.FL.MT.CE.AR5",0,-31.9042
"5567","YR2013","GNB","EN.GHG.CO2.LU.DF.MT.CE.AR5",0,15.1503
"5568","YR2014","GNB","EN.GHG.CO2.LU.MT.CE.AR5",0,-21.0754
"5569","YR2014","GNB","EN.GHG.CO2.LU.FL.MT.CE.AR5",0,-30.4437
"5570","YR2014","GNB","EN.GHG.CO2.LU.DF.MT.CE.AR5",0,9.3683
"5571","YR2015","GNB","EN.GHG.CO2.LU.MT.CE.AR5",0,-21.7353
"5572","YR2015","GNB","EN.GHG.CO2.LU.FL.MT.CE.AR5",0,-29.5666
"5573","YR2015","GNB","EN.GHG.CO2.LU.DF.MT.CE.AR5",0,7.8313
"5574","YR2016","GNB","EN.GHG.CO2.LU.MT.CE.AR5",0,-18.2611
"5575","YR2016","GNB","EN.GHG.CO2.LU.FL.MT.CE.AR5",0,-30.0447
"5576","YR2016","GNB","EN.GHG.CO2.LU.DF.MT.CE.AR5",0,11.7836
"5577","YR2017","GNB","EN.GHG.CO2.LU.MT.CE.AR5",0,-17.2785
"5578","YR2017","GNB","EN.GHG.CO2.LU.FL.MT.CE.AR5",0,-29.2817
"5579","YR2017","GNB","EN.GHG.CO2.LU.DF.MT.CE.AR5",0,12.0032
"5580","YR2018","GNB","EN.GHG.CO2.LU.MT.CE.AR5",0,-17.8526
"5581","YR2018","GNB","EN.GHG.CO2.LU.FL.MT.CE.AR5",0,-28.392
"5582","YR2018","GNB","EN.GHG.CO2.LU.DF.MT.CE.AR5",0,10.5394
"5583","YR2019","GNB","EN.GHG.CO2.LU.MT.CE.AR5",0,-17.6977
"5584","YR2019","GNB","EN.GHG.CO2.LU.FL.MT.CE.AR5",0,-29.1153
"5585","YR2019","GNB","EN.GHG.CO2.LU.DF.MT.CE.AR5",0,11.4176
"5586","YR2020","GNB","EN.GHG.CO2.LU.MT.CE.AR5",0,-16.606
"5587","YR2020","GNB","EN.GHG.CO2.LU.FL.MT.CE.AR5",0,-29.1215
"5588","YR2020","GNB","EN.GHG.CO2.LU.DF.MT.CE.AR5",0,12.5155
"5589","YR2021","GNB","EN.GHG.CO2.LU.MT.CE.AR5",0,-20.1478
"5590","YR2021","GNB","EN.GHG.CO2.LU.FL.MT.CE.AR5",0,-30.1748
"5591","YR2021","GNB","EN.GHG.CO2.LU.DF.MT.CE.AR5",0,10.027
"5592","YR2022","GNB","EN.GHG.CO2.LU.MT.CE.AR5",0,-22.5447
"5593","YR2022","GNB","EN.GHG.CO2.LU.FL.MT.CE.AR5",0,-29.6441
"5594","YR2022","GNB","EN.GHG.CO2.LU.DF.MT.CE.AR5",0,7.0994
"5595","YR2023","GNB","EN.GHG.CO2.LU.MT.CE.AR5",0,-22.5447
"5596","YR2023","GNB","EN.GHG.CO2.LU.FL.MT.CE.AR5",0,-29.6441
"5597","YR2023","GNB","EN.GHG.CO2.LU.DF.MT.CE.AR5",0,7.0994
"5598","YR2000","GTM","EN.GHG.CO2.LU.MT.CE.AR5",0,29.8811
"5599","YR2000","GTM","EN.GHG.CO2.LU.FL.MT.CE.AR5",0,15.5514
"5600","YR2000","GTM","EN.GHG.CO2.LU.DF.MT.CE.AR5",0,14.1809
"5601","YR2000","GTM","EN.GHG.CO2.LU.OL.MT.CE.AR5",0,0.1488
"5602","YR2001","GTM","EN.GHG.CO2.LU.MT.CE.AR5",0,30.8025
"5603","YR2001","GTM","EN.GHG.CO2.LU.FL.MT.CE.AR5",0,16.5285
"5604","YR2001","GTM","EN.GHG.CO2.LU.DF.MT.CE.AR5",0,14.1442
"5605","YR2001","GTM","EN.GHG.CO2.LU.OL.MT.CE.AR5",0,0.1298
"5606","YR2002","GTM","EN.GHG.CO2.LU.MT.CE.AR5",0,30.5853
"5607","YR2002","GTM","EN.GHG.CO2.LU.FL.MT.CE.AR5",0,16.3669
"5608","YR2002","GTM","EN.GHG.CO2.LU.DF.MT.CE.AR5",0,14.1076
"5609","YR2002","GTM","EN.GHG.CO2.LU.OL.MT.CE.AR5",0,0.1108
"5610","YR2003","GTM","EN.GHG.CO2.LU.MT.CE.AR5",0,37.3673
"5611","YR2003","GTM","EN.GHG.CO2.LU.FL.MT.CE.AR5",0,23.2046
"5612","YR2003","GTM","EN.GHG.CO2.LU.DF.MT.CE.AR5",0,14.0709
"5613","YR2003","GTM","EN.GHG.CO2.LU.OL.MT.CE.AR5",0,0.0918
"5614","YR2004","GTM","EN.GHG.CO2.LU.MT.CE.AR5",0,27.4781
"5615","YR2004","GTM","EN.GHG.CO2.LU.FL.MT.CE.AR5",0,13.3711
"5616","YR2004","GTM","EN.GHG.CO2.LU.DF.MT.CE.AR5",0,14.0342
"5617","YR2004","GTM","EN.GHG.CO2.LU.OL.MT.CE.AR5",0,0.0728
"5618","YR2005","GTM","EN.GHG.CO2.LU.MT.CE.AR5",0,32.1559
"5619","YR2005","GTM","EN.GHG.CO2.LU.FL.MT.CE.AR5",0,18.1045
"5620","YR2005","GTM","EN.GHG.CO2.LU.DF.MT.CE.AR5",0,13.9975
"5621","YR2005","GTM","EN.GHG.CO2.LU.OL.MT.CE.AR5",0,0.0539
"5622","YR2006","GTM","EN.GHG.CO2.LU.MT.CE.AR5",0,28.9491
"5623","YR2006","GTM","EN.GHG.CO2.LU.FL.MT.CE.AR5",0,14.9533
"5624","YR2006","GTM","EN.GHG.CO2.LU.DF.MT.CE.AR5",0,13.9609
"5625","YR2006","GTM","EN.GHG.CO2.LU.OL.MT.CE.AR5",0,0.0349
"5626","YR2007","GTM","EN.GHG.CO2.LU.MT.CE.AR5",0,31.2306
"5627","YR2007","GTM","EN.GHG.CO2.LU.FL.MT.CE.AR5",0,15.8022
"5628","YR2007","GTM","EN.GHG.CO2.LU.DF.MT.CE.AR5",0,14.3549
"5629","YR2007","GTM","EN.GHG.CO2.LU.OL.MT.CE.AR5",0,1.0735
"5630","YR2008","GTM","EN.GHG.CO2.LU.MT.CE.AR5",0,30.0257
"5631","YR2008","GTM","EN.GHG.CO2.LU.FL.MT.CE.AR5",0,14.3654
"5632","YR2008","GTM","EN.GHG.CO2.LU.DF.MT.CE.AR5",0,14.4965
"5633","YR2008","GTM","EN.GHG.CO2.LU.OL.MT.CE.AR5",0,1.1638
"5634","YR2009","GTM","EN.GHG.CO2.LU.MT.CE.AR5",0,30.4022
"5635","YR2009","GTM","EN.GHG.CO2.LU.FL.MT.CE.AR5",0,14.8734
"5636","YR2009","GTM","EN.GHG.CO2.LU.DF.MT.CE.AR5",0,14.4531
"5637","YR2009","GTM","EN.GHG.CO2.LU.OL.MT.CE.AR5",0,1.0757
"5638","YR2010","GTM","EN.GHG.CO2.LU.MT.CE.AR5",0,29.1298
"5639","YR2010","GTM","EN.GHG.CO2.LU.FL.MT.CE.AR5",0,13.7326
"5640","YR2010","GTM","EN.GHG.CO2.LU.DF.MT.CE.AR5",0,14.4097
"5641","YR2010","GTM","EN.GHG.CO2.LU.OL.MT.CE.AR5",0,0.9875
"5642","YR2011","GTM","EN.GHG.CO2.LU.MT.CE.AR5",0,31.2555
"5643","YR2011","GTM","EN.GHG.CO2.LU.FL.MT.CE.AR5",0,15.9342
"5644","YR2011","GTM","EN.GHG.CO2.LU.DF.MT.CE.AR5",0,14.4029
"5645","YR2011","GTM","EN.GHG.CO2.LU.OL.MT.CE.AR5",0,0.9183
"5646","YR2012","GTM","EN.GHG.CO2.LU.MT.CE.AR5",0,28.163
"5647","YR2012","GTM","EN.GHG.CO2.LU.FL.MT.CE.AR5",0,12.9733
"5648","YR2012","GTM","EN.GHG.CO2.LU.DF.MT.CE.AR5",0,14.3595
"5649","YR2012","GTM","EN.GHG.CO2.LU.OL.MT.CE.AR5",0,0.8302
"5650","YR2013","GTM","EN.GHG.CO2.LU.MT.CE.AR5",0,30.4716
"5651","YR2013","GTM","EN.GHG.CO2.LU.FL.MT.CE.AR5",0,15.4135
"5652","YR2013","GTM","EN.GHG.CO2.LU.DF.MT.CE.AR5",0,14.3161
"5653","YR2013","GTM","EN.GHG.CO2.LU.OL.MT.CE.AR5",0,0.7421
"5654","YR2014","GTM","EN.GHG.CO2.LU.MT.CE.AR5",0,29.0856
"5655","YR2014","GTM","EN.GHG.CO2.LU.FL.MT.CE.AR5",0,14.1591
"5656","YR2014","GTM","EN.GHG.CO2.LU.DF.MT.CE.AR5",0,14.2727
"5657","YR2014","GTM","EN.GHG.CO2.LU.OL.MT.CE.AR5",0,0.6539
"5658","YR2015","GTM","EN.GHG.CO2.LU.MT.CE.AR5",0,30.2602
"5659","YR2015","GTM","EN.GHG.CO2.LU.FL.MT.CE.AR5",0,15.4651
"5660","YR2015","GTM","EN.GHG.CO2.LU.DF.MT.CE.AR5",0,14.2293
"5661","YR2015","GTM","EN.GHG.CO2.LU.OL.MT.CE.AR5",0,0.5658
"5662","YR2016","GTM","EN.GHG.CO2.LU.MT.CE.AR5",0,37.1256
"5663","YR2016","GTM","EN.GHG.CO2.LU.FL.MT.CE.AR5",0,22.4621
"5664","YR2016","GTM","EN.GHG.CO2.LU.DF.MT.CE.AR5",0,14.1858
"5665","YR2016","GTM","EN.GHG.CO2.LU.OL.MT.CE.AR5",0,0.4776
"5666","YR2017","GTM","EN.GHG.CO2.LU.MT.CE.AR5",0,30.4477
"5667","YR2017","GTM","EN.GHG.CO2.LU.FL.MT.CE.AR5",0,15.8399
"5668","YR2017","GTM","EN.GHG.CO2.LU.DF.MT.CE.AR5",0,14.1492
"5669","YR2017","GTM","EN.GHG.CO2.LU.OL.MT.CE.AR5",0,0.4587
"5670","YR2018","GTM","EN.GHG.CO2.LU.MT.CE.AR5",0,29.8943
"5671","YR2018","GTM","EN.GHG.CO2.LU.FL.MT.CE.AR5",0,15.4181
"5672","YR2018","GTM","EN.GHG.CO2.LU.DF.MT.CE.AR5",0,14.1057
"5673","YR2018","GTM","EN.GHG.CO2.LU.OL.MT.CE.AR5",0,0.3705
"5674","YR2019","GTM","EN.GHG.CO2.LU.MT.CE.AR5",0,34.1747
"5675","YR2019","GTM","EN.GHG.CO2.LU.FL.MT.CE.AR5",0,19.83
"5676","YR2019","GTM","EN.GHG.CO2.LU.DF.MT.CE.AR5",0,14.0623
"5677","YR2019","GTM","EN.GHG.CO2.LU.OL.MT.CE.AR5",0,0.2824
"5678","YR2020","GTM","EN.GHG.CO2.LU.MT.CE.AR5",0,40.0095
"5679","YR2020","GTM","EN.GHG.CO2.LU.FL.MT.CE.AR5",0,25.7964
"5680","YR2020","GTM","EN.GHG.CO2.LU.DF.MT.CE.AR5",0,14.0189
"5681","YR2020","GTM","EN.GHG.CO2.LU.OL.MT.CE.AR5",0,0.1942
"5682","YR2021","GTM","EN.GHG.CO2.LU.MT.CE.AR5",0,33.4978
"5683","YR2021","GTM","EN.GHG.CO2.LU.FL.MT.CE.AR5",0,19.4172
"5684","YR2021","GTM","EN.GHG.CO2.LU.DF.MT.CE.AR5",0,13.9755
"5685","YR2021","GTM","EN.GHG.CO2.LU.OL.MT.CE.AR5",0,0.1051
"5686","YR2022","GTM","EN.GHG.CO2.LU.MT.CE.AR5",0,30.893
"5687","YR2022","GTM","EN.GHG.CO2.LU.FL.MT.CE.AR5",0,16.943
"5688","YR2022","GTM","EN.GHG.CO2.LU.DF.MT.CE.AR5",0,13.9321
"5689","YR2022","GTM","EN.GHG.CO2.LU.OL.MT.CE.AR5",0,0.0179
"5690","YR2023","GTM","EN.GHG.CO2.LU.MT.CE.AR5",0,30.893
"5691","YR2023","GTM","EN.GHG.CO2.LU.FL.MT.CE.AR5",0,16.943
"5692","YR2023","GTM","EN.GHG.CO2.LU.DF.MT.CE.AR5",0,13.9321
"5693","YR2023","GTM","EN.GHG.CO2.LU.OL.MT.CE.AR5",0,0.0179
"5694","YR2000","GUY","EN.GHG.CO2.LU.MT.CE.AR5",0,-144.3811
"5695","YR2000","GUY","EN.GHG.CO2.LU.FL.MT.CE.AR5",0,-152.9827
"5696","YR2000","GUY","EN.GHG.CO2.LU.DF.MT.CE.AR5",0,8.2816
"5697","YR2000","GUY","EN.GHG.CO2.LU.OL.MT.CE.AR5",0,0.32
"5698","YR2001","GUY","EN.GHG.CO2.LU.MT.CE.AR5",0,-144.4474
"5699","YR2001","GUY","EN.GHG.CO2.LU.FL.MT.CE.AR5",0,-153.049
"5700","YR2001","GUY","EN.GHG.CO2.LU.DF.MT.CE.AR5",0,8.2816
"5701","YR2001","GUY","EN.GHG.CO2.LU.OL.MT.CE.AR5",0,0.32
"5702","YR2002","GUY","EN.GHG.CO2.LU.MT.CE.AR5",0,-144.5137
"5703","YR2002","GUY","EN.GHG.CO2.LU.FL.MT.CE.AR5",0,-153.1153
"5704","YR2002","GUY","EN.GHG.CO2.LU.DF.MT.CE.AR5",0,8.2816
"5705","YR2002","GUY","EN.GHG.CO2.LU.OL.MT.CE.AR5",0,0.32
"5706","YR2003","GUY","EN.GHG.CO2.LU.MT.CE.AR5",0,-144.5801
"5707","YR2003","GUY","EN.GHG.CO2.LU.FL.MT.CE.AR5",0,-153.1817
"5708","YR2003","GUY","EN.GHG.CO2.LU.DF.MT.CE.AR5",0,8.2816
"5709","YR2003","GUY","EN.GHG.CO2.LU.OL.MT.CE.AR5",0,0.32
"5710","YR2004","GUY","EN.GHG.CO2.LU.MT.CE.AR5",0,-144.6464
"5711","YR2004","GUY","EN.GHG.CO2.LU.FL.MT.CE.AR5",0,-153.248
"5712","YR2004","GUY","EN.GHG.CO2.LU.DF.MT.CE.AR5",0,8.2816
"5713","YR2004","GUY","EN.GHG.CO2.LU.OL.MT.CE.AR5",0,0.32
"5714","YR2005","GUY","EN.GHG.CO2.LU.MT.CE.AR5",0,-144.7128
"5715","YR2005","GUY","EN.GHG.CO2.LU.FL.MT.CE.AR5",0,-153.3143
"5716","YR2005","GUY","EN.GHG.CO2.LU.DF.MT.CE.AR5",0,8.2816
"5717","YR2005","GUY","EN.GHG.CO2.LU.OL.MT.CE.AR5",0,0.32
"5718","YR2006","GUY","EN.GHG.CO2.LU.MT.CE.AR5",0,-144.7791
"5719","YR2006","GUY","EN.GHG.CO2.LU.FL.MT.CE.AR5",0,-153.3807
"5720","YR2006","GUY","EN.GHG.CO2.LU.DF.MT.CE.AR5",0,8.2816
"5721","YR2006","GUY","EN.GHG.CO2.LU.OL.MT.CE.AR5",0,0.32
"5722","YR2007","GUY","EN.GHG.CO2.LU.MT.CE.AR5",0,-144.8454
"5723","YR2007","GUY","EN.GHG.CO2.LU.FL.MT.CE.AR5",0,-153.447
"5724","YR2007","GUY","EN.GHG.CO2.LU.DF.MT.CE.AR5",0,8.2816
"5725","YR2007","GUY","EN.GHG.CO2.LU.OL.MT.CE.AR5",0,0.32
"5726","YR2008","GUY","EN.GHG.CO2.LU.MT.CE.AR5",0,-144.9118
"5727","YR2008","GUY","EN.GHG.CO2.LU.FL.MT.CE.AR5",0,-153.5134
"5728","YR2008","GUY","EN.GHG.CO2.LU.DF.MT.CE.AR5",0,8.2816
"5729","YR2008","GUY","EN.GHG.CO2.LU.OL.MT.CE.AR5",0,0.32
"5730","YR2009","GUY","EN.GHG.CO2.LU.MT.CE.AR5",0,-144.9781
"5731","YR2009","GUY","EN.GHG.CO2.LU.FL.MT.CE.AR5",0,-153.5797
"5732","YR2009","GUY","EN.GHG.CO2.LU.DF.MT.CE.AR5",0,8.2816
"5733","YR2009","GUY","EN.GHG.CO2.LU.OL.MT.CE.AR5",0,0.32
"5734","YR2010","GUY","EN.GHG.CO2.LU.MT.CE.AR5",0,-145.0444
"5735","YR2010","GUY","EN.GHG.CO2.LU.FL.MT.CE.AR5",0,-153.646
"5736","YR2010","GUY","EN.GHG.CO2.LU.DF.MT.CE.AR5",0,8.2816
"5737","YR2010","GUY","EN.GHG.CO2.LU.OL.MT.CE.AR5",0,0.32
"5738","YR2011","GUY","EN.GHG.CO2.LU.MT.CE.AR5",0,-145.1108
"5739","YR2011","GUY","EN.GHG.CO2.LU.FL.MT.CE.AR5",0,-153.7124
"5740","YR2011","GUY","EN.GHG.CO2.LU.DF.MT.CE.AR5",0,8.2816
"5741","YR2011","GUY","EN.GHG.CO2.LU.OL.MT.CE.AR5",0,0.32
"5742","YR2012","GUY","EN.GHG.CO2.LU.MT.CE.AR5",0,-138.8967
"5743","YR2012","GUY","EN.GHG.CO2.LU.FL.MT.CE.AR5",0,-154.6557
"5744","YR2012","GUY","EN.GHG.CO2.LU.DF.MT.CE.AR5",0,15.3732
"5745","YR2012","GUY","EN.GHG.CO2.LU.OL.MT.CE.AR5",0,0.3858
"5746","YR2013","GUY","EN.GHG.CO2.LU.MT.CE.AR5",0,-140.5706
"5747","YR2013","GUY","EN.GHG.CO2.LU.FL.MT.CE.AR5",0,-154.4005
"5748","YR2013","GUY","EN.GHG.CO2.LU.DF.MT.CE.AR5",0,13.0993
"5749","YR2013","GUY","EN.GHG.CO2.LU.OL.MT.CE.AR5",0,0.7307
"5750","YR2014","GUY","EN.GHG.CO2.LU.MT.CE.AR5",0,-140.5573
"5751","YR2014","GUY","EN.GHG.CO2.LU.FL.MT.CE.AR5",0,-153.3907
"5752","YR2014","GUY","EN.GHG.CO2.LU.DF.MT.CE.AR5",0,12.396
"5753","YR2014","GUY","EN.GHG.CO2.LU.OL.MT.CE.AR5",0,0.4374
"5754","YR2015","GUY","EN.GHG.CO2.LU.MT.CE.AR5",0,-143.9709
"5755","YR2015","GUY","EN.GHG.CO2.LU.FL.MT.CE.AR5",0,-152.6068
"5756","YR2015","GUY","EN.GHG.CO2.LU.DF.MT.CE.AR5",0,8.0703
"5757","YR2015","GUY","EN.GHG.CO2.LU.OL.MT.CE.AR5",0,0.5656
"5758","YR2016","GUY","EN.GHG.CO2.LU.MT.CE.AR5",0,-144.8934
"5759","YR2016","GUY","EN.GHG.CO2.LU.FL.MT.CE.AR5",0,-153.5293
"5760","YR2016","GUY","EN.GHG.CO2.LU.DF.MT.CE.AR5",0,8.0703
"5761","YR2016","GUY","EN.GHG.CO2.LU.OL.MT.CE.AR5",0,0.5656
"5762","YR2017","GUY","EN.GHG.CO2.LU.MT.CE.AR5",0,-144.9772
"5763","YR2017","GUY","EN.GHG.CO2.LU.FL.MT.CE.AR5",0,-154.3012
"5764","YR2017","GUY","EN.GHG.CO2.LU.DF.MT.CE.AR5",0,8.8729
"5765","YR2017","GUY","EN.GHG.CO2.LU.OL.MT.CE.AR5",0,0.451
"5766","YR2018","GUY","EN.GHG.CO2.LU.MT.CE.AR5",0,-141.4004
"5767","YR2018","GUY","EN.GHG.CO2.LU.FL.MT.CE.AR5",0,-150.8948
"5768","YR2018","GUY","EN.GHG.CO2.LU.DF.MT.CE.AR5",0,9.0424
"5769","YR2018","GUY","EN.GHG.CO2.LU.OL.MT.CE.AR5",0,0.4521
"5770","YR2019","GUY","EN.GHG.CO2.LU.MT.CE.AR5",0,-138.1137
"5771","YR2019","GUY","EN.GHG.CO2.LU.FL.MT.CE.AR5",0,-145.2755
"5772","YR2019","GUY","EN.GHG.CO2.LU.DF.MT.CE.AR5",0,6.8464
"5773","YR2019","GUY","EN.GHG.CO2.LU.OL.MT.CE.AR5",0,0.3154
"5774","YR2020","GUY","EN.GHG.CO2.LU.MT.CE.AR5",0,-139.8038
"5775","YR2020","GUY","EN.GHG.CO2.LU.FL.MT.CE.AR5",0,-148.0892
"5776","YR2020","GUY","EN.GHG.CO2.LU.DF.MT.CE.AR5",0,7.9091
"5777","YR2020","GUY","EN.GHG.CO2.LU.OL.MT.CE.AR5",0,0.3762
"5778","YR2021","GUY","EN.GHG.CO2.LU.MT.CE.AR5",0,-142.5265
"5779","YR2021","GUY","EN.GHG.CO2.LU.FL.MT.CE.AR5",0,-150.8279
"5780","YR2021","GUY","EN.GHG.CO2.LU.DF.MT.CE.AR5",0,7.8284
"5781","YR2021","GUY","EN.GHG.CO2.LU.OL.MT.CE.AR5",0,0.4731
"5782","YR2022","GUY","EN.GHG.CO2.LU.MT.CE.AR5",0,-142.4072
"5783","YR2022","GUY","EN.GHG.CO2.LU.FL.MT.CE.AR5",0,-148.8758
"5784","YR2022","GUY","EN.GHG.CO2.LU.DF.MT.CE.AR5",0,6.0107
"5785","YR2022","GUY","EN.GHG.CO2.LU.OL.MT.CE.AR5",0,0.4579
"5786","YR2023","GUY","EN.GHG.CO2.LU.MT.CE.AR5",0,-142.4072
"5787","YR2023","GUY","EN.GHG.CO2.LU.FL.MT.CE.AR5",0,-148.8758
"5788","YR2023","GUY","EN.GHG.CO2.LU.DF.MT.CE.AR5",0,6.0107
"5789","YR2023","GUY","EN.GHG.CO2.LU.OL.MT.CE.AR5",0,0.4579
"5790","YR2000","HUN","EN.GHG.CO2.LU.MT.CE.AR5",0,-1.1466
"5791","YR2000","HUN","EN.GHG.CO2.LU.FL.MT.CE.AR5",0,-0.6524
"5792","YR2000","HUN","EN.GHG.CO2.LU.DF.MT.CE.AR5",0,0.1225
"5793","YR2000","HUN","EN.GHG.CO2.LU.OS.MT.CE.AR5",0,0.056
"5794","YR2000","HUN","EN.GHG.CO2.LU.OL.MT.CE.AR5",0,-0.236
"5795","YR2001","HUN","EN.GHG.CO2.LU.MT.CE.AR5",0,-2.7882
"5796","YR2001","HUN","EN.GHG.CO2.LU.FL.MT.CE.AR5",0,-2.346
"5797","YR2001","HUN","EN.GHG.CO2.LU.DF.MT.CE.AR5",0,0.1072
"5798","YR2001","HUN","EN.GHG.CO2.LU.OS.MT.CE.AR5",0,0.056
"5799","YR2001","HUN","EN.GHG.CO2.LU.OL.MT.CE.AR5",0,-0.207
"5800","YR2002","HUN","EN.GHG.CO2.LU.MT.CE.AR5",0,-2.1007
"5801","YR2002","HUN","EN.GHG.CO2.LU.FL.MT.CE.AR5",0,-1.6405
"5802","YR2002","HUN","EN.GHG.CO2.LU.DF.MT.CE.AR5",0,0.1264
"5803","YR2002","HUN","EN.GHG.CO2.LU.OS.MT.CE.AR5",0,0.0555
"5804","YR2002","HUN","EN.GHG.CO2.LU.OL.MT.CE.AR5",0,-0.3381
"5805","YR2003","HUN","EN.GHG.CO2.LU.MT.CE.AR5",0,-4.4705
"5806","YR2003","HUN","EN.GHG.CO2.LU.FL.MT.CE.AR5",0,-4.0588
"5807","YR2003","HUN","EN.GHG.CO2.LU.DF.MT.CE.AR5",0,0.117
"5808","YR2003","HUN","EN.GHG.CO2.LU.OS.MT.CE.AR5",0,0.0555
"5809","YR2003","HUN","EN.GHG.CO2.LU.OL.MT.CE.AR5",0,-0.394
"5810","YR2004","HUN","EN.GHG.CO2.LU.MT.CE.AR5",0,-3.4994
"5811","YR2004","HUN","EN.GHG.CO2.LU.FL.MT.CE.AR5",0,-3.1044
"5812","YR2004","HUN","EN.GHG.CO2.LU.DF.MT.CE.AR5",0,0.1525
"5813","YR2004","HUN","EN.GHG.CO2.LU.OS.MT.CE.AR5",0,0.0555
"5814","YR2004","HUN","EN.GHG.CO2.LU.OL.MT.CE.AR5",0,-0.4202
"5815","YR2005","HUN","EN.GHG.CO2.LU.MT.CE.AR5",0,-6.048
"5816","YR2005","HUN","EN.GHG.CO2.LU.FL.MT.CE.AR5",0,-5.3648
"5817","YR2005","HUN","EN.GHG.CO2.LU.DF.MT.CE.AR5",0,0.0968
"5818","YR2005","HUN","EN.GHG.CO2.LU.OS.MT.CE.AR5",0,0.0554
"5819","YR2005","HUN","EN.GHG.CO2.LU.OL.MT.CE.AR5",0,-0.4367
"5820","YR2006","HUN","EN.GHG.CO2.LU.MT.CE.AR5",0,-4.0987
"5821","YR2006","HUN","EN.GHG.CO2.LU.FL.MT.CE.AR5",0,-3.0972
"5822","YR2006","HUN","EN.GHG.CO2.LU.DF.MT.CE.AR5",0,0.113
"5823","YR2006","HUN","EN.GHG.CO2.LU.OS.MT.CE.AR5",0,0.0554
"5824","YR2006","HUN","EN.GHG.CO2.LU.OL.MT.CE.AR5",0,-0.4687
"5825","YR2007","HUN","EN.GHG.CO2.LU.MT.CE.AR5",0,-4.4135
"5826","YR2007","HUN","EN.GHG.CO2.LU.FL.MT.CE.AR5",0,-3.2743
"5827","YR2007","HUN","EN.GHG.CO2.LU.DF.MT.CE.AR5",0,0.0796
"5828","YR2007","HUN","EN.GHG.CO2.LU.OS.MT.CE.AR5",0,0.0553
"5829","YR2007","HUN","EN.GHG.CO2.LU.OL.MT.CE.AR5",0,-0.5175
"5830","YR2008","HUN","EN.GHG.CO2.LU.MT.CE.AR5",0,-6.0985
"5831","YR2008","HUN","EN.GHG.CO2.LU.FL.MT.CE.AR5",0,-4.852
"5832","YR2008","HUN","EN.GHG.CO2.LU.DF.MT.CE.AR5",0,0.0735
"5833","YR2008","HUN","EN.GHG.CO2.LU.OS.MT.CE.AR5",0,0.0553
"5834","YR2008","HUN","EN.GHG.CO2.LU.OL.MT.CE.AR5",0,-0.5435
"5835","YR2009","HUN","EN.GHG.CO2.LU.MT.CE.AR5",0,-4.6466
"5836","YR2009","HUN","EN.GHG.CO2.LU.FL.MT.CE.AR5",0,-3.8617
"5837","YR2009","HUN","EN.GHG.CO2.LU.DF.MT.CE.AR5",0,0.1164
"5838","YR2009","HUN","EN.GHG.CO2.LU.OS.MT.CE.AR5",0,0.0553
"5839","YR2009","HUN","EN.GHG.CO2.LU.OL.MT.CE.AR5",0,-0.541
"5840","YR2010","HUN","EN.GHG.CO2.LU.MT.CE.AR5",0,-4.8245
"5841","YR2010","HUN","EN.GHG.CO2.LU.FL.MT.CE.AR5",0,-3.7932
"5842","YR2010","HUN","EN.GHG.CO2.LU.DF.MT.CE.AR5",0,0.1075
"5843","YR2010","HUN","EN.GHG.CO2.LU.OS.MT.CE.AR5",0,0.0553
"5844","YR2010","HUN","EN.GHG.CO2.LU.OL.MT.CE.AR5",0,-0.6215
"5845","YR2011","HUN","EN.GHG.CO2.LU.MT.CE.AR5",0,-4.2266
"5846","YR2011","HUN","EN.GHG.CO2.LU.FL.MT.CE.AR5",0,-3.6312
"5847","YR2011","HUN","EN.GHG.CO2.LU.DF.MT.CE.AR5",0,0.0968
"5848","YR2011","HUN","EN.GHG.CO2.LU.OS.MT.CE.AR5",0,0.0553
"5849","YR2011","HUN","EN.GHG.CO2.LU.OL.MT.CE.AR5",0,-0.5019
"5850","YR2012","HUN","EN.GHG.CO2.LU.MT.CE.AR5",0,-4.8308
"5851","YR2012","HUN","EN.GHG.CO2.LU.FL.MT.CE.AR5",0,-4.378
"5852","YR2012","HUN","EN.GHG.CO2.LU.DF.MT.CE.AR5",0,0.2108
"5853","YR2012","HUN","EN.GHG.CO2.LU.OS.MT.CE.AR5",0,0.0553
"5854","YR2012","HUN","EN.GHG.CO2.LU.OL.MT.CE.AR5",0,-0.4667
"5855","YR2013","HUN","EN.GHG.CO2.LU.MT.CE.AR5",0,-4.0962
"5856","YR2013","HUN","EN.GHG.CO2.LU.FL.MT.CE.AR5",0,-3.7543
"5857","YR2013","HUN","EN.GHG.CO2.LU.DF.MT.CE.AR5",0,0.1221
"5858","YR2013","HUN","EN.GHG.CO2.LU.OS.MT.CE.AR5",0,0.0553
"5859","YR2013","HUN","EN.GHG.CO2.LU.OL.MT.CE.AR5",0,-0.4579
"5860","YR2014","HUN","EN.GHG.CO2.LU.MT.CE.AR5",0,-5.1319
"5861","YR2014","HUN","EN.GHG.CO2.LU.FL.MT.CE.AR5",0,-4.7465
"5862","YR2014","HUN","EN.GHG.CO2.LU.DF.MT.CE.AR5",0,0.2101
"5863","YR2014","HUN","EN.GHG.CO2.LU.OS.MT.CE.AR5",0,0.0553
"5864","YR2014","HUN","EN.GHG.CO2.LU.OL.MT.CE.AR5",0,-0.397
"5865","YR2015","HUN","EN.GHG.CO2.LU.MT.CE.AR5",0,-5.7259
"5866","YR2015","HUN","EN.GHG.CO2.LU.FL.MT.CE.AR5",0,-5.6077
"5867","YR2015","HUN","EN.GHG.CO2.LU.DF.MT.CE.AR5",0,0.2202
"5868","YR2015","HUN","EN.GHG.CO2.LU.OS.MT.CE.AR5",0,0.0553
"5869","YR2015","HUN","EN.GHG.CO2.LU.OL.MT.CE.AR5",0,-0.2768
"5870","YR2016","HUN","EN.GHG.CO2.LU.MT.CE.AR5",0,-4.5734
"5871","YR2016","HUN","EN.GHG.CO2.LU.FL.MT.CE.AR5",0,-4.6551
"5872","YR2016","HUN","EN.GHG.CO2.LU.DF.MT.CE.AR5",0,0.291
"5873","YR2016","HUN","EN.GHG.CO2.LU.OS.MT.CE.AR5",0,0.0592
"5874","YR2016","HUN","EN.GHG.CO2.LU.OL.MT.CE.AR5",0,-0.1248
"5875","YR2017","HUN","EN.GHG.CO2.LU.MT.CE.AR5",0,-5.3946
"5876","YR2017","HUN","EN.GHG.CO2.LU.FL.MT.CE.AR5",0,-5.0175
"5877","YR2017","HUN","EN.GHG.CO2.LU.DF.MT.CE.AR5",0,0.3023
"5878","YR2017","HUN","EN.GHG.CO2.LU.OS.MT.CE.AR5",0,0.0592
"5879","YR2017","HUN","EN.GHG.CO2.LU.OL.MT.CE.AR5",0,-0.1402
"5880","YR2018","HUN","EN.GHG.CO2.LU.MT.CE.AR5",0,-4.8251
"5881","YR2018","HUN","EN.GHG.CO2.LU.FL.MT.CE.AR5",0,-4.3613
"5882","YR2018","HUN","EN.GHG.CO2.LU.DF.MT.CE.AR5",0,0.3698
"5883","YR2018","HUN","EN.GHG.CO2.LU.OS.MT.CE.AR5",0,0.0595
"5884","YR2018","HUN","EN.GHG.CO2.LU.OL.MT.CE.AR5",0,-0.1727
"5885","YR2019","HUN","EN.GHG.CO2.LU.MT.CE.AR5",0,-5.4148
"5886","YR2019","HUN","EN.GHG.CO2.LU.FL.MT.CE.AR5",0,-5.019
"5887","YR2019","HUN","EN.GHG.CO2.LU.DF.MT.CE.AR5",0,0.3864
"5888","YR2019","HUN","EN.GHG.CO2.LU.OS.MT.CE.AR5",0,0.0597
"5889","YR2019","HUN","EN.GHG.CO2.LU.OL.MT.CE.AR5",0,-0.1445
"5890","YR2020","HUN","EN.GHG.CO2.LU.MT.CE.AR5",0,-7.1294
"5891","YR2020","HUN","EN.GHG.CO2.LU.FL.MT.CE.AR5",0,-6.7907
"5892","YR2020","HUN","EN.GHG.CO2.LU.DF.MT.CE.AR5",0,0.2433
"5893","YR2020","HUN","EN.GHG.CO2.LU.OS.MT.CE.AR5",0,0.0584
"5894","YR2020","HUN","EN.GHG.CO2.LU.OL.MT.CE.AR5",0,-0.0219
"5895","YR2021","HUN","EN.GHG.CO2.LU.MT.CE.AR5",0,-7.2218
"5896","YR2021","HUN","EN.GHG.CO2.LU.FL.MT.CE.AR5",0,-6.7348
"5897","YR2021","HUN","EN.GHG.CO2.LU.DF.MT.CE.AR5",0,0.3852
"5898","YR2021","HUN","EN.GHG.CO2.LU.OS.MT.CE.AR5",0,0.0584
"5899","YR2021","HUN","EN.GHG.CO2.LU.OL.MT.CE.AR5",0,0.0028
"5900","YR2022","HUN","EN.GHG.CO2.LU.MT.CE.AR5",0,-6.9197
"5901","YR2022","HUN","EN.GHG.CO2.LU.FL.MT.CE.AR5",0,-6.3561
"5902","YR2022","HUN","EN.GHG.CO2.LU.DF.MT.CE.AR5",0,0.2372
"5903","YR2022","HUN","EN.GHG.CO2.LU.OS.MT.CE.AR5",0,0.0584
"5904","YR2022","HUN","EN.GHG.CO2.LU.OL.MT.CE.AR5",0,0.0563
"5905","YR2023","HUN","EN.GHG.CO2.LU.MT.CE.AR5",0,-6.9197
"5906","YR2023","HUN","EN.GHG.CO2.LU.FL.MT.CE.AR5",0,-6.3561
"5907","YR2023","HUN","EN.GHG.CO2.LU.DF.MT.CE.AR5",0,0.2372
"5908","YR2023","HUN","EN.GHG.CO2.LU.OS.MT.CE.AR5",0,0.0584
"5909","YR2023","HUN","EN.GHG.CO2.LU.OL.MT.CE.AR5",0,0.0563
"5910","YR2000","IDN","EN.GHG.CO2.LU.MT.CE.AR5",0,331.5697
"5911","YR2000","IDN","EN.GHG.CO2.LU.FL.MT.CE.AR5",0,-430.7203
"5912","YR2000","IDN","EN.GHG.CO2.LU.DF.MT.CE.AR5",0,23.939
"5913","YR2000","IDN","EN.GHG.CO2.LU.OS.MT.CE.AR5",0,407.6585
"5914","YR2000","IDN","EN.GHG.CO2.LU.OL.MT.CE.AR5",0,330.6925
"5915","YR2001","IDN","EN.GHG.CO2.LU.MT.CE.AR5",0,506.563
"5916","YR2001","IDN","EN.GHG.CO2.LU.FL.MT.CE.AR5",0,-474.0274
"5917","YR2001","IDN","EN.GHG.CO2.LU.DF.MT.CE.AR5",0,124.8753
"5918","YR2001","IDN","EN.GHG.CO2.LU.OS.MT.CE.AR5",0,438.5569
"5919","YR2001","IDN","EN.GHG.CO2.LU.OL.MT.CE.AR5",0,417.1582
"5920","YR2002","IDN","EN.GHG.CO2.LU.MT.CE.AR5",0,496.4391
"5921","YR2002","IDN","EN.GHG.CO2.LU.FL.MT.CE.AR5",0,-479.3377
"5922","YR2002","IDN","EN.GHG.CO2.LU.DF.MT.CE.AR5",0,125.019
"5923","YR2002","IDN","EN.GHG.CO2.LU.OS.MT.CE.AR5",0,483.2061
"5924","YR2002","IDN","EN.GHG.CO2.LU.OL.MT.CE.AR5",0,367.5517
"5925","YR2003","IDN","EN.GHG.CO2.LU.MT.CE.AR5",0,441.8371
"5926","YR2003","IDN","EN.GHG.CO2.LU.FL.MT.CE.AR5",0,-484.4553
"5927","YR2003","IDN","EN.GHG.CO2.LU.DF.MT.CE.AR5",0,125.4094
"5928","YR2003","IDN","EN.GHG.CO2.LU.OS.MT.CE.AR5",0,432.8762
"5929","YR2003","IDN","EN.GHG.CO2.LU.OL.MT.CE.AR5",0,368.0068
"5930","YR2004","IDN","EN.GHG.CO2.LU.MT.CE.AR5",0,695.6993
"5931","YR2004","IDN","EN.GHG.CO2.LU.FL.MT.CE.AR5",0,-478.49
"5932","YR2004","IDN","EN.GHG.CO2.LU.DF.MT.CE.AR5",0,246.813
"5933","YR2004","IDN","EN.GHG.CO2.LU.OS.MT.CE.AR5",0,527.0294
"5934","YR2004","IDN","EN.GHG.CO2.LU.OL.MT.CE.AR5",0,400.3469
"5935","YR2005","IDN","EN.GHG.CO2.LU.MT.CE.AR5",0,675.6396
"5936","YR2005","IDN","EN.GHG.CO2.LU.FL.MT.CE.AR5",0,-483.7766
"5937","YR2005","IDN","EN.GHG.CO2.LU.DF.MT.CE.AR5",0,244.7171
"5938","YR2005","IDN","EN.GHG.CO2.LU.OS.MT.CE.AR5",0,514.2262
"5939","YR2005","IDN","EN.GHG.CO2.LU.OL.MT.CE.AR5",0,400.473
"5940","YR2006","IDN","EN.GHG.CO2.LU.MT.CE.AR5",0,998.6136
"5941","YR2006","IDN","EN.GHG.CO2.LU.FL.MT.CE.AR5",0,-489.0323
"5942","YR2006","IDN","EN.GHG.CO2.LU.DF.MT.CE.AR5",0,242.6972
"5943","YR2006","IDN","EN.GHG.CO2.LU.OS.MT.CE.AR5",0,844.336
"5944","YR2006","IDN","EN.GHG.CO2.LU.OL.MT.CE.AR5",0,400.6127
"5945","YR2007","IDN","EN.GHG.CO2.LU.MT.CE.AR5",0,817.7389
"5946","YR2007","IDN","EN.GHG.CO2.LU.FL.MT.CE.AR5",0,-488.908
"5947","YR2007","IDN","EN.GHG.CO2.LU.DF.MT.CE.AR5",0,309.3372
"5948","YR2007","IDN","EN.GHG.CO2.LU.OS.MT.CE.AR5",0,470.6255
"5949","YR2007","IDN","EN.GHG.CO2.LU.OL.MT.CE.AR5",0,526.6843
"5950","YR2008","IDN","EN.GHG.CO2.LU.MT.CE.AR5",0,774.8656
"5951","YR2008","IDN","EN.GHG.CO2.LU.FL.MT.CE.AR5",0,-489.5515
"5952","YR2008","IDN","EN.GHG.CO2.LU.DF.MT.CE.AR5",0,305.5846
"5953","YR2008","IDN","EN.GHG.CO2.LU.OS.MT.CE.AR5",0,436.8103
"5954","YR2008","IDN","EN.GHG.CO2.LU.OL.MT.CE.AR5",0,522.0221
"5955","YR2009","IDN","EN.GHG.CO2.LU.MT.CE.AR5",0,895.9675
"5956","YR2009","IDN","EN.GHG.CO2.LU.FL.MT.CE.AR5",0,-490.1667
"5957","YR2009","IDN","EN.GHG.CO2.LU.DF.MT.CE.AR5",0,301.8481
"5958","YR2009","IDN","EN.GHG.CO2.LU.OS.MT.CE.AR5",0,567.146
"5959","YR2009","IDN","EN.GHG.CO2.LU.OL.MT.CE.AR5",0,517.14
"5960","YR2010","IDN","EN.GHG.CO2.LU.MT.CE.AR5",0,512.0405
"5961","YR2010","IDN","EN.GHG.CO2.LU.FL.MT.CE.AR5",0,-536.8434
"5962","YR2010","IDN","EN.GHG.CO2.LU.DF.MT.CE.AR5",0,191.4814
"5963","YR2010","IDN","EN.GHG.CO2.LU.OS.MT.CE.AR5",0,472.8348
"5964","YR2010","IDN","EN.GHG.CO2.LU.OL.MT.CE.AR5",0,384.5677
"5965","YR2011","IDN","EN.GHG.CO2.LU.MT.CE.AR5",0,546.5865
"5966","YR2011","IDN","EN.GHG.CO2.LU.FL.MT.CE.AR5",0,-542.5423
"5967","YR2011","IDN","EN.GHG.CO2.LU.DF.MT.CE.AR5",0,192.4746
"5968","YR2011","IDN","EN.GHG.CO2.LU.OS.MT.CE.AR5",0,494.8695
"5969","YR2011","IDN","EN.GHG.CO2.LU.OL.MT.CE.AR5",0,401.7847
"5970","YR2012","IDN","EN.GHG.CO2.LU.MT.CE.AR5",0,645.4401
"5971","YR2012","IDN","EN.GHG.CO2.LU.FL.MT.CE.AR5",0,-564.5376
"5972","YR2012","IDN","EN.GHG.CO2.LU.DF.MT.CE.AR5",0,255.976
"5973","YR2012","IDN","EN.GHG.CO2.LU.OS.MT.CE.AR5",0,613.9667
"5974","YR2012","IDN","EN.GHG.CO2.LU.OL.MT.CE.AR5",0,340.0351
"5975","YR2013","IDN","EN.GHG.CO2.LU.MT.CE.AR5",0,658.9298
"5976","YR2013","IDN","EN.GHG.CO2.LU.FL.MT.CE.AR5",0,-540.4793
"5977","YR2013","IDN","EN.GHG.CO2.LU.DF.MT.CE.AR5",0,343.1157
"5978","YR2013","IDN","EN.GHG.CO2.LU.OS.MT.CE.AR5",0,495.1781
"5979","YR2013","IDN","EN.GHG.CO2.LU.OL.MT.CE.AR5",0,361.1153
"5980","YR2014","IDN","EN.GHG.CO2.LU.MT.CE.AR5",0,930.8481
"5981","YR2014","IDN","EN.GHG.CO2.LU.FL.MT.CE.AR5",0,-520.5519
"5982","YR2014","IDN","EN.GHG.CO2.LU.DF.MT.CE.AR5",0,200.6404
"5983","YR2014","IDN","EN.GHG.CO2.LU.OS.MT.CE.AR5",0,705.4813
"5984","YR2014","IDN","EN.GHG.CO2.LU.OL.MT.CE.AR5",0,545.2783
"5985","YR2015","IDN","EN.GHG.CO2.LU.MT.CE.AR5",0,1655.3836
"5986","YR2015","IDN","EN.GHG.CO2.LU.FL.MT.CE.AR5",0,-488.7583
"5987","YR2015","IDN","EN.GHG.CO2.LU.DF.MT.CE.AR5",0,460.4504
"5988","YR2015","IDN","EN.GHG.CO2.LU.OS.MT.CE.AR5",0,706.7946
"5989","YR2015","IDN","EN.GHG.CO2.LU.OL.MT.CE.AR5",0,976.897
"5990","YR2016","IDN","EN.GHG.CO2.LU.MT.CE.AR5",0,974.8411
"5991","YR2016","IDN","EN.GHG.CO2.LU.FL.MT.CE.AR5",0,-495.0427
"5992","YR2016","IDN","EN.GHG.CO2.LU.DF.MT.CE.AR5",0,245.5048
"5993","YR2016","IDN","EN.GHG.CO2.LU.OS.MT.CE.AR5",0,458.5582
"5994","YR2016","IDN","EN.GHG.CO2.LU.OL.MT.CE.AR5",0,765.8208
"5995","YR2017","IDN","EN.GHG.CO2.LU.MT.CE.AR5",0,716.2252
"5996","YR2017","IDN","EN.GHG.CO2.LU.FL.MT.CE.AR5",0,-488.73
"5997","YR2017","IDN","EN.GHG.CO2.LU.DF.MT.CE.AR5",0,198.4763
"5998","YR2017","IDN","EN.GHG.CO2.LU.OS.MT.CE.AR5",0,436.6448
"5999","YR2017","IDN","EN.GHG.CO2.LU.OL.MT.CE.AR5",0,569.8341
"6000","YR2018","IDN","EN.GHG.CO2.LU.MT.CE.AR5",0,433.4524
"6001","YR2018","IDN","EN.GHG.CO2.LU.FL.MT.CE.AR5",0,-454.4139
"6002","YR2018","IDN","EN.GHG.CO2.LU.DF.MT.CE.AR5",0,167.3184
"6003","YR2018","IDN","EN.GHG.CO2.LU.OS.MT.CE.AR5",0,493.7126
"6004","YR2018","IDN","EN.GHG.CO2.LU.OL.MT.CE.AR5",0,226.8353
"6005","YR2019","IDN","EN.GHG.CO2.LU.MT.CE.AR5",0,761.3248
"6006","YR2019","IDN","EN.GHG.CO2.LU.FL.MT.CE.AR5",0,-457.4876
"6007","YR2019","IDN","EN.GHG.CO2.LU.DF.MT.CE.AR5",0,180.3968
"6008","YR2019","IDN","EN.GHG.CO2.LU.OS.MT.CE.AR5",0,653.0748
"6009","YR2019","IDN","EN.GHG.CO2.LU.OL.MT.CE.AR5",0,385.3409
"6010","YR2020","IDN","EN.GHG.CO2.LU.MT.CE.AR5",0,361.2053
"6011","YR2020","IDN","EN.GHG.CO2.LU.FL.MT.CE.AR5",0,-474.7042
"6012","YR2020","IDN","EN.GHG.CO2.LU.DF.MT.CE.AR5",0,48.0863
"6013","YR2020","IDN","EN.GHG.CO2.LU.OS.MT.CE.AR5",0,483.3229
"6014","YR2020","IDN","EN.GHG.CO2.LU.OL.MT.CE.AR5",0,304.5003
"6015","YR2021","IDN","EN.GHG.CO2.LU.MT.CE.AR5",0,314.7951
"6016","YR2021","IDN","EN.GHG.CO2.LU.FL.MT.CE.AR5",0,-474.3634
"6017","YR2021","IDN","EN.GHG.CO2.LU.DF.MT.CE.AR5",0,57.1721
"6018","YR2021","IDN","EN.GHG.CO2.LU.OS.MT.CE.AR5",0,469.0177
"6019","YR2021","IDN","EN.GHG.CO2.LU.OL.MT.CE.AR5",0,262.9688
"6020","YR2022","IDN","EN.GHG.CO2.LU.MT.CE.AR5",0,297.8958
"6021","YR2022","IDN","EN.GHG.CO2.LU.FL.MT.CE.AR5",0,-486.5027
"6022","YR2022","IDN","EN.GHG.CO2.LU.DF.MT.CE.AR5",0,45.7679
"6023","YR2022","IDN","EN.GHG.CO2.LU.OS.MT.CE.AR5",0,476.8448
"6024","YR2022","IDN","EN.GHG.CO2.LU.OL.MT.CE.AR5",0,261.7858
"6025","YR2023","IDN","EN.GHG.CO2.LU.MT.CE.AR5",0,297.8958
"6026","YR2023","IDN","EN.GHG.CO2.LU.FL.MT.CE.AR5",0,-486.5027
"6027","YR2023","IDN","EN.GHG.CO2.LU.DF.MT.CE.AR5",0,45.7679
"6028","YR2023","IDN","EN.GHG.CO2.LU.OS.MT.CE.AR5",0,476.8448
"6029","YR2023","IDN","EN.GHG.CO2.LU.OL.MT.CE.AR5",0,261.7858
"6030","YR2000","KAZ","EN.GHG.CO2.LU.MT.CE.AR5",0,33.7857
"6031","YR2000","KAZ","EN.GHG.CO2.LU.FL.MT.CE.AR5",0,3.5023
"6032","YR2000","KAZ","EN.GHG.CO2.LU.OL.MT.CE.AR5",0,30.2834
"6033","YR2001","KAZ","EN.GHG.CO2.LU.MT.CE.AR5",0,33.3724
"6034","YR2001","KAZ","EN.GHG.CO2.LU.FL.MT.CE.AR5",0,-2.8044
"6035","YR2001","KAZ","EN.GHG.CO2.LU.OL.MT.CE.AR5",0,36.1768
"6036","YR2002","KAZ","EN.GHG.CO2.LU.MT.CE.AR5",0,32.9588
"6037","YR2002","KAZ","EN.GHG.CO2.LU.FL.MT.CE.AR5",0,-9.1111
"6038","YR2002","KAZ","EN.GHG.CO2.LU.OL.MT.CE.AR5",0,42.0699
"6039","YR2003","KAZ","EN.GHG.CO2.LU.MT.CE.AR5",0,32.5457
"6040","YR2003","KAZ","EN.GHG.CO2.LU.FL.MT.CE.AR5",0,-15.4176
"6041","YR2003","KAZ","EN.GHG.CO2.LU.OL.MT.CE.AR5",0,47.9633
"6042","YR2004","KAZ","EN.GHG.CO2.LU.MT.CE.AR5",0,38.7395
"6043","YR2004","KAZ","EN.GHG.CO2.LU.FL.MT.CE.AR5",0,-15.1168
"6044","YR2004","KAZ","EN.GHG.CO2.LU.OL.MT.CE.AR5",0,53.8564
"6045","YR2005","KAZ","EN.GHG.CO2.LU.MT.CE.AR5",0,44.9335
"6046","YR2005","KAZ","EN.GHG.CO2.LU.FL.MT.CE.AR5",0,-14.8159
"6047","YR2005","KAZ","EN.GHG.CO2.LU.OL.MT.CE.AR5",0,59.7494
"6048","YR2006","KAZ","EN.GHG.CO2.LU.MT.CE.AR5",0,51.0971
"6049","YR2006","KAZ","EN.GHG.CO2.LU.FL.MT.CE.AR5",0,-14.515
"6050","YR2006","KAZ","EN.GHG.CO2.LU.OL.MT.CE.AR5",0,65.6121
"6051","YR2007","KAZ","EN.GHG.CO2.LU.MT.CE.AR5",0,48.9248
"6052","YR2007","KAZ","EN.GHG.CO2.LU.FL.MT.CE.AR5",0,-14.2141
"6053","YR2007","KAZ","EN.GHG.CO2.LU.OL.MT.CE.AR5",0,63.1389
"6054","YR2008","KAZ","EN.GHG.CO2.LU.MT.CE.AR5",0,46.7522
"6055","YR2008","KAZ","EN.GHG.CO2.LU.FL.MT.CE.AR5",0,-13.9132
"6056","YR2008","KAZ","EN.GHG.CO2.LU.OL.MT.CE.AR5",0,60.6654
"6057","YR2009","KAZ","EN.GHG.CO2.LU.MT.CE.AR5",0,42.1087
"6058","YR2009","KAZ","EN.GHG.CO2.LU.FL.MT.CE.AR5",0,-16.0839
"6059","YR2009","KAZ","EN.GHG.CO2.LU.OL.MT.CE.AR5",0,58.1926
"6060","YR2010","KAZ","EN.GHG.CO2.LU.MT.CE.AR5",0,37.8072
"6061","YR2010","KAZ","EN.GHG.CO2.LU.FL.MT.CE.AR5",0,-18.2546
"6062","YR2010","KAZ","EN.GHG.CO2.LU.OL.MT.CE.AR5",0,56.0618
"6063","YR2011","KAZ","EN.GHG.CO2.LU.MT.CE.AR5",0,26.0712
"6064","YR2011","KAZ","EN.GHG.CO2.LU.FL.MT.CE.AR5",0,-20.4254
"6065","YR2011","KAZ","EN.GHG.CO2.LU.OL.MT.CE.AR5",0,46.4967
"6066","YR2012","KAZ","EN.GHG.CO2.LU.MT.CE.AR5",0,14.4924
"6067","YR2012","KAZ","EN.GHG.CO2.LU.FL.MT.CE.AR5",0,-22.5961
"6068","YR2012","KAZ","EN.GHG.CO2.LU.OL.MT.CE.AR5",0,37.0886
"6069","YR2013","KAZ","EN.GHG.CO2.LU.MT.CE.AR5",0,2.9623
"6070","YR2013","KAZ","EN.GHG.CO2.LU.FL.MT.CE.AR5",0,-24.7672
"6071","YR2013","KAZ","EN.GHG.CO2.LU.OL.MT.CE.AR5",0,27.7295
"6072","YR2014","KAZ","EN.GHG.CO2.LU.MT.CE.AR5",0,6.5675
"6073","YR2014","KAZ","EN.GHG.CO2.LU.FL.MT.CE.AR5",0,-22.2023
"6074","YR2014","KAZ","EN.GHG.CO2.LU.OL.MT.CE.AR5",0,28.7698
"6075","YR2015","KAZ","EN.GHG.CO2.LU.MT.CE.AR5",0,10.4249
"6076","YR2015","KAZ","EN.GHG.CO2.LU.FL.MT.CE.AR5",0,-19.6378
"6077","YR2015","KAZ","EN.GHG.CO2.LU.OL.MT.CE.AR5",0,30.0627
"6078","YR2016","KAZ","EN.GHG.CO2.LU.MT.CE.AR5",0,14.0728
"6079","YR2016","KAZ","EN.GHG.CO2.LU.FL.MT.CE.AR5",0,-17.0709
"6080","YR2016","KAZ","EN.GHG.CO2.LU.OL.MT.CE.AR5",0,31.1438
"6081","YR2017","KAZ","EN.GHG.CO2.LU.MT.CE.AR5",0,17.837
"6082","YR2017","KAZ","EN.GHG.CO2.LU.FL.MT.CE.AR5",0,-14.5083
"6083","YR2017","KAZ","EN.GHG.CO2.LU.OL.MT.CE.AR5",0,32.3454
"6084","YR2018","KAZ","EN.GHG.CO2.LU.MT.CE.AR5",0,21.574
"6085","YR2018","KAZ","EN.GHG.CO2.LU.FL.MT.CE.AR5",0,-11.9437
"6086","YR2018","KAZ","EN.GHG.CO2.LU.OL.MT.CE.AR5",0,33.5177
"6087","YR2019","KAZ","EN.GHG.CO2.LU.MT.CE.AR5",0,19.1251
"6088","YR2019","KAZ","EN.GHG.CO2.LU.FL.MT.CE.AR5",0,-15.5792
"6089","YR2019","KAZ","EN.GHG.CO2.LU.OL.MT.CE.AR5",0,34.7043
"6090","YR2020","KAZ","EN.GHG.CO2.LU.MT.CE.AR5",0,15.9636
"6091","YR2020","KAZ","EN.GHG.CO2.LU.FL.MT.CE.AR5",0,-19.2147
"6092","YR2020","KAZ","EN.GHG.CO2.LU.OL.MT.CE.AR5",0,35.1784
"6093","YR2021","KAZ","EN.GHG.CO2.LU.MT.CE.AR5",0,4.5771
"6094","YR2021","KAZ","EN.GHG.CO2.LU.FL.MT.CE.AR5",0,-22.8503
"6095","YR2021","KAZ","EN.GHG.CO2.LU.OL.MT.CE.AR5",0,27.4274
"6096","YR2022","KAZ","EN.GHG.CO2.LU.MT.CE.AR5",0,3.9465
"6097","YR2022","KAZ","EN.GHG.CO2.LU.FL.MT.CE.AR5",0,-16.0266
"6098","YR2022","KAZ","EN.GHG.CO2.LU.OL.MT.CE.AR5",0,19.9731
"6099","YR2023","KAZ","EN.GHG.CO2.LU.MT.CE.AR5",0,3.9465
"6100","YR2023","KAZ","EN.GHG.CO2.LU.FL.MT.CE.AR5",0,-16.0266
"6101","YR2023","KAZ","EN.GHG.CO2.LU.OL.MT.CE.AR5",0,19.9731
"6102","YR2000","KEN","EN.GHG.CO2.LU.MT.CE.AR5",0,1.2438
"6103","YR2000","KEN","EN.GHG.CO2.LU.FL.MT.CE.AR5",0,0.0562
"6104","YR2000","KEN","EN.GHG.CO2.LU.DF.MT.CE.AR5",0,1.2466
"6105","YR2000","KEN","EN.GHG.CO2.LU.OL.MT.CE.AR5",0,-0.059
"6106","YR2001","KEN","EN.GHG.CO2.LU.MT.CE.AR5",0,1.2438
"6107","YR2001","KEN","EN.GHG.CO2.LU.FL.MT.CE.AR5",0,0.0562
"6108","YR2001","KEN","EN.GHG.CO2.LU.DF.MT.CE.AR5",0,1.2466
"6109","YR2001","KEN","EN.GHG.CO2.LU.OL.MT.CE.AR5",0,-0.059
"6110","YR2002","KEN","EN.GHG.CO2.LU.MT.CE.AR5",0,2.4875
"6111","YR2002","KEN","EN.GHG.CO2.LU.FL.MT.CE.AR5",0,0.1124
"6112","YR2002","KEN","EN.GHG.CO2.LU.DF.MT.CE.AR5",0,1.2466
"6113","YR2002","KEN","EN.GHG.CO2.LU.OL.MT.CE.AR5",0,1.1286
"6114","YR2003","KEN","EN.GHG.CO2.LU.MT.CE.AR5",0,3.7313
"6115","YR2003","KEN","EN.GHG.CO2.LU.FL.MT.CE.AR5",0,0.1685
"6116","YR2003","KEN","EN.GHG.CO2.LU.DF.MT.CE.AR5",0,1.2466
"6117","YR2003","KEN","EN.GHG.CO2.LU.OL.MT.CE.AR5",0,2.3162
"6118","YR2004","KEN","EN.GHG.CO2.LU.MT.CE.AR5",0,4.9751
"6119","YR2004","KEN","EN.GHG.CO2.LU.FL.MT.CE.AR5",0,0.2247
"6120","YR2004","KEN","EN.GHG.CO2.LU.DF.MT.CE.AR5",0,1.2466
"6121","YR2004","KEN","EN.GHG.CO2.LU.OL.MT.CE.AR5",0,3.5038
"6122","YR2005","KEN","EN.GHG.CO2.LU.MT.CE.AR5",0,6.2189
"6123","YR2005","KEN","EN.GHG.CO2.LU.FL.MT.CE.AR5",0,0.2809
"6124","YR2005","KEN","EN.GHG.CO2.LU.DF.MT.CE.AR5",0,1.2466
"6125","YR2005","KEN","EN.GHG.CO2.LU.OL.MT.CE.AR5",0,4.6914
"6126","YR2006","KEN","EN.GHG.CO2.LU.MT.CE.AR5",0,8.34
"6127","YR2006","KEN","EN.GHG.CO2.LU.FL.MT.CE.AR5",0,0.1938
"6128","YR2006","KEN","EN.GHG.CO2.LU.DF.MT.CE.AR5",0,1.2466
"6129","YR2006","KEN","EN.GHG.CO2.LU.OL.MT.CE.AR5",0,6.8995
"6130","YR2007","KEN","EN.GHG.CO2.LU.MT.CE.AR5",0,9.9998
"6131","YR2007","KEN","EN.GHG.CO2.LU.FL.MT.CE.AR5",0,0.0993
"6132","YR2007","KEN","EN.GHG.CO2.LU.DF.MT.CE.AR5",0,2.4932
"6133","YR2007","KEN","EN.GHG.CO2.LU.OL.MT.CE.AR5",0,7.4073
"6134","YR2008","KEN","EN.GHG.CO2.LU.MT.CE.AR5",0,11.6582
"6135","YR2008","KEN","EN.GHG.CO2.LU.FL.MT.CE.AR5",0,0.0033
"6136","YR2008","KEN","EN.GHG.CO2.LU.DF.MT.CE.AR5",0,3.7398
"6137","YR2008","KEN","EN.GHG.CO2.LU.OL.MT.CE.AR5",0,7.915
"6138","YR2009","KEN","EN.GHG.CO2.LU.MT.CE.AR5",0,13.3165
"6139","YR2009","KEN","EN.GHG.CO2.LU.FL.MT.CE.AR5",0,-0.0927
"6140","YR2009","KEN","EN.GHG.CO2.LU.DF.MT.CE.AR5",0,4.9864
"6141","YR2009","KEN","EN.GHG.CO2.LU.OL.MT.CE.AR5",0,8.4228
"6142","YR2010","KEN","EN.GHG.CO2.LU.MT.CE.AR5",0,14.9749
"6143","YR2010","KEN","EN.GHG.CO2.LU.FL.MT.CE.AR5",0,-0.1886
"6144","YR2010","KEN","EN.GHG.CO2.LU.DF.MT.CE.AR5",0,6.233
"6145","YR2010","KEN","EN.GHG.CO2.LU.OL.MT.CE.AR5",0,8.9305
"6146","YR2011","KEN","EN.GHG.CO2.LU.MT.CE.AR5",0,14.5107
"6147","YR2011","KEN","EN.GHG.CO2.LU.FL.MT.CE.AR5",0,-0.199
"6148","YR2011","KEN","EN.GHG.CO2.LU.DF.MT.CE.AR5",0,6.233
"6149","YR2011","KEN","EN.GHG.CO2.LU.OL.MT.CE.AR5",0,8.4767
"6150","YR2012","KEN","EN.GHG.CO2.LU.MT.CE.AR5",0,14.5107
"6151","YR2012","KEN","EN.GHG.CO2.LU.FL.MT.CE.AR5",0,-0.199
"6152","YR2012","KEN","EN.GHG.CO2.LU.DF.MT.CE.AR5",0,6.233
"6153","YR2012","KEN","EN.GHG.CO2.LU.OL.MT.CE.AR5",0,8.4767
"6154","YR2013","KEN","EN.GHG.CO2.LU.MT.CE.AR5",0,14.5107
"6155","YR2013","KEN","EN.GHG.CO2.LU.FL.MT.CE.AR5",0,-0.199
"6156","YR2013","KEN","EN.GHG.CO2.LU.DF.MT.CE.AR5",0,6.233
"6157","YR2013","KEN","EN.GHG.CO2.LU.OL.MT.CE.AR5",0,8.4767
"6158","YR2014","KEN","EN.GHG.CO2.LU.MT.CE.AR5",0,18.3299
"6159","YR2014","KEN","EN.GHG.CO2.LU.FL.MT.CE.AR5",0,0.4092
"6160","YR2014","KEN","EN.GHG.CO2.LU.DF.MT.CE.AR5",0,8.6644
"6161","YR2014","KEN","EN.GHG.CO2.LU.OL.MT.CE.AR5",0,9.2563
"6162","YR2015","KEN","EN.GHG.CO2.LU.MT.CE.AR5",0,21.8309
"6163","YR2015","KEN","EN.GHG.CO2.LU.FL.MT.CE.AR5",0,1.0174
"6164","YR2015","KEN","EN.GHG.CO2.LU.DF.MT.CE.AR5",0,11.0957
"6165","YR2015","KEN","EN.GHG.CO2.LU.OL.MT.CE.AR5",0,9.7178
"6166","YR2016","KEN","EN.GHG.CO2.LU.MT.CE.AR5",0,25.3319
"6167","YR2016","KEN","EN.GHG.CO2.LU.FL.MT.CE.AR5",0,1.6256
"6168","YR2016","KEN","EN.GHG.CO2.LU.DF.MT.CE.AR5",0,13.527
"6169","YR2016","KEN","EN.GHG.CO2.LU.OL.MT.CE.AR5",0,10.1793
"6170","YR2017","KEN","EN.GHG.CO2.LU.MT.CE.AR5",0,28.833
"6171","YR2017","KEN","EN.GHG.CO2.LU.FL.MT.CE.AR5",0,2.2338
"6172","YR2017","KEN","EN.GHG.CO2.LU.DF.MT.CE.AR5",0,15.9584
"6173","YR2017","KEN","EN.GHG.CO2.LU.OL.MT.CE.AR5",0,10.6408
"6174","YR2018","KEN","EN.GHG.CO2.LU.MT.CE.AR5",0,28.5149
"6175","YR2018","KEN","EN.GHG.CO2.LU.FL.MT.CE.AR5",0,2.2338
"6176","YR2018","KEN","EN.GHG.CO2.LU.DF.MT.CE.AR5",0,15.9584
"6177","YR2018","KEN","EN.GHG.CO2.LU.OL.MT.CE.AR5",0,10.3227
"6178","YR2019","KEN","EN.GHG.CO2.LU.MT.CE.AR5",0,34.6665
"6179","YR2019","KEN","EN.GHG.CO2.LU.FL.MT.CE.AR5",0,2.4202
"6180","YR2019","KEN","EN.GHG.CO2.LU.DF.MT.CE.AR5",0,20.8221
"6181","YR2019","KEN","EN.GHG.CO2.LU.OL.MT.CE.AR5",0,11.4242
"6182","YR2020","KEN","EN.GHG.CO2.LU.MT.CE.AR5",0,40.4568
"6183","YR2020","KEN","EN.GHG.CO2.LU.FL.MT.CE.AR5",0,2.6067
"6184","YR2020","KEN","EN.GHG.CO2.LU.DF.MT.CE.AR5",0,25.6858
"6185","YR2020","KEN","EN.GHG.CO2.LU.OL.MT.CE.AR5",0,12.1644
"6186","YR2021","KEN","EN.GHG.CO2.LU.MT.CE.AR5",0,45.0033
"6187","YR2021","KEN","EN.GHG.CO2.LU.FL.MT.CE.AR5",0,2.7369
"6188","YR2021","KEN","EN.GHG.CO2.LU.DF.MT.CE.AR5",0,30.5495
"6189","YR2021","KEN","EN.GHG.CO2.LU.OL.MT.CE.AR5",0,11.7169
"6190","YR2022","KEN","EN.GHG.CO2.LU.MT.CE.AR5",0,46.8463
"6191","YR2022","KEN","EN.GHG.CO2.LU.FL.MT.CE.AR5",0,2.6808
"6192","YR2022","KEN","EN.GHG.CO2.LU.DF.MT.CE.AR5",0,30.5495
"6193","YR2022","KEN","EN.GHG.CO2.LU.OL.MT.CE.AR5",0,13.6161
"6194","YR2023","KEN","EN.GHG.CO2.LU.MT.CE.AR5",0,46.8463
"6195","YR2023","KEN","EN.GHG.CO2.LU.FL.MT.CE.AR5",0,2.6808
"6196","YR2023","KEN","EN.GHG.CO2.LU.DF.MT.CE.AR5",0,30.5495
"6197","YR2023","KEN","EN.GHG.CO2.LU.OL.MT.CE.AR5",0,13.6161
"6198","YR2000","LBN","EN.GHG.CO2.LU.MT.CE.AR5",0,-3.0587
"6199","YR2000","LBN","EN.GHG.CO2.LU.FL.MT.CE.AR5",0,-2.0653
"6200","YR2000","LBN","EN.GHG.CO2.LU.DF.MT.CE.AR5",0,0.0158
"6201","YR2000","LBN","EN.GHG.CO2.LU.OL.MT.CE.AR5",0,-1.0092
"6202","YR2001","LBN","EN.GHG.CO2.LU.MT.CE.AR5",0,-3.0587
"6203","YR2001","LBN","EN.GHG.CO2.LU.FL.MT.CE.AR5",0,-2.0653
"6204","YR2001","LBN","EN.GHG.CO2.LU.DF.MT.CE.AR5",0,0.0158
"6205","YR2001","LBN","EN.GHG.CO2.LU.OL.MT.CE.AR5",0,-1.0092
"6206","YR2002","LBN","EN.GHG.CO2.LU.MT.CE.AR5",0,-3.0587
"6207","YR2002","LBN","EN.GHG.CO2.LU.FL.MT.CE.AR5",0,-2.0653
"6208","YR2002","LBN","EN.GHG.CO2.LU.DF.MT.CE.AR5",0,0.0158
"6209","YR2002","LBN","EN.GHG.CO2.LU.OL.MT.CE.AR5",0,-1.0092
"6210","YR2003","LBN","EN.GHG.CO2.LU.MT.CE.AR5",0,-3.0587
"6211","YR2003","LBN","EN.GHG.CO2.LU.FL.MT.CE.AR5",0,-2.0653
"6212","YR2003","LBN","EN.GHG.CO2.LU.DF.MT.CE.AR5",0,0.0158
"6213","YR2003","LBN","EN.GHG.CO2.LU.OL.MT.CE.AR5",0,-1.0092
"6214","YR2004","LBN","EN.GHG.CO2.LU.MT.CE.AR5",0,-3.0587
"6215","YR2004","LBN","EN.GHG.CO2.LU.FL.MT.CE.AR5",0,-2.0653
"6216","YR2004","LBN","EN.GHG.CO2.LU.DF.MT.CE.AR5",0,0.0158
"6217","YR2004","LBN","EN.GHG.CO2.LU.OL.MT.CE.AR5",0,-1.0092
"6218","YR2005","LBN","EN.GHG.CO2.LU.MT.CE.AR5",0,-3.0587
"6219","YR2005","LBN","EN.GHG.CO2.LU.FL.MT.CE.AR5",0,-2.0653
"6220","YR2005","LBN","EN.GHG.CO2.LU.DF.MT.CE.AR5",0,0.0158
"6221","YR2005","LBN","EN.GHG.CO2.LU.OL.MT.CE.AR5",0,-1.0092
"6222","YR2006","LBN","EN.GHG.CO2.LU.MT.CE.AR5",0,-3.0587
"6223","YR2006","LBN","EN.GHG.CO2.LU.FL.MT.CE.AR5",0,-2.0653
"6224","YR2006","LBN","EN.GHG.CO2.LU.DF.MT.CE.AR5",0,0.0158
"6225","YR2006","LBN","EN.GHG.CO2.LU.OL.MT.CE.AR5",0,-1.0092
"6226","YR2007","LBN","EN.GHG.CO2.LU.MT.CE.AR5",0,-3.0587
"6227","YR2007","LBN","EN.GHG.CO2.LU.FL.MT.CE.AR5",0,-2.0653
"6228","YR2007","LBN","EN.GHG.CO2.LU.DF.MT.CE.AR5",0,0.0158
"6229","YR2007","LBN","EN.GHG.CO2.LU.OL.MT.CE.AR5",0,-1.0092
"6230","YR2008","LBN","EN.GHG.CO2.LU.MT.CE.AR5",0,-3.0587
"6231","YR2008","LBN","EN.GHG.CO2.LU.FL.MT.CE.AR5",0,-2.0653
"6232","YR2008","LBN","EN.GHG.CO2.LU.DF.MT.CE.AR5",0,0.0158
"6233","YR2008","LBN","EN.GHG.CO2.LU.OL.MT.CE.AR5",0,-1.0092
"6234","YR2009","LBN","EN.GHG.CO2.LU.MT.CE.AR5",0,-3.0587
"6235","YR2009","LBN","EN.GHG.CO2.LU.FL.MT.CE.AR5",0,-2.0653
"6236","YR2009","LBN","EN.GHG.CO2.LU.DF.MT.CE.AR5",0,0.0158
"6237","YR2009","LBN","EN.GHG.CO2.LU.OL.MT.CE.AR5",0,-1.0092
"6238","YR2010","LBN","EN.GHG.CO2.LU.MT.CE.AR5",0,-3.0587
"6239","YR2010","LBN","EN.GHG.CO2.LU.FL.MT.CE.AR5",0,-2.0653
"6240","YR2010","LBN","EN.GHG.CO2.LU.DF.MT.CE.AR5",0,0.0158
"6241","YR2010","LBN","EN.GHG.CO2.LU.OL.MT.CE.AR5",0,-1.0092
"6242","YR2011","LBN","EN.GHG.CO2.LU.MT.CE.AR5",0,-3.0587
"6243","YR2011","LBN","EN.GHG.CO2.LU.FL.MT.CE.AR5",0,-2.0653
"6244","YR2011","LBN","EN.GHG.CO2.LU.DF.MT.CE.AR5",0,0.0158
"6245","YR2011","LBN","EN.GHG.CO2.LU.OL.MT.CE.AR5",0,-1.0092
"6246","YR2012","LBN","EN.GHG.CO2.LU.MT.CE.AR5",0,-3.0435
"6247","YR2012","LBN","EN.GHG.CO2.LU.FL.MT.CE.AR5",0,-2.0264
"6248","YR2012","LBN","EN.GHG.CO2.LU.DF.MT.CE.AR5",0,0.0158
"6249","YR2012","LBN","EN.GHG.CO2.LU.OL.MT.CE.AR5",0,-1.033
"6250","YR2013","LBN","EN.GHG.CO2.LU.MT.CE.AR5",0,-3.0284
"6251","YR2013","LBN","EN.GHG.CO2.LU.FL.MT.CE.AR5",0,-1.9874
"6252","YR2013","LBN","EN.GHG.CO2.LU.DF.MT.CE.AR5",0,0.0158
"6253","YR2013","LBN","EN.GHG.CO2.LU.OL.MT.CE.AR5",0,-1.0567
"6254","YR2014","LBN","EN.GHG.CO2.LU.MT.CE.AR5",0,-3.0132
"6255","YR2014","LBN","EN.GHG.CO2.LU.FL.MT.CE.AR5",0,-1.9485
"6256","YR2014","LBN","EN.GHG.CO2.LU.DF.MT.CE.AR5",0,0.0158
"6257","YR2014","LBN","EN.GHG.CO2.LU.OL.MT.CE.AR5",0,-1.0805
"6258","YR2015","LBN","EN.GHG.CO2.LU.MT.CE.AR5",0,-2.9981
"6259","YR2015","LBN","EN.GHG.CO2.LU.FL.MT.CE.AR5",0,-1.9096
"6260","YR2015","LBN","EN.GHG.CO2.LU.DF.MT.CE.AR5",0,0.0158
"6261","YR2015","LBN","EN.GHG.CO2.LU.OL.MT.CE.AR5",0,-1.1043
"6262","YR2016","LBN","EN.GHG.CO2.LU.MT.CE.AR5",0,-2.9829
"6263","YR2016","LBN","EN.GHG.CO2.LU.FL.MT.CE.AR5",0,-1.8706
"6264","YR2016","LBN","EN.GHG.CO2.LU.DF.MT.CE.AR5",0,0.0158
"6265","YR2016","LBN","EN.GHG.CO2.LU.OL.MT.CE.AR5",0,-1.1281
"6266","YR2017","LBN","EN.GHG.CO2.LU.MT.CE.AR5",0,-2.9678
"6267","YR2017","LBN","EN.GHG.CO2.LU.FL.MT.CE.AR5",0,-1.8317
"6268","YR2017","LBN","EN.GHG.CO2.LU.DF.MT.CE.AR5",0,0.0158
"6269","YR2017","LBN","EN.GHG.CO2.LU.OL.MT.CE.AR5",0,-1.1519
"6270","YR2018","LBN","EN.GHG.CO2.LU.MT.CE.AR5",0,-2.9526
"6271","YR2018","LBN","EN.GHG.CO2.LU.FL.MT.CE.AR5",0,-1.7928
"6272","YR2018","LBN","EN.GHG.CO2.LU.DF.MT.CE.AR5",0,0.0158
"6273","YR2018","LBN","EN.GHG.CO2.LU.OL.MT.CE.AR5",0,-1.1757
"6274","YR2019","LBN","EN.GHG.CO2.LU.MT.CE.AR5",0,-2.9375
"6275","YR2019","LBN","EN.GHG.CO2.LU.FL.MT.CE.AR5",0,-1.7538
"6276","YR2019","LBN","EN.GHG.CO2.LU.DF.MT.CE.AR5",0,0.0158
"6277","YR2019","LBN","EN.GHG.CO2.LU.OL.MT.CE.AR5",0,-1.1994
"6278","YR2020","LBN","EN.GHG.CO2.LU.MT.CE.AR5",0,-2.9223
"6279","YR2020","LBN","EN.GHG.CO2.LU.FL.MT.CE.AR5",0,-1.7149
"6280","YR2020","LBN","EN.GHG.CO2.LU.DF.MT.CE.AR5",0,0.0158
"6281","YR2020","LBN","EN.GHG.CO2.LU.OL.MT.CE.AR5",0,-1.2232
"6282","YR2021","LBN","EN.GHG.CO2.LU.MT.CE.AR5",0,-3.0372
"6283","YR2021","LBN","EN.GHG.CO2.LU.FL.MT.CE.AR5",0,-1.8313
"6284","YR2021","LBN","EN.GHG.CO2.LU.DF.MT.CE.AR5",0,0.0158
"6285","YR2021","LBN","EN.GHG.CO2.LU.OL.MT.CE.AR5",0,-1.2217
"6286","YR2022","LBN","EN.GHG.CO2.LU.MT.CE.AR5",0,-3.2512
"6287","YR2022","LBN","EN.GHG.CO2.LU.FL.MT.CE.AR5",0,-2.0517
"6288","YR2022","LBN","EN.GHG.CO2.LU.DF.MT.CE.AR5",0,0
"6289","YR2022","LBN","EN.GHG.CO2.LU.OL.MT.CE.AR5",0,-1.1994
"6290","YR2023","LBN","EN.GHG.CO2.LU.MT.CE.AR5",0,-3.2512
"6291","YR2023","LBN","EN.GHG.CO2.LU.FL.MT.CE.AR5",0,-2.0517
"6292","YR2023","LBN","EN.GHG.CO2.LU.DF.MT.CE.AR5",0,0
"6293","YR2023","LBN","EN.GHG.CO2.LU.OL.MT.CE.AR5",0,-1.1994
"6294","YR2000","MAR","EN.GHG.CO2.LU.MT.CE.AR5",0,-2.239
"6295","YR2000","MAR","EN.GHG.CO2.LU.FL.MT.CE.AR5",0,-2.2318
"6296","YR2000","MAR","EN.GHG.CO2.LU.DF.MT.CE.AR5",0,0.2062
"6297","YR2000","MAR","EN.GHG.CO2.LU.OL.MT.CE.AR5",0,-0.2134
"6298","YR2001","MAR","EN.GHG.CO2.LU.MT.CE.AR5",0,-2.239
"6299","YR2001","MAR","EN.GHG.CO2.LU.FL.MT.CE.AR5",0,-2.2318
"6300","YR2001","MAR","EN.GHG.CO2.LU.DF.MT.CE.AR5",0,0.2062
"6301","YR2001","MAR","EN.GHG.CO2.LU.OL.MT.CE.AR5",0,-0.2134
"6302","YR2002","MAR","EN.GHG.CO2.LU.MT.CE.AR5",0,-2.239
"6303","YR2002","MAR","EN.GHG.CO2.LU.FL.MT.CE.AR5",0,-2.2318
"6304","YR2002","MAR","EN.GHG.CO2.LU.DF.MT.CE.AR5",0,0.2062
"6305","YR2002","MAR","EN.GHG.CO2.LU.OL.MT.CE.AR5",0,-0.2134
"6306","YR2003","MAR","EN.GHG.CO2.LU.MT.CE.AR5",0,-2.239
"6307","YR2003","MAR","EN.GHG.CO2.LU.FL.MT.CE.AR5",0,-2.2318
"6308","YR2003","MAR","EN.GHG.CO2.LU.DF.MT.CE.AR5",0,0.2062
"6309","YR2003","MAR","EN.GHG.CO2.LU.OL.MT.CE.AR5",0,-0.2134
"6310","YR2004","MAR","EN.GHG.CO2.LU.MT.CE.AR5",0,-2.239
"6311","YR2004","MAR","EN.GHG.CO2.LU.FL.MT.CE.AR5",0,-2.2318
"6312","YR2004","MAR","EN.GHG.CO2.LU.DF.MT.CE.AR5",0,0.2062
"6313","YR2004","MAR","EN.GHG.CO2.LU.OL.MT.CE.AR5",0,-0.2134
"6314","YR2005","MAR","EN.GHG.CO2.LU.MT.CE.AR5",0,-2.239
"6315","YR2005","MAR","EN.GHG.CO2.LU.FL.MT.CE.AR5",0,-2.2318
"6316","YR2005","MAR","EN.GHG.CO2.LU.DF.MT.CE.AR5",0,0.2062
"6317","YR2005","MAR","EN.GHG.CO2.LU.OL.MT.CE.AR5",0,-0.2134
"6318","YR2006","MAR","EN.GHG.CO2.LU.MT.CE.AR5",0,-2.239
"6319","YR2006","MAR","EN.GHG.CO2.LU.FL.MT.CE.AR5",0,-2.2318
"6320","YR2006","MAR","EN.GHG.CO2.LU.DF.MT.CE.AR5",0,0.2062
"6321","YR2006","MAR","EN.GHG.CO2.LU.OL.MT.CE.AR5",0,-0.2134
"6322","YR2007","MAR","EN.GHG.CO2.LU.MT.CE.AR5",0,-2.239
"6323","YR2007","MAR","EN.GHG.CO2.LU.FL.MT.CE.AR5",0,-2.2318
"6324","YR2007","MAR","EN.GHG.CO2.LU.DF.MT.CE.AR5",0,0.2062
"6325","YR2007","MAR","EN.GHG.CO2.LU.OL.MT.CE.AR5",0,-0.2134
"6326","YR2008","MAR","EN.GHG.CO2.LU.MT.CE.AR5",0,-2.239
"6327","YR2008","MAR","EN.GHG.CO2.LU.FL.MT.CE.AR5",0,-2.2318
"6328","YR2008","MAR","EN.GHG.CO2.LU.DF.MT.CE.AR5",0,0.2062
"6329","YR2008","MAR","EN.GHG.CO2.LU.OL.MT.CE.AR5",0,-0.2134
"6330","YR2009","MAR","EN.GHG.CO2.LU.MT.CE.AR5",0,-2.239
"6331","YR2009","MAR","EN.GHG.CO2.LU.FL.MT.CE.AR5",0,-2.2318
"6332","YR2009","MAR","EN.GHG.CO2.LU.DF.MT.CE.AR5",0,0.2062
"6333","YR2009","MAR","EN.GHG.CO2.LU.OL.MT.CE.AR5",0,-0.2134
"6334","YR2010","MAR","EN.GHG.CO2.LU.MT.CE.AR5",0,-2.239
"6335","YR2010","MAR","EN.GHG.CO2.LU.FL.MT.CE.AR5",0,-2.2318
"6336","YR2010","MAR","EN.GHG.CO2.LU.DF.MT.CE.AR5",0,0.2062
"6337","YR2010","MAR","EN.GHG.CO2.LU.OL.MT.CE.AR5",0,-0.2134
"6338","YR2011","MAR","EN.GHG.CO2.LU.MT.CE.AR5",0,-2.066
"6339","YR2011","MAR","EN.GHG.CO2.LU.FL.MT.CE.AR5",0,-2.1493
"6340","YR2011","MAR","EN.GHG.CO2.LU.DF.MT.CE.AR5",0,0.2691
"6341","YR2011","MAR","EN.GHG.CO2.LU.OL.MT.CE.AR5",0,-0.1858
"6342","YR2012","MAR","EN.GHG.CO2.LU.MT.CE.AR5",0,-1.893
"6343","YR2012","MAR","EN.GHG.CO2.LU.FL.MT.CE.AR5",0,-2.0667
"6344","YR2012","MAR","EN.GHG.CO2.LU.DF.MT.CE.AR5",0,0.3319
"6345","YR2012","MAR","EN.GHG.CO2.LU.OL.MT.CE.AR5",0,-0.1582
"6346","YR2013","MAR","EN.GHG.CO2.LU.MT.CE.AR5",0,-1.8204
"6347","YR2013","MAR","EN.GHG.CO2.LU.FL.MT.CE.AR5",0,-2.0674
"6348","YR2013","MAR","EN.GHG.CO2.LU.DF.MT.CE.AR5",0,0.3094
"6349","YR2013","MAR","EN.GHG.CO2.LU.OL.MT.CE.AR5",0,-0.0624
"6350","YR2014","MAR","EN.GHG.CO2.LU.MT.CE.AR5",0,-1.7478
"6351","YR2014","MAR","EN.GHG.CO2.LU.FL.MT.CE.AR5",0,-2.068
"6352","YR2014","MAR","EN.GHG.CO2.LU.DF.MT.CE.AR5",0,0.2868
"6353","YR2014","MAR","EN.GHG.CO2.LU.OL.MT.CE.AR5",0,0.0334
"6354","YR2015","MAR","EN.GHG.CO2.LU.MT.CE.AR5",0,-1.7259
"6355","YR2015","MAR","EN.GHG.CO2.LU.FL.MT.CE.AR5",0,-2.0217
"6356","YR2015","MAR","EN.GHG.CO2.LU.DF.MT.CE.AR5",0,0.2882
"6357","YR2015","MAR","EN.GHG.CO2.LU.OL.MT.CE.AR5",0,0.0076
"6358","YR2016","MAR","EN.GHG.CO2.LU.MT.CE.AR5",0,-1.7041
"6359","YR2016","MAR","EN.GHG.CO2.LU.FL.MT.CE.AR5",0,-1.9754
"6360","YR2016","MAR","EN.GHG.CO2.LU.DF.MT.CE.AR5",0,0.2897
"6361","YR2016","MAR","EN.GHG.CO2.LU.OL.MT.CE.AR5",0,-0.0183
"6362","YR2017","MAR","EN.GHG.CO2.LU.MT.CE.AR5",0,-1.7615
"6363","YR2017","MAR","EN.GHG.CO2.LU.FL.MT.CE.AR5",0,-2.0289
"6364","YR2017","MAR","EN.GHG.CO2.LU.DF.MT.CE.AR5",0,0.2747
"6365","YR2017","MAR","EN.GHG.CO2.LU.OL.MT.CE.AR5",0,-0.0073
"6366","YR2018","MAR","EN.GHG.CO2.LU.MT.CE.AR5",0,-1.8189
"6367","YR2018","MAR","EN.GHG.CO2.LU.FL.MT.CE.AR5",0,-2.0824
"6368","YR2018","MAR","EN.GHG.CO2.LU.DF.MT.CE.AR5",0,0.2597
"6369","YR2018","MAR","EN.GHG.CO2.LU.OL.MT.CE.AR5",0,0.0038
"6370","YR2019","MAR","EN.GHG.CO2.LU.MT.CE.AR5",0,-1.9089
"6371","YR2019","MAR","EN.GHG.CO2.LU.FL.MT.CE.AR5",0,-2.137
"6372","YR2019","MAR","EN.GHG.CO2.LU.DF.MT.CE.AR5",0,0.2477
"6373","YR2019","MAR","EN.GHG.CO2.LU.OL.MT.CE.AR5",0,-0.0197
"6374","YR2020","MAR","EN.GHG.CO2.LU.MT.CE.AR5",0,-1.9989
"6375","YR2020","MAR","EN.GHG.CO2.LU.FL.MT.CE.AR5",0,-2.1916
"6376","YR2020","MAR","EN.GHG.CO2.LU.DF.MT.CE.AR5",0,0.2358
"6377","YR2020","MAR","EN.GHG.CO2.LU.OL.MT.CE.AR5",0,-0.0431
"6378","YR2021","MAR","EN.GHG.CO2.LU.MT.CE.AR5",0,-1.6931
"6379","YR2021","MAR","EN.GHG.CO2.LU.FL.MT.CE.AR5",0,-1.9055
"6380","YR2021","MAR","EN.GHG.CO2.LU.DF.MT.CE.AR5",0,0.2255
"6381","YR2021","MAR","EN.GHG.CO2.LU.OL.MT.CE.AR5",0,-0.0131
"6382","YR2022","MAR","EN.GHG.CO2.LU.MT.CE.AR5",0,-0.7288
"6383","YR2022","MAR","EN.GHG.CO2.LU.FL.MT.CE.AR5",0,-0.9527
"6384","YR2022","MAR","EN.GHG.CO2.LU.DF.MT.CE.AR5",0,0.2162
"6385","YR2022","MAR","EN.GHG.CO2.LU.OL.MT.CE.AR5",0,0.0077
"6386","YR2023","MAR","EN.GHG.CO2.LU.MT.CE.AR5",0,-0.7288
"6387","YR2023","MAR","EN.GHG.CO2.LU.FL.MT.CE.AR5",0,-0.9527
"6388","YR2023","MAR","EN.GHG.CO2.LU.DF.MT.CE.AR5",0,0.2162
"6389","YR2023","MAR","EN.GHG.CO2.LU.OL.MT.CE.AR5",0,0.0077
"6390","YR2000","MUS","EN.GHG.CO2.LU.MT.CE.AR5",0,-0.4566
"6391","YR2000","MUS","EN.GHG.CO2.LU.FL.MT.CE.AR5",0,-0.458
"6392","YR2001","MUS","EN.GHG.CO2.LU.MT.CE.AR5",0,-0.4601
"6393","YR2001","MUS","EN.GHG.CO2.LU.FL.MT.CE.AR5",0,-0.4611
"6394","YR2002","MUS","EN.GHG.CO2.LU.MT.CE.AR5",0,-0.4497
"6395","YR2002","MUS","EN.GHG.CO2.LU.FL.MT.CE.AR5",0,-0.4507
"6396","YR2003","MUS","EN.GHG.CO2.LU.MT.CE.AR5",0,-0.4666
"6397","YR2003","MUS","EN.GHG.CO2.LU.FL.MT.CE.AR5",0,-0.4678
"6398","YR2004","MUS","EN.GHG.CO2.LU.MT.CE.AR5",0,-0.4652
"6399","YR2004","MUS","EN.GHG.CO2.LU.FL.MT.CE.AR5",0,-0.4668
"6400","YR2005","MUS","EN.GHG.CO2.LU.MT.CE.AR5",0,-0.3935
"6401","YR2005","MUS","EN.GHG.CO2.LU.FL.MT.CE.AR5",0,-0.3951
"6402","YR2006","MUS","EN.GHG.CO2.LU.MT.CE.AR5",0,-0.3838
"6403","YR2006","MUS","EN.GHG.CO2.LU.FL.MT.CE.AR5",0,-0.3848
"6404","YR2007","MUS","EN.GHG.CO2.LU.MT.CE.AR5",0,-0.3857
"6405","YR2007","MUS","EN.GHG.CO2.LU.FL.MT.CE.AR5",0,-0.3857
"6406","YR2008","MUS","EN.GHG.CO2.LU.MT.CE.AR5",0,-0.3877
"6407","YR2008","MUS","EN.GHG.CO2.LU.FL.MT.CE.AR5",0,-0.3877
"6408","YR2009","MUS","EN.GHG.CO2.LU.MT.CE.AR5",0,-0.2875
"6409","YR2009","MUS","EN.GHG.CO2.LU.FL.MT.CE.AR5",0,-0.2881
"6410","YR2010","MUS","EN.GHG.CO2.LU.MT.CE.AR5",0,-0.3756
"6411","YR2010","MUS","EN.GHG.CO2.LU.FL.MT.CE.AR5",0,-0.3776
"6412","YR2011","MUS","EN.GHG.CO2.LU.MT.CE.AR5",0,-0.3922
"6413","YR2011","MUS","EN.GHG.CO2.LU.FL.MT.CE.AR5",0,-0.3941
"6414","YR2012","MUS","EN.GHG.CO2.LU.MT.CE.AR5",0,-0.3888
"6415","YR2012","MUS","EN.GHG.CO2.LU.FL.MT.CE.AR5",0,-0.3908
"6416","YR2013","MUS","EN.GHG.CO2.LU.MT.CE.AR5",0,-0.3933
"6417","YR2013","MUS","EN.GHG.CO2.LU.FL.MT.CE.AR5",0,-0.3954
"6418","YR2014","MUS","EN.GHG.CO2.LU.MT.CE.AR5",0,-0.3846
"6419","YR2014","MUS","EN.GHG.CO2.LU.FL.MT.CE.AR5",0,-0.3868
"6420","YR2015","MUS","EN.GHG.CO2.LU.MT.CE.AR5",0,-1.7076
"6421","YR2015","MUS","EN.GHG.CO2.LU.FL.MT.CE.AR5",0,-1.7097
"6422","YR2016","MUS","EN.GHG.CO2.LU.MT.CE.AR5",0,-1.5286
"6423","YR2016","MUS","EN.GHG.CO2.LU.FL.MT.CE.AR5",0,-1.5305
"6424","YR2017","MUS","EN.GHG.CO2.LU.MT.CE.AR5",0,-1.3429
"6425","YR2017","MUS","EN.GHG.CO2.LU.FL.MT.CE.AR5",0,-1.345
"6426","YR2018","MUS","EN.GHG.CO2.LU.MT.CE.AR5",0,-1.3404
"6427","YR2018","MUS","EN.GHG.CO2.LU.FL.MT.CE.AR5",0,-1.3421
"6428","YR2019","MUS","EN.GHG.CO2.LU.MT.CE.AR5",0,-1.3353
"6429","YR2019","MUS","EN.GHG.CO2.LU.FL.MT.CE.AR5",0,-1.3372
"6430","YR2020","MUS","EN.GHG.CO2.LU.MT.CE.AR5",0,-1.2699
"6431","YR2020","MUS","EN.GHG.CO2.LU.FL.MT.CE.AR5",0,-1.2718
"6432","YR2021","MUS","EN.GHG.CO2.LU.MT.CE.AR5",0,-1.2774
"6433","YR2021","MUS","EN.GHG.CO2.LU.FL.MT.CE.AR5",0,-1.2792
"6434","YR2022","MUS","EN.GHG.CO2.LU.MT.CE.AR5",0,-1.2777
"6435","YR2022","MUS","EN.GHG.CO2.LU.FL.MT.CE.AR5",0,-1.2795
"6436","YR2023","MUS","EN.GHG.CO2.LU.MT.CE.AR5",0,-1.2777
"6437","YR2023","MUS","EN.GHG.CO2.LU.FL.MT.CE.AR5",0,-1.2795
"6438","YR2000","MYS","EN.GHG.CO2.LU.MT.CE.AR5",0,-184.8954
"6439","YR2000","MYS","EN.GHG.CO2.LU.FL.MT.CE.AR5",0,-233.7594
"6440","YR2000","MYS","EN.GHG.CO2.LU.OS.MT.CE.AR5",0,26.5755
"6441","YR2000","MYS","EN.GHG.CO2.LU.OL.MT.CE.AR5",0,22.2885
"6442","YR2001","MYS","EN.GHG.CO2.LU.MT.CE.AR5",0,-228.3782
"6443","YR2001","MYS","EN.GHG.CO2.LU.FL.MT.CE.AR5",0,-239.4177
"6444","YR2001","MYS","EN.GHG.CO2.LU.OS.MT.CE.AR5",0,26.5755
"6445","YR2001","MYS","EN.GHG.CO2.LU.OL.MT.CE.AR5",0,-15.5359
"6446","YR2002","MYS","EN.GHG.CO2.LU.MT.CE.AR5",0,-243.7095
"6447","YR2002","MYS","EN.GHG.CO2.LU.FL.MT.CE.AR5",0,-246.5375
"6448","YR2002","MYS","EN.GHG.CO2.LU.OS.MT.CE.AR5",0,26.5755
"6449","YR2002","MYS","EN.GHG.CO2.LU.OL.MT.CE.AR5",0,-23.7475
"6450","YR2003","MYS","EN.GHG.CO2.LU.MT.CE.AR5",0,-243.2589
"6451","YR2003","MYS","EN.GHG.CO2.LU.FL.MT.CE.AR5",0,-237.8559
"6452","YR2003","MYS","EN.GHG.CO2.LU.OS.MT.CE.AR5",0,26.5755
"6453","YR2003","MYS","EN.GHG.CO2.LU.OL.MT.CE.AR5",0,-31.9785
"6454","YR2004","MYS","EN.GHG.CO2.LU.MT.CE.AR5",0,-232.3825
"6455","YR2004","MYS","EN.GHG.CO2.LU.FL.MT.CE.AR5",0,-235.7238
"6456","YR2004","MYS","EN.GHG.CO2.LU.OS.MT.CE.AR5",0,30.8563
"6457","YR2004","MYS","EN.GHG.CO2.LU.OL.MT.CE.AR5",0,-27.515
"6458","YR2005","MYS","EN.GHG.CO2.LU.MT.CE.AR5",0,-200.1113
"6459","YR2005","MYS","EN.GHG.CO2.LU.FL.MT.CE.AR5",0,-226.3738
"6460","YR2005","MYS","EN.GHG.CO2.LU.OS.MT.CE.AR5",0,35.3483
"6461","YR2005","MYS","EN.GHG.CO2.LU.OL.MT.CE.AR5",0,-9.0858
"6462","YR2006","MYS","EN.GHG.CO2.LU.MT.CE.AR5",0,-239.1226
"6463","YR2006","MYS","EN.GHG.CO2.LU.FL.MT.CE.AR5",0,-238.9484
"6464","YR2006","MYS","EN.GHG.CO2.LU.OS.MT.CE.AR5",0,36.2466
"6465","YR2006","MYS","EN.GHG.CO2.LU.OL.MT.CE.AR5",0,-36.4208
"6466","YR2007","MYS","EN.GHG.CO2.LU.MT.CE.AR5",0,-190.3399
"6467","YR2007","MYS","EN.GHG.CO2.LU.FL.MT.CE.AR5",0,-212.2766
"6468","YR2007","MYS","EN.GHG.CO2.LU.OS.MT.CE.AR5",0,36.4446
"6469","YR2007","MYS","EN.GHG.CO2.LU.OL.MT.CE.AR5",0,-14.5079
"6470","YR2008","MYS","EN.GHG.CO2.LU.MT.CE.AR5",0,-240.0867
"6471","YR2008","MYS","EN.GHG.CO2.LU.FL.MT.CE.AR5",0,-234.039
"6472","YR2008","MYS","EN.GHG.CO2.LU.OS.MT.CE.AR5",0,38.3147
"6473","YR2008","MYS","EN.GHG.CO2.LU.OL.MT.CE.AR5",0,-44.3624
"6474","YR2009","MYS","EN.GHG.CO2.LU.MT.CE.AR5",0,-185.7677
"6475","YR2009","MYS","EN.GHG.CO2.LU.FL.MT.CE.AR5",0,-209.8059
"6476","YR2009","MYS","EN.GHG.CO2.LU.OS.MT.CE.AR5",0,36.6553
"6477","YR2009","MYS","EN.GHG.CO2.LU.OL.MT.CE.AR5",0,-12.6171
"6478","YR2010","MYS","EN.GHG.CO2.LU.MT.CE.AR5",0,-190.0418
"6479","YR2010","MYS","EN.GHG.CO2.LU.FL.MT.CE.AR5",0,-201.8135
"6480","YR2010","MYS","EN.GHG.CO2.LU.OS.MT.CE.AR5",0,44.6463
"6481","YR2010","MYS","EN.GHG.CO2.LU.OL.MT.CE.AR5",0,-32.8746
"6482","YR2011","MYS","EN.GHG.CO2.LU.MT.CE.AR5",0,-242.0665
"6483","YR2011","MYS","EN.GHG.CO2.LU.FL.MT.CE.AR5",0,-244.2495
"6484","YR2011","MYS","EN.GHG.CO2.LU.OS.MT.CE.AR5",0,46.4431
"6485","YR2011","MYS","EN.GHG.CO2.LU.OL.MT.CE.AR5",0,-44.2601
"6486","YR2012","MYS","EN.GHG.CO2.LU.MT.CE.AR5",0,-221.5886
"6487","YR2012","MYS","EN.GHG.CO2.LU.FL.MT.CE.AR5",0,-226.8917
"6488","YR2012","MYS","EN.GHG.CO2.LU.OS.MT.CE.AR5",0,46.824
"6489","YR2012","MYS","EN.GHG.CO2.LU.OL.MT.CE.AR5",0,-41.5209
"6490","YR2013","MYS","EN.GHG.CO2.LU.MT.CE.AR5",0,-244.1959
"6491","YR2013","MYS","EN.GHG.CO2.LU.FL.MT.CE.AR5",0,-245.7305
"6492","YR2013","MYS","EN.GHG.CO2.LU.OS.MT.CE.AR5",0,48.6208
"6493","YR2013","MYS","EN.GHG.CO2.LU.OL.MT.CE.AR5",0,-47.0862
"6494","YR2014","MYS","EN.GHG.CO2.LU.MT.CE.AR5",0,-224.5994
"6495","YR2014","MYS","EN.GHG.CO2.LU.FL.MT.CE.AR5",0,-231.8871
"6496","YR2014","MYS","EN.GHG.CO2.LU.OS.MT.CE.AR5",0,50.4176
"6497","YR2014","MYS","EN.GHG.CO2.LU.OL.MT.CE.AR5",0,-43.1299
"6498","YR2015","MYS","EN.GHG.CO2.LU.MT.CE.AR5",0,-204.5321
"6499","YR2015","MYS","EN.GHG.CO2.LU.FL.MT.CE.AR5",0,-214.7626
"6500","YR2015","MYS","EN.GHG.CO2.LU.OS.MT.CE.AR5",0,52.9291
"6501","YR2015","MYS","EN.GHG.CO2.LU.OL.MT.CE.AR5",0,-42.6986
"6502","YR2016","MYS","EN.GHG.CO2.LU.MT.CE.AR5",0,-223.0869
"6503","YR2016","MYS","EN.GHG.CO2.LU.FL.MT.CE.AR5",0,-248.3803
"6504","YR2016","MYS","EN.GHG.CO2.LU.OS.MT.CE.AR5",0,52.9044
"6505","YR2016","MYS","EN.GHG.CO2.LU.OL.MT.CE.AR5",0,-27.611
"6506","YR2017","MYS","EN.GHG.CO2.LU.MT.CE.AR5",0,-236.9243
"6507","YR2017","MYS","EN.GHG.CO2.LU.FL.MT.CE.AR5",0,-259.3055
"6508","YR2017","MYS","EN.GHG.CO2.LU.OS.MT.CE.AR5",0,53.1256
"6509","YR2017","MYS","EN.GHG.CO2.LU.OL.MT.CE.AR5",0,-30.7444
"6510","YR2018","MYS","EN.GHG.CO2.LU.MT.CE.AR5",0,-200.5624
"6511","YR2018","MYS","EN.GHG.CO2.LU.FL.MT.CE.AR5",0,-218.9664
"6512","YR2018","MYS","EN.GHG.CO2.LU.OS.MT.CE.AR5",0,53.1256
"6513","YR2018","MYS","EN.GHG.CO2.LU.OL.MT.CE.AR5",0,-34.7216
"6514","YR2019","MYS","EN.GHG.CO2.LU.MT.CE.AR5",0,-220.0233
"6515","YR2019","MYS","EN.GHG.CO2.LU.FL.MT.CE.AR5",0,-255.3972
"6516","YR2019","MYS","EN.GHG.CO2.LU.OS.MT.CE.AR5",0,53.1256
"6517","YR2019","MYS","EN.GHG.CO2.LU.OL.MT.CE.AR5",0,-17.7516
"6518","YR2020","MYS","EN.GHG.CO2.LU.MT.CE.AR5",0,-247.8814
"6519","YR2020","MYS","EN.GHG.CO2.LU.FL.MT.CE.AR5",0,-264.9309
"6520","YR2020","MYS","EN.GHG.CO2.LU.OS.MT.CE.AR5",0,53.4867
"6521","YR2020","MYS","EN.GHG.CO2.LU.OL.MT.CE.AR5",0,-36.4372
"6522","YR2021","MYS","EN.GHG.CO2.LU.MT.CE.AR5",0,-223.003
"6523","YR2021","MYS","EN.GHG.CO2.LU.FL.MT.CE.AR5",0,-261.9844
"6524","YR2021","MYS","EN.GHG.CO2.LU.OS.MT.CE.AR5",0,54.1467
"6525","YR2021","MYS","EN.GHG.CO2.LU.OL.MT.CE.AR5",0,-15.1653
"6526","YR2022","MYS","EN.GHG.CO2.LU.MT.CE.AR5",0,-223.003
"6527","YR2022","MYS","EN.GHG.CO2.LU.FL.MT.CE.AR5",0,-261.9844
"6528","YR2022","MYS","EN.GHG.CO2.LU.OS.MT.CE.AR5",0,54.1467
"6529","YR2022","MYS","EN.GHG.CO2.LU.OL.MT.CE.AR5",0,-15.1653
"6530","YR2023","MYS","EN.GHG.CO2.LU.MT.CE.AR5",0,-223.003
"6531","YR2023","MYS","EN.GHG.CO2.LU.FL.MT.CE.AR5",0,-261.9844
"6532","YR2023","MYS","EN.GHG.CO2.LU.OS.MT.CE.AR5",0,54.1467
"6533","YR2023","MYS","EN.GHG.CO2.LU.OL.MT.CE.AR5",0,-15.1653
"6534","YR2000","NAM","EN.GHG.CO2.LU.MT.CE.AR5",0,-98.3224
"6535","YR2000","NAM","EN.GHG.CO2.LU.FL.MT.CE.AR5",0,-108.7143
"6536","YR2000","NAM","EN.GHG.CO2.LU.DF.MT.CE.AR5",0,10.3174
"6537","YR2000","NAM","EN.GHG.CO2.LU.OL.MT.CE.AR5",0,0.0746
"6538","YR2001","NAM","EN.GHG.CO2.LU.MT.CE.AR5",0,-98.2504
"6539","YR2001","NAM","EN.GHG.CO2.LU.FL.MT.CE.AR5",0,-108.8937
"6540","YR2001","NAM","EN.GHG.CO2.LU.DF.MT.CE.AR5",0,10.5753
"6541","YR2001","NAM","EN.GHG.CO2.LU.OL.MT.CE.AR5",0,0.0679
"6542","YR2002","NAM","EN.GHG.CO2.LU.MT.CE.AR5",0,-102.7002
"6543","YR2002","NAM","EN.GHG.CO2.LU.FL.MT.CE.AR5",0,-113.3434
"6544","YR2002","NAM","EN.GHG.CO2.LU.DF.MT.CE.AR5",0,10.5753
"6545","YR2002","NAM","EN.GHG.CO2.LU.OL.MT.CE.AR5",0,0.0679
"6546","YR2003","NAM","EN.GHG.CO2.LU.MT.CE.AR5",0,-103.117
"6547","YR2003","NAM","EN.GHG.CO2.LU.FL.MT.CE.AR5",0,-113.7603
"6548","YR2003","NAM","EN.GHG.CO2.LU.DF.MT.CE.AR5",0,10.5753
"6549","YR2003","NAM","EN.GHG.CO2.LU.OL.MT.CE.AR5",0,0.0679
"6550","YR2004","NAM","EN.GHG.CO2.LU.MT.CE.AR5",0,-104.9126
"6551","YR2004","NAM","EN.GHG.CO2.LU.FL.MT.CE.AR5",0,-115.5558
"6552","YR2004","NAM","EN.GHG.CO2.LU.DF.MT.CE.AR5",0,10.5753
"6553","YR2004","NAM","EN.GHG.CO2.LU.OL.MT.CE.AR5",0,0.0679
"6554","YR2005","NAM","EN.GHG.CO2.LU.MT.CE.AR5",0,-102.6572
"6555","YR2005","NAM","EN.GHG.CO2.LU.FL.MT.CE.AR5",0,-113.3004
"6556","YR2005","NAM","EN.GHG.CO2.LU.DF.MT.CE.AR5",0,10.5753
"6557","YR2005","NAM","EN.GHG.CO2.LU.OL.MT.CE.AR5",0,0.0679
"6558","YR2006","NAM","EN.GHG.CO2.LU.MT.CE.AR5",0,-99.0308
"6559","YR2006","NAM","EN.GHG.CO2.LU.FL.MT.CE.AR5",0,-109.674
"6560","YR2006","NAM","EN.GHG.CO2.LU.DF.MT.CE.AR5",0,10.5753
"6561","YR2006","NAM","EN.GHG.CO2.LU.OL.MT.CE.AR5",0,0.0679
"6562","YR2007","NAM","EN.GHG.CO2.LU.MT.CE.AR5",0,-96.2406
"6563","YR2007","NAM","EN.GHG.CO2.LU.FL.MT.CE.AR5",0,-106.8839
"6564","YR2007","NAM","EN.GHG.CO2.LU.DF.MT.CE.AR5",0,10.5753
"6565","YR2007","NAM","EN.GHG.CO2.LU.OL.MT.CE.AR5",0,0.0679
"6566","YR2008","NAM","EN.GHG.CO2.LU.MT.CE.AR5",0,-104.836
"6567","YR2008","NAM","EN.GHG.CO2.LU.FL.MT.CE.AR5",0,-115.4792
"6568","YR2008","NAM","EN.GHG.CO2.LU.DF.MT.CE.AR5",0,10.5753
"6569","YR2008","NAM","EN.GHG.CO2.LU.OL.MT.CE.AR5",0,0.0679
"6570","YR2009","NAM","EN.GHG.CO2.LU.MT.CE.AR5",0,-92.9593
"6571","YR2009","NAM","EN.GHG.CO2.LU.FL.MT.CE.AR5",0,-103.6026
"6572","YR2009","NAM","EN.GHG.CO2.LU.DF.MT.CE.AR5",0,10.5753
"6573","YR2009","NAM","EN.GHG.CO2.LU.OL.MT.CE.AR5",0,0.0679
"6574","YR2010","NAM","EN.GHG.CO2.LU.MT.CE.AR5",0,-97.1697
"6575","YR2010","NAM","EN.GHG.CO2.LU.FL.MT.CE.AR5",0,-107.8129
"6576","YR2010","NAM","EN.GHG.CO2.LU.DF.MT.CE.AR5",0,10.5753
"6577","YR2010","NAM","EN.GHG.CO2.LU.OL.MT.CE.AR5",0,0.0679
"6578","YR2011","NAM","EN.GHG.CO2.LU.MT.CE.AR5",0,-94.2467
"6579","YR2011","NAM","EN.GHG.CO2.LU.FL.MT.CE.AR5",0,-105.8687
"6580","YR2011","NAM","EN.GHG.CO2.LU.DF.MT.CE.AR5",0,11.607
"6581","YR2011","NAM","EN.GHG.CO2.LU.OL.MT.CE.AR5",0,0.0149
"6582","YR2012","NAM","EN.GHG.CO2.LU.MT.CE.AR5",0,-93.2975
"6583","YR2012","NAM","EN.GHG.CO2.LU.FL.MT.CE.AR5",0,-104.9194
"6584","YR2012","NAM","EN.GHG.CO2.LU.DF.MT.CE.AR5",0,11.607
"6585","YR2012","NAM","EN.GHG.CO2.LU.OL.MT.CE.AR5",0,0.0149
"6586","YR2013","NAM","EN.GHG.CO2.LU.MT.CE.AR5",0,-111.1836
"6587","YR2013","NAM","EN.GHG.CO2.LU.FL.MT.CE.AR5",0,-122.8055
"6588","YR2013","NAM","EN.GHG.CO2.LU.DF.MT.CE.AR5",0,11.607
"6589","YR2013","NAM","EN.GHG.CO2.LU.OL.MT.CE.AR5",0,0.0149
"6590","YR2014","NAM","EN.GHG.CO2.LU.MT.CE.AR5",0,-108.2738
"6591","YR2014","NAM","EN.GHG.CO2.LU.FL.MT.CE.AR5",0,-119.8957
"6592","YR2014","NAM","EN.GHG.CO2.LU.DF.MT.CE.AR5",0,11.607
"6593","YR2014","NAM","EN.GHG.CO2.LU.OL.MT.CE.AR5",0,0.0149
"6594","YR2015","NAM","EN.GHG.CO2.LU.MT.CE.AR5",0,-110.3588
"6595","YR2015","NAM","EN.GHG.CO2.LU.FL.MT.CE.AR5",0,-121.9808
"6596","YR2015","NAM","EN.GHG.CO2.LU.DF.MT.CE.AR5",0,11.607
"6597","YR2015","NAM","EN.GHG.CO2.LU.OL.MT.CE.AR5",0,0.0149
"6598","YR2016","NAM","EN.GHG.CO2.LU.MT.CE.AR5",0,-114.9651
"6599","YR2016","NAM","EN.GHG.CO2.LU.FL.MT.CE.AR5",0,-126.5871
"6600","YR2016","NAM","EN.GHG.CO2.LU.DF.MT.CE.AR5",0,11.607
"6601","YR2016","NAM","EN.GHG.CO2.LU.OL.MT.CE.AR5",0,0.0149
"6602","YR2017","NAM","EN.GHG.CO2.LU.MT.CE.AR5",0,-111.6734
"6603","YR2017","NAM","EN.GHG.CO2.LU.FL.MT.CE.AR5",0,-123.2953
"6604","YR2017","NAM","EN.GHG.CO2.LU.DF.MT.CE.AR5",0,11.607
"6605","YR2017","NAM","EN.GHG.CO2.LU.OL.MT.CE.AR5",0,0.0149
"6606","YR2018","NAM","EN.GHG.CO2.LU.MT.CE.AR5",0,-118.4208
"6607","YR2018","NAM","EN.GHG.CO2.LU.FL.MT.CE.AR5",0,-130.0427
"6608","YR2018","NAM","EN.GHG.CO2.LU.DF.MT.CE.AR5",0,11.607
"6609","YR2018","NAM","EN.GHG.CO2.LU.OL.MT.CE.AR5",0,0.0149
"6610","YR2019","NAM","EN.GHG.CO2.LU.MT.CE.AR5",0,-116.711
"6611","YR2019","NAM","EN.GHG.CO2.LU.FL.MT.CE.AR5",0,-128.333
"6612","YR2019","NAM","EN.GHG.CO2.LU.DF.MT.CE.AR5",0,11.607
"6613","YR2019","NAM","EN.GHG.CO2.LU.OL.MT.CE.AR5",0,0.0149
"6614","YR2020","NAM","EN.GHG.CO2.LU.MT.CE.AR5",0,-107.6572
"6615","YR2020","NAM","EN.GHG.CO2.LU.FL.MT.CE.AR5",0,-119.2792
"6616","YR2020","NAM","EN.GHG.CO2.LU.DF.MT.CE.AR5",0,11.607
"6617","YR2020","NAM","EN.GHG.CO2.LU.OL.MT.CE.AR5",0,0.0149
"6618","YR2021","NAM","EN.GHG.CO2.LU.MT.CE.AR5",0,-108.5387
"6619","YR2021","NAM","EN.GHG.CO2.LU.FL.MT.CE.AR5",0,-120.1606
"6620","YR2021","NAM","EN.GHG.CO2.LU.DF.MT.CE.AR5",0,11.607
"6621","YR2021","NAM","EN.GHG.CO2.LU.OL.MT.CE.AR5",0,0.0149
"6622","YR2022","NAM","EN.GHG.CO2.LU.MT.CE.AR5",0,-110.7056
"6623","YR2022","NAM","EN.GHG.CO2.LU.FL.MT.CE.AR5",0,-122.3275
"6624","YR2022","NAM","EN.GHG.CO2.LU.DF.MT.CE.AR5",0,11.607
"6625","YR2022","NAM","EN.GHG.CO2.LU.OL.MT.CE.AR5",0,0.0149
"6626","YR2023","NAM","EN.GHG.CO2.LU.MT.CE.AR5",0,-110.7056
"6627","YR2023","NAM","EN.GHG.CO2.LU.FL.MT.CE.AR5",0,-122.3275
"6628","YR2023","NAM","EN.GHG.CO2.LU.DF.MT.CE.AR5",0,11.607
"6629","YR2023","NAM","EN.GHG.CO2.LU.OL.MT.CE.AR5",0,0.0149
"6630","YR2000","NGA","EN.GHG.CO2.LU.MT.CE.AR5",0,208.6745
"6631","YR2000","NGA","EN.GHG.CO2.LU.FL.MT.CE.AR5",0,182.0907
"6632","YR2000","NGA","EN.GHG.CO2.LU.DF.MT.CE.AR5",0,32.3972
"6633","YR2001","NGA","EN.GHG.CO2.LU.MT.CE.AR5",0,213.2497
"6634","YR2001","NGA","EN.GHG.CO2.LU.FL.MT.CE.AR5",0,186.5415
"6635","YR2001","NGA","EN.GHG.CO2.LU.DF.MT.CE.AR5",0,32.3972
"6636","YR2002","NGA","EN.GHG.CO2.LU.MT.CE.AR5",0,218.3385
"6637","YR2002","NGA","EN.GHG.CO2.LU.FL.MT.CE.AR5",0,191.4924
"6638","YR2002","NGA","EN.GHG.CO2.LU.DF.MT.CE.AR5",0,32.3972
"6639","YR2003","NGA","EN.GHG.CO2.LU.MT.CE.AR5",0,223.7856
"6640","YR2003","NGA","EN.GHG.CO2.LU.FL.MT.CE.AR5",0,196.9087
"6641","YR2003","NGA","EN.GHG.CO2.LU.DF.MT.CE.AR5",0,32.3972
"6642","YR2004","NGA","EN.GHG.CO2.LU.MT.CE.AR5",0,229.913
"6643","YR2004","NGA","EN.GHG.CO2.LU.FL.MT.CE.AR5",0,202.9615
"6644","YR2004","NGA","EN.GHG.CO2.LU.DF.MT.CE.AR5",0,32.3972
"6645","YR2005","NGA","EN.GHG.CO2.LU.MT.CE.AR5",0,236.8153
"6646","YR2005","NGA","EN.GHG.CO2.LU.FL.MT.CE.AR5",0,209.6479
"6647","YR2005","NGA","EN.GHG.CO2.LU.DF.MT.CE.AR5",0,32.3972
"6648","YR2006","NGA","EN.GHG.CO2.LU.MT.CE.AR5",0,243.9064
"6649","YR2006","NGA","EN.GHG.CO2.LU.FL.MT.CE.AR5",0,216.6233
"6650","YR2006","NGA","EN.GHG.CO2.LU.DF.MT.CE.AR5",0,32.3972
"6651","YR2007","NGA","EN.GHG.CO2.LU.MT.CE.AR5",0,267.0573
"6652","YR2007","NGA","EN.GHG.CO2.LU.FL.MT.CE.AR5",0,239.7692
"6653","YR2007","NGA","EN.GHG.CO2.LU.DF.MT.CE.AR5",0,32.3972
"6654","YR2008","NGA","EN.GHG.CO2.LU.MT.CE.AR5",0,261.9641
"6655","YR2008","NGA","EN.GHG.CO2.LU.FL.MT.CE.AR5",0,234.517
"6656","YR2008","NGA","EN.GHG.CO2.LU.DF.MT.CE.AR5",0,32.3972
"6657","YR2009","NGA","EN.GHG.CO2.LU.MT.CE.AR5",0,254.4123
"6658","YR2009","NGA","EN.GHG.CO2.LU.FL.MT.CE.AR5",0,226.8171
"6659","YR2009","NGA","EN.GHG.CO2.LU.DF.MT.CE.AR5",0,32.3972
"6660","YR2010","NGA","EN.GHG.CO2.LU.MT.CE.AR5",0,265.1546
"6661","YR2010","NGA","EN.GHG.CO2.LU.FL.MT.CE.AR5",0,237.456
"6662","YR2010","NGA","EN.GHG.CO2.LU.DF.MT.CE.AR5",0,32.3972
"6663","YR2011","NGA","EN.GHG.CO2.LU.MT.CE.AR5",0,276.5352
"6664","YR2011","NGA","EN.GHG.CO2.LU.FL.MT.CE.AR5",0,249.3541
"6665","YR2011","NGA","EN.GHG.CO2.LU.DF.MT.CE.AR5",0,32.3972
"6666","YR2012","NGA","EN.GHG.CO2.LU.MT.CE.AR5",0,290.7479
"6667","YR2012","NGA","EN.GHG.CO2.LU.FL.MT.CE.AR5",0,262.492
"6668","YR2012","NGA","EN.GHG.CO2.LU.DF.MT.CE.AR5",0,32.3972
"6669","YR2013","NGA","EN.GHG.CO2.LU.MT.CE.AR5",0,286.026
"6670","YR2013","NGA","EN.GHG.CO2.LU.FL.MT.CE.AR5",0,258.5081
"6671","YR2013","NGA","EN.GHG.CO2.LU.DF.MT.CE.AR5",0,32.3972
"6672","YR2014","NGA","EN.GHG.CO2.LU.MT.CE.AR5",0,291.779
"6673","YR2014","NGA","EN.GHG.CO2.LU.FL.MT.CE.AR5",0,264.5798
"6674","YR2014","NGA","EN.GHG.CO2.LU.DF.MT.CE.AR5",0,32.3972
"6675","YR2015","NGA","EN.GHG.CO2.LU.MT.CE.AR5",0,296.2766
"6676","YR2015","NGA","EN.GHG.CO2.LU.FL.MT.CE.AR5",0,268.5675
"6677","YR2015","NGA","EN.GHG.CO2.LU.DF.MT.CE.AR5",0,32.3972
"6678","YR2016","NGA","EN.GHG.CO2.LU.MT.CE.AR5",0,297.3532
"6679","YR2016","NGA","EN.GHG.CO2.LU.FL.MT.CE.AR5",0,269.7471
"6680","YR2016","NGA","EN.GHG.CO2.LU.DF.MT.CE.AR5",0,32.3972
"6681","YR2017","NGA","EN.GHG.CO2.LU.MT.CE.AR5",0,300.6155
"6682","YR2017","NGA","EN.GHG.CO2.LU.FL.MT.CE.AR5",0,272.7118
"6683","YR2017","NGA","EN.GHG.CO2.LU.DF.MT.CE.AR5",0,32.3972
"6684","YR2018","NGA","EN.GHG.CO2.LU.MT.CE.AR5",0,304.1413
"6685","YR2018","NGA","EN.GHG.CO2.LU.FL.MT.CE.AR5",0,275.9602
"6686","YR2018","NGA","EN.GHG.CO2.LU.DF.MT.CE.AR5",0,32.3972
"6687","YR2019","NGA","EN.GHG.CO2.LU.MT.CE.AR5",0,306.9961
"6688","YR2019","NGA","EN.GHG.CO2.LU.FL.MT.CE.AR5",0,278.7697
"6689","YR2019","NGA","EN.GHG.CO2.LU.DF.MT.CE.AR5",0,32.3972
"6690","YR2020","NGA","EN.GHG.CO2.LU.MT.CE.AR5",0,209.6498
"6691","YR2020","NGA","EN.GHG.CO2.LU.FL.MT.CE.AR5",0,301.5583
"6692","YR2020","NGA","EN.GHG.CO2.LU.DF.MT.CE.AR5",0,32.3972
"6693","YR2020","NGA","EN.GHG.CO2.LU.OL.MT.CE.AR5",0,-120.0554
"6694","YR2021","NGA","EN.GHG.CO2.LU.MT.CE.AR5",0,210.9888
"6695","YR2021","NGA","EN.GHG.CO2.LU.FL.MT.CE.AR5",0,303.2722
"6696","YR2021","NGA","EN.GHG.CO2.LU.DF.MT.CE.AR5",0,32.3972
"6697","YR2021","NGA","EN.GHG.CO2.LU.OL.MT.CE.AR5",0,-120.0554
"6698","YR2022","NGA","EN.GHG.CO2.LU.MT.CE.AR5",0,225.5989
"6699","YR2022","NGA","EN.GHG.CO2.LU.FL.MT.CE.AR5",0,317.3765
"6700","YR2022","NGA","EN.GHG.CO2.LU.DF.MT.CE.AR5",0,32.3972
"6701","YR2022","NGA","EN.GHG.CO2.LU.OL.MT.CE.AR5",0,-120.0554
"6702","YR2023","NGA","EN.GHG.CO2.LU.MT.CE.AR5",0,225.5989
"6703","YR2023","NGA","EN.GHG.CO2.LU.FL.MT.CE.AR5",0,317.3765
"6704","YR2023","NGA","EN.GHG.CO2.LU.DF.MT.CE.AR5",0,32.3972
"6705","YR2023","NGA","EN.GHG.CO2.LU.OL.MT.CE.AR5",0,-120.0554
"6706","YR2000","PAN","EN.GHG.CO2.LU.MT.CE.AR5",0,-21.5388
"6707","YR2000","PAN","EN.GHG.CO2.LU.FL.MT.CE.AR5",0,-26.817
"6708","YR2000","PAN","EN.GHG.CO2.LU.DF.MT.CE.AR5",0,5.4406
"6709","YR2000","PAN","EN.GHG.CO2.LU.OL.MT.CE.AR5",0,-0.1623
"6710","YR2001","PAN","EN.GHG.CO2.LU.MT.CE.AR5",0,-19.3346
"6711","YR2001","PAN","EN.GHG.CO2.LU.FL.MT.CE.AR5",0,-27.4279
"6712","YR2001","PAN","EN.GHG.CO2.LU.DF.MT.CE.AR5",0,8.1754
"6713","YR2001","PAN","EN.GHG.CO2.LU.OL.MT.CE.AR5",0,-0.0821
"6714","YR2002","PAN","EN.GHG.CO2.LU.MT.CE.AR5",0,-17.8297
"6715","YR2002","PAN","EN.GHG.CO2.LU.FL.MT.CE.AR5",0,-27.4728
"6716","YR2002","PAN","EN.GHG.CO2.LU.DF.MT.CE.AR5",0,9.4576
"6717","YR2002","PAN","EN.GHG.CO2.LU.OL.MT.CE.AR5",0,0.1856
"6718","YR2003","PAN","EN.GHG.CO2.LU.MT.CE.AR5",0,-19.3899
"6719","YR2003","PAN","EN.GHG.CO2.LU.FL.MT.CE.AR5",0,-27.319
"6720","YR2003","PAN","EN.GHG.CO2.LU.DF.MT.CE.AR5",0,7.7867
"6721","YR2003","PAN","EN.GHG.CO2.LU.OL.MT.CE.AR5",0,0.1424
"6722","YR2004","PAN","EN.GHG.CO2.LU.MT.CE.AR5",0,-24.086
"6723","YR2004","PAN","EN.GHG.CO2.LU.FL.MT.CE.AR5",0,-28.5246
"6724","YR2004","PAN","EN.GHG.CO2.LU.DF.MT.CE.AR5",0,4.3233
"6725","YR2004","PAN","EN.GHG.CO2.LU.OL.MT.CE.AR5",0,0.1153
"6726","YR2005","PAN","EN.GHG.CO2.LU.MT.CE.AR5",0,-16.4661
"6727","YR2005","PAN","EN.GHG.CO2.LU.FL.MT.CE.AR5",0,-27.989
"6728","YR2005","PAN","EN.GHG.CO2.LU.DF.MT.CE.AR5",0,11.2473
"6729","YR2005","PAN","EN.GHG.CO2.LU.OL.MT.CE.AR5",0,0.2755
"6730","YR2006","PAN","EN.GHG.CO2.LU.MT.CE.AR5",0,-23.1231
"6731","YR2006","PAN","EN.GHG.CO2.LU.FL.MT.CE.AR5",0,-29.0408
"6732","YR2006","PAN","EN.GHG.CO2.LU.DF.MT.CE.AR5",0,5.1998
"6733","YR2006","PAN","EN.GHG.CO2.LU.OL.MT.CE.AR5",0,0.7179
"6734","YR2007","PAN","EN.GHG.CO2.LU.MT.CE.AR5",0,-21.418
"6735","YR2007","PAN","EN.GHG.CO2.LU.FL.MT.CE.AR5",0,-29.458
"6736","YR2007","PAN","EN.GHG.CO2.LU.DF.MT.CE.AR5",0,7.7524
"6737","YR2007","PAN","EN.GHG.CO2.LU.OL.MT.CE.AR5",0,0.2876
"6738","YR2008","PAN","EN.GHG.CO2.LU.MT.CE.AR5",0,-19.3434
"6739","YR2008","PAN","EN.GHG.CO2.LU.FL.MT.CE.AR5",0,-27.9203
"6740","YR2008","PAN","EN.GHG.CO2.LU.DF.MT.CE.AR5",0,7.8381
"6741","YR2008","PAN","EN.GHG.CO2.LU.OL.MT.CE.AR5",0,0.7387
"6742","YR2009","PAN","EN.GHG.CO2.LU.MT.CE.AR5",0,-24.7048
"6743","YR2009","PAN","EN.GHG.CO2.LU.FL.MT.CE.AR5",0,-30.5198
"6744","YR2009","PAN","EN.GHG.CO2.LU.DF.MT.CE.AR5",0,5.3699
"6745","YR2009","PAN","EN.GHG.CO2.LU.OL.MT.CE.AR5",0,0.4452
"6746","YR2010","PAN","EN.GHG.CO2.LU.MT.CE.AR5",0,-23.7921
"6747","YR2010","PAN","EN.GHG.CO2.LU.FL.MT.CE.AR5",0,-30.288
"6748","YR2010","PAN","EN.GHG.CO2.LU.DF.MT.CE.AR5",0,6.0208
"6749","YR2010","PAN","EN.GHG.CO2.LU.OL.MT.CE.AR5",0,0.475
"6750","YR2011","PAN","EN.GHG.CO2.LU.MT.CE.AR5",0,-23.5326
"6751","YR2011","PAN","EN.GHG.CO2.LU.FL.MT.CE.AR5",0,-30.2269
"6752","YR2011","PAN","EN.GHG.CO2.LU.DF.MT.CE.AR5",0,5.3913
"6753","YR2011","PAN","EN.GHG.CO2.LU.OL.MT.CE.AR5",0,1.303
"6754","YR2012","PAN","EN.GHG.CO2.LU.MT.CE.AR5",0,-25.0605
"6755","YR2012","PAN","EN.GHG.CO2.LU.FL.MT.CE.AR5",0,-30.6831
"6756","YR2012","PAN","EN.GHG.CO2.LU.DF.MT.CE.AR5",0,4.7812
"6757","YR2012","PAN","EN.GHG.CO2.LU.OL.MT.CE.AR5",0,0.8414
"6758","YR2013","PAN","EN.GHG.CO2.LU.MT.CE.AR5",0,-26.4582
"6759","YR2013","PAN","EN.GHG.CO2.LU.FL.MT.CE.AR5",0,-30.9605
"6760","YR2013","PAN","EN.GHG.CO2.LU.DF.MT.CE.AR5",0,4.0373
"6761","YR2013","PAN","EN.GHG.CO2.LU.OL.MT.CE.AR5",0,0.4651
"6762","YR2014","PAN","EN.GHG.CO2.LU.MT.CE.AR5",0,-24.3647
"6763","YR2014","PAN","EN.GHG.CO2.LU.FL.MT.CE.AR5",0,-31.5858
"6764","YR2014","PAN","EN.GHG.CO2.LU.DF.MT.CE.AR5",0,6.153
"6765","YR2014","PAN","EN.GHG.CO2.LU.OL.MT.CE.AR5",0,1.0681
"6766","YR2015","PAN","EN.GHG.CO2.LU.MT.CE.AR5",0,-23.0204
"6767","YR2015","PAN","EN.GHG.CO2.LU.FL.MT.CE.AR5",0,-30.597
"6768","YR2015","PAN","EN.GHG.CO2.LU.DF.MT.CE.AR5",0,6.6057
"6769","YR2015","PAN","EN.GHG.CO2.LU.OL.MT.CE.AR5",0,0.9709
"6770","YR2016","PAN","EN.GHG.CO2.LU.MT.CE.AR5",0,-23.2534
"6771","YR2016","PAN","EN.GHG.CO2.LU.FL.MT.CE.AR5",0,-29.1807
"6772","YR2016","PAN","EN.GHG.CO2.LU.DF.MT.CE.AR5",0,5.3834
"6773","YR2016","PAN","EN.GHG.CO2.LU.OL.MT.CE.AR5",0,0.5439
"6774","YR2017","PAN","EN.GHG.CO2.LU.MT.CE.AR5",0,-26.6754
"6775","YR2017","PAN","EN.GHG.CO2.LU.FL.MT.CE.AR5",0,-32.146
"6776","YR2017","PAN","EN.GHG.CO2.LU.DF.MT.CE.AR5",0,4.7362
"6777","YR2017","PAN","EN.GHG.CO2.LU.OL.MT.CE.AR5",0,0.7344
"6778","YR2018","PAN","EN.GHG.CO2.LU.MT.CE.AR5",0,-26.7775
"6779","YR2018","PAN","EN.GHG.CO2.LU.FL.MT.CE.AR5",0,-32.0783
"6780","YR2018","PAN","EN.GHG.CO2.LU.DF.MT.CE.AR5",0,4.7485
"6781","YR2018","PAN","EN.GHG.CO2.LU.OL.MT.CE.AR5",0,0.5523
"6782","YR2019","PAN","EN.GHG.CO2.LU.MT.CE.AR5",0,-27.2739
"6783","YR2019","PAN","EN.GHG.CO2.LU.FL.MT.CE.AR5",0,-29.9523
"6784","YR2019","PAN","EN.GHG.CO2.LU.DF.MT.CE.AR5",0,2.782
"6785","YR2019","PAN","EN.GHG.CO2.LU.OL.MT.CE.AR5",0,-0.1035
"6786","YR2020","PAN","EN.GHG.CO2.LU.MT.CE.AR5",0,-26.2381
"6787","YR2020","PAN","EN.GHG.CO2.LU.FL.MT.CE.AR5",0,-33.9727
"6788","YR2020","PAN","EN.GHG.CO2.LU.DF.MT.CE.AR5",0,7.1322
"6789","YR2020","PAN","EN.GHG.CO2.LU.OL.MT.CE.AR5",0,0.6025
"6790","YR2021","PAN","EN.GHG.CO2.LU.MT.CE.AR5",0,-27.9214
"6791","YR2021","PAN","EN.GHG.CO2.LU.FL.MT.CE.AR5",0,-35.7787
"6792","YR2021","PAN","EN.GHG.CO2.LU.DF.MT.CE.AR5",0,6.8321
"6793","YR2021","PAN","EN.GHG.CO2.LU.OL.MT.CE.AR5",0,1.0252
"6794","YR2022","PAN","EN.GHG.CO2.LU.MT.CE.AR5",0,-27.9214
"6795","YR2022","PAN","EN.GHG.CO2.LU.FL.MT.CE.AR5",0,-35.7787
"6796","YR2022","PAN","EN.GHG.CO2.LU.DF.MT.CE.AR5",0,6.8321
"6797","YR2022","PAN","EN.GHG.CO2.LU.OL.MT.CE.AR5",0,1.0252
"6798","YR2023","PAN","EN.GHG.CO2.LU.MT.CE.AR5",0,-27.9214
"6799","YR2023","PAN","EN.GHG.CO2.LU.FL.MT.CE.AR5",0,-35.7787
"6800","YR2023","PAN","EN.GHG.CO2.LU.DF.MT.CE.AR5",0,6.8321
"6801","YR2023","PAN","EN.GHG.CO2.LU.OL.MT.CE.AR5",0,1.0252
"6802","YR2000","PRY","EN.GHG.CO2.LU.MT.CE.AR5",0,19.4726
"6803","YR2000","PRY","EN.GHG.CO2.LU.FL.MT.CE.AR5",0,-25.288
"6804","YR2000","PRY","EN.GHG.CO2.LU.DF.MT.CE.AR5",0,44.6251
"6805","YR2000","PRY","EN.GHG.CO2.LU.OL.MT.CE.AR5",0,0.1355
"6806","YR2001","PRY","EN.GHG.CO2.LU.MT.CE.AR5",0,20.2554
"6807","YR2001","PRY","EN.GHG.CO2.LU.FL.MT.CE.AR5",0,-24.4405
"6808","YR2001","PRY","EN.GHG.CO2.LU.DF.MT.CE.AR5",0,44.6394
"6809","YR2001","PRY","EN.GHG.CO2.LU.OL.MT.CE.AR5",0,0.0565
"6810","YR2002","PRY","EN.GHG.CO2.LU.MT.CE.AR5",0,19.7433
"6811","YR2002","PRY","EN.GHG.CO2.LU.FL.MT.CE.AR5",0,-25.5037
"6812","YR2002","PRY","EN.GHG.CO2.LU.DF.MT.CE.AR5",0,44.7085
"6813","YR2002","PRY","EN.GHG.CO2.LU.OL.MT.CE.AR5",0,0.5385
"6814","YR2003","PRY","EN.GHG.CO2.LU.MT.CE.AR5",0,20.6741
"6815","YR2003","PRY","EN.GHG.CO2.LU.FL.MT.CE.AR5",0,-24.3258
"6816","YR2003","PRY","EN.GHG.CO2.LU.DF.MT.CE.AR5",0,44.8175
"6817","YR2003","PRY","EN.GHG.CO2.LU.OL.MT.CE.AR5",0,0.1824
"6818","YR2004","PRY","EN.GHG.CO2.LU.MT.CE.AR5",0,21.6931
"6819","YR2004","PRY","EN.GHG.CO2.LU.FL.MT.CE.AR5",0,-23.1491
"6820","YR2004","PRY","EN.GHG.CO2.LU.DF.MT.CE.AR5",0,44.8759
"6821","YR2004","PRY","EN.GHG.CO2.LU.OL.MT.CE.AR5",0,-0.0336
"6822","YR2005","PRY","EN.GHG.CO2.LU.MT.CE.AR5",0,23.2547
"6823","YR2005","PRY","EN.GHG.CO2.LU.FL.MT.CE.AR5",0,-21.6148
"6824","YR2005","PRY","EN.GHG.CO2.LU.DF.MT.CE.AR5",0,44.9584
"6825","YR2005","PRY","EN.GHG.CO2.LU.OL.MT.CE.AR5",0,-0.089
"6826","YR2006","PRY","EN.GHG.CO2.LU.MT.CE.AR5",0,45.4342
"6827","YR2006","PRY","EN.GHG.CO2.LU.FL.MT.CE.AR5",0,-25.3829
"6828","YR2006","PRY","EN.GHG.CO2.LU.DF.MT.CE.AR5",0,67.7224
"6829","YR2006","PRY","EN.GHG.CO2.LU.OL.MT.CE.AR5",0,3.0947
"6830","YR2007","PRY","EN.GHG.CO2.LU.MT.CE.AR5",0,47.2525
"6831","YR2007","PRY","EN.GHG.CO2.LU.FL.MT.CE.AR5",0,-23.6066
"6832","YR2007","PRY","EN.GHG.CO2.LU.DF.MT.CE.AR5",0,67.783
"6833","YR2007","PRY","EN.GHG.CO2.LU.OL.MT.CE.AR5",0,3.076
"6834","YR2008","PRY","EN.GHG.CO2.LU.MT.CE.AR5",0,45.449
"6835","YR2008","PRY","EN.GHG.CO2.LU.FL.MT.CE.AR5",0,-23.6555
"6836","YR2008","PRY","EN.GHG.CO2.LU.DF.MT.CE.AR5",0,67.7489
"6837","YR2008","PRY","EN.GHG.CO2.LU.OL.MT.CE.AR5",0,1.3556
"6838","YR2009","PRY","EN.GHG.CO2.LU.MT.CE.AR5",0,46.0768
"6839","YR2009","PRY","EN.GHG.CO2.LU.FL.MT.CE.AR5",0,-23.15
"6840","YR2009","PRY","EN.GHG.CO2.LU.DF.MT.CE.AR5",0,67.861
"6841","YR2009","PRY","EN.GHG.CO2.LU.OL.MT.CE.AR5",0,1.3658
"6842","YR2010","PRY","EN.GHG.CO2.LU.MT.CE.AR5",0,47.4119
"6843","YR2010","PRY","EN.GHG.CO2.LU.FL.MT.CE.AR5",0,-22.3556
"6844","YR2010","PRY","EN.GHG.CO2.LU.DF.MT.CE.AR5",0,67.8787
"6845","YR2010","PRY","EN.GHG.CO2.LU.OL.MT.CE.AR5",0,1.8888
"6846","YR2011","PRY","EN.GHG.CO2.LU.MT.CE.AR5",0,46.8991
"6847","YR2011","PRY","EN.GHG.CO2.LU.FL.MT.CE.AR5",0,-22.4513
"6848","YR2011","PRY","EN.GHG.CO2.LU.DF.MT.CE.AR5",0,67.9053
"6849","YR2011","PRY","EN.GHG.CO2.LU.OL.MT.CE.AR5",0,1.4451
"6850","YR2012","PRY","EN.GHG.CO2.LU.MT.CE.AR5",0,35.4999
"6851","YR2012","PRY","EN.GHG.CO2.LU.FL.MT.CE.AR5",0,-21.5621
"6852","YR2012","PRY","EN.GHG.CO2.LU.DF.MT.CE.AR5",0,56.6052
"6853","YR2012","PRY","EN.GHG.CO2.LU.OL.MT.CE.AR5",0,0.4568
"6854","YR2013","PRY","EN.GHG.CO2.LU.MT.CE.AR5",0,35.1801
"6855","YR2013","PRY","EN.GHG.CO2.LU.FL.MT.CE.AR5",0,-20.9306
"6856","YR2013","PRY","EN.GHG.CO2.LU.DF.MT.CE.AR5",0,56.6412
"6857","YR2013","PRY","EN.GHG.CO2.LU.OL.MT.CE.AR5",0,-0.5304
"6858","YR2014","PRY","EN.GHG.CO2.LU.MT.CE.AR5",0,40.8314
"6859","YR2014","PRY","EN.GHG.CO2.LU.FL.MT.CE.AR5",0,-22.5356
"6860","YR2014","PRY","EN.GHG.CO2.LU.DF.MT.CE.AR5",0,65.3239
"6861","YR2014","PRY","EN.GHG.CO2.LU.OL.MT.CE.AR5",0,-1.957
"6862","YR2015","PRY","EN.GHG.CO2.LU.MT.CE.AR5",0,41.3723
"6863","YR2015","PRY","EN.GHG.CO2.LU.FL.MT.CE.AR5",0,-21.3192
"6864","YR2015","PRY","EN.GHG.CO2.LU.DF.MT.CE.AR5",0,65.2837
"6865","YR2015","PRY","EN.GHG.CO2.LU.OL.MT.CE.AR5",0,-2.5922
"6866","YR2016","PRY","EN.GHG.CO2.LU.MT.CE.AR5",0,23.2305
"6867","YR2016","PRY","EN.GHG.CO2.LU.FL.MT.CE.AR5",0,-23.2464
"6868","YR2016","PRY","EN.GHG.CO2.LU.DF.MT.CE.AR5",0,49.4884
"6869","YR2016","PRY","EN.GHG.CO2.LU.OL.MT.CE.AR5",0,-3.0115
"6870","YR2017","PRY","EN.GHG.CO2.LU.MT.CE.AR5",0,21.9054
"6871","YR2017","PRY","EN.GHG.CO2.LU.FL.MT.CE.AR5",0,-23.0078
"6872","YR2017","PRY","EN.GHG.CO2.LU.DF.MT.CE.AR5",0,49.4194
"6873","YR2017","PRY","EN.GHG.CO2.LU.OL.MT.CE.AR5",0,-4.5062
"6874","YR2018","PRY","EN.GHG.CO2.LU.MT.CE.AR5",0,21.8807
"6875","YR2018","PRY","EN.GHG.CO2.LU.FL.MT.CE.AR5",0,-23.3898
"6876","YR2018","PRY","EN.GHG.CO2.LU.DF.MT.CE.AR5",0,49.9311
"6877","YR2018","PRY","EN.GHG.CO2.LU.OL.MT.CE.AR5",0,-4.6607
"6878","YR2019","PRY","EN.GHG.CO2.LU.MT.CE.AR5",0,22.5562
"6879","YR2019","PRY","EN.GHG.CO2.LU.FL.MT.CE.AR5",0,-23.034
"6880","YR2019","PRY","EN.GHG.CO2.LU.DF.MT.CE.AR5",0,49.9061
"6881","YR2019","PRY","EN.GHG.CO2.LU.OL.MT.CE.AR5",0,-4.3159
"6882","YR2020","PRY","EN.GHG.CO2.LU.MT.CE.AR5",0,11.2244
"6883","YR2020","PRY","EN.GHG.CO2.LU.FL.MT.CE.AR5",0,-23.0317
"6884","YR2020","PRY","EN.GHG.CO2.LU.DF.MT.CE.AR5",0,40.8602
"6885","YR2020","PRY","EN.GHG.CO2.LU.OL.MT.CE.AR5",0,-6.6041
"6886","YR2021","PRY","EN.GHG.CO2.LU.MT.CE.AR5",0,4.6994
"6887","YR2021","PRY","EN.GHG.CO2.LU.FL.MT.CE.AR5",0,-21.5215
"6888","YR2021","PRY","EN.GHG.CO2.LU.DF.MT.CE.AR5",0,32.5338
"6889","YR2021","PRY","EN.GHG.CO2.LU.OL.MT.CE.AR5",0,-6.3129
"6890","YR2022","PRY","EN.GHG.CO2.LU.MT.CE.AR5",0,4.6994
"6891","YR2022","PRY","EN.GHG.CO2.LU.FL.MT.CE.AR5",0,-21.5215
"6892","YR2022","PRY","EN.GHG.CO2.LU.DF.MT.CE.AR5",0,32.5338
"6893","YR2022","PRY","EN.GHG.CO2.LU.OL.MT.CE.AR5",0,-6.3129
"6894","YR2023","PRY","EN.GHG.CO2.LU.MT.CE.AR5",0,4.6994
"6895","YR2023","PRY","EN.GHG.CO2.LU.FL.MT.CE.AR5",0,-21.5215
"6896","YR2023","PRY","EN.GHG.CO2.LU.DF.MT.CE.AR5",0,32.5338
"6897","YR2023","PRY","EN.GHG.CO2.LU.OL.MT.CE.AR5",0,-6.3129
"6898","YR2000","SGP","EN.GHG.CO2.LU.MT.CE.AR5",0,-0.0068
"6899","YR2000","SGP","EN.GHG.CO2.LU.FL.MT.CE.AR5",0,-0.0848
"6900","YR2000","SGP","EN.GHG.CO2.LU.DF.MT.CE.AR5",0,0.0015
"6901","YR2000","SGP","EN.GHG.CO2.LU.OS.MT.CE.AR5",0,-0.0019
"6902","YR2000","SGP","EN.GHG.CO2.LU.OL.MT.CE.AR5",0,0.0784
"6903","YR2001","SGP","EN.GHG.CO2.LU.MT.CE.AR5",0,-0.0812
"6904","YR2001","SGP","EN.GHG.CO2.LU.FL.MT.CE.AR5",0,-0.0855
"6905","YR2001","SGP","EN.GHG.CO2.LU.DF.MT.CE.AR5",0,0.0013
"6906","YR2001","SGP","EN.GHG.CO2.LU.OS.MT.CE.AR5",0,-0.0018
"6907","YR2001","SGP","EN.GHG.CO2.LU.OL.MT.CE.AR5",0,0.0049
"6908","YR2002","SGP","EN.GHG.CO2.LU.MT.CE.AR5",0,-0.0379
"6909","YR2002","SGP","EN.GHG.CO2.LU.FL.MT.CE.AR5",0,-0.0841
"6910","YR2002","SGP","EN.GHG.CO2.LU.DF.MT.CE.AR5",0,0.003
"6911","YR2002","SGP","EN.GHG.CO2.LU.OS.MT.CE.AR5",0,-0.0014
"6912","YR2002","SGP","EN.GHG.CO2.LU.OL.MT.CE.AR5",0,0.0446
"6913","YR2003","SGP","EN.GHG.CO2.LU.MT.CE.AR5",0,-0.0621
"6914","YR2003","SGP","EN.GHG.CO2.LU.FL.MT.CE.AR5",0,-0.0854
"6915","YR2003","SGP","EN.GHG.CO2.LU.DF.MT.CE.AR5",0,0.0021
"6916","YR2003","SGP","EN.GHG.CO2.LU.OS.MT.CE.AR5",0,0.0045
"6917","YR2003","SGP","EN.GHG.CO2.LU.OL.MT.CE.AR5",0,0.0167
"6918","YR2004","SGP","EN.GHG.CO2.LU.MT.CE.AR5",0,-0.0718
"6919","YR2004","SGP","EN.GHG.CO2.LU.FL.MT.CE.AR5",0,-0.0909
"6920","YR2004","SGP","EN.GHG.CO2.LU.DF.MT.CE.AR5",0,0.0016
"6921","YR2004","SGP","EN.GHG.CO2.LU.OS.MT.CE.AR5",0,-0.0015
"6922","YR2004","SGP","EN.GHG.CO2.LU.OL.MT.CE.AR5",0,0.0191
"6923","YR2005","SGP","EN.GHG.CO2.LU.MT.CE.AR5",0,-0.127
"6924","YR2005","SGP","EN.GHG.CO2.LU.FL.MT.CE.AR5",0,-0.0909
"6925","YR2005","SGP","EN.GHG.CO2.LU.DF.MT.CE.AR5",0,0.0009
"6926","YR2005","SGP","EN.GHG.CO2.LU.OS.MT.CE.AR5",0,-0.0011
"6927","YR2005","SGP","EN.GHG.CO2.LU.OL.MT.CE.AR5",0,-0.0359
"6928","YR2006","SGP","EN.GHG.CO2.LU.MT.CE.AR5",0,-0.0878
"6929","YR2006","SGP","EN.GHG.CO2.LU.FL.MT.CE.AR5",0,-0.0942
"6930","YR2006","SGP","EN.GHG.CO2.LU.DF.MT.CE.AR5",0,0.0011
"6931","YR2006","SGP","EN.GHG.CO2.LU.OS.MT.CE.AR5",0,-0.0002
"6932","YR2006","SGP","EN.GHG.CO2.LU.OL.MT.CE.AR5",0,0.0055
"6933","YR2007","SGP","EN.GHG.CO2.LU.MT.CE.AR5",0,-0.0825
"6934","YR2007","SGP","EN.GHG.CO2.LU.FL.MT.CE.AR5",0,-0.0954
"6935","YR2007","SGP","EN.GHG.CO2.LU.DF.MT.CE.AR5",0,0.0012
"6936","YR2007","SGP","EN.GHG.CO2.LU.OS.MT.CE.AR5",0,-0.0024
"6937","YR2007","SGP","EN.GHG.CO2.LU.OL.MT.CE.AR5",0,0.0141
"6938","YR2008","SGP","EN.GHG.CO2.LU.MT.CE.AR5",0,-0.0486
"6939","YR2008","SGP","EN.GHG.CO2.LU.FL.MT.CE.AR5",0,-0.0934
"6940","YR2008","SGP","EN.GHG.CO2.LU.DF.MT.CE.AR5",0,0.0042
"6941","YR2008","SGP","EN.GHG.CO2.LU.OS.MT.CE.AR5",0,-0.0013
"6942","YR2008","SGP","EN.GHG.CO2.LU.OL.MT.CE.AR5",0,0.0419
"6943","YR2009","SGP","EN.GHG.CO2.LU.MT.CE.AR5",0,-0.0463
"6944","YR2009","SGP","EN.GHG.CO2.LU.FL.MT.CE.AR5",0,-0.0913
"6945","YR2009","SGP","EN.GHG.CO2.LU.DF.MT.CE.AR5",0,0.002
"6946","YR2009","SGP","EN.GHG.CO2.LU.OS.MT.CE.AR5",0,0.0014
"6947","YR2009","SGP","EN.GHG.CO2.LU.OL.MT.CE.AR5",0,0.0416
"6948","YR2010","SGP","EN.GHG.CO2.LU.MT.CE.AR5",0,-0.0681
"6949","YR2010","SGP","EN.GHG.CO2.LU.FL.MT.CE.AR5",0,-0.0955
"6950","YR2010","SGP","EN.GHG.CO2.LU.DF.MT.CE.AR5",0,0.0004
"6951","YR2010","SGP","EN.GHG.CO2.LU.OS.MT.CE.AR5",0,0.0024
"6952","YR2010","SGP","EN.GHG.CO2.LU.OL.MT.CE.AR5",0,0.0246
"6953","YR2011","SGP","EN.GHG.CO2.LU.MT.CE.AR5",0,-0.0418
"6954","YR2011","SGP","EN.GHG.CO2.LU.FL.MT.CE.AR5",0,-0.0928
"6955","YR2011","SGP","EN.GHG.CO2.LU.DF.MT.CE.AR5",0,0.0005
"6956","YR2011","SGP","EN.GHG.CO2.LU.OS.MT.CE.AR5",0,-0.0015
"6957","YR2011","SGP","EN.GHG.CO2.LU.OL.MT.CE.AR5",0,0.0521
"6958","YR2012","SGP","EN.GHG.CO2.LU.MT.CE.AR5",0,-0.0677
"6959","YR2012","SGP","EN.GHG.CO2.LU.FL.MT.CE.AR5",0,-0.094
"6960","YR2012","SGP","EN.GHG.CO2.LU.DF.MT.CE.AR5",0,0.0005
"6961","YR2012","SGP","EN.GHG.CO2.LU.OS.MT.CE.AR5",0,-0.0021
"6962","YR2012","SGP","EN.GHG.CO2.LU.OL.MT.CE.AR5",0,0.028
"6963","YR2013","SGP","EN.GHG.CO2.LU.MT.CE.AR5",0,-0.0042
"6964","YR2013","SGP","EN.GHG.CO2.LU.FL.MT.CE.AR5",0,-0.0928
"6965","YR2013","SGP","EN.GHG.CO2.LU.DF.MT.CE.AR5",0,0.0002
"6966","YR2013","SGP","EN.GHG.CO2.LU.OS.MT.CE.AR5",0,-0.0017
"6967","YR2013","SGP","EN.GHG.CO2.LU.OL.MT.CE.AR5",0,0.0901
"6968","YR2014","SGP","EN.GHG.CO2.LU.MT.CE.AR5",0,0.0126
"6969","YR2014","SGP","EN.GHG.CO2.LU.FL.MT.CE.AR5",0,-0.0887
"6970","YR2014","SGP","EN.GHG.CO2.LU.DF.MT.CE.AR5",0,0.0002
"6971","YR2014","SGP","EN.GHG.CO2.LU.OS.MT.CE.AR5",0,0.0019
"6972","YR2014","SGP","EN.GHG.CO2.LU.OL.MT.CE.AR5",0,0.0992
"6973","YR2015","SGP","EN.GHG.CO2.LU.MT.CE.AR5",0,0.0803
"6974","YR2015","SGP","EN.GHG.CO2.LU.FL.MT.CE.AR5",0,-0.0817
"6975","YR2015","SGP","EN.GHG.CO2.LU.DF.MT.CE.AR5",0,0.001
"6976","YR2015","SGP","EN.GHG.CO2.LU.OS.MT.CE.AR5",0,-0.0009
"6977","YR2015","SGP","EN.GHG.CO2.LU.OL.MT.CE.AR5",0,0.1619
"6978","YR2016","SGP","EN.GHG.CO2.LU.MT.CE.AR5",0,-0.0389
"6979","YR2016","SGP","EN.GHG.CO2.LU.FL.MT.CE.AR5",0,-0.0803
"6980","YR2016","SGP","EN.GHG.CO2.LU.DF.MT.CE.AR5",0,0.0005
"6981","YR2016","SGP","EN.GHG.CO2.LU.OS.MT.CE.AR5",0,-0.0014
"6982","YR2016","SGP","EN.GHG.CO2.LU.OL.MT.CE.AR5",0,0.0422
"6983","YR2017","SGP","EN.GHG.CO2.LU.MT.CE.AR5",0,-0.0001
"6984","YR2017","SGP","EN.GHG.CO2.LU.FL.MT.CE.AR5",0,-0.0841
"6985","YR2017","SGP","EN.GHG.CO2.LU.DF.MT.CE.AR5",0,0
"6986","YR2017","SGP","EN.GHG.CO2.LU.OS.MT.CE.AR5",0,-0.0018
"6987","YR2017","SGP","EN.GHG.CO2.LU.OL.MT.CE.AR5",0,0.0857
"6988","YR2018","SGP","EN.GHG.CO2.LU.MT.CE.AR5",0,0.0045
"6989","YR2018","SGP","EN.GHG.CO2.LU.FL.MT.CE.AR5",0,-0.0819
"6990","YR2018","SGP","EN.GHG.CO2.LU.DF.MT.CE.AR5",0,0.0001
"6991","YR2018","SGP","EN.GHG.CO2.LU.OS.MT.CE.AR5",0,-0.0018
"6992","YR2018","SGP","EN.GHG.CO2.LU.OL.MT.CE.AR5",0,0.0881
"6993","YR2019","SGP","EN.GHG.CO2.LU.MT.CE.AR5",0,0.0102
"6994","YR2019","SGP","EN.GHG.CO2.LU.FL.MT.CE.AR5",0,-0.0799
"6995","YR2019","SGP","EN.GHG.CO2.LU.DF.MT.CE.AR5",0,0.0001
"6996","YR2019","SGP","EN.GHG.CO2.LU.OS.MT.CE.AR5",0,-0.0017
"6997","YR2019","SGP","EN.GHG.CO2.LU.OL.MT.CE.AR5",0,0.0918
"6998","YR2020","SGP","EN.GHG.CO2.LU.MT.CE.AR5",0,0.0171
"6999","YR2020","SGP","EN.GHG.CO2.LU.FL.MT.CE.AR5",0,-0.0772
"7000","YR2020","SGP","EN.GHG.CO2.LU.DF.MT.CE.AR5",0,0.0001
"7001","YR2020","SGP","EN.GHG.CO2.LU.OS.MT.CE.AR5",0,-0.0018
"7002","YR2020","SGP","EN.GHG.CO2.LU.OL.MT.CE.AR5",0,0.0961
"7003","YR2021","SGP","EN.GHG.CO2.LU.MT.CE.AR5",0,0.0243
"7004","YR2021","SGP","EN.GHG.CO2.LU.FL.MT.CE.AR5",0,-0.0754
"7005","YR2021","SGP","EN.GHG.CO2.LU.DF.MT.CE.AR5",0,0
"7006","YR2021","SGP","EN.GHG.CO2.LU.OS.MT.CE.AR5",0,-0.0019
"7007","YR2021","SGP","EN.GHG.CO2.LU.OL.MT.CE.AR5",0,0.1016
"7008","YR2022","SGP","EN.GHG.CO2.LU.MT.CE.AR5",0,0.0309
"7009","YR2022","SGP","EN.GHG.CO2.LU.FL.MT.CE.AR5",0,-0.0735
"7010","YR2022","SGP","EN.GHG.CO2.LU.DF.MT.CE.AR5",0,0
"7011","YR2022","SGP","EN.GHG.CO2.LU.OS.MT.CE.AR5",0,-0.0019
"7012","YR2022","SGP","EN.GHG.CO2.LU.OL.MT.CE.AR5",0,0.1062
"7013","YR2023","SGP","EN.GHG.CO2.LU.MT.CE.AR5",0,0.0309
"7014","YR2023","SGP","EN.GHG.CO2.LU.FL.MT.CE.AR5",0,-0.0735
"7015","YR2023","SGP","EN.GHG.CO2.LU.DF.MT.CE.AR5",0,0
"7016","YR2023","SGP","EN.GHG.CO2.LU.OS.MT.CE.AR5",0,-0.0019
"7017","YR2023","SGP","EN.GHG.CO2.LU.OL.MT.CE.AR5",0,0.1062
"7018","YR2000","SRB","EN.GHG.CO2.LU.MT.CE.AR5",0,-4.1505
"7019","YR2000","SRB","EN.GHG.CO2.LU.FL.MT.CE.AR5",0,-5.602
"7020","YR2000","SRB","EN.GHG.CO2.LU.DF.MT.CE.AR5",0,0.1818
"7021","YR2000","SRB","EN.GHG.CO2.LU.OL.MT.CE.AR5",0,1.3031
"7022","YR2001","SRB","EN.GHG.CO2.LU.MT.CE.AR5",0,-8.825
"7023","YR2001","SRB","EN.GHG.CO2.LU.FL.MT.CE.AR5",0,-8.9315
"7024","YR2001","SRB","EN.GHG.CO2.LU.DF.MT.CE.AR5",0,0.0056
"7025","YR2001","SRB","EN.GHG.CO2.LU.OL.MT.CE.AR5",0,0.2389
"7026","YR2002","SRB","EN.GHG.CO2.LU.MT.CE.AR5",0,-6.8387
"7027","YR2002","SRB","EN.GHG.CO2.LU.FL.MT.CE.AR5",0,-7.3005
"7028","YR2002","SRB","EN.GHG.CO2.LU.DF.MT.CE.AR5",0,0.0068
"7029","YR2002","SRB","EN.GHG.CO2.LU.OL.MT.CE.AR5",0,0.5491
"7030","YR2003","SRB","EN.GHG.CO2.LU.MT.CE.AR5",0,-5.4103
"7031","YR2003","SRB","EN.GHG.CO2.LU.FL.MT.CE.AR5",0,-5.5689
"7032","YR2003","SRB","EN.GHG.CO2.LU.DF.MT.CE.AR5",0,0.0081
"7033","YR2003","SRB","EN.GHG.CO2.LU.OL.MT.CE.AR5",0,0.2414
"7034","YR2004","SRB","EN.GHG.CO2.LU.MT.CE.AR5",0,-5.4114
"7035","YR2004","SRB","EN.GHG.CO2.LU.FL.MT.CE.AR5",0,-5.5664
"7036","YR2004","SRB","EN.GHG.CO2.LU.DF.MT.CE.AR5",0,0.0094
"7037","YR2004","SRB","EN.GHG.CO2.LU.OL.MT.CE.AR5",0,0.205
"7038","YR2005","SRB","EN.GHG.CO2.LU.MT.CE.AR5",0,-6.2437
"7039","YR2005","SRB","EN.GHG.CO2.LU.FL.MT.CE.AR5",0,-6.3174
"7040","YR2005","SRB","EN.GHG.CO2.LU.DF.MT.CE.AR5",0,0.0107
"7041","YR2005","SRB","EN.GHG.CO2.LU.OL.MT.CE.AR5",0,0.2114
"7042","YR2006","SRB","EN.GHG.CO2.LU.MT.CE.AR5",0,-5.7371
"7043","YR2006","SRB","EN.GHG.CO2.LU.FL.MT.CE.AR5",0,-5.9047
"7044","YR2006","SRB","EN.GHG.CO2.LU.DF.MT.CE.AR5",0,0.0375
"7045","YR2006","SRB","EN.GHG.CO2.LU.OL.MT.CE.AR5",0,0.2728
"7046","YR2007","SRB","EN.GHG.CO2.LU.MT.CE.AR5",0,-5.234
"7047","YR2007","SRB","EN.GHG.CO2.LU.FL.MT.CE.AR5",0,-8.1205
"7048","YR2007","SRB","EN.GHG.CO2.LU.DF.MT.CE.AR5",0,0.0878
"7049","YR2007","SRB","EN.GHG.CO2.LU.OL.MT.CE.AR5",0,2.9422
"7050","YR2008","SRB","EN.GHG.CO2.LU.MT.CE.AR5",0,-6.5291
"7051","YR2008","SRB","EN.GHG.CO2.LU.FL.MT.CE.AR5",0,-6.5817
"7052","YR2008","SRB","EN.GHG.CO2.LU.DF.MT.CE.AR5",0,0.089
"7053","YR2008","SRB","EN.GHG.CO2.LU.OL.MT.CE.AR5",0,0.2549
"7054","YR2009","SRB","EN.GHG.CO2.LU.MT.CE.AR5",0,-6.4311
"7055","YR2009","SRB","EN.GHG.CO2.LU.FL.MT.CE.AR5",0,-6.4538
"7056","YR2009","SRB","EN.GHG.CO2.LU.DF.MT.CE.AR5",0,0.0903
"7057","YR2009","SRB","EN.GHG.CO2.LU.OL.MT.CE.AR5",0,0.3079
"7058","YR2010","SRB","EN.GHG.CO2.LU.MT.CE.AR5",0,-6.0768
"7059","YR2010","SRB","EN.GHG.CO2.LU.FL.MT.CE.AR5",0,-6.1779
"7060","YR2010","SRB","EN.GHG.CO2.LU.DF.MT.CE.AR5",0,0.0915
"7061","YR2010","SRB","EN.GHG.CO2.LU.OL.MT.CE.AR5",0,0.2883
"7062","YR2011","SRB","EN.GHG.CO2.LU.MT.CE.AR5",0,-5.6792
"7063","YR2011","SRB","EN.GHG.CO2.LU.FL.MT.CE.AR5",0,-5.8436
"7064","YR2011","SRB","EN.GHG.CO2.LU.DF.MT.CE.AR5",0,0.0946
"7065","YR2011","SRB","EN.GHG.CO2.LU.OL.MT.CE.AR5",0,0.477
"7066","YR2012","SRB","EN.GHG.CO2.LU.MT.CE.AR5",0,-4.8304
"7067","YR2012","SRB","EN.GHG.CO2.LU.FL.MT.CE.AR5",0,-5.7904
"7068","YR2012","SRB","EN.GHG.CO2.LU.DF.MT.CE.AR5",0,0.0958
"7069","YR2012","SRB","EN.GHG.CO2.LU.OL.MT.CE.AR5",0,1.2139
"7070","YR2013","SRB","EN.GHG.CO2.LU.MT.CE.AR5",0,-5.7164
"7071","YR2013","SRB","EN.GHG.CO2.LU.FL.MT.CE.AR5",0,-5.8114
"7072","YR2013","SRB","EN.GHG.CO2.LU.DF.MT.CE.AR5",0,0.097
"7073","YR2013","SRB","EN.GHG.CO2.LU.OL.MT.CE.AR5",0,0.302
"7074","YR2014","SRB","EN.GHG.CO2.LU.MT.CE.AR5",0,-5.8153
"7075","YR2014","SRB","EN.GHG.CO2.LU.FL.MT.CE.AR5",0,-5.8065
"7076","YR2014","SRB","EN.GHG.CO2.LU.DF.MT.CE.AR5",0,0.0982
"7077","YR2014","SRB","EN.GHG.CO2.LU.OL.MT.CE.AR5",0,0.2499
"7078","YR2015","SRB","EN.GHG.CO2.LU.MT.CE.AR5",0,-5.3046
"7079","YR2015","SRB","EN.GHG.CO2.LU.FL.MT.CE.AR5",0,-5.476
"7080","YR2015","SRB","EN.GHG.CO2.LU.DF.MT.CE.AR5",0,0.1042
"7081","YR2015","SRB","EN.GHG.CO2.LU.OL.MT.CE.AR5",0,0.4454
"7082","YR2016","SRB","EN.GHG.CO2.LU.MT.CE.AR5",0,-4.9662
"7083","YR2016","SRB","EN.GHG.CO2.LU.FL.MT.CE.AR5",0,-5.0993
"7084","YR2016","SRB","EN.GHG.CO2.LU.DF.MT.CE.AR5",0,0.1059
"7085","YR2016","SRB","EN.GHG.CO2.LU.OL.MT.CE.AR5",0,0.3416
"7086","YR2017","SRB","EN.GHG.CO2.LU.MT.CE.AR5",0,-5.0815
"7087","YR2017","SRB","EN.GHG.CO2.LU.FL.MT.CE.AR5",0,-5.1593
"7088","YR2017","SRB","EN.GHG.CO2.LU.DF.MT.CE.AR5",0,0.1076
"7089","YR2017","SRB","EN.GHG.CO2.LU.OL.MT.CE.AR5",0,0.3094
"7090","YR2018","SRB","EN.GHG.CO2.LU.MT.CE.AR5",0,-4.8414
"7091","YR2018","SRB","EN.GHG.CO2.LU.FL.MT.CE.AR5",0,-4.9143
"7092","YR2018","SRB","EN.GHG.CO2.LU.DF.MT.CE.AR5",0,0.1093
"7093","YR2018","SRB","EN.GHG.CO2.LU.OL.MT.CE.AR5",0,0.3102
"7094","YR2019","SRB","EN.GHG.CO2.LU.MT.CE.AR5",0,-5.1188
"7095","YR2019","SRB","EN.GHG.CO2.LU.FL.MT.CE.AR5",0,-5.1618
"7096","YR2019","SRB","EN.GHG.CO2.LU.DF.MT.CE.AR5",0,0.111
"7097","YR2019","SRB","EN.GHG.CO2.LU.OL.MT.CE.AR5",0,0.3109
"7098","YR2020","SRB","EN.GHG.CO2.LU.MT.CE.AR5",0,-4.9691
"7099","YR2020","SRB","EN.GHG.CO2.LU.FL.MT.CE.AR5",0,-5.1032
"7100","YR2020","SRB","EN.GHG.CO2.LU.DF.MT.CE.AR5",0,0.1127
"7101","YR2020","SRB","EN.GHG.CO2.LU.OL.MT.CE.AR5",0,0.3115
"7102","YR2021","SRB","EN.GHG.CO2.LU.MT.CE.AR5",0,-5.0034
"7103","YR2021","SRB","EN.GHG.CO2.LU.FL.MT.CE.AR5",0,-5.1608
"7104","YR2021","SRB","EN.GHG.CO2.LU.DF.MT.CE.AR5",0,0.1147
"7105","YR2021","SRB","EN.GHG.CO2.LU.OL.MT.CE.AR5",0,0.3058
"7106","YR2022","SRB","EN.GHG.CO2.LU.MT.CE.AR5",0,-4.5703
"7107","YR2022","SRB","EN.GHG.CO2.LU.FL.MT.CE.AR5",0,-4.7404
"7108","YR2022","SRB","EN.GHG.CO2.LU.DF.MT.CE.AR5",0,0.1166
"7109","YR2022","SRB","EN.GHG.CO2.LU.OL.MT.CE.AR5",0,0.3
"7110","YR2023","SRB","EN.GHG.CO2.LU.MT.CE.AR5",0,-4.5703
"7111","YR2023","SRB","EN.GHG.CO2.LU.FL.MT.CE.AR5",0,-4.7404
"7112","YR2023","SRB","EN.GHG.CO2.LU.DF.MT.CE.AR5",0,0.1166
"7113","YR2023","SRB","EN.GHG.CO2.LU.OL.MT.CE.AR5",0,0.3
"7114","YR2000","TJK","EN.GHG.CO2.LU.MT.CE.AR5",0,1.4838
"7115","YR2000","TJK","EN.GHG.CO2.LU.FL.MT.CE.AR5",0,-1.5548
"7116","YR2000","TJK","EN.GHG.CO2.LU.OL.MT.CE.AR5",0,3.0386
"7117","YR2001","TJK","EN.GHG.CO2.LU.MT.CE.AR5",0,1.5807
"7118","YR2001","TJK","EN.GHG.CO2.LU.FL.MT.CE.AR5",0,-1.5642
"7119","YR2001","TJK","EN.GHG.CO2.LU.OL.MT.CE.AR5",0,3.1449
"7120","YR2002","TJK","EN.GHG.CO2.LU.MT.CE.AR5",0,1.6329
"7121","YR2002","TJK","EN.GHG.CO2.LU.FL.MT.CE.AR5",0,-1.5705
"7122","YR2002","TJK","EN.GHG.CO2.LU.OL.MT.CE.AR5",0,3.2034
"7123","YR2003","TJK","EN.GHG.CO2.LU.MT.CE.AR5",0,1.6853
"7124","YR2003","TJK","EN.GHG.CO2.LU.FL.MT.CE.AR5",0,-1.5768
"7125","YR2003","TJK","EN.GHG.CO2.LU.OL.MT.CE.AR5",0,3.2621
"7126","YR2004","TJK","EN.GHG.CO2.LU.MT.CE.AR5",0,1.7376
"7127","YR2004","TJK","EN.GHG.CO2.LU.FL.MT.CE.AR5",0,-1.5832
"7128","YR2004","TJK","EN.GHG.CO2.LU.OL.MT.CE.AR5",0,3.3208
"7129","YR2005","TJK","EN.GHG.CO2.LU.MT.CE.AR5",0,1.7902
"7130","YR2005","TJK","EN.GHG.CO2.LU.FL.MT.CE.AR5",0,-1.5895
"7131","YR2005","TJK","EN.GHG.CO2.LU.OL.MT.CE.AR5",0,3.3796
"7132","YR2006","TJK","EN.GHG.CO2.LU.MT.CE.AR5",0,1.8428
"7133","YR2006","TJK","EN.GHG.CO2.LU.FL.MT.CE.AR5",0,-1.5958
"7134","YR2006","TJK","EN.GHG.CO2.LU.OL.MT.CE.AR5",0,3.4386
"7135","YR2007","TJK","EN.GHG.CO2.LU.MT.CE.AR5",0,1.8949
"7136","YR2007","TJK","EN.GHG.CO2.LU.FL.MT.CE.AR5",0,-1.6021
"7137","YR2007","TJK","EN.GHG.CO2.LU.OL.MT.CE.AR5",0,3.497
"7138","YR2008","TJK","EN.GHG.CO2.LU.MT.CE.AR5",0,1.9475
"7139","YR2008","TJK","EN.GHG.CO2.LU.FL.MT.CE.AR5",0,-1.6084
"7140","YR2008","TJK","EN.GHG.CO2.LU.OL.MT.CE.AR5",0,3.5559
"7141","YR2009","TJK","EN.GHG.CO2.LU.MT.CE.AR5",0,2
"7142","YR2009","TJK","EN.GHG.CO2.LU.FL.MT.CE.AR5",0,-1.6148
"7143","YR2009","TJK","EN.GHG.CO2.LU.OL.MT.CE.AR5",0,3.6148
"7144","YR2010","TJK","EN.GHG.CO2.LU.MT.CE.AR5",0,2.0553
"7145","YR2010","TJK","EN.GHG.CO2.LU.FL.MT.CE.AR5",0,-1.618
"7146","YR2010","TJK","EN.GHG.CO2.LU.OL.MT.CE.AR5",0,3.6733
"7147","YR2011","TJK","EN.GHG.CO2.LU.MT.CE.AR5",0,2.1079
"7148","YR2011","TJK","EN.GHG.CO2.LU.FL.MT.CE.AR5",0,-1.6243
"7149","YR2011","TJK","EN.GHG.CO2.LU.OL.MT.CE.AR5",0,3.7322
"7150","YR2012","TJK","EN.GHG.CO2.LU.MT.CE.AR5",0,1.4965
"7151","YR2012","TJK","EN.GHG.CO2.LU.FL.MT.CE.AR5",0,-1.6301
"7152","YR2012","TJK","EN.GHG.CO2.LU.OL.MT.CE.AR5",0,3.1266
"7153","YR2013","TJK","EN.GHG.CO2.LU.MT.CE.AR5",0,1.2723
"7154","YR2013","TJK","EN.GHG.CO2.LU.FL.MT.CE.AR5",0,-1.6337
"7155","YR2013","TJK","EN.GHG.CO2.LU.OL.MT.CE.AR5",0,2.9059
"7156","YR2014","TJK","EN.GHG.CO2.LU.MT.CE.AR5",0,1.0466
"7157","YR2014","TJK","EN.GHG.CO2.LU.FL.MT.CE.AR5",0,-1.6395
"7158","YR2014","TJK","EN.GHG.CO2.LU.OL.MT.CE.AR5",0,2.6861
"7159","YR2015","TJK","EN.GHG.CO2.LU.MT.CE.AR5",0,0.821
"7160","YR2015","TJK","EN.GHG.CO2.LU.FL.MT.CE.AR5",0,-1.6453
"7161","YR2015","TJK","EN.GHG.CO2.LU.OL.MT.CE.AR5",0,2.4663
"7162","YR2016","TJK","EN.GHG.CO2.LU.MT.CE.AR5",0,0.5954
"7163","YR2016","TJK","EN.GHG.CO2.LU.FL.MT.CE.AR5",0,-1.6512
"7164","YR2016","TJK","EN.GHG.CO2.LU.OL.MT.CE.AR5",0,2.2466
"7165","YR2017","TJK","EN.GHG.CO2.LU.MT.CE.AR5",0,0.3698
"7166","YR2017","TJK","EN.GHG.CO2.LU.FL.MT.CE.AR5",0,-1.657
"7167","YR2017","TJK","EN.GHG.CO2.LU.OL.MT.CE.AR5",0,2.0268
"7168","YR2018","TJK","EN.GHG.CO2.LU.MT.CE.AR5",0,0.1442
"7169","YR2018","TJK","EN.GHG.CO2.LU.FL.MT.CE.AR5",0,-1.6629
"7170","YR2018","TJK","EN.GHG.CO2.LU.OL.MT.CE.AR5",0,1.807
"7171","YR2019","TJK","EN.GHG.CO2.LU.MT.CE.AR5",0,-0.0844
"7172","YR2019","TJK","EN.GHG.CO2.LU.FL.MT.CE.AR5",0,-1.6716
"7173","YR2019","TJK","EN.GHG.CO2.LU.OL.MT.CE.AR5",0,1.5872
"7174","YR2020","TJK","EN.GHG.CO2.LU.MT.CE.AR5",0,-0.3065
"7175","YR2020","TJK","EN.GHG.CO2.LU.FL.MT.CE.AR5",0,-1.674
"7176","YR2020","TJK","EN.GHG.CO2.LU.OL.MT.CE.AR5",0,1.3675
"7177","YR2021","TJK","EN.GHG.CO2.LU.MT.CE.AR5",0,-0.5873
"7178","YR2021","TJK","EN.GHG.CO2.LU.FL.MT.CE.AR5",0,-1.6762
"7179","YR2021","TJK","EN.GHG.CO2.LU.OL.MT.CE.AR5",0,1.0889
"7180","YR2022","TJK","EN.GHG.CO2.LU.MT.CE.AR5",0,-0.868
"7181","YR2022","TJK","EN.GHG.CO2.LU.FL.MT.CE.AR5",0,-1.6784
"7182","YR2022","TJK","EN.GHG.CO2.LU.OL.MT.CE.AR5",0,0.8103
"7183","YR2023","TJK","EN.GHG.CO2.LU.MT.CE.AR5",0,-0.868
"7184","YR2023","TJK","EN.GHG.CO2.LU.FL.MT.CE.AR5",0,-1.6784
"7185","YR2023","TJK","EN.GHG.CO2.LU.OL.MT.CE.AR5",0,0.8103
"7186","YR2000","URY","EN.GHG.CO2.LU.MT.CE.AR5",0,-8.519
"7187","YR2000","URY","EN.GHG.CO2.LU.FL.MT.CE.AR5",0,-10.6458
"7188","YR2000","URY","EN.GHG.CO2.LU.DF.MT.CE.AR5",0,0.9639
"7189","YR2000","URY","EN.GHG.CO2.LU.OL.MT.CE.AR5",0,1.1629
"7190","YR2001","URY","EN.GHG.CO2.LU.MT.CE.AR5",0,-8.519
"7191","YR2001","URY","EN.GHG.CO2.LU.FL.MT.CE.AR5",0,-10.6458
"7192","YR2001","URY","EN.GHG.CO2.LU.DF.MT.CE.AR5",0,0.9639
"7193","YR2001","URY","EN.GHG.CO2.LU.OL.MT.CE.AR5",0,1.1629
"7194","YR2002","URY","EN.GHG.CO2.LU.MT.CE.AR5",0,-8.519
"7195","YR2002","URY","EN.GHG.CO2.LU.FL.MT.CE.AR5",0,-10.6458
"7196","YR2002","URY","EN.GHG.CO2.LU.DF.MT.CE.AR5",0,0.9639
"7197","YR2002","URY","EN.GHG.CO2.LU.OL.MT.CE.AR5",0,1.1629
"7198","YR2003","URY","EN.GHG.CO2.LU.MT.CE.AR5",0,-8.519
"7199","YR2003","URY","EN.GHG.CO2.LU.FL.MT.CE.AR5",0,-10.6458
"7200","YR2003","URY","EN.GHG.CO2.LU.DF.MT.CE.AR5",0,0.9639
"7201","YR2003","URY","EN.GHG.CO2.LU.OL.MT.CE.AR5",0,1.1629
"7202","YR2004","URY","EN.GHG.CO2.LU.MT.CE.AR5",0,-8.519
"7203","YR2004","URY","EN.GHG.CO2.LU.FL.MT.CE.AR5",0,-10.6458
"7204","YR2004","URY","EN.GHG.CO2.LU.DF.MT.CE.AR5",0,0.9639
"7205","YR2004","URY","EN.GHG.CO2.LU.OL.MT.CE.AR5",0,1.1629
"7206","YR2005","URY","EN.GHG.CO2.LU.MT.CE.AR5",0,-8.519
"7207","YR2005","URY","EN.GHG.CO2.LU.FL.MT.CE.AR5",0,-10.6458
"7208","YR2005","URY","EN.GHG.CO2.LU.DF.MT.CE.AR5",0,0.9639
"7209","YR2005","URY","EN.GHG.CO2.LU.OL.MT.CE.AR5",0,1.1629
"7210","YR2006","URY","EN.GHG.CO2.LU.MT.CE.AR5",0,-8.519
"7211","YR2006","URY","EN.GHG.CO2.LU.FL.MT.CE.AR5",0,-10.6458
"7212","YR2006","URY","EN.GHG.CO2.LU.DF.MT.CE.AR5",0,0.9639
"7213","YR2006","URY","EN.GHG.CO2.LU.OL.MT.CE.AR5",0,1.1629
"7214","YR2007","URY","EN.GHG.CO2.LU.MT.CE.AR5",0,-8.519
"7215","YR2007","URY","EN.GHG.CO2.LU.FL.MT.CE.AR5",0,-10.6458
"7216","YR2007","URY","EN.GHG.CO2.LU.DF.MT.CE.AR5",0,0.9639
"7217","YR2007","URY","EN.GHG.CO2.LU.OL.MT.CE.AR5",0,1.1629
"7218","YR2008","URY","EN.GHG.CO2.LU.MT.CE.AR5",0,-8.519
"7219","YR2008","URY","EN.GHG.CO2.LU.FL.MT.CE.AR5",0,-10.6458
"7220","YR2008","URY","EN.GHG.CO2.LU.DF.MT.CE.AR5",0,0.9639
"7221","YR2008","URY","EN.GHG.CO2.LU.OL.MT.CE.AR5",0,1.1629
"7222","YR2009","URY","EN.GHG.CO2.LU.MT.CE.AR5",0,-8.519
"7223","YR2009","URY","EN.GHG.CO2.LU.FL.MT.CE.AR5",0,-10.6458
"7224","YR2009","URY","EN.GHG.CO2.LU.DF.MT.CE.AR5",0,0.9639
"7225","YR2009","URY","EN.GHG.CO2.LU.OL.MT.CE.AR5",0,1.1629
"7226","YR2010","URY","EN.GHG.CO2.LU.MT.CE.AR5",0,-8.519
"7227","YR2010","URY","EN.GHG.CO2.LU.FL.MT.CE.AR5",0,-10.6458
"7228","YR2010","URY","EN.GHG.CO2.LU.DF.MT.CE.AR5",0,0.9639
"7229","YR2010","URY","EN.GHG.CO2.LU.OL.MT.CE.AR5",0,1.1629
"7230","YR2011","URY","EN.GHG.CO2.LU.MT.CE.AR5",0,-8.519
"7231","YR2011","URY","EN.GHG.CO2.LU.FL.MT.CE.AR5",0,-10.6458
"7232","YR2011","URY","EN.GHG.CO2.LU.DF.MT.CE.AR5",0,0.9639
"7233","YR2011","URY","EN.GHG.CO2.LU.OL.MT.CE.AR5",0,1.1629
"7234","YR2012","URY","EN.GHG.CO2.LU.MT.CE.AR5",0,-8.519
"7235","YR2012","URY","EN.GHG.CO2.LU.FL.MT.CE.AR5",0,-10.6458
"7236","YR2012","URY","EN.GHG.CO2.LU.DF.MT.CE.AR5",0,0.9639
"7237","YR2012","URY","EN.GHG.CO2.LU.OL.MT.CE.AR5",0,1.1629
"7238","YR2013","URY","EN.GHG.CO2.LU.MT.CE.AR5",0,-8.519
"7239","YR2013","URY","EN.GHG.CO2.LU.FL.MT.CE.AR5",0,-10.6458
"7240","YR2013","URY","EN.GHG.CO2.LU.DF.MT.CE.AR5",0,0.9639
"7241","YR2013","URY","EN.GHG.CO2.LU.OL.MT.CE.AR5",0,1.1629
"7242","YR2014","URY","EN.GHG.CO2.LU.MT.CE.AR5",0,-8.519
"7243","YR2014","URY","EN.GHG.CO2.LU.FL.MT.CE.AR5",0,-10.6458
"7244","YR2014","URY","EN.GHG.CO2.LU.DF.MT.CE.AR5",0,0.9639
"7245","YR2014","URY","EN.GHG.CO2.LU.OL.MT.CE.AR5",0,1.1629
"7246","YR2015","URY","EN.GHG.CO2.LU.MT.CE.AR5",0,-8.519
"7247","YR2015","URY","EN.GHG.CO2.LU.FL.MT.CE.AR5",0,-10.6458
"7248","YR2015","URY","EN.GHG.CO2.LU.DF.MT.CE.AR5",0,0.9639
"7249","YR2015","URY","EN.GHG.CO2.LU.OL.MT.CE.AR5",0,1.1629
"7250","YR2016","URY","EN.GHG.CO2.LU.MT.CE.AR5",0,-8.519
"7251","YR2016","URY","EN.GHG.CO2.LU.FL.MT.CE.AR5",0,-10.6458
"7252","YR2016","URY","EN.GHG.CO2.LU.DF.MT.CE.AR5",0,0.9639
"7253","YR2016","URY","EN.GHG.CO2.LU.OL.MT.CE.AR5",0,1.1629
"7254","YR2017","URY","EN.GHG.CO2.LU.MT.CE.AR5",0,-8.519
"7255","YR2017","URY","EN.GHG.CO2.LU.FL.MT.CE.AR5",0,-10.6458
"7256","YR2017","URY","EN.GHG.CO2.LU.DF.MT.CE.AR5",0,0.9639
"7257","YR2017","URY","EN.GHG.CO2.LU.OL.MT.CE.AR5",0,1.1629
"7258","YR2018","URY","EN.GHG.CO2.LU.MT.CE.AR5",0,-8.519
"7259","YR2018","URY","EN.GHG.CO2.LU.FL.MT.CE.AR5",0,-10.6458
"7260","YR2018","URY","EN.GHG.CO2.LU.DF.MT.CE.AR5",0,0.9639
"7261","YR2018","URY","EN.GHG.CO2.LU.OL.MT.CE.AR5",0,1.1629
"7262","YR2019","URY","EN.GHG.CO2.LU.MT.CE.AR5",0,-8.519
"7263","YR2019","URY","EN.GHG.CO2.LU.FL.MT.CE.AR5",0,-10.6458
"7264","YR2019","URY","EN.GHG.CO2.LU.DF.MT.CE.AR5",0,0.9639
"7265","YR2019","URY","EN.GHG.CO2.LU.OL.MT.CE.AR5",0,1.1629
"7266","YR2020","URY","EN.GHG.CO2.LU.MT.CE.AR5",0,-8.519
"7267","YR2020","URY","EN.GHG.CO2.LU.FL.MT.CE.AR5",0,-10.6458
"7268","YR2020","URY","EN.GHG.CO2.LU.DF.MT.CE.AR5",0,0.9639
"7269","YR2020","URY","EN.GHG.CO2.LU.OL.MT.CE.AR5",0,1.1629
"7270","YR2021","URY","EN.GHG.CO2.LU.MT.CE.AR5",0,-9.7967
"7271","YR2021","URY","EN.GHG.CO2.LU.FL.MT.CE.AR5",0,-12.668
"7272","YR2021","URY","EN.GHG.CO2.LU.DF.MT.CE.AR5",0,1.6268
"7273","YR2021","URY","EN.GHG.CO2.LU.OL.MT.CE.AR5",0,1.2445
"7274","YR2022","URY","EN.GHG.CO2.LU.MT.CE.AR5",0,-9.0656
"7275","YR2022","URY","EN.GHG.CO2.LU.FL.MT.CE.AR5",0,-13.9355
"7276","YR2022","URY","EN.GHG.CO2.LU.DF.MT.CE.AR5",0,3.337
"7277","YR2022","URY","EN.GHG.CO2.LU.OL.MT.CE.AR5",0,1.5328
"7278","YR2023","URY","EN.GHG.CO2.LU.MT.CE.AR5",0,-9.0656
"7279","YR2023","URY","EN.GHG.CO2.LU.FL.MT.CE.AR5",0,-13.9355
"7280","YR2023","URY","EN.GHG.CO2.LU.DF.MT.CE.AR5",0,3.337
"7281","YR2023","URY","EN.GHG.CO2.LU.OL.MT.CE.AR5",0,1.5328
"7282","YR2000","USA","EN.GHG.CO2.LU.MT.CE.AR5",0,-1046.7692
"7283","YR2000","USA","EN.GHG.CO2.LU.FL.MT.CE.AR5",0,-924.7405
"7284","YR2000","USA","EN.GHG.CO2.LU.DF.MT.CE.AR5",0,120.7466
"7285","YR2000","USA","EN.GHG.CO2.LU.OS.MT.CE.AR5",0,45.4531
"7286","YR2000","USA","EN.GHG.CO2.LU.OL.MT.CE.AR5",0,-194.7827
"7287","YR2001","USA","EN.GHG.CO2.LU.MT.CE.AR5",0,-1036.1276
"7288","YR2001","USA","EN.GHG.CO2.LU.FL.MT.CE.AR5",0,-926.886
"7289","YR2001","USA","EN.GHG.CO2.LU.DF.MT.CE.AR5",0,120.9679
"7290","YR2001","USA","EN.GHG.CO2.LU.OS.MT.CE.AR5",0,49.2805
"7291","YR2001","USA","EN.GHG.CO2.LU.OL.MT.CE.AR5",0,-181.3062
"7292","YR2002","USA","EN.GHG.CO2.LU.MT.CE.AR5",0,-991.7503
"7293","YR2002","USA","EN.GHG.CO2.LU.FL.MT.CE.AR5",0,-889.1092
"7294","YR2002","USA","EN.GHG.CO2.LU.DF.MT.CE.AR5",0,121.1818
"7295","YR2002","USA","EN.GHG.CO2.LU.OS.MT.CE.AR5",0,49.4
"7296","YR2002","USA","EN.GHG.CO2.LU.OL.MT.CE.AR5",0,-179.4943
"7297","YR2003","USA","EN.GHG.CO2.LU.MT.CE.AR5",0,-1019.8243
"7298","YR2003","USA","EN.GHG.CO2.LU.FL.MT.CE.AR5",0,-913.0915
"7299","YR2003","USA","EN.GHG.CO2.LU.DF.MT.CE.AR5",0,121.4209
"7300","YR2003","USA","EN.GHG.CO2.LU.OS.MT.CE.AR5",0,49.2021
"7301","YR2003","USA","EN.GHG.CO2.LU.OL.MT.CE.AR5",0,-173.2883
"7302","YR2004","USA","EN.GHG.CO2.LU.MT.CE.AR5",0,-936.8583
"7303","YR2004","USA","EN.GHG.CO2.LU.FL.MT.CE.AR5",0,-824.2895
"7304","YR2004","USA","EN.GHG.CO2.LU.DF.MT.CE.AR5",0,121.6227
"7305","YR2004","USA","EN.GHG.CO2.LU.OS.MT.CE.AR5",0,49.6445
"7306","YR2004","USA","EN.GHG.CO2.LU.OL.MT.CE.AR5",0,-178.4649
"7307","YR2005","USA","EN.GHG.CO2.LU.MT.CE.AR5",0,-976.5779
"7308","YR2005","USA","EN.GHG.CO2.LU.FL.MT.CE.AR5",0,-869.8653
"7309","YR2005","USA","EN.GHG.CO2.LU.DF.MT.CE.AR5",0,121.8316
"7310","YR2005","USA","EN.GHG.CO2.LU.OS.MT.CE.AR5",0,49.6966
"7311","YR2005","USA","EN.GHG.CO2.LU.OL.MT.CE.AR5",0,-172.195
"7312","YR2006","USA","EN.GHG.CO2.LU.MT.CE.AR5",0,-1013.852
"7313","YR2006","USA","EN.GHG.CO2.LU.FL.MT.CE.AR5",0,-905.2988
"7314","YR2006","USA","EN.GHG.CO2.LU.DF.MT.CE.AR5",0,122.0062
"7315","YR2006","USA","EN.GHG.CO2.LU.OS.MT.CE.AR5",0,49.5235
"7316","YR2006","USA","EN.GHG.CO2.LU.OL.MT.CE.AR5",0,-179.8032
"7317","YR2007","USA","EN.GHG.CO2.LU.MT.CE.AR5",0,-966.2552
"7318","YR2007","USA","EN.GHG.CO2.LU.FL.MT.CE.AR5",0,-900.1068
"7319","YR2007","USA","EN.GHG.CO2.LU.DF.MT.CE.AR5",0,122.2349
"7320","YR2007","USA","EN.GHG.CO2.LU.OS.MT.CE.AR5",0,49.4205
"7321","YR2007","USA","EN.GHG.CO2.LU.OL.MT.CE.AR5",0,-161.6908
"7322","YR2008","USA","EN.GHG.CO2.LU.MT.CE.AR5",0,-973.0699
"7323","YR2008","USA","EN.GHG.CO2.LU.FL.MT.CE.AR5",0,-901.4271
"7324","YR2008","USA","EN.GHG.CO2.LU.DF.MT.CE.AR5",0,122.472
"7325","YR2008","USA","EN.GHG.CO2.LU.OS.MT.CE.AR5",0,49.5163
"7326","YR2008","USA","EN.GHG.CO2.LU.OL.MT.CE.AR5",0,-189.2044
"7327","YR2009","USA","EN.GHG.CO2.LU.MT.CE.AR5",0,-915.015
"7328","YR2009","USA","EN.GHG.CO2.LU.FL.MT.CE.AR5",0,-858.4686
"7329","YR2009","USA","EN.GHG.CO2.LU.DF.MT.CE.AR5",0,122.6976
"7330","YR2009","USA","EN.GHG.CO2.LU.OS.MT.CE.AR5",0,49.3936
"7331","YR2009","USA","EN.GHG.CO2.LU.OL.MT.CE.AR5",0,-167.7576
"7332","YR2010","USA","EN.GHG.CO2.LU.MT.CE.AR5",0,-941.5687
"7333","YR2010","USA","EN.GHG.CO2.LU.FL.MT.CE.AR5",0,-886.9043
"7334","YR2010","USA","EN.GHG.CO2.LU.DF.MT.CE.AR5",0,122.9505
"7335","YR2010","USA","EN.GHG.CO2.LU.OS.MT.CE.AR5",0,49.6416
"7336","YR2010","USA","EN.GHG.CO2.LU.OL.MT.CE.AR5",0,-158.1767
"7337","YR2011","USA","EN.GHG.CO2.LU.MT.CE.AR5",0,-1001.8518
"7338","YR2011","USA","EN.GHG.CO2.LU.FL.MT.CE.AR5",0,-897.3013
"7339","YR2011","USA","EN.GHG.CO2.LU.DF.MT.CE.AR5",0,123.1724
"7340","YR2011","USA","EN.GHG.CO2.LU.OS.MT.CE.AR5",0,50.1094
"7341","YR2011","USA","EN.GHG.CO2.LU.OL.MT.CE.AR5",0,-206.856
"7342","YR2012","USA","EN.GHG.CO2.LU.MT.CE.AR5",0,-991.3061
"7343","YR2012","USA","EN.GHG.CO2.LU.FL.MT.CE.AR5",0,-890.8027
"7344","YR2012","USA","EN.GHG.CO2.LU.DF.MT.CE.AR5",0,123.395
"7345","YR2012","USA","EN.GHG.CO2.LU.OS.MT.CE.AR5",0,50.553
"7346","YR2012","USA","EN.GHG.CO2.LU.OL.MT.CE.AR5",0,-198.0048
"7347","YR2013","USA","EN.GHG.CO2.LU.MT.CE.AR5",0,-949.3598
"7348","YR2013","USA","EN.GHG.CO2.LU.FL.MT.CE.AR5",0,-869.4571
"7349","YR2013","USA","EN.GHG.CO2.LU.DF.MT.CE.AR5",0,123.6611
"7350","YR2013","USA","EN.GHG.CO2.LU.OS.MT.CE.AR5",0,50.7123
"7351","YR2013","USA","EN.GHG.CO2.LU.OL.MT.CE.AR5",0,-171.6218
"7352","YR2014","USA","EN.GHG.CO2.LU.MT.CE.AR5",0,-980.3686
"7353","YR2014","USA","EN.GHG.CO2.LU.FL.MT.CE.AR5",0,-894.1365
"7354","YR2014","USA","EN.GHG.CO2.LU.DF.MT.CE.AR5",0,123.9408
"7355","YR2014","USA","EN.GHG.CO2.LU.OS.MT.CE.AR5",0,50.9983
"7356","YR2014","USA","EN.GHG.CO2.LU.OL.MT.CE.AR5",0,-175.2524
"7357","YR2015","USA","EN.GHG.CO2.LU.MT.CE.AR5",0,-896.2066
"7358","YR2015","USA","EN.GHG.CO2.LU.FL.MT.CE.AR5",0,-796.192
"7359","YR2015","USA","EN.GHG.CO2.LU.DF.MT.CE.AR5",0,124.1351
"7360","YR2015","USA","EN.GHG.CO2.LU.OS.MT.CE.AR5",0,51.1308
"7361","YR2015","USA","EN.GHG.CO2.LU.OL.MT.CE.AR5",0,-183.8417
"7362","YR2016","USA","EN.GHG.CO2.LU.MT.CE.AR5",0,-973.7672
"7363","YR2016","USA","EN.GHG.CO2.LU.FL.MT.CE.AR5",0,-891.5304
"7364","YR2016","USA","EN.GHG.CO2.LU.DF.MT.CE.AR5",0,124.3097
"7365","YR2016","USA","EN.GHG.CO2.LU.OS.MT.CE.AR5",0,51.3128
"7366","YR2016","USA","EN.GHG.CO2.LU.OL.MT.CE.AR5",0,-162.3189
"7367","YR2017","USA","EN.GHG.CO2.LU.MT.CE.AR5",0,-991.8836
"7368","YR2017","USA","EN.GHG.CO2.LU.FL.MT.CE.AR5",0,-888.9918
"7369","YR2017","USA","EN.GHG.CO2.LU.DF.MT.CE.AR5",0,124.4653
"7370","YR2017","USA","EN.GHG.CO2.LU.OS.MT.CE.AR5",0,51.5745
"7371","YR2017","USA","EN.GHG.CO2.LU.OL.MT.CE.AR5",0,-178.929
"7372","YR2018","USA","EN.GHG.CO2.LU.MT.CE.AR5",0,-978.2875
"7373","YR2018","USA","EN.GHG.CO2.LU.FL.MT.CE.AR5",0,-880.701
"7374","YR2018","USA","EN.GHG.CO2.LU.DF.MT.CE.AR5",0,124.6202
"7375","YR2018","USA","EN.GHG.CO2.LU.OS.MT.CE.AR5",0,51.6984
"7376","YR2018","USA","EN.GHG.CO2.LU.OL.MT.CE.AR5",0,-180.0232
"7377","YR2019","USA","EN.GHG.CO2.LU.MT.CE.AR5",0,-921.6074
"7378","YR2019","USA","EN.GHG.CO2.LU.FL.MT.CE.AR5",0,-827.1775
"7379","YR2019","USA","EN.GHG.CO2.LU.DF.MT.CE.AR5",0,124.7276
"7380","YR2019","USA","EN.GHG.CO2.LU.OS.MT.CE.AR5",0,51.4137
"7381","YR2019","USA","EN.GHG.CO2.LU.OL.MT.CE.AR5",0,-183.6305
"7382","YR2020","USA","EN.GHG.CO2.LU.MT.CE.AR5",0,-972.7655
"7383","YR2020","USA","EN.GHG.CO2.LU.FL.MT.CE.AR5",0,-866.1221
"7384","YR2020","USA","EN.GHG.CO2.LU.DF.MT.CE.AR5",0,124.723
"7385","YR2020","USA","EN.GHG.CO2.LU.OS.MT.CE.AR5",0,51.6737
"7386","YR2020","USA","EN.GHG.CO2.LU.OL.MT.CE.AR5",0,-186.1951
"7387","YR2021","USA","EN.GHG.CO2.LU.MT.CE.AR5",0,-983.4182
"7388","YR2021","USA","EN.GHG.CO2.LU.FL.MT.CE.AR5",0,-850.4346
"7389","YR2021","USA","EN.GHG.CO2.LU.DF.MT.CE.AR5",0,124.7084
"7390","YR2021","USA","EN.GHG.CO2.LU.OS.MT.CE.AR5",0,52.7441
"7391","YR2021","USA","EN.GHG.CO2.LU.OL.MT.CE.AR5",0,-215.748
"7392","YR2022","USA","EN.GHG.CO2.LU.MT.CE.AR5",0,-921.7918
"7393","YR2022","USA","EN.GHG.CO2.LU.FL.MT.CE.AR5",0,-795.157
"7394","YR2022","USA","EN.GHG.CO2.LU.DF.MT.CE.AR5",0,124.6977
"7395","YR2022","USA","EN.GHG.CO2.LU.OS.MT.CE.AR5",0,52.9208
"7396","YR2022","USA","EN.GHG.CO2.LU.OL.MT.CE.AR5",0,-211.5003
"7397","YR2023","USA","EN.GHG.CO2.LU.MT.CE.AR5",0,-921.7918
"7398","YR2023","USA","EN.GHG.CO2.LU.FL.MT.CE.AR5",0,-795.157
"7399","YR2023","USA","EN.GHG.CO2.LU.DF.MT.CE.AR5",0,124.6977
"7400","YR2023","USA","EN.GHG.CO2.LU.OS.MT.CE.AR5",0,52.9208
"7401","YR2023","USA","EN.GHG.CO2.LU.OL.MT.CE.AR5",0,-211.5003
"7402","YR2000","UZB","EN.GHG.CO2.LU.MT.CE.AR5",0,-8.7904
"7403","YR2000","UZB","EN.GHG.CO2.LU.FL.MT.CE.AR5",0,-10.2239
"7404","YR2000","UZB","EN.GHG.CO2.LU.OL.MT.CE.AR5",0,1.4335
"7405","YR2001","UZB","EN.GHG.CO2.LU.MT.CE.AR5",0,-7.9346
"7406","YR2001","UZB","EN.GHG.CO2.LU.FL.MT.CE.AR5",0,-10.1361
"7407","YR2001","UZB","EN.GHG.CO2.LU.OL.MT.CE.AR5",0,2.2015
"7408","YR2002","UZB","EN.GHG.CO2.LU.MT.CE.AR5",0,-4.419
"7409","YR2002","UZB","EN.GHG.CO2.LU.FL.MT.CE.AR5",0,-10.7026
"7410","YR2002","UZB","EN.GHG.CO2.LU.OL.MT.CE.AR5",0,6.2835
"7411","YR2003","UZB","EN.GHG.CO2.LU.MT.CE.AR5",0,-5.7828
"7412","YR2003","UZB","EN.GHG.CO2.LU.FL.MT.CE.AR5",0,-10.6413
"7413","YR2003","UZB","EN.GHG.CO2.LU.OL.MT.CE.AR5",0,4.8584
"7414","YR2004","UZB","EN.GHG.CO2.LU.MT.CE.AR5",0,-6.5715
"7415","YR2004","UZB","EN.GHG.CO2.LU.FL.MT.CE.AR5",0,-10.7719
"7416","YR2004","UZB","EN.GHG.CO2.LU.OL.MT.CE.AR5",0,4.2004
"7417","YR2005","UZB","EN.GHG.CO2.LU.MT.CE.AR5",0,-1.9725
"7418","YR2005","UZB","EN.GHG.CO2.LU.FL.MT.CE.AR5",0,-9.283
"7419","YR2005","UZB","EN.GHG.CO2.LU.OL.MT.CE.AR5",0,7.3106
"7420","YR2006","UZB","EN.GHG.CO2.LU.MT.CE.AR5",0,-1.4306
"7421","YR2006","UZB","EN.GHG.CO2.LU.FL.MT.CE.AR5",0,-9.4854
"7422","YR2006","UZB","EN.GHG.CO2.LU.OL.MT.CE.AR5",0,8.0548
"7423","YR2007","UZB","EN.GHG.CO2.LU.MT.CE.AR5",0,-0.9704
"7424","YR2007","UZB","EN.GHG.CO2.LU.FL.MT.CE.AR5",0,-9.6466
"7425","YR2007","UZB","EN.GHG.CO2.LU.OL.MT.CE.AR5",0,8.6762
"7426","YR2008","UZB","EN.GHG.CO2.LU.MT.CE.AR5",0,0.7337
"7427","YR2008","UZB","EN.GHG.CO2.LU.FL.MT.CE.AR5",0,-8.6267
"7428","YR2008","UZB","EN.GHG.CO2.LU.OL.MT.CE.AR5",0,9.3603
"7429","YR2009","UZB","EN.GHG.CO2.LU.MT.CE.AR5",0,0.4477
"7430","YR2009","UZB","EN.GHG.CO2.LU.FL.MT.CE.AR5",0,-8.8269
"7431","YR2009","UZB","EN.GHG.CO2.LU.OL.MT.CE.AR5",0,9.2745
"7432","YR2010","UZB","EN.GHG.CO2.LU.MT.CE.AR5",0,-0.1678
"7433","YR2010","UZB","EN.GHG.CO2.LU.FL.MT.CE.AR5",0,-9.0276
"7434","YR2010","UZB","EN.GHG.CO2.LU.OL.MT.CE.AR5",0,8.8598
"7435","YR2011","UZB","EN.GHG.CO2.LU.MT.CE.AR5",0,-1.6437
"7436","YR2011","UZB","EN.GHG.CO2.LU.FL.MT.CE.AR5",0,-9.2499
"7437","YR2011","UZB","EN.GHG.CO2.LU.OL.MT.CE.AR5",0,7.6063
"7438","YR2012","UZB","EN.GHG.CO2.LU.MT.CE.AR5",0,-2.1574
"7439","YR2012","UZB","EN.GHG.CO2.LU.FL.MT.CE.AR5",0,-9.4447
"7440","YR2012","UZB","EN.GHG.CO2.LU.OL.MT.CE.AR5",0,7.2873
"7441","YR2013","UZB","EN.GHG.CO2.LU.MT.CE.AR5",0,-1.6484
"7442","YR2013","UZB","EN.GHG.CO2.LU.FL.MT.CE.AR5",0,-9.6372
"7443","YR2013","UZB","EN.GHG.CO2.LU.OL.MT.CE.AR5",0,7.9888
"7444","YR2014","UZB","EN.GHG.CO2.LU.MT.CE.AR5",0,-4.0773
"7445","YR2014","UZB","EN.GHG.CO2.LU.FL.MT.CE.AR5",0,-8.5499
"7446","YR2014","UZB","EN.GHG.CO2.LU.OL.MT.CE.AR5",0,4.4726
"7447","YR2015","UZB","EN.GHG.CO2.LU.MT.CE.AR5",0,-3.897
"7448","YR2015","UZB","EN.GHG.CO2.LU.FL.MT.CE.AR5",0,-7.4417
"7449","YR2015","UZB","EN.GHG.CO2.LU.OL.MT.CE.AR5",0,3.5447
"7450","YR2016","UZB","EN.GHG.CO2.LU.MT.CE.AR5",0,-3.0493
"7451","YR2016","UZB","EN.GHG.CO2.LU.FL.MT.CE.AR5",0,-6.3532
"7452","YR2016","UZB","EN.GHG.CO2.LU.OL.MT.CE.AR5",0,3.3039
"7453","YR2017","UZB","EN.GHG.CO2.LU.MT.CE.AR5",0,-1.8804
"7454","YR2017","UZB","EN.GHG.CO2.LU.FL.MT.CE.AR5",0,-5.1984
"7455","YR2017","UZB","EN.GHG.CO2.LU.OL.MT.CE.AR5",0,3.318
"7456","YR2018","UZB","EN.GHG.CO2.LU.MT.CE.AR5",0,-1.3167
"7457","YR2018","UZB","EN.GHG.CO2.LU.FL.MT.CE.AR5",0,-4.1128
"7458","YR2018","UZB","EN.GHG.CO2.LU.OL.MT.CE.AR5",0,2.7961
"7459","YR2019","UZB","EN.GHG.CO2.LU.MT.CE.AR5",0,-1.9602
"7460","YR2019","UZB","EN.GHG.CO2.LU.FL.MT.CE.AR5",0,-4.0918
"7461","YR2019","UZB","EN.GHG.CO2.LU.OL.MT.CE.AR5",0,2.1316
"7462","YR2020","UZB","EN.GHG.CO2.LU.MT.CE.AR5",0,-2.9957
"7463","YR2020","UZB","EN.GHG.CO2.LU.FL.MT.CE.AR5",0,-4.2872
"7464","YR2020","UZB","EN.GHG.CO2.LU.OL.MT.CE.AR5",0,1.2915
"7465","YR2021","UZB","EN.GHG.CO2.LU.MT.CE.AR5",0,-4.5303
"7466","YR2021","UZB","EN.GHG.CO2.LU.FL.MT.CE.AR5",0,-4.4317
"7467","YR2021","UZB","EN.GHG.CO2.LU.OL.MT.CE.AR5",0,-0.0986
"7468","YR2022","UZB","EN.GHG.CO2.LU.MT.CE.AR5",0,-8.4603
"7469","YR2022","UZB","EN.GHG.CO2.LU.FL.MT.CE.AR5",0,-5.0104
"7470","YR2022","UZB","EN.GHG.CO2.LU.OL.MT.CE.AR5",0,-3.4499
"7471","YR2023","UZB","EN.GHG.CO2.LU.MT.CE.AR5",0,-8.4603
"7472","YR2023","UZB","EN.GHG.CO2.LU.FL.MT.CE.AR5",0,-5.0104
"7473","YR2023","UZB","EN.GHG.CO2.LU.OL.MT.CE.AR5",0,-3.4499
"7474","YR2000","VEN","EN.GHG.CO2.LU.MT.CE.AR5",0,-307.2782
"7475","YR2000","VEN","EN.GHG.CO2.LU.FL.MT.CE.AR5",0,-304.4485
"7476","YR2000","VEN","EN.GHG.CO2.LU.DF.MT.CE.AR5",0,0.1793
"7477","YR2000","VEN","EN.GHG.CO2.LU.OL.MT.CE.AR5",0,-3.3149
"7478","YR2001","VEN","EN.GHG.CO2.LU.MT.CE.AR5",0,-288.2224
"7479","YR2001","VEN","EN.GHG.CO2.LU.FL.MT.CE.AR5",0,-299.3969
"7480","YR2001","VEN","EN.GHG.CO2.LU.DF.MT.CE.AR5",0,0.1793
"7481","YR2001","VEN","EN.GHG.CO2.LU.OL.MT.CE.AR5",0,11.0093
"7482","YR2002","VEN","EN.GHG.CO2.LU.MT.CE.AR5",0,-296.4634
"7483","YR2002","VEN","EN.GHG.CO2.LU.FL.MT.CE.AR5",0,-303.2851
"7484","YR2002","VEN","EN.GHG.CO2.LU.DF.MT.CE.AR5",0,0.1793
"7485","YR2002","VEN","EN.GHG.CO2.LU.OL.MT.CE.AR5",0,6.2911
"7486","YR2003","VEN","EN.GHG.CO2.LU.MT.CE.AR5",0,-274.0038
"7487","YR2003","VEN","EN.GHG.CO2.LU.FL.MT.CE.AR5",0,-293.9284
"7488","YR2003","VEN","EN.GHG.CO2.LU.DF.MT.CE.AR5",0,0.1793
"7489","YR2003","VEN","EN.GHG.CO2.LU.OL.MT.CE.AR5",0,19.5358
"7490","YR2004","VEN","EN.GHG.CO2.LU.MT.CE.AR5",0,-290.9822
"7491","YR2004","VEN","EN.GHG.CO2.LU.FL.MT.CE.AR5",0,-299.6489
"7492","YR2004","VEN","EN.GHG.CO2.LU.DF.MT.CE.AR5",0,0.1793
"7493","YR2004","VEN","EN.GHG.CO2.LU.OL.MT.CE.AR5",0,8.5358
"7494","YR2005","VEN","EN.GHG.CO2.LU.MT.CE.AR5",0,-285.9318
"7495","YR2005","VEN","EN.GHG.CO2.LU.FL.MT.CE.AR5",0,-299.0434
"7496","YR2005","VEN","EN.GHG.CO2.LU.DF.MT.CE.AR5",0,0.1793
"7497","YR2005","VEN","EN.GHG.CO2.LU.OL.MT.CE.AR5",0,12.9758
"7498","YR2006","VEN","EN.GHG.CO2.LU.MT.CE.AR5",0,-288.7686
"7499","YR2006","VEN","EN.GHG.CO2.LU.FL.MT.CE.AR5",0,-299.1703
"7500","YR2006","VEN","EN.GHG.CO2.LU.DF.MT.CE.AR5",0,0.1793
"7501","YR2006","VEN","EN.GHG.CO2.LU.OL.MT.CE.AR5",0,10.6888
"7502","YR2007","VEN","EN.GHG.CO2.LU.MT.CE.AR5",0,-284.6918
"7503","YR2007","VEN","EN.GHG.CO2.LU.FL.MT.CE.AR5",0,-296.9965
"7504","YR2007","VEN","EN.GHG.CO2.LU.DF.MT.CE.AR5",0,0.1793
"7505","YR2007","VEN","EN.GHG.CO2.LU.OL.MT.CE.AR5",0,12.7803
"7506","YR2008","VEN","EN.GHG.CO2.LU.MT.CE.AR5",0,-288.859
"7507","YR2008","VEN","EN.GHG.CO2.LU.FL.MT.CE.AR5",0,-299.4185
"7508","YR2008","VEN","EN.GHG.CO2.LU.DF.MT.CE.AR5",0,0.1793
"7509","YR2008","VEN","EN.GHG.CO2.LU.OL.MT.CE.AR5",0,11.3033
"7510","YR2009","VEN","EN.GHG.CO2.LU.MT.CE.AR5",0,-288.0504
"7511","YR2009","VEN","EN.GHG.CO2.LU.FL.MT.CE.AR5",0,-298.2353
"7512","YR2009","VEN","EN.GHG.CO2.LU.DF.MT.CE.AR5",0,0.1793
"7513","YR2009","VEN","EN.GHG.CO2.LU.OL.MT.CE.AR5",0,10.2331
"7514","YR2010","VEN","EN.GHG.CO2.LU.MT.CE.AR5",0,-287.7186
"7515","YR2010","VEN","EN.GHG.CO2.LU.FL.MT.CE.AR5",0,-299.8659
"7516","YR2010","VEN","EN.GHG.CO2.LU.DF.MT.CE.AR5",0,0.1793
"7517","YR2010","VEN","EN.GHG.CO2.LU.OL.MT.CE.AR5",0,11.7663
"7518","YR2011","VEN","EN.GHG.CO2.LU.MT.CE.AR5",0,-298.7504
"7519","YR2011","VEN","EN.GHG.CO2.LU.FL.MT.CE.AR5",0,-301.509
"7520","YR2011","VEN","EN.GHG.CO2.LU.DF.MT.CE.AR5",0,0.2082
"7521","YR2011","VEN","EN.GHG.CO2.LU.OL.MT.CE.AR5",0,2.3001
"7522","YR2012","VEN","EN.GHG.CO2.LU.MT.CE.AR5",0,-296.9562
"7523","YR2012","VEN","EN.GHG.CO2.LU.FL.MT.CE.AR5",0,-301.5431
"7524","YR2012","VEN","EN.GHG.CO2.LU.DF.MT.CE.AR5",0,0.2371
"7525","YR2012","VEN","EN.GHG.CO2.LU.OL.MT.CE.AR5",0,4.1341
"7526","YR2013","VEN","EN.GHG.CO2.LU.MT.CE.AR5",0,-289.8164
"7527","YR2013","VEN","EN.GHG.CO2.LU.FL.MT.CE.AR5",0,-302.1862
"7528","YR2013","VEN","EN.GHG.CO2.LU.DF.MT.CE.AR5",0,0.266
"7529","YR2013","VEN","EN.GHG.CO2.LU.OL.MT.CE.AR5",0,12.1096
"7530","YR2014","VEN","EN.GHG.CO2.LU.MT.CE.AR5",0,-286.3231
"7531","YR2014","VEN","EN.GHG.CO2.LU.FL.MT.CE.AR5",0,-301.1837
"7532","YR2014","VEN","EN.GHG.CO2.LU.DF.MT.CE.AR5",0,0.2948
"7533","YR2014","VEN","EN.GHG.CO2.LU.OL.MT.CE.AR5",0,14.5279
"7534","YR2015","VEN","EN.GHG.CO2.LU.MT.CE.AR5",0,-292.9152
"7535","YR2015","VEN","EN.GHG.CO2.LU.FL.MT.CE.AR5",0,-303.32
"7536","YR2015","VEN","EN.GHG.CO2.LU.DF.MT.CE.AR5",0,0.2495
"7537","YR2015","VEN","EN.GHG.CO2.LU.OL.MT.CE.AR5",0,9.7708
"7538","YR2016","VEN","EN.GHG.CO2.LU.MT.CE.AR5",0,-289.8539
"7539","YR2016","VEN","EN.GHG.CO2.LU.FL.MT.CE.AR5",0,-301.7558
"7540","YR2016","VEN","EN.GHG.CO2.LU.DF.MT.CE.AR5",0,0.2042
"7541","YR2016","VEN","EN.GHG.CO2.LU.OL.MT.CE.AR5",0,11.1576
"7542","YR2017","VEN","EN.GHG.CO2.LU.MT.CE.AR5",0,-296.4217
"7543","YR2017","VEN","EN.GHG.CO2.LU.FL.MT.CE.AR5",0,-305.3568
"7544","YR2017","VEN","EN.GHG.CO2.LU.DF.MT.CE.AR5",0,0.1589
"7545","YR2017","VEN","EN.GHG.CO2.LU.OL.MT.CE.AR5",0,8.3192
"7546","YR2018","VEN","EN.GHG.CO2.LU.MT.CE.AR5",0,-285.5237
"7547","YR2018","VEN","EN.GHG.CO2.LU.FL.MT.CE.AR5",0,-303.6442
"7548","YR2018","VEN","EN.GHG.CO2.LU.DF.MT.CE.AR5",0,0.1136
"7549","YR2018","VEN","EN.GHG.CO2.LU.OL.MT.CE.AR5",0,17.49
"7550","YR2019","VEN","EN.GHG.CO2.LU.MT.CE.AR5",0,-278.6928
"7551","YR2019","VEN","EN.GHG.CO2.LU.FL.MT.CE.AR5",0,-305.1754
"7552","YR2019","VEN","EN.GHG.CO2.LU.DF.MT.CE.AR5",0,0.0907
"7553","YR2019","VEN","EN.GHG.CO2.LU.OL.MT.CE.AR5",0,25.9892
"7554","YR2020","VEN","EN.GHG.CO2.LU.MT.CE.AR5",0,-269.8366
"7555","YR2020","VEN","EN.GHG.CO2.LU.FL.MT.CE.AR5",0,-302.8338
"7556","YR2020","VEN","EN.GHG.CO2.LU.DF.MT.CE.AR5",0,0.0677
"7557","YR2020","VEN","EN.GHG.CO2.LU.OL.MT.CE.AR5",0,32.5471
"7558","YR2021","VEN","EN.GHG.CO2.LU.MT.CE.AR5",0,-301.1597
"7559","YR2021","VEN","EN.GHG.CO2.LU.FL.MT.CE.AR5",0,-314.3006
"7560","YR2021","VEN","EN.GHG.CO2.LU.DF.MT.CE.AR5",0,0.0448
"7561","YR2021","VEN","EN.GHG.CO2.LU.OL.MT.CE.AR5",0,12.7633
"7562","YR2022","VEN","EN.GHG.CO2.LU.MT.CE.AR5",0,-284.9197
"7563","YR2022","VEN","EN.GHG.CO2.LU.FL.MT.CE.AR5",0,-313.5149
"7564","YR2022","VEN","EN.GHG.CO2.LU.DF.MT.CE.AR5",0,0.0219
"7565","YR2022","VEN","EN.GHG.CO2.LU.OL.MT.CE.AR5",0,28.2973
"7566","YR2023","VEN","EN.GHG.CO2.LU.MT.CE.AR5",0,-284.9197
"7567","YR2023","VEN","EN.GHG.CO2.LU.FL.MT.CE.AR5",0,-313.5149
"7568","YR2023","VEN","EN.GHG.CO2.LU.DF.MT.CE.AR5",0,0.0219
"7569","YR2023","VEN","EN.GHG.CO2.LU.OL.MT.CE.AR5",0,28.2973
"7570","YR2000","ZAF","EN.GHG.CO2.LU.MT.CE.AR5",0,-40.5606
"7571","YR2000","ZAF","EN.GHG.CO2.LU.FL.MT.CE.AR5",0,-44.7914
"7572","YR2000","ZAF","EN.GHG.CO2.LU.DF.MT.CE.AR5",0,11.3851
"7573","YR2000","ZAF","EN.GHG.CO2.LU.OL.MT.CE.AR5",0,-2.735
"7574","YR2001","ZAF","EN.GHG.CO2.LU.MT.CE.AR5",0,-30.8392
"7575","YR2001","ZAF","EN.GHG.CO2.LU.FL.MT.CE.AR5",0,-34.5236
"7576","YR2001","ZAF","EN.GHG.CO2.LU.DF.MT.CE.AR5",0,11.2758
"7577","YR2001","ZAF","EN.GHG.CO2.LU.OL.MT.CE.AR5",0,-3.2619
"7578","YR2002","ZAF","EN.GHG.CO2.LU.MT.CE.AR5",0,-29.1767
"7579","YR2002","ZAF","EN.GHG.CO2.LU.FL.MT.CE.AR5",0,-34.8469
"7580","YR2002","ZAF","EN.GHG.CO2.LU.DF.MT.CE.AR5",0,11.7096
"7581","YR2002","ZAF","EN.GHG.CO2.LU.OL.MT.CE.AR5",0,-1.4162
"7582","YR2003","ZAF","EN.GHG.CO2.LU.MT.CE.AR5",0,-45.0193
"7583","YR2003","ZAF","EN.GHG.CO2.LU.FL.MT.CE.AR5",0,-48.3723
"7584","YR2003","ZAF","EN.GHG.CO2.LU.DF.MT.CE.AR5",0,11.4481
"7585","YR2003","ZAF","EN.GHG.CO2.LU.OL.MT.CE.AR5",0,-2.6141
"7586","YR2004","ZAF","EN.GHG.CO2.LU.MT.CE.AR5",0,-36.1529
"7587","YR2004","ZAF","EN.GHG.CO2.LU.FL.MT.CE.AR5",0,-38.8293
"7588","YR2004","ZAF","EN.GHG.CO2.LU.DF.MT.CE.AR5",0,11.2838
"7589","YR2004","ZAF","EN.GHG.CO2.LU.OL.MT.CE.AR5",0,-3.4077
"7590","YR2005","ZAF","EN.GHG.CO2.LU.MT.CE.AR5",0,-14.5688
"7591","YR2005","ZAF","EN.GHG.CO2.LU.FL.MT.CE.AR5",0,-19.4063
"7592","YR2005","ZAF","EN.GHG.CO2.LU.DF.MT.CE.AR5",0,11.4348
"7593","YR2005","ZAF","EN.GHG.CO2.LU.OL.MT.CE.AR5",0,-2.54
"7594","YR2006","ZAF","EN.GHG.CO2.LU.MT.CE.AR5",0,-19.7022
"7595","YR2006","ZAF","EN.GHG.CO2.LU.FL.MT.CE.AR5",0,-23.7012
"7596","YR2006","ZAF","EN.GHG.CO2.LU.DF.MT.CE.AR5",0,11.1652
"7597","YR2006","ZAF","EN.GHG.CO2.LU.OL.MT.CE.AR5",0,-3.5814
"7598","YR2007","ZAF","EN.GHG.CO2.LU.MT.CE.AR5",0,-30.2092
"7599","YR2007","ZAF","EN.GHG.CO2.LU.FL.MT.CE.AR5",0,-34.4265
"7600","YR2007","ZAF","EN.GHG.CO2.LU.DF.MT.CE.AR5",0,11.1632
"7601","YR2007","ZAF","EN.GHG.CO2.LU.OL.MT.CE.AR5",0,-3.4675
"7602","YR2008","ZAF","EN.GHG.CO2.LU.MT.CE.AR5",0,-16.0596
"7603","YR2008","ZAF","EN.GHG.CO2.LU.FL.MT.CE.AR5",0,-20.648
"7604","YR2008","ZAF","EN.GHG.CO2.LU.DF.MT.CE.AR5",0,11.1827
"7605","YR2008","ZAF","EN.GHG.CO2.LU.OL.MT.CE.AR5",0,-3.6492
"7606","YR2009","ZAF","EN.GHG.CO2.LU.MT.CE.AR5",0,-34.7401
"7607","YR2009","ZAF","EN.GHG.CO2.LU.FL.MT.CE.AR5",0,-42.0394
"7608","YR2009","ZAF","EN.GHG.CO2.LU.DF.MT.CE.AR5",0,11.2417
"7609","YR2009","ZAF","EN.GHG.CO2.LU.OL.MT.CE.AR5",0,-3.3496
"7610","YR2010","ZAF","EN.GHG.CO2.LU.MT.CE.AR5",0,-26.2111
"7611","YR2010","ZAF","EN.GHG.CO2.LU.FL.MT.CE.AR5",0,-34.6463
"7612","YR2010","ZAF","EN.GHG.CO2.LU.DF.MT.CE.AR5",0,11.5597
"7613","YR2010","ZAF","EN.GHG.CO2.LU.OL.MT.CE.AR5",0,-2.0643
"7614","YR2011","ZAF","EN.GHG.CO2.LU.MT.CE.AR5",0,-32.5646
"7615","YR2011","ZAF","EN.GHG.CO2.LU.FL.MT.CE.AR5",0,-41.2202
"7616","YR2011","ZAF","EN.GHG.CO2.LU.DF.MT.CE.AR5",0,11.5657
"7617","YR2011","ZAF","EN.GHG.CO2.LU.OL.MT.CE.AR5",0,-2.2034
"7618","YR2012","ZAF","EN.GHG.CO2.LU.MT.CE.AR5",0,-35.0438
"7619","YR2012","ZAF","EN.GHG.CO2.LU.FL.MT.CE.AR5",0,-44.2315
"7620","YR2012","ZAF","EN.GHG.CO2.LU.DF.MT.CE.AR5",0,11.7644
"7621","YR2012","ZAF","EN.GHG.CO2.LU.OL.MT.CE.AR5",0,-1.3426
"7622","YR2013","ZAF","EN.GHG.CO2.LU.MT.CE.AR5",0,-45.578
"7623","YR2013","ZAF","EN.GHG.CO2.LU.FL.MT.CE.AR5",0,-52.5373
"7624","YR2013","ZAF","EN.GHG.CO2.LU.DF.MT.CE.AR5",0,11.3246
"7625","YR2013","ZAF","EN.GHG.CO2.LU.OL.MT.CE.AR5",0,-3.2985
"7626","YR2014","ZAF","EN.GHG.CO2.LU.MT.CE.AR5",0,-37.8185
"7627","YR2014","ZAF","EN.GHG.CO2.LU.FL.MT.CE.AR5",0,-44.107
"7628","YR2014","ZAF","EN.GHG.CO2.LU.DF.MT.CE.AR5",0,11.2218
"7629","YR2014","ZAF","EN.GHG.CO2.LU.OL.MT.CE.AR5",0,-3.7733
"7630","YR2015","ZAF","EN.GHG.CO2.LU.MT.CE.AR5",0,-14.3349
"7631","YR2015","ZAF","EN.GHG.CO2.LU.FL.MT.CE.AR5",0,-56.8073
"7632","YR2015","ZAF","EN.GHG.CO2.LU.DF.MT.CE.AR5",0,13.1659
"7633","YR2015","ZAF","EN.GHG.CO2.LU.OL.MT.CE.AR5",0,30.9672
"7634","YR2016","ZAF","EN.GHG.CO2.LU.MT.CE.AR5",0,-31.6724
"7635","YR2016","ZAF","EN.GHG.CO2.LU.FL.MT.CE.AR5",0,-74.4343
"7636","YR2016","ZAF","EN.GHG.CO2.LU.DF.MT.CE.AR5",0,13.2766
"7637","YR2016","ZAF","EN.GHG.CO2.LU.OL.MT.CE.AR5",0,31.3245
"7638","YR2017","ZAF","EN.GHG.CO2.LU.MT.CE.AR5",0,-14.6949
"7639","YR2017","ZAF","EN.GHG.CO2.LU.FL.MT.CE.AR5",0,-58.1479
"7640","YR2017","ZAF","EN.GHG.CO2.LU.DF.MT.CE.AR5",0,13.3305
"7641","YR2017","ZAF","EN.GHG.CO2.LU.OL.MT.CE.AR5",0,31.675
"7642","YR2018","ZAF","EN.GHG.CO2.LU.MT.CE.AR5",0,-10.6353
"7643","YR2018","ZAF","EN.GHG.CO2.LU.FL.MT.CE.AR5",0,-53.239
"7644","YR2018","ZAF","EN.GHG.CO2.LU.DF.MT.CE.AR5",0,13.3511
"7645","YR2018","ZAF","EN.GHG.CO2.LU.OL.MT.CE.AR5",0,31.6523
"7646","YR2019","ZAF","EN.GHG.CO2.LU.MT.CE.AR5",0,-37.0867
"7647","YR2019","ZAF","EN.GHG.CO2.LU.FL.MT.CE.AR5",0,-68.6466
"7648","YR2019","ZAF","EN.GHG.CO2.LU.DF.MT.CE.AR5",0,12.6149
"7649","YR2019","ZAF","EN.GHG.CO2.LU.OL.MT.CE.AR5",0,20.5846
"7650","YR2020","ZAF","EN.GHG.CO2.LU.MT.CE.AR5",0,-47.3304
"7651","YR2020","ZAF","EN.GHG.CO2.LU.FL.MT.CE.AR5",0,-78.8886
"7652","YR2020","ZAF","EN.GHG.CO2.LU.DF.MT.CE.AR5",0,12.618
"7653","YR2020","ZAF","EN.GHG.CO2.LU.OL.MT.CE.AR5",0,20.2588
"7654","YR2021","ZAF","EN.GHG.CO2.LU.MT.CE.AR5",0,-37.0859
"7655","YR2021","ZAF","EN.GHG.CO2.LU.FL.MT.CE.AR5",0,-68.3471
"7656","YR2021","ZAF","EN.GHG.CO2.LU.DF.MT.CE.AR5",0,12.8488
"7657","YR2021","ZAF","EN.GHG.CO2.LU.OL.MT.CE.AR5",0,20.3889
"7658","YR2022","ZAF","EN.GHG.CO2.LU.MT.CE.AR5",0,-56.7073
"7659","YR2022","ZAF","EN.GHG.CO2.LU.FL.MT.CE.AR5",0,-85.6843
"7660","YR2022","ZAF","EN.GHG.CO2.LU.DF.MT.CE.AR5",0,12.8582
"7661","YR2022","ZAF","EN.GHG.CO2.LU.OL.MT.CE.AR5",0,18.4654
"7662","YR2023","ZAF","EN.GHG.CO2.LU.MT.CE.AR5",0,-56.7073
"7663","YR2023","ZAF","EN.GHG.CO2.LU.FL.MT.CE.AR5",0,-85.6843
"7664","YR2023","ZAF","EN.GHG.CO2.LU.DF.MT.CE.AR5",0,12.8582
"7665","YR2023","ZAF","EN.GHG.CO2.LU.OL.MT.CE.AR5",0,18.4654
"7666","YR2000","CUB","EN.GHG.CO2.LU.MT.CE.AR5",0,-17.4493
"7667","YR2000","CUB","EN.GHG.CO2.LU.FL.MT.CE.AR5",0,-17.4493
"7668","YR2000","CUB","EN.GHG.CO2.LU.DF.MT.CE.AR5",0,0
"7669","YR2001","CUB","EN.GHG.CO2.LU.MT.CE.AR5",0,-18.0324
"7670","YR2001","CUB","EN.GHG.CO2.LU.FL.MT.CE.AR5",0,-18.0324
"7671","YR2001","CUB","EN.GHG.CO2.LU.DF.MT.CE.AR5",0,0
"7672","YR2002","CUB","EN.GHG.CO2.LU.MT.CE.AR5",0,-18.2401
"7673","YR2002","CUB","EN.GHG.CO2.LU.FL.MT.CE.AR5",0,-18.2401
"7674","YR2002","CUB","EN.GHG.CO2.LU.DF.MT.CE.AR5",0,0
"7675","YR2003","CUB","EN.GHG.CO2.LU.MT.CE.AR5",0,-18.7989
"7676","YR2003","CUB","EN.GHG.CO2.LU.FL.MT.CE.AR5",0,-18.7989
"7677","YR2003","CUB","EN.GHG.CO2.LU.DF.MT.CE.AR5",0,0
"7678","YR2004","CUB","EN.GHG.CO2.LU.MT.CE.AR5",0,-19.2863
"7679","YR2004","CUB","EN.GHG.CO2.LU.FL.MT.CE.AR5",0,-19.2863
"7680","YR2004","CUB","EN.GHG.CO2.LU.DF.MT.CE.AR5",0,0
"7681","YR2005","CUB","EN.GHG.CO2.LU.MT.CE.AR5",0,-19.8431
"7682","YR2005","CUB","EN.GHG.CO2.LU.FL.MT.CE.AR5",0,-19.8431
"7683","YR2005","CUB","EN.GHG.CO2.LU.DF.MT.CE.AR5",0,0
"7684","YR2006","CUB","EN.GHG.CO2.LU.MT.CE.AR5",0,-20.1381
"7685","YR2006","CUB","EN.GHG.CO2.LU.FL.MT.CE.AR5",0,-20.1381
"7686","YR2006","CUB","EN.GHG.CO2.LU.DF.MT.CE.AR5",0,0
"7687","YR2007","CUB","EN.GHG.CO2.LU.MT.CE.AR5",0,-21.3247
"7688","YR2007","CUB","EN.GHG.CO2.LU.FL.MT.CE.AR5",0,-21.3247
"7689","YR2007","CUB","EN.GHG.CO2.LU.DF.MT.CE.AR5",0,0
"7690","YR2008","CUB","EN.GHG.CO2.LU.MT.CE.AR5",0,-21.3479
"7691","YR2008","CUB","EN.GHG.CO2.LU.FL.MT.CE.AR5",0,-21.3479
"7692","YR2008","CUB","EN.GHG.CO2.LU.DF.MT.CE.AR5",0,0
"7693","YR2009","CUB","EN.GHG.CO2.LU.MT.CE.AR5",0,-22.4335
"7694","YR2009","CUB","EN.GHG.CO2.LU.FL.MT.CE.AR5",0,-22.4335
"7695","YR2009","CUB","EN.GHG.CO2.LU.DF.MT.CE.AR5",0,0
"7696","YR2010","CUB","EN.GHG.CO2.LU.MT.CE.AR5",0,-23.3465
"7697","YR2010","CUB","EN.GHG.CO2.LU.FL.MT.CE.AR5",0,-23.3465
"7698","YR2010","CUB","EN.GHG.CO2.LU.DF.MT.CE.AR5",0,0
"7699","YR2011","CUB","EN.GHG.CO2.LU.MT.CE.AR5",0,-23.0439
"7700","YR2011","CUB","EN.GHG.CO2.LU.FL.MT.CE.AR5",0,-23.0439
"7701","YR2011","CUB","EN.GHG.CO2.LU.DF.MT.CE.AR5",0,0
"7702","YR2012","CUB","EN.GHG.CO2.LU.MT.CE.AR5",0,-23.6899
"7703","YR2012","CUB","EN.GHG.CO2.LU.FL.MT.CE.AR5",0,-23.6899
"7704","YR2012","CUB","EN.GHG.CO2.LU.DF.MT.CE.AR5",0,0
"7705","YR2013","CUB","EN.GHG.CO2.LU.MT.CE.AR5",0,-25.173
"7706","YR2013","CUB","EN.GHG.CO2.LU.FL.MT.CE.AR5",0,-25.173
"7707","YR2013","CUB","EN.GHG.CO2.LU.DF.MT.CE.AR5",0,0
"7708","YR2014","CUB","EN.GHG.CO2.LU.MT.CE.AR5",0,-26.0491
"7709","YR2014","CUB","EN.GHG.CO2.LU.FL.MT.CE.AR5",0,-26.0491
"7710","YR2014","CUB","EN.GHG.CO2.LU.DF.MT.CE.AR5",0,0
"7711","YR2015","CUB","EN.GHG.CO2.LU.MT.CE.AR5",0,-26.3036
"7712","YR2015","CUB","EN.GHG.CO2.LU.FL.MT.CE.AR5",0,-26.3036
"7713","YR2015","CUB","EN.GHG.CO2.LU.DF.MT.CE.AR5",0,0
"7714","YR2016","CUB","EN.GHG.CO2.LU.MT.CE.AR5",0,-26.7137
"7715","YR2016","CUB","EN.GHG.CO2.LU.FL.MT.CE.AR5",0,-26.7137
"7716","YR2016","CUB","EN.GHG.CO2.LU.DF.MT.CE.AR5",0,0
"7717","YR2017","CUB","EN.GHG.CO2.LU.MT.CE.AR5",0,-27.4245
"7718","YR2017","CUB","EN.GHG.CO2.LU.FL.MT.CE.AR5",0,-27.4245
"7719","YR2017","CUB","EN.GHG.CO2.LU.DF.MT.CE.AR5",0,0
"7720","YR2018","CUB","EN.GHG.CO2.LU.MT.CE.AR5",0,-28.1355
"7721","YR2018","CUB","EN.GHG.CO2.LU.FL.MT.CE.AR5",0,-28.1355
"7722","YR2018","CUB","EN.GHG.CO2.LU.DF.MT.CE.AR5",0,0
"7723","YR2019","CUB","EN.GHG.CO2.LU.MT.CE.AR5",0,-27.2962
"7724","YR2019","CUB","EN.GHG.CO2.LU.FL.MT.CE.AR5",0,-27.2962
"7725","YR2019","CUB","EN.GHG.CO2.LU.DF.MT.CE.AR5",0,0
"7726","YR2020","CUB","EN.GHG.CO2.LU.MT.CE.AR5",0,-28.2412
"7727","YR2020","CUB","EN.GHG.CO2.LU.FL.MT.CE.AR5",0,-28.2412
"7728","YR2020","CUB","EN.GHG.CO2.LU.DF.MT.CE.AR5",0,0
"7729","YR2021","CUB","EN.GHG.CO2.LU.MT.CE.AR5",0,-28.6988
"7730","YR2021","CUB","EN.GHG.CO2.LU.FL.MT.CE.AR5",0,-28.6988
"7731","YR2021","CUB","EN.GHG.CO2.LU.DF.MT.CE.AR5",0,0
"7732","YR2022","CUB","EN.GHG.CO2.LU.MT.CE.AR5",0,-27.7661
"7733","YR2022","CUB","EN.GHG.CO2.LU.FL.MT.CE.AR5",0,-27.7661
"7734","YR2022","CUB","EN.GHG.CO2.LU.DF.MT.CE.AR5",0,0
"7735","YR2023","CUB","EN.GHG.CO2.LU.MT.CE.AR5",0,-27.7661
"7736","YR2023","CUB","EN.GHG.CO2.LU.FL.MT.CE.AR5",0,-27.7661
"7737","YR2023","CUB","EN.GHG.CO2.LU.DF.MT.CE.AR5",0,0
"7738","YR2000","ECU","EN.GHG.CO2.LU.MT.CE.AR5",0,42.5743
"7739","YR2000","ECU","EN.GHG.CO2.LU.FL.MT.CE.AR5",0,-12.0175
"7740","YR2000","ECU","EN.GHG.CO2.LU.DF.MT.CE.AR5",0,50.9089
"7741","YR2000","ECU","EN.GHG.CO2.LU.OS.MT.CE.AR5",0,0
"7742","YR2000","ECU","EN.GHG.CO2.LU.OL.MT.CE.AR5",0,3.6829
"7743","YR2001","ECU","EN.GHG.CO2.LU.MT.CE.AR5",0,42.1277
"7744","YR2001","ECU","EN.GHG.CO2.LU.FL.MT.CE.AR5",0,-11.5048
"7745","YR2001","ECU","EN.GHG.CO2.LU.DF.MT.CE.AR5",0,49.3907
"7746","YR2001","ECU","EN.GHG.CO2.LU.OS.MT.CE.AR5",0,0
"7747","YR2001","ECU","EN.GHG.CO2.LU.OL.MT.CE.AR5",0,4.2418
"7748","YR2002","ECU","EN.GHG.CO2.LU.MT.CE.AR5",0,41.6812
"7749","YR2002","ECU","EN.GHG.CO2.LU.FL.MT.CE.AR5",0,-10.9921
"7750","YR2002","ECU","EN.GHG.CO2.LU.DF.MT.CE.AR5",0,47.8724
"7751","YR2002","ECU","EN.GHG.CO2.LU.OS.MT.CE.AR5",0,0
"7752","YR2002","ECU","EN.GHG.CO2.LU.OL.MT.CE.AR5",0,4.8008
"7753","YR2003","ECU","EN.GHG.CO2.LU.MT.CE.AR5",0,41.2346
"7754","YR2003","ECU","EN.GHG.CO2.LU.FL.MT.CE.AR5",0,-10.4794
"7755","YR2003","ECU","EN.GHG.CO2.LU.DF.MT.CE.AR5",0,46.3542
"7756","YR2003","ECU","EN.GHG.CO2.LU.OS.MT.CE.AR5",0,0
"7757","YR2003","ECU","EN.GHG.CO2.LU.OL.MT.CE.AR5",0,5.3598
"7758","YR2004","ECU","EN.GHG.CO2.LU.MT.CE.AR5",0,40.788
"7759","YR2004","ECU","EN.GHG.CO2.LU.FL.MT.CE.AR5",0,-9.9666
"7760","YR2004","ECU","EN.GHG.CO2.LU.DF.MT.CE.AR5",0,44.8359
"7761","YR2004","ECU","EN.GHG.CO2.LU.OS.MT.CE.AR5",0,0
"7762","YR2004","ECU","EN.GHG.CO2.LU.OL.MT.CE.AR5",0,5.9187
"7763","YR2005","ECU","EN.GHG.CO2.LU.MT.CE.AR5",0,40.4159
"7764","YR2005","ECU","EN.GHG.CO2.LU.FL.MT.CE.AR5",0,-9.5394
"7765","YR2005","ECU","EN.GHG.CO2.LU.DF.MT.CE.AR5",0,43.5707
"7766","YR2005","ECU","EN.GHG.CO2.LU.OS.MT.CE.AR5",0,0
"7767","YR2005","ECU","EN.GHG.CO2.LU.OL.MT.CE.AR5",0,6.3845
"7768","YR2006","ECU","EN.GHG.CO2.LU.MT.CE.AR5",0,39.8949
"7769","YR2006","ECU","EN.GHG.CO2.LU.FL.MT.CE.AR5",0,-8.9412
"7770","YR2006","ECU","EN.GHG.CO2.LU.DF.MT.CE.AR5",0,41.7994
"7771","YR2006","ECU","EN.GHG.CO2.LU.OS.MT.CE.AR5",0,0
"7772","YR2006","ECU","EN.GHG.CO2.LU.OL.MT.CE.AR5",0,7.0367
"7773","YR2007","ECU","EN.GHG.CO2.LU.MT.CE.AR5",0,38.6967
"7774","YR2007","ECU","EN.GHG.CO2.LU.FL.MT.CE.AR5",0,-10.4946
"7775","YR2007","ECU","EN.GHG.CO2.LU.DF.MT.CE.AR5",0,40.5687
"7776","YR2007","ECU","EN.GHG.CO2.LU.OS.MT.CE.AR5",0,0
"7777","YR2007","ECU","EN.GHG.CO2.LU.OL.MT.CE.AR5",0,8.6226
"7778","YR2008","ECU","EN.GHG.CO2.LU.MT.CE.AR5",0,37.4985
"7779","YR2008","ECU","EN.GHG.CO2.LU.FL.MT.CE.AR5",0,-12.048
"7780","YR2008","ECU","EN.GHG.CO2.LU.DF.MT.CE.AR5",0,39.3379
"7781","YR2008","ECU","EN.GHG.CO2.LU.OS.MT.CE.AR5",0,0
"7782","YR2008","ECU","EN.GHG.CO2.LU.OL.MT.CE.AR5",0,10.2086
"7783","YR2009","ECU","EN.GHG.CO2.LU.MT.CE.AR5",0,36.3003
"7784","YR2009","ECU","EN.GHG.CO2.LU.FL.MT.CE.AR5",0,-13.6014
"7785","YR2009","ECU","EN.GHG.CO2.LU.DF.MT.CE.AR5",0,38.1071
"7786","YR2009","ECU","EN.GHG.CO2.LU.OS.MT.CE.AR5",0,0
"7787","YR2009","ECU","EN.GHG.CO2.LU.OL.MT.CE.AR5",0,11.7945
"7788","YR2010","ECU","EN.GHG.CO2.LU.MT.CE.AR5",0,35.1021
"7789","YR2010","ECU","EN.GHG.CO2.LU.FL.MT.CE.AR5",0,-15.1548
"7790","YR2010","ECU","EN.GHG.CO2.LU.DF.MT.CE.AR5",0,36.8764
"7791","YR2010","ECU","EN.GHG.CO2.LU.OS.MT.CE.AR5",0,0
"7792","YR2010","ECU","EN.GHG.CO2.LU.OL.MT.CE.AR5",0,13.3805
"7793","YR2011","ECU","EN.GHG.CO2.LU.MT.CE.AR5",0,33.8544
"7794","YR2011","ECU","EN.GHG.CO2.LU.FL.MT.CE.AR5",0,-16.4025
"7795","YR2011","ECU","EN.GHG.CO2.LU.DF.MT.CE.AR5",0,36.8764
"7796","YR2011","ECU","EN.GHG.CO2.LU.OS.MT.CE.AR5",0,0
"7797","YR2011","ECU","EN.GHG.CO2.LU.OL.MT.CE.AR5",0,13.3805
"7798","YR2012","ECU","EN.GHG.CO2.LU.MT.CE.AR5",0,32.6067
"7799","YR2012","ECU","EN.GHG.CO2.LU.FL.MT.CE.AR5",0,-17.6502
"7800","YR2012","ECU","EN.GHG.CO2.LU.DF.MT.CE.AR5",0,36.8764
"7801","YR2012","ECU","EN.GHG.CO2.LU.OS.MT.CE.AR5",0,0
"7802","YR2012","ECU","EN.GHG.CO2.LU.OL.MT.CE.AR5",0,13.3805
"7803","YR2013","ECU","EN.GHG.CO2.LU.MT.CE.AR5",0,31.7823
"7804","YR2013","ECU","EN.GHG.CO2.LU.FL.MT.CE.AR5",0,-18.4746
"7805","YR2013","ECU","EN.GHG.CO2.LU.DF.MT.CE.AR5",0,36.8764
"7806","YR2013","ECU","EN.GHG.CO2.LU.OS.MT.CE.AR5",0,0
"7807","YR2013","ECU","EN.GHG.CO2.LU.OL.MT.CE.AR5",0,13.3805
"7808","YR2014","ECU","EN.GHG.CO2.LU.MT.CE.AR5",0,30.9579
"7809","YR2014","ECU","EN.GHG.CO2.LU.FL.MT.CE.AR5",0,-19.299
"7810","YR2014","ECU","EN.GHG.CO2.LU.DF.MT.CE.AR5",0,36.8764
"7811","YR2014","ECU","EN.GHG.CO2.LU.OS.MT.CE.AR5",0,0
"7812","YR2014","ECU","EN.GHG.CO2.LU.OL.MT.CE.AR5",0,13.3805
"7813","YR2015","ECU","EN.GHG.CO2.LU.MT.CE.AR5",0,29.4989
"7814","YR2015","ECU","EN.GHG.CO2.LU.FL.MT.CE.AR5",0,-18.8385
"7815","YR2015","ECU","EN.GHG.CO2.LU.DF.MT.CE.AR5",0,36.7865
"7816","YR2015","ECU","EN.GHG.CO2.LU.OS.MT.CE.AR5",0,0
"7817","YR2015","ECU","EN.GHG.CO2.LU.OL.MT.CE.AR5",0,11.5509
"7818","YR2016","ECU","EN.GHG.CO2.LU.MT.CE.AR5",0,28.0398
"7819","YR2016","ECU","EN.GHG.CO2.LU.FL.MT.CE.AR5",0,-18.3781
"7820","YR2016","ECU","EN.GHG.CO2.LU.DF.MT.CE.AR5",0,36.6967
"7821","YR2016","ECU","EN.GHG.CO2.LU.OS.MT.CE.AR5",0,0
"7822","YR2016","ECU","EN.GHG.CO2.LU.OL.MT.CE.AR5",0,9.7212
"7823","YR2017","ECU","EN.GHG.CO2.LU.MT.CE.AR5",0,24.1582
"7824","YR2017","ECU","EN.GHG.CO2.LU.FL.MT.CE.AR5",0,-19.7633
"7825","YR2017","ECU","EN.GHG.CO2.LU.DF.MT.CE.AR5",0,34.7002
"7826","YR2017","ECU","EN.GHG.CO2.LU.OS.MT.CE.AR5",0,0
"7827","YR2017","ECU","EN.GHG.CO2.LU.OL.MT.CE.AR5",0,9.2213
"7828","YR2018","ECU","EN.GHG.CO2.LU.MT.CE.AR5",0,20.2765
"7829","YR2018","ECU","EN.GHG.CO2.LU.FL.MT.CE.AR5",0,-21.1486
"7830","YR2018","ECU","EN.GHG.CO2.LU.DF.MT.CE.AR5",0,32.7037
"7831","YR2018","ECU","EN.GHG.CO2.LU.OS.MT.CE.AR5",0,0
"7832","YR2018","ECU","EN.GHG.CO2.LU.OL.MT.CE.AR5",0,8.7214
"7833","YR2019","ECU","EN.GHG.CO2.LU.MT.CE.AR5",0,20.2867
"7834","YR2019","ECU","EN.GHG.CO2.LU.FL.MT.CE.AR5",0,-21.1269
"7835","YR2019","ECU","EN.GHG.CO2.LU.DF.MT.CE.AR5",0,34.2381
"7836","YR2019","ECU","EN.GHG.CO2.LU.OS.MT.CE.AR5",0,0
"7837","YR2019","ECU","EN.GHG.CO2.LU.OL.MT.CE.AR5",0,7.1754
"7838","YR2020","ECU","EN.GHG.CO2.LU.MT.CE.AR5",0,20.2969
"7839","YR2020","ECU","EN.GHG.CO2.LU.FL.MT.CE.AR5",0,-21.1051
"7840","YR2020","ECU","EN.GHG.CO2.LU.DF.MT.CE.AR5",0,35.7725
"7841","YR2020","ECU","EN.GHG.CO2.LU.OS.MT.CE.AR5",0,0
"7842","YR2020","ECU","EN.GHG.CO2.LU.OL.MT.CE.AR5",0,5.6295
"7843","YR2021","ECU","EN.GHG.CO2.LU.MT.CE.AR5",0,24.5814
"7844","YR2021","ECU","EN.GHG.CO2.LU.FL.MT.CE.AR5",0,-18.2279
"7845","YR2021","ECU","EN.GHG.CO2.LU.DF.MT.CE.AR5",0,36.6012
"7846","YR2021","ECU","EN.GHG.CO2.LU.OS.MT.CE.AR5",0,0
"7847","YR2021","ECU","EN.GHG.CO2.LU.OL.MT.CE.AR5",0,6.2081
"7848","YR2022","ECU","EN.GHG.CO2.LU.MT.CE.AR5",0,25.7951
"7849","YR2022","ECU","EN.GHG.CO2.LU.FL.MT.CE.AR5",0,-17.0142
"7850","YR2022","ECU","EN.GHG.CO2.LU.DF.MT.CE.AR5",0,36.6012
"7851","YR2022","ECU","EN.GHG.CO2.LU.OS.MT.CE.AR5",0,0
"7852","YR2022","ECU","EN.GHG.CO2.LU.OL.MT.CE.AR5",0,6.2081
"7853","YR2023","ECU","EN.GHG.CO2.LU.MT.CE.AR5",0,25.7951
"7854","YR2023","ECU","EN.GHG.CO2.LU.FL.MT.CE.AR5",0,-17.0142
"7855","YR2023","ECU","EN.GHG.CO2.LU.DF.MT.CE.AR5",0,36.6012
"7856","YR2023","ECU","EN.GHG.CO2.LU.OS.MT.CE.AR5",0,0
"7857","YR2023","ECU","EN.GHG.CO2.LU.OL.MT.CE.AR5",0,6.2081
"7858","YR2000","MDA","EN.GHG.CO2.LU.MT.CE.AR5",0,-2.4206
"7859","YR2000","MDA","EN.GHG.CO2.LU.FL.MT.CE.AR5",0,-2.3074
"7860","YR2000","MDA","EN.GHG.CO2.LU.DF.MT.CE.AR5",0,0.1785
"7861","YR2000","MDA","EN.GHG.CO2.LU.OL.MT.CE.AR5",0,-0.2975
"7862","YR2001","MDA","EN.GHG.CO2.LU.MT.CE.AR5",0,-2.0648
"7863","YR2001","MDA","EN.GHG.CO2.LU.FL.MT.CE.AR5",0,-2.2737
"7864","YR2001","MDA","EN.GHG.CO2.LU.DF.MT.CE.AR5",0,0.1785
"7865","YR2001","MDA","EN.GHG.CO2.LU.OL.MT.CE.AR5",0,0.0366
"7866","YR2002","MDA","EN.GHG.CO2.LU.MT.CE.AR5",0,-2.1515
"7867","YR2002","MDA","EN.GHG.CO2.LU.FL.MT.CE.AR5",0,-2.2676
"7868","YR2002","MDA","EN.GHG.CO2.LU.DF.MT.CE.AR5",0,0.4562
"7869","YR2002","MDA","EN.GHG.CO2.LU.OL.MT.CE.AR5",0,-0.2835
"7870","YR2003","MDA","EN.GHG.CO2.LU.MT.CE.AR5",0,-2.0792
"7871","YR2003","MDA","EN.GHG.CO2.LU.FL.MT.CE.AR5",0,-2.2701
"7872","YR2003","MDA","EN.GHG.CO2.LU.DF.MT.CE.AR5",0,0.1605
"7873","YR2003","MDA","EN.GHG.CO2.LU.OL.MT.CE.AR5",0,0.0956
"7874","YR2004","MDA","EN.GHG.CO2.LU.MT.CE.AR5",0,-2.2483
"7875","YR2004","MDA","EN.GHG.CO2.LU.FL.MT.CE.AR5",0,-2.3348
"7876","YR2004","MDA","EN.GHG.CO2.LU.DF.MT.CE.AR5",0,0.1592
"7877","YR2004","MDA","EN.GHG.CO2.LU.OL.MT.CE.AR5",0,-0.0192
"7878","YR2005","MDA","EN.GHG.CO2.LU.MT.CE.AR5",0,-1.9543
"7879","YR2005","MDA","EN.GHG.CO2.LU.FL.MT.CE.AR5",0,-2.4095
"7880","YR2005","MDA","EN.GHG.CO2.LU.DF.MT.CE.AR5",0,0.29
"7881","YR2005","MDA","EN.GHG.CO2.LU.OL.MT.CE.AR5",0,0.2063
"7882","YR2006","MDA","EN.GHG.CO2.LU.MT.CE.AR5",0,-2.0762
"7883","YR2006","MDA","EN.GHG.CO2.LU.FL.MT.CE.AR5",0,-2.3665
"7884","YR2006","MDA","EN.GHG.CO2.LU.DF.MT.CE.AR5",0,0.0787
"7885","YR2006","MDA","EN.GHG.CO2.LU.OL.MT.CE.AR5",0,0.2522
"7886","YR2007","MDA","EN.GHG.CO2.LU.MT.CE.AR5",0,-2.2687
"7887","YR2007","MDA","EN.GHG.CO2.LU.FL.MT.CE.AR5",0,-2.4604
"7888","YR2007","MDA","EN.GHG.CO2.LU.DF.MT.CE.AR5",0,0.0703
"7889","YR2007","MDA","EN.GHG.CO2.LU.OL.MT.CE.AR5",0,0.166
"7890","YR2008","MDA","EN.GHG.CO2.LU.MT.CE.AR5",0,-1.9564
"7891","YR2008","MDA","EN.GHG.CO2.LU.FL.MT.CE.AR5",0,-2.4628
"7892","YR2008","MDA","EN.GHG.CO2.LU.DF.MT.CE.AR5",0,0.291
"7893","YR2008","MDA","EN.GHG.CO2.LU.OL.MT.CE.AR5",0,0.251
"7894","YR2009","MDA","EN.GHG.CO2.LU.MT.CE.AR5",0,-1.5606
"7895","YR2009","MDA","EN.GHG.CO2.LU.FL.MT.CE.AR5",0,-2.5261
"7896","YR2009","MDA","EN.GHG.CO2.LU.DF.MT.CE.AR5",0,0.0799
"7897","YR2009","MDA","EN.GHG.CO2.LU.OL.MT.CE.AR5",0,0.914
"7898","YR2010","MDA","EN.GHG.CO2.LU.MT.CE.AR5",0,-1.4865
"7899","YR2010","MDA","EN.GHG.CO2.LU.FL.MT.CE.AR5",0,-2.4842
"7900","YR2010","MDA","EN.GHG.CO2.LU.DF.MT.CE.AR5",0,0.4415
"7901","YR2010","MDA","EN.GHG.CO2.LU.OL.MT.CE.AR5",0,0.579
"7902","YR2011","MDA","EN.GHG.CO2.LU.MT.CE.AR5",0,-1.422
"7903","YR2011","MDA","EN.GHG.CO2.LU.FL.MT.CE.AR5",0,-2.3906
"7904","YR2011","MDA","EN.GHG.CO2.LU.DF.MT.CE.AR5",0,0.3937
"7905","YR2011","MDA","EN.GHG.CO2.LU.OL.MT.CE.AR5",0,0.5792
"7906","YR2012","MDA","EN.GHG.CO2.LU.MT.CE.AR5",0,-1.4337
"7907","YR2012","MDA","EN.GHG.CO2.LU.FL.MT.CE.AR5",0,-2.2948
"7908","YR2012","MDA","EN.GHG.CO2.LU.DF.MT.CE.AR5",0,0.0971
"7909","YR2012","MDA","EN.GHG.CO2.LU.OL.MT.CE.AR5",0,0.6872
"7910","YR2013","MDA","EN.GHG.CO2.LU.MT.CE.AR5",0,-1.2892
"7911","YR2013","MDA","EN.GHG.CO2.LU.FL.MT.CE.AR5",0,-2.1419
"7912","YR2013","MDA","EN.GHG.CO2.LU.DF.MT.CE.AR5",0,0.0971
"7913","YR2013","MDA","EN.GHG.CO2.LU.OL.MT.CE.AR5",0,0.6937
"7914","YR2014","MDA","EN.GHG.CO2.LU.MT.CE.AR5",0,-0.9273
"7915","YR2014","MDA","EN.GHG.CO2.LU.FL.MT.CE.AR5",0,-2.1347
"7916","YR2014","MDA","EN.GHG.CO2.LU.DF.MT.CE.AR5",0,0.3057
"7917","YR2014","MDA","EN.GHG.CO2.LU.OL.MT.CE.AR5",0,0.8436
"7918","YR2015","MDA","EN.GHG.CO2.LU.MT.CE.AR5",0,-1.3729
"7919","YR2015","MDA","EN.GHG.CO2.LU.FL.MT.CE.AR5",0,-2.1595
"7920","YR2015","MDA","EN.GHG.CO2.LU.DF.MT.CE.AR5",0,0.0805
"7921","YR2015","MDA","EN.GHG.CO2.LU.OL.MT.CE.AR5",0,0.6569
"7922","YR2016","MDA","EN.GHG.CO2.LU.MT.CE.AR5",0,-1.1171
"7923","YR2016","MDA","EN.GHG.CO2.LU.FL.MT.CE.AR5",0,-2.1158
"7924","YR2016","MDA","EN.GHG.CO2.LU.DF.MT.CE.AR5",0,0.3453
"7925","YR2016","MDA","EN.GHG.CO2.LU.OL.MT.CE.AR5",0,0.6525
"7926","YR2017","MDA","EN.GHG.CO2.LU.MT.CE.AR5",0,-1.1657
"7927","YR2017","MDA","EN.GHG.CO2.LU.FL.MT.CE.AR5",0,-2.0164
"7928","YR2017","MDA","EN.GHG.CO2.LU.DF.MT.CE.AR5",0,0.2119
"7929","YR2017","MDA","EN.GHG.CO2.LU.OL.MT.CE.AR5",0,0.7063
"7930","YR2018","MDA","EN.GHG.CO2.LU.MT.CE.AR5",0,-1.0066
"7931","YR2018","MDA","EN.GHG.CO2.LU.FL.MT.CE.AR5",0,-1.9694
"7932","YR2018","MDA","EN.GHG.CO2.LU.DF.MT.CE.AR5",0,0.3122
"7933","YR2018","MDA","EN.GHG.CO2.LU.OL.MT.CE.AR5",0,0.714
"7934","YR2019","MDA","EN.GHG.CO2.LU.MT.CE.AR5",0,-0.1486
"7935","YR2019","MDA","EN.GHG.CO2.LU.FL.MT.CE.AR5",0,-1.9507
"7936","YR2019","MDA","EN.GHG.CO2.LU.DF.MT.CE.AR5",0,0.5386
"7937","YR2019","MDA","EN.GHG.CO2.LU.OL.MT.CE.AR5",0,1.321
"7938","YR2020","MDA","EN.GHG.CO2.LU.MT.CE.AR5",0,-0.1724
"7939","YR2020","MDA","EN.GHG.CO2.LU.FL.MT.CE.AR5",0,-1.8873
"7940","YR2020","MDA","EN.GHG.CO2.LU.DF.MT.CE.AR5",0,0.1424
"7941","YR2020","MDA","EN.GHG.CO2.LU.OL.MT.CE.AR5",0,1.5379
"7942","YR2021","MDA","EN.GHG.CO2.LU.MT.CE.AR5",0,-0.1052
"7943","YR2021","MDA","EN.GHG.CO2.LU.FL.MT.CE.AR5",0,-1.9196
"7944","YR2021","MDA","EN.GHG.CO2.LU.DF.MT.CE.AR5",0,0.2282
"7945","YR2021","MDA","EN.GHG.CO2.LU.OL.MT.CE.AR5",0,1.5785
"7946","YR2022","MDA","EN.GHG.CO2.LU.MT.CE.AR5",0,0.2584
"7947","YR2022","MDA","EN.GHG.CO2.LU.FL.MT.CE.AR5",0,-1.5924
"7948","YR2022","MDA","EN.GHG.CO2.LU.DF.MT.CE.AR5",0,0.2914
"7949","YR2022","MDA","EN.GHG.CO2.LU.OL.MT.CE.AR5",0,1.5632
"7950","YR2023","MDA","EN.GHG.CO2.LU.MT.CE.AR5",0,0.2584
"7951","YR2023","MDA","EN.GHG.CO2.LU.FL.MT.CE.AR5",0,-1.5924
"7952","YR2023","MDA","EN.GHG.CO2.LU.DF.MT.CE.AR5",0,0.2914
"7953","YR2023","MDA","EN.GHG.CO2.LU.OL.MT.CE.AR5",0,1.5632
"7954","YR2000","CHL","EN.GHG.CO2.LU.MT.CE.AR5",0,-77.8361
"7955","YR2000","CHL","EN.GHG.CO2.LU.FL.MT.CE.AR5",0,-78.3831
"7956","YR2000","CHL","EN.GHG.CO2.LU.DF.MT.CE.AR5",0,4.9013
"7957","YR2000","CHL","EN.GHG.CO2.LU.OL.MT.CE.AR5",0,0.5481
"7958","YR2001","CHL","EN.GHG.CO2.LU.MT.CE.AR5",0,-77.9669
"7959","YR2001","CHL","EN.GHG.CO2.LU.FL.MT.CE.AR5",0,-78.4125
"7960","YR2001","CHL","EN.GHG.CO2.LU.DF.MT.CE.AR5",0,4.9134
"7961","YR2001","CHL","EN.GHG.CO2.LU.OL.MT.CE.AR5",0,0.5399
"7962","YR2002","CHL","EN.GHG.CO2.LU.MT.CE.AR5",0,-64.5269
"7963","YR2002","CHL","EN.GHG.CO2.LU.FL.MT.CE.AR5",0,-64.284
"7964","YR2002","CHL","EN.GHG.CO2.LU.DF.MT.CE.AR5",0,4.9255
"7965","YR2002","CHL","EN.GHG.CO2.LU.OL.MT.CE.AR5",0,0.5557
"7966","YR2003","CHL","EN.GHG.CO2.LU.MT.CE.AR5",0,-76.032
"7967","YR2003","CHL","EN.GHG.CO2.LU.FL.MT.CE.AR5",0,-75.3017
"7968","YR2003","CHL","EN.GHG.CO2.LU.DF.MT.CE.AR5",0,4.9375
"7969","YR2003","CHL","EN.GHG.CO2.LU.OL.MT.CE.AR5",0,0.5692
"7970","YR2004","CHL","EN.GHG.CO2.LU.MT.CE.AR5",0,-69.9506
"7971","YR2004","CHL","EN.GHG.CO2.LU.FL.MT.CE.AR5",0,-68.4541
"7972","YR2004","CHL","EN.GHG.CO2.LU.DF.MT.CE.AR5",0,4.9496
"7973","YR2004","CHL","EN.GHG.CO2.LU.OL.MT.CE.AR5",0,0.5771
"7974","YR2005","CHL","EN.GHG.CO2.LU.MT.CE.AR5",0,-68.4407
"7975","YR2005","CHL","EN.GHG.CO2.LU.FL.MT.CE.AR5",0,-66.7274
"7976","YR2005","CHL","EN.GHG.CO2.LU.DF.MT.CE.AR5",0,4.9617
"7977","YR2005","CHL","EN.GHG.CO2.LU.OL.MT.CE.AR5",0,0.5814
"7978","YR2006","CHL","EN.GHG.CO2.LU.MT.CE.AR5",0,-70.4625
"7979","YR2006","CHL","EN.GHG.CO2.LU.FL.MT.CE.AR5",0,-68.3687
"7980","YR2006","CHL","EN.GHG.CO2.LU.DF.MT.CE.AR5",0,4.9738
"7981","YR2006","CHL","EN.GHG.CO2.LU.OL.MT.CE.AR5",0,0.5812
"7982","YR2007","CHL","EN.GHG.CO2.LU.MT.CE.AR5",0,-58.4048
"7983","YR2007","CHL","EN.GHG.CO2.LU.FL.MT.CE.AR5",0,-56.8588
"7984","YR2007","CHL","EN.GHG.CO2.LU.DF.MT.CE.AR5",0,4.9859
"7985","YR2007","CHL","EN.GHG.CO2.LU.OL.MT.CE.AR5",0,0.6485
"7986","YR2008","CHL","EN.GHG.CO2.LU.MT.CE.AR5",0,-55.2657
"7987","YR2008","CHL","EN.GHG.CO2.LU.FL.MT.CE.AR5",0,-54.4978
"7988","YR2008","CHL","EN.GHG.CO2.LU.DF.MT.CE.AR5",0,4.998
"7989","YR2008","CHL","EN.GHG.CO2.LU.OL.MT.CE.AR5",0,0.8441
"7990","YR2009","CHL","EN.GHG.CO2.LU.MT.CE.AR5",0,-58.5271
"7991","YR2009","CHL","EN.GHG.CO2.LU.FL.MT.CE.AR5",0,-59.4284
"7992","YR2009","CHL","EN.GHG.CO2.LU.DF.MT.CE.AR5",0,5.0101
"7993","YR2009","CHL","EN.GHG.CO2.LU.OL.MT.CE.AR5",0,0.7435
"7994","YR2010","CHL","EN.GHG.CO2.LU.MT.CE.AR5",0,-65.567
"7995","YR2010","CHL","EN.GHG.CO2.LU.FL.MT.CE.AR5",0,-65.7306
"7996","YR2010","CHL","EN.GHG.CO2.LU.DF.MT.CE.AR5",0,5.0101
"7997","YR2010","CHL","EN.GHG.CO2.LU.OL.MT.CE.AR5",0,0.7846
"7998","YR2011","CHL","EN.GHG.CO2.LU.MT.CE.AR5",0,-65.0265
"7999","YR2011","CHL","EN.GHG.CO2.LU.FL.MT.CE.AR5",0,-64.6222
"8000","YR2011","CHL","EN.GHG.CO2.LU.DF.MT.CE.AR5",0,5.0101
"8001","YR2011","CHL","EN.GHG.CO2.LU.OL.MT.CE.AR5",0,0.6773
"8002","YR2012","CHL","EN.GHG.CO2.LU.MT.CE.AR5",0,-58.9892
"8003","YR2012","CHL","EN.GHG.CO2.LU.FL.MT.CE.AR5",0,-58.9823
"8004","YR2012","CHL","EN.GHG.CO2.LU.DF.MT.CE.AR5",0,5.0101
"8005","YR2012","CHL","EN.GHG.CO2.LU.OL.MT.CE.AR5",0,0.6656
"8006","YR2013","CHL","EN.GHG.CO2.LU.MT.CE.AR5",0,-64.8492
"8007","YR2013","CHL","EN.GHG.CO2.LU.FL.MT.CE.AR5",0,-64.6159
"8008","YR2013","CHL","EN.GHG.CO2.LU.DF.MT.CE.AR5",0,5.0101
"8009","YR2013","CHL","EN.GHG.CO2.LU.OL.MT.CE.AR5",0,0.6466
"8010","YR2014","CHL","EN.GHG.CO2.LU.MT.CE.AR5",0,-61.4893
"8011","YR2014","CHL","EN.GHG.CO2.LU.FL.MT.CE.AR5",0,-58.7714
"8012","YR2014","CHL","EN.GHG.CO2.LU.DF.MT.CE.AR5",0,3.4667
"8013","YR2014","CHL","EN.GHG.CO2.LU.OL.MT.CE.AR5",0,0.0827
"8014","YR2015","CHL","EN.GHG.CO2.LU.MT.CE.AR5",0,-50.1355
"8015","YR2015","CHL","EN.GHG.CO2.LU.FL.MT.CE.AR5",0,-46.8308
"8016","YR2015","CHL","EN.GHG.CO2.LU.DF.MT.CE.AR5",0,3.4594
"8017","YR2015","CHL","EN.GHG.CO2.LU.OL.MT.CE.AR5",0,0.0933
"8018","YR2016","CHL","EN.GHG.CO2.LU.MT.CE.AR5",0,-63.953
"8019","YR2016","CHL","EN.GHG.CO2.LU.FL.MT.CE.AR5",0,-60.7325
"8020","YR2016","CHL","EN.GHG.CO2.LU.DF.MT.CE.AR5",0,3.4522
"8021","YR2016","CHL","EN.GHG.CO2.LU.OL.MT.CE.AR5",0,0.0778
"8022","YR2017","CHL","EN.GHG.CO2.LU.MT.CE.AR5",0,11.7525
"8023","YR2017","CHL","EN.GHG.CO2.LU.FL.MT.CE.AR5",0,8.0101
"8024","YR2017","CHL","EN.GHG.CO2.LU.DF.MT.CE.AR5",0,9.9594
"8025","YR2017","CHL","EN.GHG.CO2.LU.OL.MT.CE.AR5",0,0.1027
"8026","YR2018","CHL","EN.GHG.CO2.LU.MT.CE.AR5",0,-53.0581
"8027","YR2018","CHL","EN.GHG.CO2.LU.FL.MT.CE.AR5",0,-51.3907
"8028","YR2018","CHL","EN.GHG.CO2.LU.DF.MT.CE.AR5",0,4.9567
"8029","YR2018","CHL","EN.GHG.CO2.LU.OL.MT.CE.AR5",0,0.128
"8030","YR2019","CHL","EN.GHG.CO2.LU.MT.CE.AR5",0,-50.5693
"8031","YR2019","CHL","EN.GHG.CO2.LU.FL.MT.CE.AR5",0,-49.502
"8032","YR2019","CHL","EN.GHG.CO2.LU.DF.MT.CE.AR5",0,4.96
"8033","YR2019","CHL","EN.GHG.CO2.LU.OL.MT.CE.AR5",0,0.1838
"8034","YR2020","CHL","EN.GHG.CO2.LU.MT.CE.AR5",0,-55.3112
"8035","YR2020","CHL","EN.GHG.CO2.LU.FL.MT.CE.AR5",0,-51.473
"8036","YR2020","CHL","EN.GHG.CO2.LU.DF.MT.CE.AR5",0,2.0401
"8037","YR2020","CHL","EN.GHG.CO2.LU.OL.MT.CE.AR5",0,0.0038
"8038","YR2021","CHL","EN.GHG.CO2.LU.MT.CE.AR5",0,-62.6676
"8039","YR2021","CHL","EN.GHG.CO2.LU.FL.MT.CE.AR5",0,-58.1583
"8040","YR2021","CHL","EN.GHG.CO2.LU.DF.MT.CE.AR5",0,2.0857
"8041","YR2021","CHL","EN.GHG.CO2.LU.OL.MT.CE.AR5",0,0.1072
"8042","YR2022","CHL","EN.GHG.CO2.LU.MT.CE.AR5",0,-57.4631
"8043","YR2022","CHL","EN.GHG.CO2.LU.FL.MT.CE.AR5",0,-53.8522
"8044","YR2022","CHL","EN.GHG.CO2.LU.DF.MT.CE.AR5",0,2.0801
"8045","YR2022","CHL","EN.GHG.CO2.LU.OL.MT.CE.AR5",0,-0.0229
"8046","YR2023","CHL","EN.GHG.CO2.LU.MT.CE.AR5",0,-57.4631
"8047","YR2023","CHL","EN.GHG.CO2.LU.FL.MT.CE.AR5",0,-53.8522
"8048","YR2023","CHL","EN.GHG.CO2.LU.DF.MT.CE.AR5",0,2.0801
"8049","YR2023","CHL","EN.GHG.CO2.LU.OL.MT.CE.AR5",0,-0.0229
"8050","YR2000","AFG","EN.GHG.CO2.LU.MT.CE.AR5",0,10.546
"8051","YR2000","AFG","EN.GHG.CO2.LU.FL.MT.CE.AR5",0,4.034
"8052","YR2000","AFG","EN.GHG.CO2.LU.DF.MT.CE.AR5",0,6.512
"8053","YR2001","AFG","EN.GHG.CO2.LU.MT.CE.AR5",0,10.546
"8054","YR2001","AFG","EN.GHG.CO2.LU.FL.MT.CE.AR5",0,4.034
"8055","YR2001","AFG","EN.GHG.CO2.LU.DF.MT.CE.AR5",0,6.512
"8056","YR2002","AFG","EN.GHG.CO2.LU.MT.CE.AR5",0,10.546
"8057","YR2002","AFG","EN.GHG.CO2.LU.FL.MT.CE.AR5",0,4.034
"8058","YR2002","AFG","EN.GHG.CO2.LU.DF.MT.CE.AR5",0,6.512
"8059","YR2003","AFG","EN.GHG.CO2.LU.MT.CE.AR5",0,10.546
"8060","YR2003","AFG","EN.GHG.CO2.LU.FL.MT.CE.AR5",0,4.034
"8061","YR2003","AFG","EN.GHG.CO2.LU.DF.MT.CE.AR5",0,6.512
"8062","YR2004","AFG","EN.GHG.CO2.LU.MT.CE.AR5",0,10.546
"8063","YR2004","AFG","EN.GHG.CO2.LU.FL.MT.CE.AR5",0,4.034
"8064","YR2004","AFG","EN.GHG.CO2.LU.DF.MT.CE.AR5",0,6.512
"8065","YR2005","AFG","EN.GHG.CO2.LU.MT.CE.AR5",0,10.546
"8066","YR2005","AFG","EN.GHG.CO2.LU.FL.MT.CE.AR5",0,4.034
"8067","YR2005","AFG","EN.GHG.CO2.LU.DF.MT.CE.AR5",0,6.512
"8068","YR2006","AFG","EN.GHG.CO2.LU.MT.CE.AR5",0,10.546
"8069","YR2006","AFG","EN.GHG.CO2.LU.FL.MT.CE.AR5",0,4.034
"8070","YR2006","AFG","EN.GHG.CO2.LU.DF.MT.CE.AR5",0,6.512
"8071","YR2007","AFG","EN.GHG.CO2.LU.MT.CE.AR5",0,10.546
"8072","YR2007","AFG","EN.GHG.CO2.LU.FL.MT.CE.AR5",0,4.034
"8073","YR2007","AFG","EN.GHG.CO2.LU.DF.MT.CE.AR5",0,6.512
"8074","YR2008","AFG","EN.GHG.CO2.LU.MT.CE.AR5",0,10.546
"8075","YR2008","AFG","EN.GHG.CO2.LU.FL.MT.CE.AR5",0,4.034
"8076","YR2008","AFG","EN.GHG.CO2.LU.DF.MT.CE.AR5",0,6.512
"8077","YR2009","AFG","EN.GHG.CO2.LU.MT.CE.AR5",0,10.546
"8078","YR2009","AFG","EN.GHG.CO2.LU.FL.MT.CE.AR5",0,4.034
"8079","YR2009","AFG","EN.GHG.CO2.LU.DF.MT.CE.AR5",0,6.512
"8080","YR2010","AFG","EN.GHG.CO2.LU.MT.CE.AR5",0,10.546
"8081","YR2010","AFG","EN.GHG.CO2.LU.FL.MT.CE.AR5",0,4.034
"8082","YR2010","AFG","EN.GHG.CO2.LU.DF.MT.CE.AR5",0,6.512
"8083","YR2011","AFG","EN.GHG.CO2.LU.MT.CE.AR5",0,10.546
"8084","YR2011","AFG","EN.GHG.CO2.LU.FL.MT.CE.AR5",0,4.034
"8085","YR2011","AFG","EN.GHG.CO2.LU.DF.MT.CE.AR5",0,6.512
"8086","YR2012","AFG","EN.GHG.CO2.LU.MT.CE.AR5",0,10.546
"8087","YR2012","AFG","EN.GHG.CO2.LU.FL.MT.CE.AR5",0,4.034
"8088","YR2012","AFG","EN.GHG.CO2.LU.DF.MT.CE.AR5",0,6.512
"8089","YR2013","AFG","EN.GHG.CO2.LU.MT.CE.AR5",0,10.546
"8090","YR2013","AFG","EN.GHG.CO2.LU.FL.MT.CE.AR5",0,4.034
"8091","YR2013","AFG","EN.GHG.CO2.LU.DF.MT.CE.AR5",0,6.512
"8092","YR2014","AFG","EN.GHG.CO2.LU.MT.CE.AR5",0,10.546
"8093","YR2014","AFG","EN.GHG.CO2.LU.FL.MT.CE.AR5",0,4.034
"8094","YR2014","AFG","EN.GHG.CO2.LU.DF.MT.CE.AR5",0,6.512
"8095","YR2015","AFG","EN.GHG.CO2.LU.MT.CE.AR5",0,10.546
"8096","YR2015","AFG","EN.GHG.CO2.LU.FL.MT.CE.AR5",0,4.034
"8097","YR2015","AFG","EN.GHG.CO2.LU.DF.MT.CE.AR5",0,6.512
"8098","YR2016","AFG","EN.GHG.CO2.LU.MT.CE.AR5",0,10.546
"8099","YR2016","AFG","EN.GHG.CO2.LU.FL.MT.CE.AR5",0,4.034
"8100","YR2016","AFG","EN.GHG.CO2.LU.DF.MT.CE.AR5",0,6.512
"8101","YR2017","AFG","EN.GHG.CO2.LU.MT.CE.AR5",0,10.546
"8102","YR2017","AFG","EN.GHG.CO2.LU.FL.MT.CE.AR5",0,4.034
"8103","YR2017","AFG","EN.GHG.CO2.LU.DF.MT.CE.AR5",0,6.512
"8104","YR2018","AFG","EN.GHG.CO2.LU.MT.CE.AR5",0,10.546
"8105","YR2018","AFG","EN.GHG.CO2.LU.FL.MT.CE.AR5",0,4.034
"8106","YR2018","AFG","EN.GHG.CO2.LU.DF.MT.CE.AR5",0,6.512
"8107","YR2019","AFG","EN.GHG.CO2.LU.MT.CE.AR5",0,10.546
"8108","YR2019","AFG","EN.GHG.CO2.LU.FL.MT.CE.AR5",0,4.034
"8109","YR2019","AFG","EN.GHG.CO2.LU.DF.MT.CE.AR5",0,6.512
"8110","YR2020","AFG","EN.GHG.CO2.LU.MT.CE.AR5",0,10.546
"8111","YR2020","AFG","EN.GHG.CO2.LU.FL.MT.CE.AR5",0,4.034
"8112","YR2020","AFG","EN.GHG.CO2.LU.DF.MT.CE.AR5",0,6.512
"8113","YR2021","AFG","EN.GHG.CO2.LU.MT.CE.AR5",0,10.546
"8114","YR2021","AFG","EN.GHG.CO2.LU.FL.MT.CE.AR5",0,4.034
"8115","YR2021","AFG","EN.GHG.CO2.LU.DF.MT.CE.AR5",0,6.512
"8116","YR2022","AFG","EN.GHG.CO2.LU.MT.CE.AR5",0,10.546
"8117","YR2022","AFG","EN.GHG.CO2.LU.FL.MT.CE.AR5",0,4.034
"8118","YR2022","AFG","EN.GHG.CO2.LU.DF.MT.CE.AR5",0,6.512
"8119","YR2023","AFG","EN.GHG.CO2.LU.MT.CE.AR5",0,10.546
"8120","YR2023","AFG","EN.GHG.CO2.LU.FL.MT.CE.AR5",0,4.034
"8121","YR2023","AFG","EN.GHG.CO2.LU.DF.MT.CE.AR5",0,6.512
"8122","YR2000","ALB","EN.GHG.CO2.LU.MT.CE.AR5",0,5.8375
"8123","YR2000","ALB","EN.GHG.CO2.LU.FL.MT.CE.AR5",0,2.1638
"8124","YR2000","ALB","EN.GHG.CO2.LU.DF.MT.CE.AR5",0,3.6737
"8125","YR2000","ALB","EN.GHG.CO2.LU.OL.MT.CE.AR5",0,0
"8126","YR2001","ALB","EN.GHG.CO2.LU.MT.CE.AR5",0,5.8375
"8127","YR2001","ALB","EN.GHG.CO2.LU.FL.MT.CE.AR5",0,2.1638
"8128","YR2001","ALB","EN.GHG.CO2.LU.DF.MT.CE.AR5",0,3.6737
"8129","YR2001","ALB","EN.GHG.CO2.LU.OL.MT.CE.AR5",0,0
"8130","YR2002","ALB","EN.GHG.CO2.LU.MT.CE.AR5",0,5.8375
"8131","YR2002","ALB","EN.GHG.CO2.LU.FL.MT.CE.AR5",0,2.1638
"8132","YR2002","ALB","EN.GHG.CO2.LU.DF.MT.CE.AR5",0,3.6737
"8133","YR2002","ALB","EN.GHG.CO2.LU.OL.MT.CE.AR5",0,0
"8134","YR2003","ALB","EN.GHG.CO2.LU.MT.CE.AR5",0,5.8375
"8135","YR2003","ALB","EN.GHG.CO2.LU.FL.MT.CE.AR5",0,2.1638
"8136","YR2003","ALB","EN.GHG.CO2.LU.DF.MT.CE.AR5",0,3.6737
"8137","YR2003","ALB","EN.GHG.CO2.LU.OL.MT.CE.AR5",0,0
"8138","YR2004","ALB","EN.GHG.CO2.LU.MT.CE.AR5",0,5.8375
"8139","YR2004","ALB","EN.GHG.CO2.LU.FL.MT.CE.AR5",0,2.1638
"8140","YR2004","ALB","EN.GHG.CO2.LU.DF.MT.CE.AR5",0,3.6737
"8141","YR2004","ALB","EN.GHG.CO2.LU.OL.MT.CE.AR5",0,0
"8142","YR2005","ALB","EN.GHG.CO2.LU.MT.CE.AR5",0,5.8375
"8143","YR2005","ALB","EN.GHG.CO2.LU.FL.MT.CE.AR5",0,2.1638
"8144","YR2005","ALB","EN.GHG.CO2.LU.DF.MT.CE.AR5",0,3.6737
"8145","YR2005","ALB","EN.GHG.CO2.LU.OL.MT.CE.AR5",0,0
"8146","YR2006","ALB","EN.GHG.CO2.LU.MT.CE.AR5",0,5.8375
"8147","YR2006","ALB","EN.GHG.CO2.LU.FL.MT.CE.AR5",0,2.1638
"8148","YR2006","ALB","EN.GHG.CO2.LU.DF.MT.CE.AR5",0,3.6737
"8149","YR2006","ALB","EN.GHG.CO2.LU.OL.MT.CE.AR5",0,0
"8150","YR2007","ALB","EN.GHG.CO2.LU.MT.CE.AR5",0,5.8375
"8151","YR2007","ALB","EN.GHG.CO2.LU.FL.MT.CE.AR5",0,2.1638
"8152","YR2007","ALB","EN.GHG.CO2.LU.DF.MT.CE.AR5",0,3.6737
"8153","YR2007","ALB","EN.GHG.CO2.LU.OL.MT.CE.AR5",0,0
"8154","YR2008","ALB","EN.GHG.CO2.LU.MT.CE.AR5",0,5.8375
"8155","YR2008","ALB","EN.GHG.CO2.LU.FL.MT.CE.AR5",0,2.1638
"8156","YR2008","ALB","EN.GHG.CO2.LU.DF.MT.CE.AR5",0,3.6737
"8157","YR2008","ALB","EN.GHG.CO2.LU.OL.MT.CE.AR5",0,0
"8158","YR2009","ALB","EN.GHG.CO2.LU.MT.CE.AR5",0,5.8375
"8159","YR2009","ALB","EN.GHG.CO2.LU.FL.MT.CE.AR5",0,2.1638
"8160","YR2009","ALB","EN.GHG.CO2.LU.DF.MT.CE.AR5",0,3.6737
"8161","YR2009","ALB","EN.GHG.CO2.LU.OL.MT.CE.AR5",0,0
"8162","YR2010","ALB","EN.GHG.CO2.LU.MT.CE.AR5",0,1.642
"8163","YR2010","ALB","EN.GHG.CO2.LU.FL.MT.CE.AR5",0,-2.1647
"8164","YR2010","ALB","EN.GHG.CO2.LU.DF.MT.CE.AR5",0,3.8067
"8165","YR2010","ALB","EN.GHG.CO2.LU.OL.MT.CE.AR5",0,0
"8166","YR2011","ALB","EN.GHG.CO2.LU.MT.CE.AR5",0,4.3715
"8167","YR2011","ALB","EN.GHG.CO2.LU.FL.MT.CE.AR5",0,-2.1643
"8168","YR2011","ALB","EN.GHG.CO2.LU.DF.MT.CE.AR5",0,6.5358
"8169","YR2011","ALB","EN.GHG.CO2.LU.OL.MT.CE.AR5",0,0
"8170","YR2012","ALB","EN.GHG.CO2.LU.MT.CE.AR5",0,5.3536
"8171","YR2012","ALB","EN.GHG.CO2.LU.FL.MT.CE.AR5",0,-2.1619
"8172","YR2012","ALB","EN.GHG.CO2.LU.DF.MT.CE.AR5",0,7.5155
"8173","YR2012","ALB","EN.GHG.CO2.LU.OL.MT.CE.AR5",0,0
"8174","YR2013","ALB","EN.GHG.CO2.LU.MT.CE.AR5",0,1.3449
"8175","YR2013","ALB","EN.GHG.CO2.LU.FL.MT.CE.AR5",0,-2.1598
"8176","YR2013","ALB","EN.GHG.CO2.LU.DF.MT.CE.AR5",0,3.5048
"8177","YR2013","ALB","EN.GHG.CO2.LU.OL.MT.CE.AR5",0,0
"8178","YR2014","ALB","EN.GHG.CO2.LU.MT.CE.AR5",0,1.2246
"8179","YR2014","ALB","EN.GHG.CO2.LU.FL.MT.CE.AR5",0,-2.1598
"8180","YR2014","ALB","EN.GHG.CO2.LU.DF.MT.CE.AR5",0,3.3845
"8181","YR2014","ALB","EN.GHG.CO2.LU.OL.MT.CE.AR5",0,0
"8182","YR2015","ALB","EN.GHG.CO2.LU.MT.CE.AR5",0,1.2718
"8183","YR2015","ALB","EN.GHG.CO2.LU.FL.MT.CE.AR5",0,-2.157
"8184","YR2015","ALB","EN.GHG.CO2.LU.DF.MT.CE.AR5",0,3.4289
"8185","YR2015","ALB","EN.GHG.CO2.LU.OL.MT.CE.AR5",0,0
"8186","YR2016","ALB","EN.GHG.CO2.LU.MT.CE.AR5",0,1.3456
"8187","YR2016","ALB","EN.GHG.CO2.LU.FL.MT.CE.AR5",0,-2.1616
"8188","YR2016","ALB","EN.GHG.CO2.LU.DF.MT.CE.AR5",0,3.5072
"8189","YR2016","ALB","EN.GHG.CO2.LU.OL.MT.CE.AR5",0,0
"8190","YR2017","ALB","EN.GHG.CO2.LU.MT.CE.AR5",0,1.3456
"8191","YR2017","ALB","EN.GHG.CO2.LU.FL.MT.CE.AR5",0,-2.1616
"8192","YR2017","ALB","EN.GHG.CO2.LU.DF.MT.CE.AR5",0,3.5072
"8193","YR2017","ALB","EN.GHG.CO2.LU.OL.MT.CE.AR5",0,0
"8194","YR2018","ALB","EN.GHG.CO2.LU.MT.CE.AR5",0,1.3456
"8195","YR2018","ALB","EN.GHG.CO2.LU.FL.MT.CE.AR5",0,-2.1616
"8196","YR2018","ALB","EN.GHG.CO2.LU.DF.MT.CE.AR5",0,3.5072
"8197","YR2018","ALB","EN.GHG.CO2.LU.OL.MT.CE.AR5",0,0
"8198","YR2019","ALB","EN.GHG.CO2.LU.MT.CE.AR5",0,1.3456
"8199","YR2019","ALB","EN.GHG.CO2.LU.FL.MT.CE.AR5",0,-2.1616
"8200","YR2019","ALB","EN.GHG.CO2.LU.DF.MT.CE.AR5",0,3.5072
"8201","YR2019","ALB","EN.GHG.CO2.LU.OL.MT.CE.AR5",0,0
"8202","YR2020","ALB","EN.GHG.CO2.LU.MT.CE.AR5",0,1.3456
"8203","YR2020","ALB","EN.GHG.CO2.LU.FL.MT.CE.AR5",0,-2.1616
"8204","YR2020","ALB","EN.GHG.CO2.LU.DF.MT.CE.AR5",0,3.5072
"8205","YR2020","ALB","EN.GHG.CO2.LU.OL.MT.CE.AR5",0,0
"8206","YR2021","ALB","EN.GHG.CO2.LU.MT.CE.AR5",0,1.3456
"8207","YR2021","ALB","EN.GHG.CO2.LU.FL.MT.CE.AR5",0,-2.1616
"8208","YR2021","ALB","EN.GHG.CO2.LU.DF.MT.CE.AR5",0,3.5072
"8209","YR2021","ALB","EN.GHG.CO2.LU.OL.MT.CE.AR5",0,0
"8210","YR2022","ALB","EN.GHG.CO2.LU.MT.CE.AR5",0,1.3456
"8211","YR2022","ALB","EN.GHG.CO2.LU.FL.MT.CE.AR5",0,-2.1616
"8212","YR2022","ALB","EN.GHG.CO2.LU.DF.MT.CE.AR5",0,3.5072
"8213","YR2022","ALB","EN.GHG.CO2.LU.OL.MT.CE.AR5",0,0
"8214","YR2023","ALB","EN.GHG.CO2.LU.MT.CE.AR5",0,1.3456
"8215","YR2023","ALB","EN.GHG.CO2.LU.FL.MT.CE.AR5",0,-2.1616
"8216","YR2023","ALB","EN.GHG.CO2.LU.DF.MT.CE.AR5",0,3.5072
"8217","YR2023","ALB","EN.GHG.CO2.LU.OL.MT.CE.AR5",0,0
"8218","YR2000","AND","EN.GHG.CO2.LU.MT.CE.AR5",0,0.141
"8219","YR2000","AND","EN.GHG.CO2.LU.FL.MT.CE.AR5",0,0.141
"8220","YR2000","AND","EN.GHG.CO2.LU.DF.MT.CE.AR5",0,0
"8221","YR2001","AND","EN.GHG.CO2.LU.MT.CE.AR5",0,0.1418
"8222","YR2001","AND","EN.GHG.CO2.LU.FL.MT.CE.AR5",0,0.1418
"8223","YR2001","AND","EN.GHG.CO2.LU.DF.MT.CE.AR5",0,0
"8224","YR2002","AND","EN.GHG.CO2.LU.MT.CE.AR5",0,0.1418
"8225","YR2002","AND","EN.GHG.CO2.LU.FL.MT.CE.AR5",0,0.1418
"8226","YR2002","AND","EN.GHG.CO2.LU.DF.MT.CE.AR5",0,0
"8227","YR2003","AND","EN.GHG.CO2.LU.MT.CE.AR5",0,0.1418
"8228","YR2003","AND","EN.GHG.CO2.LU.FL.MT.CE.AR5",0,0.1418
"8229","YR2003","AND","EN.GHG.CO2.LU.DF.MT.CE.AR5",0,0
"8230","YR2004","AND","EN.GHG.CO2.LU.MT.CE.AR5",0,0.1432
"8231","YR2004","AND","EN.GHG.CO2.LU.FL.MT.CE.AR5",0,0.1432
"8232","YR2004","AND","EN.GHG.CO2.LU.DF.MT.CE.AR5",0,0
"8233","YR2005","AND","EN.GHG.CO2.LU.MT.CE.AR5",0,0.1432
"8234","YR2005","AND","EN.GHG.CO2.LU.FL.MT.CE.AR5",0,0.1432
"8235","YR2005","AND","EN.GHG.CO2.LU.DF.MT.CE.AR5",0,0
"8236","YR2006","AND","EN.GHG.CO2.LU.MT.CE.AR5",0,0.1418
"8237","YR2006","AND","EN.GHG.CO2.LU.FL.MT.CE.AR5",0,0.1418
"8238","YR2006","AND","EN.GHG.CO2.LU.DF.MT.CE.AR5",0,0
"8239","YR2007","AND","EN.GHG.CO2.LU.MT.CE.AR5",0,0.1418
"8240","YR2007","AND","EN.GHG.CO2.LU.FL.MT.CE.AR5",0,0.1418
"8241","YR2007","AND","EN.GHG.CO2.LU.DF.MT.CE.AR5",0,0
"8242","YR2008","AND","EN.GHG.CO2.LU.MT.CE.AR5",0,0.1418
"8243","YR2008","AND","EN.GHG.CO2.LU.FL.MT.CE.AR5",0,0.1418
"8244","YR2008","AND","EN.GHG.CO2.LU.DF.MT.CE.AR5",0,0
"8245","YR2009","AND","EN.GHG.CO2.LU.MT.CE.AR5",0,0.1418
"8246","YR2009","AND","EN.GHG.CO2.LU.FL.MT.CE.AR5",0,0.1418
"8247","YR2009","AND","EN.GHG.CO2.LU.DF.MT.CE.AR5",0,0
"8248","YR2010","AND","EN.GHG.CO2.LU.MT.CE.AR5",0,0.1418
"8249","YR2010","AND","EN.GHG.CO2.LU.FL.MT.CE.AR5",0,0.1418
"8250","YR2010","AND","EN.GHG.CO2.LU.DF.MT.CE.AR5",0,0
"8251","YR2011","AND","EN.GHG.CO2.LU.MT.CE.AR5",0,0.1358
"8252","YR2011","AND","EN.GHG.CO2.LU.FL.MT.CE.AR5",0,0.1358
"8253","YR2011","AND","EN.GHG.CO2.LU.DF.MT.CE.AR5",0,0
"8254","YR2012","AND","EN.GHG.CO2.LU.MT.CE.AR5",0,0.1359
"8255","YR2012","AND","EN.GHG.CO2.LU.FL.MT.CE.AR5",0,0.1359
"8256","YR2012","AND","EN.GHG.CO2.LU.DF.MT.CE.AR5",0,0
"8257","YR2013","AND","EN.GHG.CO2.LU.MT.CE.AR5",0,0.1353
"8258","YR2013","AND","EN.GHG.CO2.LU.FL.MT.CE.AR5",0,0.1353
"8259","YR2013","AND","EN.GHG.CO2.LU.DF.MT.CE.AR5",0,0
"8260","YR2014","AND","EN.GHG.CO2.LU.MT.CE.AR5",0,0.1353
"8261","YR2014","AND","EN.GHG.CO2.LU.FL.MT.CE.AR5",0,0.1353
"8262","YR2014","AND","EN.GHG.CO2.LU.DF.MT.CE.AR5",0,0
"8263","YR2015","AND","EN.GHG.CO2.LU.MT.CE.AR5",0,0.1354
"8264","YR2015","AND","EN.GHG.CO2.LU.FL.MT.CE.AR5",0,0.1354
"8265","YR2015","AND","EN.GHG.CO2.LU.DF.MT.CE.AR5",0,0
"8266","YR2016","AND","EN.GHG.CO2.LU.MT.CE.AR5",0,0.1354
"8267","YR2016","AND","EN.GHG.CO2.LU.FL.MT.CE.AR5",0,0.1354
"8268","YR2016","AND","EN.GHG.CO2.LU.DF.MT.CE.AR5",0,0
"8269","YR2017","AND","EN.GHG.CO2.LU.MT.CE.AR5",0,0.1356
"8270","YR2017","AND","EN.GHG.CO2.LU.FL.MT.CE.AR5",0,0.1356
"8271","YR2017","AND","EN.GHG.CO2.LU.DF.MT.CE.AR5",0,0
"8272","YR2018","AND","EN.GHG.CO2.LU.MT.CE.AR5",0,0.1366
"8273","YR2018","AND","EN.GHG.CO2.LU.FL.MT.CE.AR5",0,0.1366
"8274","YR2018","AND","EN.GHG.CO2.LU.DF.MT.CE.AR5",0,0
"8275","YR2019","AND","EN.GHG.CO2.LU.MT.CE.AR5",0,0.1358
"8276","YR2019","AND","EN.GHG.CO2.LU.FL.MT.CE.AR5",0,0.1358
"8277","YR2019","AND","EN.GHG.CO2.LU.DF.MT.CE.AR5",0,0
"8278","YR2020","AND","EN.GHG.CO2.LU.MT.CE.AR5",0,0.1358
"8279","YR2020","AND","EN.GHG.CO2.LU.FL.MT.CE.AR5",0,0.1358
"8280","YR2020","AND","EN.GHG.CO2.LU.DF.MT.CE.AR5",0,0
"8281","YR2021","AND","EN.GHG.CO2.LU.MT.CE.AR5",0,0.1358
"8282","YR2021","AND","EN.GHG.CO2.LU.FL.MT.CE.AR5",0,0.1358
"8283","YR2021","AND","EN.GHG.CO2.LU.DF.MT.CE.AR5",0,0
"8284","YR2022","AND","EN.GHG.CO2.LU.MT.CE.AR5",0,0.1358
"8285","YR2022","AND","EN.GHG.CO2.LU.FL.MT.CE.AR5",0,0.1358
"8286","YR2022","AND","EN.GHG.CO2.LU.DF.MT.CE.AR5",0,0
"8287","YR2023","AND","EN.GHG.CO2.LU.MT.CE.AR5",0,0.1358
"8288","YR2023","AND","EN.GHG.CO2.LU.FL.MT.CE.AR5",0,0.1358
"8289","YR2023","AND","EN.GHG.CO2.LU.DF.MT.CE.AR5",0,0
"8290","YR2000","AGO","EN.GHG.CO2.LU.MT.CE.AR5",0,40.0626
"8291","YR2000","AGO","EN.GHG.CO2.LU.FL.MT.CE.AR5",0,-2
"8292","YR2000","AGO","EN.GHG.CO2.LU.DF.MT.CE.AR5",0,42.0626
"8293","YR2000","AGO","EN.GHG.CO2.LU.OL.MT.CE.AR5",0,0
"8294","YR2001","AGO","EN.GHG.CO2.LU.MT.CE.AR5",0,40.0626
"8295","YR2001","AGO","EN.GHG.CO2.LU.FL.MT.CE.AR5",0,-2
"8296","YR2001","AGO","EN.GHG.CO2.LU.DF.MT.CE.AR5",0,42.0626
"8297","YR2001","AGO","EN.GHG.CO2.LU.OL.MT.CE.AR5",0,0
"8298","YR2002","AGO","EN.GHG.CO2.LU.MT.CE.AR5",0,40.0626
"8299","YR2002","AGO","EN.GHG.CO2.LU.FL.MT.CE.AR5",0,-2
"8300","YR2002","AGO","EN.GHG.CO2.LU.DF.MT.CE.AR5",0,42.0626
"8301","YR2002","AGO","EN.GHG.CO2.LU.OL.MT.CE.AR5",0,0
"8302","YR2003","AGO","EN.GHG.CO2.LU.MT.CE.AR5",0,40.0626
"8303","YR2003","AGO","EN.GHG.CO2.LU.FL.MT.CE.AR5",0,-2
"8304","YR2003","AGO","EN.GHG.CO2.LU.DF.MT.CE.AR5",0,42.0626
"8305","YR2003","AGO","EN.GHG.CO2.LU.OL.MT.CE.AR5",0,0
"8306","YR2004","AGO","EN.GHG.CO2.LU.MT.CE.AR5",0,40.0626
"8307","YR2004","AGO","EN.GHG.CO2.LU.FL.MT.CE.AR5",0,-2
"8308","YR2004","AGO","EN.GHG.CO2.LU.DF.MT.CE.AR5",0,42.0626
"8309","YR2004","AGO","EN.GHG.CO2.LU.OL.MT.CE.AR5",0,0
"8310","YR2005","AGO","EN.GHG.CO2.LU.MT.CE.AR5",0,40.0626
"8311","YR2005","AGO","EN.GHG.CO2.LU.FL.MT.CE.AR5",0,-2
"8312","YR2005","AGO","EN.GHG.CO2.LU.DF.MT.CE.AR5",0,42.0626
"8313","YR2005","AGO","EN.GHG.CO2.LU.OL.MT.CE.AR5",0,0
"8314","YR2006","AGO","EN.GHG.CO2.LU.MT.CE.AR5",0,39.9074
"8315","YR2006","AGO","EN.GHG.CO2.LU.FL.MT.CE.AR5",0,-2
"8316","YR2006","AGO","EN.GHG.CO2.LU.DF.MT.CE.AR5",0,41.9074
"8317","YR2006","AGO","EN.GHG.CO2.LU.OL.MT.CE.AR5",0,0
"8318","YR2007","AGO","EN.GHG.CO2.LU.MT.CE.AR5",0,40.1534
"8319","YR2007","AGO","EN.GHG.CO2.LU.FL.MT.CE.AR5",0,-2
"8320","YR2007","AGO","EN.GHG.CO2.LU.DF.MT.CE.AR5",0,42.1534
"8321","YR2007","AGO","EN.GHG.CO2.LU.OL.MT.CE.AR5",0,0
"8322","YR2008","AGO","EN.GHG.CO2.LU.MT.CE.AR5",0,40.0654
"8323","YR2008","AGO","EN.GHG.CO2.LU.FL.MT.CE.AR5",0,-2
"8324","YR2008","AGO","EN.GHG.CO2.LU.DF.MT.CE.AR5",0,42.0654
"8325","YR2008","AGO","EN.GHG.CO2.LU.OL.MT.CE.AR5",0,0
"8326","YR2009","AGO","EN.GHG.CO2.LU.MT.CE.AR5",0,40.2339
"8327","YR2009","AGO","EN.GHG.CO2.LU.FL.MT.CE.AR5",0,-2
"8328","YR2009","AGO","EN.GHG.CO2.LU.DF.MT.CE.AR5",0,42.2339
"8329","YR2009","AGO","EN.GHG.CO2.LU.OL.MT.CE.AR5",0,0
"8330","YR2010","AGO","EN.GHG.CO2.LU.MT.CE.AR5",0,40.1899
"8331","YR2010","AGO","EN.GHG.CO2.LU.FL.MT.CE.AR5",0,-2
"8332","YR2010","AGO","EN.GHG.CO2.LU.DF.MT.CE.AR5",0,42.1899
"8333","YR2010","AGO","EN.GHG.CO2.LU.OL.MT.CE.AR5",0,0
"8334","YR2011","AGO","EN.GHG.CO2.LU.MT.CE.AR5",0,70.5524
"8335","YR2011","AGO","EN.GHG.CO2.LU.FL.MT.CE.AR5",0,7
"8336","YR2011","AGO","EN.GHG.CO2.LU.DF.MT.CE.AR5",0,63.5524
"8337","YR2011","AGO","EN.GHG.CO2.LU.OL.MT.CE.AR5",0,0
"8338","YR2012","AGO","EN.GHG.CO2.LU.MT.CE.AR5",0,70.3922
"8339","YR2012","AGO","EN.GHG.CO2.LU.FL.MT.CE.AR5",0,7
"8340","YR2012","AGO","EN.GHG.CO2.LU.DF.MT.CE.AR5",0,63.3922
"8341","YR2012","AGO","EN.GHG.CO2.LU.OL.MT.CE.AR5",0,0
"8342","YR2013","AGO","EN.GHG.CO2.LU.MT.CE.AR5",0,70.4174
"8343","YR2013","AGO","EN.GHG.CO2.LU.FL.MT.CE.AR5",0,7
"8344","YR2013","AGO","EN.GHG.CO2.LU.DF.MT.CE.AR5",0,63.4174
"8345","YR2013","AGO","EN.GHG.CO2.LU.OL.MT.CE.AR5",0,0
"8346","YR2014","AGO","EN.GHG.CO2.LU.MT.CE.AR5",0,70.4325
"8347","YR2014","AGO","EN.GHG.CO2.LU.FL.MT.CE.AR5",0,7
"8348","YR2014","AGO","EN.GHG.CO2.LU.DF.MT.CE.AR5",0,63.4325
"8349","YR2014","AGO","EN.GHG.CO2.LU.OL.MT.CE.AR5",0,0
"8350","YR2015","AGO","EN.GHG.CO2.LU.MT.CE.AR5",0,70.3604
"8351","YR2015","AGO","EN.GHG.CO2.LU.FL.MT.CE.AR5",0,7
"8352","YR2015","AGO","EN.GHG.CO2.LU.DF.MT.CE.AR5",0,63.3604
"8353","YR2015","AGO","EN.GHG.CO2.LU.OL.MT.CE.AR5",0,0
"8354","YR2016","AGO","EN.GHG.CO2.LU.MT.CE.AR5",0,70.431
"8355","YR2016","AGO","EN.GHG.CO2.LU.FL.MT.CE.AR5",0,7
"8356","YR2016","AGO","EN.GHG.CO2.LU.DF.MT.CE.AR5",0,63.431
"8357","YR2016","AGO","EN.GHG.CO2.LU.OL.MT.CE.AR5",0,0
"8358","YR2017","AGO","EN.GHG.CO2.LU.MT.CE.AR5",0,70.4067
"8359","YR2017","AGO","EN.GHG.CO2.LU.FL.MT.CE.AR5",0,7
"8360","YR2017","AGO","EN.GHG.CO2.LU.DF.MT.CE.AR5",0,63.4067
"8361","YR2017","AGO","EN.GHG.CO2.LU.OL.MT.CE.AR5",0,0
"8362","YR2018","AGO","EN.GHG.CO2.LU.MT.CE.AR5",0,70.4096
"8363","YR2018","AGO","EN.GHG.CO2.LU.FL.MT.CE.AR5",0,7
"8364","YR2018","AGO","EN.GHG.CO2.LU.DF.MT.CE.AR5",0,63.4096
"8365","YR2018","AGO","EN.GHG.CO2.LU.OL.MT.CE.AR5",0,0
"8366","YR2019","AGO","EN.GHG.CO2.LU.MT.CE.AR5",0,70.4096
"8367","YR2019","AGO","EN.GHG.CO2.LU.FL.MT.CE.AR5",0,7
"8368","YR2019","AGO","EN.GHG.CO2.LU.DF.MT.CE.AR5",0,63.4096
"8369","YR2019","AGO","EN.GHG.CO2.LU.OL.MT.CE.AR5",0,0
"8370","YR2020","AGO","EN.GHG.CO2.LU.MT.CE.AR5",0,70.4096
"8371","YR2020","AGO","EN.GHG.CO2.LU.FL.MT.CE.AR5",0,7
"8372","YR2020","AGO","EN.GHG.CO2.LU.DF.MT.CE.AR5",0,63.4096
"8373","YR2020","AGO","EN.GHG.CO2.LU.OL.MT.CE.AR5",0,0
"8374","YR2021","AGO","EN.GHG.CO2.LU.MT.CE.AR5",0,70.4096
"8375","YR2021","AGO","EN.GHG.CO2.LU.FL.MT.CE.AR5",0,7
"8376","YR2021","AGO","EN.GHG.CO2.LU.DF.MT.CE.AR5",0,63.4096
"8377","YR2021","AGO","EN.GHG.CO2.LU.OL.MT.CE.AR5",0,0
"8378","YR2022","AGO","EN.GHG.CO2.LU.MT.CE.AR5",0,70.4096
"8379","YR2022","AGO","EN.GHG.CO2.LU.FL.MT.CE.AR5",0,7
"8380","YR2022","AGO","EN.GHG.CO2.LU.DF.MT.CE.AR5",0,63.4096
"8381","YR2022","AGO","EN.GHG.CO2.LU.OL.MT.CE.AR5",0,0
"8382","YR2023","AGO","EN.GHG.CO2.LU.MT.CE.AR5",0,70.4096
"8383","YR2023","AGO","EN.GHG.CO2.LU.FL.MT.CE.AR5",0,7
"8384","YR2023","AGO","EN.GHG.CO2.LU.DF.MT.CE.AR5",0,63.4096
"8385","YR2023","AGO","EN.GHG.CO2.LU.OL.MT.CE.AR5",0,0
"8386","YR2000","ATG","EN.GHG.CO2.LU.MT.CE.AR5",0,0.1915
"8387","YR2000","ATG","EN.GHG.CO2.LU.FL.MT.CE.AR5",0,-0.0598
"8388","YR2000","ATG","EN.GHG.CO2.LU.DF.MT.CE.AR5",0,0.0079
"8389","YR2000","ATG","EN.GHG.CO2.LU.OL.MT.CE.AR5",0,0.2435
"8390","YR2001","ATG","EN.GHG.CO2.LU.MT.CE.AR5",0,0.1915
"8391","YR2001","ATG","EN.GHG.CO2.LU.FL.MT.CE.AR5",0,-0.0598
"8392","YR2001","ATG","EN.GHG.CO2.LU.DF.MT.CE.AR5",0,0.0079
"8393","YR2001","ATG","EN.GHG.CO2.LU.OL.MT.CE.AR5",0,0.2435
"8394","YR2002","ATG","EN.GHG.CO2.LU.MT.CE.AR5",0,0.1915
"8395","YR2002","ATG","EN.GHG.CO2.LU.FL.MT.CE.AR5",0,-0.0598
"8396","YR2002","ATG","EN.GHG.CO2.LU.DF.MT.CE.AR5",0,0.0079
"8397","YR2002","ATG","EN.GHG.CO2.LU.OL.MT.CE.AR5",0,0.2435
"8398","YR2003","ATG","EN.GHG.CO2.LU.MT.CE.AR5",0,0.1915
"8399","YR2003","ATG","EN.GHG.CO2.LU.FL.MT.CE.AR5",0,-0.0598
"8400","YR2003","ATG","EN.GHG.CO2.LU.DF.MT.CE.AR5",0,0.0079
"8401","YR2003","ATG","EN.GHG.CO2.LU.OL.MT.CE.AR5",0,0.2435
"8402","YR2004","ATG","EN.GHG.CO2.LU.MT.CE.AR5",0,0.1915
"8403","YR2004","ATG","EN.GHG.CO2.LU.FL.MT.CE.AR5",0,-0.0598
"8404","YR2004","ATG","EN.GHG.CO2.LU.DF.MT.CE.AR5",0,0.0079
"8405","YR2004","ATG","EN.GHG.CO2.LU.OL.MT.CE.AR5",0,0.2435
"8406","YR2005","ATG","EN.GHG.CO2.LU.MT.CE.AR5",0,0.1915
"8407","YR2005","ATG","EN.GHG.CO2.LU.FL.MT.CE.AR5",0,-0.0598
"8408","YR2005","ATG","EN.GHG.CO2.LU.DF.MT.CE.AR5",0,0.0079
"8409","YR2005","ATG","EN.GHG.CO2.LU.OL.MT.CE.AR5",0,0.2435
"8410","YR2006","ATG","EN.GHG.CO2.LU.MT.CE.AR5",0,0.1915
"8411","YR2006","ATG","EN.GHG.CO2.LU.FL.MT.CE.AR5",0,-0.0598
"8412","YR2006","ATG","EN.GHG.CO2.LU.DF.MT.CE.AR5",0,0.0079
"8413","YR2006","ATG","EN.GHG.CO2.LU.OL.MT.CE.AR5",0,0.2435
"8414","YR2007","ATG","EN.GHG.CO2.LU.MT.CE.AR5",0,0.1915
"8415","YR2007","ATG","EN.GHG.CO2.LU.FL.MT.CE.AR5",0,-0.0598
"8416","YR2007","ATG","EN.GHG.CO2.LU.DF.MT.CE.AR5",0,0.0079
"8417","YR2007","ATG","EN.GHG.CO2.LU.OL.MT.CE.AR5",0,0.2435
"8418","YR2008","ATG","EN.GHG.CO2.LU.MT.CE.AR5",0,0.1915
"8419","YR2008","ATG","EN.GHG.CO2.LU.FL.MT.CE.AR5",0,-0.0598
"8420","YR2008","ATG","EN.GHG.CO2.LU.DF.MT.CE.AR5",0,0.0079
"8421","YR2008","ATG","EN.GHG.CO2.LU.OL.MT.CE.AR5",0,0.2435
"8422","YR2009","ATG","EN.GHG.CO2.LU.MT.CE.AR5",0,0.1915
"8423","YR2009","ATG","EN.GHG.CO2.LU.FL.MT.CE.AR5",0,-0.0598
"8424","YR2009","ATG","EN.GHG.CO2.LU.DF.MT.CE.AR5",0,0.0079
"8425","YR2009","ATG","EN.GHG.CO2.LU.OL.MT.CE.AR5",0,0.2435
"8426","YR2010","ATG","EN.GHG.CO2.LU.MT.CE.AR5",0,0.1915
"8427","YR2010","ATG","EN.GHG.CO2.LU.FL.MT.CE.AR5",0,-0.0598
"8428","YR2010","ATG","EN.GHG.CO2.LU.DF.MT.CE.AR5",0,0.0079
"8429","YR2010","ATG","EN.GHG.CO2.LU.OL.MT.CE.AR5",0,0.2435
"8430","YR2011","ATG","EN.GHG.CO2.LU.MT.CE.AR5",0,0.1915
"8431","YR2011","ATG","EN.GHG.CO2.LU.FL.MT.CE.AR5",0,-0.0598
"8432","YR2011","ATG","EN.GHG.CO2.LU.DF.MT.CE.AR5",0,0.0079
"8433","YR2011","ATG","EN.GHG.CO2.LU.OL.MT.CE.AR5",0,0.2435
"8434","YR2012","ATG","EN.GHG.CO2.LU.MT.CE.AR5",0,0.1915
"8435","YR2012","ATG","EN.GHG.CO2.LU.FL.MT.CE.AR5",0,-0.0598
"8436","YR2012","ATG","EN.GHG.CO2.LU.DF.MT.CE.AR5",0,0.0079
"8437","YR2012","ATG","EN.GHG.CO2.LU.OL.MT.CE.AR5",0,0.2435
"8438","YR2013","ATG","EN.GHG.CO2.LU.MT.CE.AR5",0,0.1915
"8439","YR2013","ATG","EN.GHG.CO2.LU.FL.MT.CE.AR5",0,-0.0598
"8440","YR2013","ATG","EN.GHG.CO2.LU.DF.MT.CE.AR5",0,0.0079
"8441","YR2013","ATG","EN.GHG.CO2.LU.OL.MT.CE.AR5",0,0.2435
"8442","YR2014","ATG","EN.GHG.CO2.LU.MT.CE.AR5",0,0.1915
"8443","YR2014","ATG","EN.GHG.CO2.LU.FL.MT.CE.AR5",0,-0.0598
"8444","YR2014","ATG","EN.GHG.CO2.LU.DF.MT.CE.AR5",0,0.0079
"8445","YR2014","ATG","EN.GHG.CO2.LU.OL.MT.CE.AR5",0,0.2435
"8446","YR2015","ATG","EN.GHG.CO2.LU.MT.CE.AR5",0,0.1915
"8447","YR2015","ATG","EN.GHG.CO2.LU.FL.MT.CE.AR5",0,-0.0598
"8448","YR2015","ATG","EN.GHG.CO2.LU.DF.MT.CE.AR5",0,0.0079
"8449","YR2015","ATG","EN.GHG.CO2.LU.OL.MT.CE.AR5",0,0.2435
"8450","YR2016","ATG","EN.GHG.CO2.LU.MT.CE.AR5",0,0.1915
"8451","YR2016","ATG","EN.GHG.CO2.LU.FL.MT.CE.AR5",0,-0.0598
"8452","YR2016","ATG","EN.GHG.CO2.LU.DF.MT.CE.AR5",0,0.0079
"8453","YR2016","ATG","EN.GHG.CO2.LU.OL.MT.CE.AR5",0,0.2435
"8454","YR2017","ATG","EN.GHG.CO2.LU.MT.CE.AR5",0,0.1915
"8455","YR2017","ATG","EN.GHG.CO2.LU.FL.MT.CE.AR5",0,-0.0598
"8456","YR2017","ATG","EN.GHG.CO2.LU.DF.MT.CE.AR5",0,0.0079
"8457","YR2017","ATG","EN.GHG.CO2.LU.OL.MT.CE.AR5",0,0.2435
"8458","YR2018","ATG","EN.GHG.CO2.LU.MT.CE.AR5",0,0.1915
"8459","YR2018","ATG","EN.GHG.CO2.LU.FL.MT.CE.AR5",0,-0.0598
"8460","YR2018","ATG","EN.GHG.CO2.LU.DF.MT.CE.AR5",0,0.0079
"8461","YR2018","ATG","EN.GHG.CO2.LU.OL.MT.CE.AR5",0,0.2435
"8462","YR2019","ATG","EN.GHG.CO2.LU.MT.CE.AR5",0,0.1915
"8463","YR2019","ATG","EN.GHG.CO2.LU.FL.MT.CE.AR5",0,-0.0598
"8464","YR2019","ATG","EN.GHG.CO2.LU.DF.MT.CE.AR5",0,0.0079
"8465","YR2019","ATG","EN.GHG.CO2.LU.OL.MT.CE.AR5",0,0.2435
"8466","YR2020","ATG","EN.GHG.CO2.LU.MT.CE.AR5",0,0.1915
"8467","YR2020","ATG","EN.GHG.CO2.LU.FL.MT.CE.AR5",0,-0.0598
"8468","YR2020","ATG","EN.GHG.CO2.LU.DF.MT.CE.AR5",0,0.0079
"8469","YR2020","ATG","EN.GHG.CO2.LU.OL.MT.CE.AR5",0,0.2435
"8470","YR2021","ATG","EN.GHG.CO2.LU.MT.CE.AR5",0,0.1915
"8471","YR2021","ATG","EN.GHG.CO2.LU.FL.MT.CE.AR5",0,-0.0598
"8472","YR2021","ATG","EN.GHG.CO2.LU.DF.MT.CE.AR5",0,0.0079
"8473","YR2021","ATG","EN.GHG.CO2.LU.OL.MT.CE.AR5",0,0.2435
"8474","YR2022","ATG","EN.GHG.CO2.LU.MT.CE.AR5",0,0.1915
"8475","YR2022","ATG","EN.GHG.CO2.LU.FL.MT.CE.AR5",0,-0.0598
"8476","YR2022","ATG","EN.GHG.CO2.LU.DF.MT.CE.AR5",0,0.0079
"8477","YR2022","ATG","EN.GHG.CO2.LU.OL.MT.CE.AR5",0,0.2435
"8478","YR2023","ATG","EN.GHG.CO2.LU.MT.CE.AR5",0,0.1915
"8479","YR2023","ATG","EN.GHG.CO2.LU.FL.MT.CE.AR5",0,-0.0598
"8480","YR2023","ATG","EN.GHG.CO2.LU.DF.MT.CE.AR5",0,0.0079
"8481","YR2023","ATG","EN.GHG.CO2.LU.OL.MT.CE.AR5",0,0.2435
"8482","YR2000","ARM","EN.GHG.CO2.LU.MT.CE.AR5",0,-0.4178
"8483","YR2000","ARM","EN.GHG.CO2.LU.FL.MT.CE.AR5",0,-0.4773
"8484","YR2000","ARM","EN.GHG.CO2.LU.DF.MT.CE.AR5",0,0
"8485","YR2000","ARM","EN.GHG.CO2.LU.OL.MT.CE.AR5",0,0.0595
"8486","YR2001","ARM","EN.GHG.CO2.LU.MT.CE.AR5",0,-0.3971
"8487","YR2001","ARM","EN.GHG.CO2.LU.FL.MT.CE.AR5",0,-0.458
"8488","YR2001","ARM","EN.GHG.CO2.LU.DF.MT.CE.AR5",0,0
"8489","YR2001","ARM","EN.GHG.CO2.LU.OL.MT.CE.AR5",0,0.0609
"8490","YR2002","ARM","EN.GHG.CO2.LU.MT.CE.AR5",0,-0.4069
"8491","YR2002","ARM","EN.GHG.CO2.LU.FL.MT.CE.AR5",0,-0.4693
"8492","YR2002","ARM","EN.GHG.CO2.LU.DF.MT.CE.AR5",0,0
"8493","YR2002","ARM","EN.GHG.CO2.LU.OL.MT.CE.AR5",0,0.0624
"8494","YR2003","ARM","EN.GHG.CO2.LU.MT.CE.AR5",0,0.5108
"8495","YR2003","ARM","EN.GHG.CO2.LU.FL.MT.CE.AR5",0,0.447
"8496","YR2003","ARM","EN.GHG.CO2.LU.DF.MT.CE.AR5",0,0
"8497","YR2003","ARM","EN.GHG.CO2.LU.OL.MT.CE.AR5",0,0.0638
"8498","YR2004","ARM","EN.GHG.CO2.LU.MT.CE.AR5",0,-0.4389
"8499","YR2004","ARM","EN.GHG.CO2.LU.FL.MT.CE.AR5",0,-0.5041
"8500","YR2004","ARM","EN.GHG.CO2.LU.DF.MT.CE.AR5",0,0
"8501","YR2004","ARM","EN.GHG.CO2.LU.OL.MT.CE.AR5",0,0.0652
"8502","YR2005","ARM","EN.GHG.CO2.LU.MT.CE.AR5",0,-0.4674
"8503","YR2005","ARM","EN.GHG.CO2.LU.FL.MT.CE.AR5",0,-0.5341
"8504","YR2005","ARM","EN.GHG.CO2.LU.DF.MT.CE.AR5",0,0
"8505","YR2005","ARM","EN.GHG.CO2.LU.OL.MT.CE.AR5",0,0.0666
"8506","YR2006","ARM","EN.GHG.CO2.LU.MT.CE.AR5",0,-0.4671
"8507","YR2006","ARM","EN.GHG.CO2.LU.FL.MT.CE.AR5",0,-0.5344
"8508","YR2006","ARM","EN.GHG.CO2.LU.DF.MT.CE.AR5",0,0
"8509","YR2006","ARM","EN.GHG.CO2.LU.OL.MT.CE.AR5",0,0.0673
"8510","YR2007","ARM","EN.GHG.CO2.LU.MT.CE.AR5",0,-0.5093
"8511","YR2007","ARM","EN.GHG.CO2.LU.FL.MT.CE.AR5",0,-0.5773
"8512","YR2007","ARM","EN.GHG.CO2.LU.DF.MT.CE.AR5",0,0
"8513","YR2007","ARM","EN.GHG.CO2.LU.OL.MT.CE.AR5",0,0.068
"8514","YR2008","ARM","EN.GHG.CO2.LU.MT.CE.AR5",0,-0.5028
"8515","YR2008","ARM","EN.GHG.CO2.LU.FL.MT.CE.AR5",0,-0.5715
"8516","YR2008","ARM","EN.GHG.CO2.LU.DF.MT.CE.AR5",0,0
"8517","YR2008","ARM","EN.GHG.CO2.LU.OL.MT.CE.AR5",0,0.0686
"8518","YR2009","ARM","EN.GHG.CO2.LU.MT.CE.AR5",0,-0.4914
"8519","YR2009","ARM","EN.GHG.CO2.LU.FL.MT.CE.AR5",0,-0.5608
"8520","YR2009","ARM","EN.GHG.CO2.LU.DF.MT.CE.AR5",0,0
"8521","YR2009","ARM","EN.GHG.CO2.LU.OL.MT.CE.AR5",0,0.0693
"8522","YR2010","ARM","EN.GHG.CO2.LU.MT.CE.AR5",0,-0.4905
"8523","YR2010","ARM","EN.GHG.CO2.LU.FL.MT.CE.AR5",0,-0.5605
"8524","YR2010","ARM","EN.GHG.CO2.LU.DF.MT.CE.AR5",0,0
"8525","YR2010","ARM","EN.GHG.CO2.LU.OL.MT.CE.AR5",0,0.07
"8526","YR2011","ARM","EN.GHG.CO2.LU.MT.CE.AR5",0,-0.4866
"8527","YR2011","ARM","EN.GHG.CO2.LU.FL.MT.CE.AR5",0,-0.5543
"8528","YR2011","ARM","EN.GHG.CO2.LU.DF.MT.CE.AR5",0,0
"8529","YR2011","ARM","EN.GHG.CO2.LU.OL.MT.CE.AR5",0,0.0677
"8530","YR2012","ARM","EN.GHG.CO2.LU.MT.CE.AR5",0,-0.4643
"8531","YR2012","ARM","EN.GHG.CO2.LU.FL.MT.CE.AR5",0,-0.5292
"8532","YR2012","ARM","EN.GHG.CO2.LU.DF.MT.CE.AR5",0,0
"8533","YR2012","ARM","EN.GHG.CO2.LU.OL.MT.CE.AR5",0,0.0649
"8534","YR2013","ARM","EN.GHG.CO2.LU.MT.CE.AR5",0,-0.4769
"8535","YR2013","ARM","EN.GHG.CO2.LU.FL.MT.CE.AR5",0,-0.5373
"8536","YR2013","ARM","EN.GHG.CO2.LU.DF.MT.CE.AR5",0,0
"8537","YR2013","ARM","EN.GHG.CO2.LU.OL.MT.CE.AR5",0,0.0604
"8538","YR2014","ARM","EN.GHG.CO2.LU.MT.CE.AR5",0,-0.4802
"8539","YR2014","ARM","EN.GHG.CO2.LU.FL.MT.CE.AR5",0,-0.5408
"8540","YR2014","ARM","EN.GHG.CO2.LU.DF.MT.CE.AR5",0,0
"8541","YR2014","ARM","EN.GHG.CO2.LU.OL.MT.CE.AR5",0,0.0606
"8542","YR2015","ARM","EN.GHG.CO2.LU.MT.CE.AR5",0,-0.4789
"8543","YR2015","ARM","EN.GHG.CO2.LU.FL.MT.CE.AR5",0,-0.5398
"8544","YR2015","ARM","EN.GHG.CO2.LU.DF.MT.CE.AR5",0,0
"8545","YR2015","ARM","EN.GHG.CO2.LU.OL.MT.CE.AR5",0,0.0609
"8546","YR2016","ARM","EN.GHG.CO2.LU.MT.CE.AR5",0,-0.4857
"8547","YR2016","ARM","EN.GHG.CO2.LU.FL.MT.CE.AR5",0,-0.5478
"8548","YR2016","ARM","EN.GHG.CO2.LU.DF.MT.CE.AR5",0,0
"8549","YR2016","ARM","EN.GHG.CO2.LU.OL.MT.CE.AR5",0,0.0621
"8550","YR2017","ARM","EN.GHG.CO2.LU.MT.CE.AR5",0,-0.4706
"8551","YR2017","ARM","EN.GHG.CO2.LU.FL.MT.CE.AR5",0,-0.5304
"8552","YR2017","ARM","EN.GHG.CO2.LU.DF.MT.CE.AR5",0,0
"8553","YR2017","ARM","EN.GHG.CO2.LU.OL.MT.CE.AR5",0,0.0599
"8554","YR2018","ARM","EN.GHG.CO2.LU.MT.CE.AR5",0,-0.4706
"8555","YR2018","ARM","EN.GHG.CO2.LU.FL.MT.CE.AR5",0,-0.5304
"8556","YR2018","ARM","EN.GHG.CO2.LU.DF.MT.CE.AR5",0,0
"8557","YR2018","ARM","EN.GHG.CO2.LU.OL.MT.CE.AR5",0,0.0599
"8558","YR2019","ARM","EN.GHG.CO2.LU.MT.CE.AR5",0,-0.4706
"8559","YR2019","ARM","EN.GHG.CO2.LU.FL.MT.CE.AR5",0,-0.5304
"8560","YR2019","ARM","EN.GHG.CO2.LU.DF.MT.CE.AR5",0,0
"8561","YR2019","ARM","EN.GHG.CO2.LU.OL.MT.CE.AR5",0,0.0599
"8562","YR2020","ARM","EN.GHG.CO2.LU.MT.CE.AR5",0,-0.4706
"8563","YR2020","ARM","EN.GHG.CO2.LU.FL.MT.CE.AR5",0,-0.5304
"8564","YR2020","ARM","EN.GHG.CO2.LU.DF.MT.CE.AR5",0,0
"8565","YR2020","ARM","EN.GHG.CO2.LU.OL.MT.CE.AR5",0,0.0599
"8566","YR2021","ARM","EN.GHG.CO2.LU.MT.CE.AR5",0,-0.4706
"8567","YR2021","ARM","EN.GHG.CO2.LU.FL.MT.CE.AR5",0,-0.5304
"8568","YR2021","ARM","EN.GHG.CO2.LU.DF.MT.CE.AR5",0,0
"8569","YR2021","ARM","EN.GHG.CO2.LU.OL.MT.CE.AR5",0,0.0599
"8570","YR2022","ARM","EN.GHG.CO2.LU.MT.CE.AR5",0,-0.4706
"8571","YR2022","ARM","EN.GHG.CO2.LU.FL.MT.CE.AR5",0,-0.5304
"8572","YR2022","ARM","EN.GHG.CO2.LU.DF.MT.CE.AR5",0,0
"8573","YR2022","ARM","EN.GHG.CO2.LU.OL.MT.CE.AR5",0,0.0599
"8574","YR2023","ARM","EN.GHG.CO2.LU.MT.CE.AR5",0,-0.4706
"8575","YR2023","ARM","EN.GHG.CO2.LU.FL.MT.CE.AR5",0,-0.5304
"8576","YR2023","ARM","EN.GHG.CO2.LU.DF.MT.CE.AR5",0,0
"8577","YR2023","ARM","EN.GHG.CO2.LU.OL.MT.CE.AR5",0,0.0599
"8578","YR2000","BHS","EN.GHG.CO2.LU.MT.CE.AR5",0,2.3776
"8579","YR2000","BHS","EN.GHG.CO2.LU.FL.MT.CE.AR5",0,-0.9305
"8580","YR2000","BHS","EN.GHG.CO2.LU.DF.MT.CE.AR5",0,3.3081
"8581","YR2001","BHS","EN.GHG.CO2.LU.MT.CE.AR5",0,2.3776
"8582","YR2001","BHS","EN.GHG.CO2.LU.FL.MT.CE.AR5",0,-0.9305
"8583","YR2001","BHS","EN.GHG.CO2.LU.DF.MT.CE.AR5",0,3.3081
"8584","YR2002","BHS","EN.GHG.CO2.LU.MT.CE.AR5",0,2.3776
"8585","YR2002","BHS","EN.GHG.CO2.LU.FL.MT.CE.AR5",0,-0.9305
"8586","YR2002","BHS","EN.GHG.CO2.LU.DF.MT.CE.AR5",0,3.3081
"8587","YR2003","BHS","EN.GHG.CO2.LU.MT.CE.AR5",0,2.3776
"8588","YR2003","BHS","EN.GHG.CO2.LU.FL.MT.CE.AR5",0,-0.9305
"8589","YR2003","BHS","EN.GHG.CO2.LU.DF.MT.CE.AR5",0,3.3081
"8590","YR2004","BHS","EN.GHG.CO2.LU.MT.CE.AR5",0,2.3776
"8591","YR2004","BHS","EN.GHG.CO2.LU.FL.MT.CE.AR5",0,-0.9305
"8592","YR2004","BHS","EN.GHG.CO2.LU.DF.MT.CE.AR5",0,3.3081
"8593","YR2005","BHS","EN.GHG.CO2.LU.MT.CE.AR5",0,0.9557
"8594","YR2005","BHS","EN.GHG.CO2.LU.FL.MT.CE.AR5",0,-1.341
"8595","YR2005","BHS","EN.GHG.CO2.LU.DF.MT.CE.AR5",0,2.2967
"8596","YR2006","BHS","EN.GHG.CO2.LU.MT.CE.AR5",0,0.9557
"8597","YR2006","BHS","EN.GHG.CO2.LU.FL.MT.CE.AR5",0,-1.341
"8598","YR2006","BHS","EN.GHG.CO2.LU.DF.MT.CE.AR5",0,2.2967
"8599","YR2007","BHS","EN.GHG.CO2.LU.MT.CE.AR5",0,0.9557
"8600","YR2007","BHS","EN.GHG.CO2.LU.FL.MT.CE.AR5",0,-1.341
"8601","YR2007","BHS","EN.GHG.CO2.LU.DF.MT.CE.AR5",0,2.2967
"8602","YR2008","BHS","EN.GHG.CO2.LU.MT.CE.AR5",0,0.9557
"8603","YR2008","BHS","EN.GHG.CO2.LU.FL.MT.CE.AR5",0,-1.341
"8604","YR2008","BHS","EN.GHG.CO2.LU.DF.MT.CE.AR5",0,2.2967
"8605","YR2009","BHS","EN.GHG.CO2.LU.MT.CE.AR5",0,0.9557
"8606","YR2009","BHS","EN.GHG.CO2.LU.FL.MT.CE.AR5",0,-1.341
"8607","YR2009","BHS","EN.GHG.CO2.LU.DF.MT.CE.AR5",0,2.2967
"8608","YR2010","BHS","EN.GHG.CO2.LU.MT.CE.AR5",0,3.0428
"8609","YR2010","BHS","EN.GHG.CO2.LU.FL.MT.CE.AR5",0,-1.0595
"8610","YR2010","BHS","EN.GHG.CO2.LU.DF.MT.CE.AR5",0,4.1023
"8611","YR2011","BHS","EN.GHG.CO2.LU.MT.CE.AR5",0,3.0428
"8612","YR2011","BHS","EN.GHG.CO2.LU.FL.MT.CE.AR5",0,-1.0595
"8613","YR2011","BHS","EN.GHG.CO2.LU.DF.MT.CE.AR5",0,4.1023
"8614","YR2012","BHS","EN.GHG.CO2.LU.MT.CE.AR5",0,3.0428
"8615","YR2012","BHS","EN.GHG.CO2.LU.FL.MT.CE.AR5",0,-1.0595
"8616","YR2012","BHS","EN.GHG.CO2.LU.DF.MT.CE.AR5",0,4.1023
"8617","YR2013","BHS","EN.GHG.CO2.LU.MT.CE.AR5",0,3.0428
"8618","YR2013","BHS","EN.GHG.CO2.LU.FL.MT.CE.AR5",0,-1.0595
"8619","YR2013","BHS","EN.GHG.CO2.LU.DF.MT.CE.AR5",0,4.1023
"8620","YR2014","BHS","EN.GHG.CO2.LU.MT.CE.AR5",0,3.0428
"8621","YR2014","BHS","EN.GHG.CO2.LU.FL.MT.CE.AR5",0,-1.0595
"8622","YR2014","BHS","EN.GHG.CO2.LU.DF.MT.CE.AR5",0,4.1023
"8623","YR2015","BHS","EN.GHG.CO2.LU.MT.CE.AR5",0,2.9791
"8624","YR2015","BHS","EN.GHG.CO2.LU.FL.MT.CE.AR5",0,-1.0426
"8625","YR2015","BHS","EN.GHG.CO2.LU.DF.MT.CE.AR5",0,4.0217
"8626","YR2016","BHS","EN.GHG.CO2.LU.MT.CE.AR5",0,2.9791
"8627","YR2016","BHS","EN.GHG.CO2.LU.FL.MT.CE.AR5",0,-1.0426
"8628","YR2016","BHS","EN.GHG.CO2.LU.DF.MT.CE.AR5",0,4.0217
"8629","YR2017","BHS","EN.GHG.CO2.LU.MT.CE.AR5",0,2.9791
"8630","YR2017","BHS","EN.GHG.CO2.LU.FL.MT.CE.AR5",0,-1.0426
"8631","YR2017","BHS","EN.GHG.CO2.LU.DF.MT.CE.AR5",0,4.0217
"8632","YR2018","BHS","EN.GHG.CO2.LU.MT.CE.AR5",0,2.9791
"8633","YR2018","BHS","EN.GHG.CO2.LU.FL.MT.CE.AR5",0,-1.0426
"8634","YR2018","BHS","EN.GHG.CO2.LU.DF.MT.CE.AR5",0,4.0217
"8635","YR2019","BHS","EN.GHG.CO2.LU.MT.CE.AR5",0,2.9791
"8636","YR2019","BHS","EN.GHG.CO2.LU.FL.MT.CE.AR5",0,-1.0426
"8637","YR2019","BHS","EN.GHG.CO2.LU.DF.MT.CE.AR5",0,4.0217
"8638","YR2020","BHS","EN.GHG.CO2.LU.MT.CE.AR5",0,2.9791
"8639","YR2020","BHS","EN.GHG.CO2.LU.FL.MT.CE.AR5",0,-1.0426
"8640","YR2020","BHS","EN.GHG.CO2.LU.DF.MT.CE.AR5",0,4.0217
"8641","YR2021","BHS","EN.GHG.CO2.LU.MT.CE.AR5",0,2.9791
"8642","YR2021","BHS","EN.GHG.CO2.LU.FL.MT.CE.AR5",0,-1.0426
"8643","YR2021","BHS","EN.GHG.CO2.LU.DF.MT.CE.AR5",0,4.0217
"8644","YR2022","BHS","EN.GHG.CO2.LU.MT.CE.AR5",0,2.9791
"8645","YR2022","BHS","EN.GHG.CO2.LU.FL.MT.CE.AR5",0,-1.0426
"8646","YR2022","BHS","EN.GHG.CO2.LU.DF.MT.CE.AR5",0,4.0217
"8647","YR2023","BHS","EN.GHG.CO2.LU.MT.CE.AR5",0,2.9791
"8648","YR2023","BHS","EN.GHG.CO2.LU.FL.MT.CE.AR5",0,-1.0426
"8649","YR2023","BHS","EN.GHG.CO2.LU.DF.MT.CE.AR5",0,4.0217
"8650","YR2000","BHR","EN.GHG.CO2.LU.MT.CE.AR5",0,-0.025
"8651","YR2000","BHR","EN.GHG.CO2.LU.FL.MT.CE.AR5",0,-0.025
"8652","YR2000","BHR","EN.GHG.CO2.LU.DF.MT.CE.AR5",0,0
"8653","YR2001","BHR","EN.GHG.CO2.LU.MT.CE.AR5",0,-0.025
"8654","YR2001","BHR","EN.GHG.CO2.LU.FL.MT.CE.AR5",0,-0.025
"8655","YR2001","BHR","EN.GHG.CO2.LU.DF.MT.CE.AR5",0,0
"8656","YR2002","BHR","EN.GHG.CO2.LU.MT.CE.AR5",0,-0.025
"8657","YR2002","BHR","EN.GHG.CO2.LU.FL.MT.CE.AR5",0,-0.025
"8658","YR2002","BHR","EN.GHG.CO2.LU.DF.MT.CE.AR5",0,0
"8659","YR2003","BHR","EN.GHG.CO2.LU.MT.CE.AR5",0,-0.025
"8660","YR2003","BHR","EN.GHG.CO2.LU.FL.MT.CE.AR5",0,-0.025
"8661","YR2003","BHR","EN.GHG.CO2.LU.DF.MT.CE.AR5",0,0
"8662","YR2004","BHR","EN.GHG.CO2.LU.MT.CE.AR5",0,-0.025
"8663","YR2004","BHR","EN.GHG.CO2.LU.FL.MT.CE.AR5",0,-0.025
"8664","YR2004","BHR","EN.GHG.CO2.LU.DF.MT.CE.AR5",0,0
"8665","YR2005","BHR","EN.GHG.CO2.LU.MT.CE.AR5",0,-0.025
"8666","YR2005","BHR","EN.GHG.CO2.LU.FL.MT.CE.AR5",0,-0.025
"8667","YR2005","BHR","EN.GHG.CO2.LU.DF.MT.CE.AR5",0,0
"8668","YR2006","BHR","EN.GHG.CO2.LU.MT.CE.AR5",0,-0.025
"8669","YR2006","BHR","EN.GHG.CO2.LU.FL.MT.CE.AR5",0,-0.025
"8670","YR2006","BHR","EN.GHG.CO2.LU.DF.MT.CE.AR5",0,0
"8671","YR2007","BHR","EN.GHG.CO2.LU.MT.CE.AR5",0,-0.025
"8672","YR2007","BHR","EN.GHG.CO2.LU.FL.MT.CE.AR5",0,-0.025
"8673","YR2007","BHR","EN.GHG.CO2.LU.DF.MT.CE.AR5",0,0
"8674","YR2008","BHR","EN.GHG.CO2.LU.MT.CE.AR5",0,-0.025
"8675","YR2008","BHR","EN.GHG.CO2.LU.FL.MT.CE.AR5",0,-0.025
"8676","YR2008","BHR","EN.GHG.CO2.LU.DF.MT.CE.AR5",0,0
"8677","YR2009","BHR","EN.GHG.CO2.LU.MT.CE.AR5",0,-0.025
"8678","YR2009","BHR","EN.GHG.CO2.LU.FL.MT.CE.AR5",0,-0.025
"8679","YR2009","BHR","EN.GHG.CO2.LU.DF.MT.CE.AR5",0,0
"8680","YR2010","BHR","EN.GHG.CO2.LU.MT.CE.AR5",0,-0.025
"8681","YR2010","BHR","EN.GHG.CO2.LU.FL.MT.CE.AR5",0,-0.025
"8682","YR2010","BHR","EN.GHG.CO2.LU.DF.MT.CE.AR5",0,0
"8683","YR2011","BHR","EN.GHG.CO2.LU.MT.CE.AR5",0,-0.025
"8684","YR2011","BHR","EN.GHG.CO2.LU.FL.MT.CE.AR5",0,-0.025
"8685","YR2011","BHR","EN.GHG.CO2.LU.DF.MT.CE.AR5",0,0
"8686","YR2012","BHR","EN.GHG.CO2.LU.MT.CE.AR5",0,-0.025
"8687","YR2012","BHR","EN.GHG.CO2.LU.FL.MT.CE.AR5",0,-0.025
"8688","YR2012","BHR","EN.GHG.CO2.LU.DF.MT.CE.AR5",0,0
"8689","YR2013","BHR","EN.GHG.CO2.LU.MT.CE.AR5",0,-0.025
"8690","YR2013","BHR","EN.GHG.CO2.LU.FL.MT.CE.AR5",0,-0.025
"8691","YR2013","BHR","EN.GHG.CO2.LU.DF.MT.CE.AR5",0,0
"8692","YR2014","BHR","EN.GHG.CO2.LU.MT.CE.AR5",0,-0.025
"8693","YR2014","BHR","EN.GHG.CO2.LU.FL.MT.CE.AR5",0,-0.025
"8694","YR2014","BHR","EN.GHG.CO2.LU.DF.MT.CE.AR5",0,0
"8695","YR2015","BHR","EN.GHG.CO2.LU.MT.CE.AR5",0,-0.025
"8696","YR2015","BHR","EN.GHG.CO2.LU.FL.MT.CE.AR5",0,-0.025
"8697","YR2015","BHR","EN.GHG.CO2.LU.DF.MT.CE.AR5",0,0
"8698","YR2016","BHR","EN.GHG.CO2.LU.MT.CE.AR5",0,-0.025
"8699","YR2016","BHR","EN.GHG.CO2.LU.FL.MT.CE.AR5",0,-0.025
"8700","YR2016","BHR","EN.GHG.CO2.LU.DF.MT.CE.AR5",0,0
"8701","YR2017","BHR","EN.GHG.CO2.LU.MT.CE.AR5",0,-0.025
"8702","YR2017","BHR","EN.GHG.CO2.LU.FL.MT.CE.AR5",0,-0.025
"8703","YR2017","BHR","EN.GHG.CO2.LU.DF.MT.CE.AR5",0,0
"8704","YR2018","BHR","EN.GHG.CO2.LU.MT.CE.AR5",0,-0.025
"8705","YR2018","BHR","EN.GHG.CO2.LU.FL.MT.CE.AR5",0,-0.025
"8706","YR2018","BHR","EN.GHG.CO2.LU.DF.MT.CE.AR5",0,0
"8707","YR2019","BHR","EN.GHG.CO2.LU.MT.CE.AR5",0,-0.025
"8708","YR2019","BHR","EN.GHG.CO2.LU.FL.MT.CE.AR5",0,-0.025
"8709","YR2019","BHR","EN.GHG.CO2.LU.DF.MT.CE.AR5",0,0
"8710","YR2020","BHR","EN.GHG.CO2.LU.MT.CE.AR5",0,-0.025
"8711","YR2020","BHR","EN.GHG.CO2.LU.FL.MT.CE.AR5",0,-0.025
"8712","YR2020","BHR","EN.GHG.CO2.LU.DF.MT.CE.AR5",0,0
"8713","YR2021","BHR","EN.GHG.CO2.LU.MT.CE.AR5",0,-0.025
"8714","YR2021","BHR","EN.GHG.CO2.LU.FL.MT.CE.AR5",0,-0.025
"8715","YR2021","BHR","EN.GHG.CO2.LU.DF.MT.CE.AR5",0,0
"8716","YR2022","BHR","EN.GHG.CO2.LU.MT.CE.AR5",0,-0.025
"8717","YR2022","BHR","EN.GHG.CO2.LU.FL.MT.CE.AR5",0,-0.025
"8718","YR2022","BHR","EN.GHG.CO2.LU.DF.MT.CE.AR5",0,0
"8719","YR2023","BHR","EN.GHG.CO2.LU.MT.CE.AR5",0,-0.025
"8720","YR2023","BHR","EN.GHG.CO2.LU.FL.MT.CE.AR5",0,-0.025
"8721","YR2023","BHR","EN.GHG.CO2.LU.DF.MT.CE.AR5",0,0
"8722","YR2000","BGD","EN.GHG.CO2.LU.MT.CE.AR5",0,0.3743
"8723","YR2000","BGD","EN.GHG.CO2.LU.FL.MT.CE.AR5",0,-0.4456
"8724","YR2000","BGD","EN.GHG.CO2.LU.DF.MT.CE.AR5",0,0.8199
"8725","YR2001","BGD","EN.GHG.CO2.LU.MT.CE.AR5",0,0.3743
"8726","YR2001","BGD","EN.GHG.CO2.LU.FL.MT.CE.AR5",0,-0.4456
"8727","YR2001","BGD","EN.GHG.CO2.LU.DF.MT.CE.AR5",0,0.8199
"8728","YR2002","BGD","EN.GHG.CO2.LU.MT.CE.AR5",0,0.3743
"8729","YR2002","BGD","EN.GHG.CO2.LU.FL.MT.CE.AR5",0,-0.4456
"8730","YR2002","BGD","EN.GHG.CO2.LU.DF.MT.CE.AR5",0,0.8199
"8731","YR2003","BGD","EN.GHG.CO2.LU.MT.CE.AR5",0,0.3743
"8732","YR2003","BGD","EN.GHG.CO2.LU.FL.MT.CE.AR5",0,-0.4456
"8733","YR2003","BGD","EN.GHG.CO2.LU.DF.MT.CE.AR5",0,0.8199
"8734","YR2004","BGD","EN.GHG.CO2.LU.MT.CE.AR5",0,0.3743
"8735","YR2004","BGD","EN.GHG.CO2.LU.FL.MT.CE.AR5",0,-0.4456
"8736","YR2004","BGD","EN.GHG.CO2.LU.DF.MT.CE.AR5",0,0.8199
"8737","YR2005","BGD","EN.GHG.CO2.LU.MT.CE.AR5",0,0.3743
"8738","YR2005","BGD","EN.GHG.CO2.LU.FL.MT.CE.AR5",0,-0.4456
"8739","YR2005","BGD","EN.GHG.CO2.LU.DF.MT.CE.AR5",0,0.8199
"8740","YR2006","BGD","EN.GHG.CO2.LU.MT.CE.AR5",0,0.3743
"8741","YR2006","BGD","EN.GHG.CO2.LU.FL.MT.CE.AR5",0,-0.4456
"8742","YR2006","BGD","EN.GHG.CO2.LU.DF.MT.CE.AR5",0,0.8199
"8743","YR2007","BGD","EN.GHG.CO2.LU.MT.CE.AR5",0,0.3743
"8744","YR2007","BGD","EN.GHG.CO2.LU.FL.MT.CE.AR5",0,-0.4456
"8745","YR2007","BGD","EN.GHG.CO2.LU.DF.MT.CE.AR5",0,0.8199
"8746","YR2008","BGD","EN.GHG.CO2.LU.MT.CE.AR5",0,0.3743
"8747","YR2008","BGD","EN.GHG.CO2.LU.FL.MT.CE.AR5",0,-0.4456
"8748","YR2008","BGD","EN.GHG.CO2.LU.DF.MT.CE.AR5",0,0.8199
"8749","YR2009","BGD","EN.GHG.CO2.LU.MT.CE.AR5",0,0.3743
"8750","YR2009","BGD","EN.GHG.CO2.LU.FL.MT.CE.AR5",0,-0.4456
"8751","YR2009","BGD","EN.GHG.CO2.LU.DF.MT.CE.AR5",0,0.8199
"8752","YR2010","BGD","EN.GHG.CO2.LU.MT.CE.AR5",0,0.3743
"8753","YR2010","BGD","EN.GHG.CO2.LU.FL.MT.CE.AR5",0,-0.4456
"8754","YR2010","BGD","EN.GHG.CO2.LU.DF.MT.CE.AR5",0,0.8199
"8755","YR2011","BGD","EN.GHG.CO2.LU.MT.CE.AR5",0,0.3743
"8756","YR2011","BGD","EN.GHG.CO2.LU.FL.MT.CE.AR5",0,-0.4456
"8757","YR2011","BGD","EN.GHG.CO2.LU.DF.MT.CE.AR5",0,0.8199
"8758","YR2012","BGD","EN.GHG.CO2.LU.MT.CE.AR5",0,0.3743
"8759","YR2012","BGD","EN.GHG.CO2.LU.FL.MT.CE.AR5",0,-0.4456
"8760","YR2012","BGD","EN.GHG.CO2.LU.DF.MT.CE.AR5",0,0.8199
"8761","YR2013","BGD","EN.GHG.CO2.LU.MT.CE.AR5",0,0.3743
"8762","YR2013","BGD","EN.GHG.CO2.LU.FL.MT.CE.AR5",0,-0.4456
"8763","YR2013","BGD","EN.GHG.CO2.LU.DF.MT.CE.AR5",0,0.8199
"8764","YR2014","BGD","EN.GHG.CO2.LU.MT.CE.AR5",0,0.3743
"8765","YR2014","BGD","EN.GHG.CO2.LU.FL.MT.CE.AR5",0,-0.4456
"8766","YR2014","BGD","EN.GHG.CO2.LU.DF.MT.CE.AR5",0,0.8199
"8767","YR2015","BGD","EN.GHG.CO2.LU.MT.CE.AR5",0,0.3743
"8768","YR2015","BGD","EN.GHG.CO2.LU.FL.MT.CE.AR5",0,-0.4456
"8769","YR2015","BGD","EN.GHG.CO2.LU.DF.MT.CE.AR5",0,0.8199
"8770","YR2016","BGD","EN.GHG.CO2.LU.MT.CE.AR5",0,0.3743
"8771","YR2016","BGD","EN.GHG.CO2.LU.FL.MT.CE.AR5",0,-0.4456
"8772","YR2016","BGD","EN.GHG.CO2.LU.DF.MT.CE.AR5",0,0.8199
"8773","YR2017","BGD","EN.GHG.CO2.LU.MT.CE.AR5",0,0.3743
"8774","YR2017","BGD","EN.GHG.CO2.LU.FL.MT.CE.AR5",0,-0.4456
"8775","YR2017","BGD","EN.GHG.CO2.LU.DF.MT.CE.AR5",0,0.8199
"8776","YR2018","BGD","EN.GHG.CO2.LU.MT.CE.AR5",0,0.3743
"8777","YR2018","BGD","EN.GHG.CO2.LU.FL.MT.CE.AR5",0,-0.4456
"8778","YR2018","BGD","EN.GHG.CO2.LU.DF.MT.CE.AR5",0,0.8199
"8779","YR2019","BGD","EN.GHG.CO2.LU.MT.CE.AR5",0,0.3743
"8780","YR2019","BGD","EN.GHG.CO2.LU.FL.MT.CE.AR5",0,-0.4456
"8781","YR2019","BGD","EN.GHG.CO2.LU.DF.MT.CE.AR5",0,0.8199
"8782","YR2020","BGD","EN.GHG.CO2.LU.MT.CE.AR5",0,0.3743
"8783","YR2020","BGD","EN.GHG.CO2.LU.FL.MT.CE.AR5",0,-0.4456
"8784","YR2020","BGD","EN.GHG.CO2.LU.DF.MT.CE.AR5",0,0.8199
"8785","YR2021","BGD","EN.GHG.CO2.LU.MT.CE.AR5",0,0.3743
"8786","YR2021","BGD","EN.GHG.CO2.LU.FL.MT.CE.AR5",0,-0.4456
"8787","YR2021","BGD","EN.GHG.CO2.LU.DF.MT.CE.AR5",0,0.8199
"8788","YR2022","BGD","EN.GHG.CO2.LU.MT.CE.AR5",0,0.3743
"8789","YR2022","BGD","EN.GHG.CO2.LU.FL.MT.CE.AR5",0,-0.4456
"8790","YR2022","BGD","EN.GHG.CO2.LU.DF.MT.CE.AR5",0,0.8199
"8791","YR2023","BGD","EN.GHG.CO2.LU.MT.CE.AR5",0,0.3743
"8792","YR2023","BGD","EN.GHG.CO2.LU.FL.MT.CE.AR5",0,-0.4456
"8793","YR2023","BGD","EN.GHG.CO2.LU.DF.MT.CE.AR5",0,0.8199
"8794","YR2000","BRB","EN.GHG.CO2.LU.MT.CE.AR5",0,-0.0409
"8795","YR2000","BRB","EN.GHG.CO2.LU.FL.MT.CE.AR5",0,-0.037
"8796","YR2000","BRB","EN.GHG.CO2.LU.DF.MT.CE.AR5",0,-0.0039
"8797","YR2001","BRB","EN.GHG.CO2.LU.MT.CE.AR5",0,-0.053
"8798","YR2001","BRB","EN.GHG.CO2.LU.FL.MT.CE.AR5",0,-0.0411
"8799","YR2001","BRB","EN.GHG.CO2.LU.DF.MT.CE.AR5",0,-0.0039
"8800","YR2001","BRB","EN.GHG.CO2.LU.OS.MT.CE.AR5",0,-0.008
"8801","YR2002","BRB","EN.GHG.CO2.LU.MT.CE.AR5",0,-0.052
"8802","YR2002","BRB","EN.GHG.CO2.LU.FL.MT.CE.AR5",0,-0.0411
"8803","YR2002","BRB","EN.GHG.CO2.LU.DF.MT.CE.AR5",0,-0.0039
"8804","YR2002","BRB","EN.GHG.CO2.LU.OS.MT.CE.AR5",0,-0.007
"8805","YR2003","BRB","EN.GHG.CO2.LU.MT.CE.AR5",0,-0.052
"8806","YR2003","BRB","EN.GHG.CO2.LU.FL.MT.CE.AR5",0,-0.0411
"8807","YR2003","BRB","EN.GHG.CO2.LU.DF.MT.CE.AR5",0,-0.0039
"8808","YR2003","BRB","EN.GHG.CO2.LU.OS.MT.CE.AR5",0,-0.007
"8809","YR2004","BRB","EN.GHG.CO2.LU.MT.CE.AR5",0,-0.053
"8810","YR2004","BRB","EN.GHG.CO2.LU.FL.MT.CE.AR5",0,-0.042
"8811","YR2004","BRB","EN.GHG.CO2.LU.DF.MT.CE.AR5",0,-0.004
"8812","YR2004","BRB","EN.GHG.CO2.LU.OS.MT.CE.AR5",0,-0.007
"8813","YR2005","BRB","EN.GHG.CO2.LU.MT.CE.AR5",0,-0.053
"8814","YR2005","BRB","EN.GHG.CO2.LU.FL.MT.CE.AR5",0,-0.042
"8815","YR2005","BRB","EN.GHG.CO2.LU.DF.MT.CE.AR5",0,-0.004
"8816","YR2005","BRB","EN.GHG.CO2.LU.OS.MT.CE.AR5",0,-0.007
"8817","YR2006","BRB","EN.GHG.CO2.LU.MT.CE.AR5",0,-0.054
"8818","YR2006","BRB","EN.GHG.CO2.LU.FL.MT.CE.AR5",0,-0.0433
"8819","YR2006","BRB","EN.GHG.CO2.LU.DF.MT.CE.AR5",0,-0.0037
"8820","YR2006","BRB","EN.GHG.CO2.LU.OS.MT.CE.AR5",0,-0.007
"8821","YR2007","BRB","EN.GHG.CO2.LU.MT.CE.AR5",0,-0.055
"8822","YR2007","BRB","EN.GHG.CO2.LU.FL.MT.CE.AR5",0,-0.0442
"8823","YR2007","BRB","EN.GHG.CO2.LU.DF.MT.CE.AR5",0,-0.0038
"8824","YR2007","BRB","EN.GHG.CO2.LU.OS.MT.CE.AR5",0,-0.007
"8825","YR2008","BRB","EN.GHG.CO2.LU.MT.CE.AR5",0,-0.057
"8826","YR2008","BRB","EN.GHG.CO2.LU.FL.MT.CE.AR5",0,-0.0452
"8827","YR2008","BRB","EN.GHG.CO2.LU.DF.MT.CE.AR5",0,-0.0038
"8828","YR2008","BRB","EN.GHG.CO2.LU.OS.MT.CE.AR5",0,-0.008
"8829","YR2009","BRB","EN.GHG.CO2.LU.MT.CE.AR5",0,-0.058
"8830","YR2009","BRB","EN.GHG.CO2.LU.FL.MT.CE.AR5",0,-0.0461
"8831","YR2009","BRB","EN.GHG.CO2.LU.DF.MT.CE.AR5",0,-0.0039
"8832","YR2009","BRB","EN.GHG.CO2.LU.OS.MT.CE.AR5",0,-0.008
"8833","YR2010","BRB","EN.GHG.CO2.LU.MT.CE.AR5",0,-0.059
"8834","YR2010","BRB","EN.GHG.CO2.LU.FL.MT.CE.AR5",0,-0.047
"8835","YR2010","BRB","EN.GHG.CO2.LU.DF.MT.CE.AR5",0,-0.004
"8836","YR2010","BRB","EN.GHG.CO2.LU.OS.MT.CE.AR5",0,-0.008
"8837","YR2011","BRB","EN.GHG.CO2.LU.MT.CE.AR5",0,-0.059
"8838","YR2011","BRB","EN.GHG.CO2.LU.FL.MT.CE.AR5",0,-0.047
"8839","YR2011","BRB","EN.GHG.CO2.LU.DF.MT.CE.AR5",0,-0.004
"8840","YR2011","BRB","EN.GHG.CO2.LU.OS.MT.CE.AR5",0,-0.008
"8841","YR2012","BRB","EN.GHG.CO2.LU.MT.CE.AR5",0,-0.059
"8842","YR2012","BRB","EN.GHG.CO2.LU.FL.MT.CE.AR5",0,-0.047
"8843","YR2012","BRB","EN.GHG.CO2.LU.DF.MT.CE.AR5",0,-0.004
"8844","YR2012","BRB","EN.GHG.CO2.LU.OS.MT.CE.AR5",0,-0.008
"8845","YR2013","BRB","EN.GHG.CO2.LU.MT.CE.AR5",0,-0.059
"8846","YR2013","BRB","EN.GHG.CO2.LU.FL.MT.CE.AR5",0,-0.047
"8847","YR2013","BRB","EN.GHG.CO2.LU.DF.MT.CE.AR5",0,-0.004
"8848","YR2013","BRB","EN.GHG.CO2.LU.OS.MT.CE.AR5",0,-0.008
"8849","YR2014","BRB","EN.GHG.CO2.LU.MT.CE.AR5",0,-0.059
"8850","YR2014","BRB","EN.GHG.CO2.LU.FL.MT.CE.AR5",0,-0.047
"8851","YR2014","BRB","EN.GHG.CO2.LU.DF.MT.CE.AR5",0,-0.004
"8852","YR2014","BRB","EN.GHG.CO2.LU.OS.MT.CE.AR5",0,-0.008
"8853","YR2015","BRB","EN.GHG.CO2.LU.MT.CE.AR5",0,-0.059
"8854","YR2015","BRB","EN.GHG.CO2.LU.FL.MT.CE.AR5",0,-0.047
"8855","YR2015","BRB","EN.GHG.CO2.LU.DF.MT.CE.AR5",0,-0.004
"8856","YR2015","BRB","EN.GHG.CO2.LU.OS.MT.CE.AR5",0,-0.008
"8857","YR2016","BRB","EN.GHG.CO2.LU.MT.CE.AR5",0,-0.059
"8858","YR2016","BRB","EN.GHG.CO2.LU.FL.MT.CE.AR5",0,-0.047
"8859","YR2016","BRB","EN.GHG.CO2.LU.DF.MT.CE.AR5",0,-0.004
"8860","YR2016","BRB","EN.GHG.CO2.LU.OS.MT.CE.AR5",0,-0.008
"8861","YR2017","BRB","EN.GHG.CO2.LU.MT.CE.AR5",0,-0.059
"8862","YR2017","BRB","EN.GHG.CO2.LU.FL.MT.CE.AR5",0,-0.047
"8863","YR2017","BRB","EN.GHG.CO2.LU.DF.MT.CE.AR5",0,-0.004
"8864","YR2017","BRB","EN.GHG.CO2.LU.OS.MT.CE.AR5",0,-0.008
"8865","YR2018","BRB","EN.GHG.CO2.LU.MT.CE.AR5",0,-0.059
"8866","YR2018","BRB","EN.GHG.CO2.LU.FL.MT.CE.AR5",0,-0.047
"8867","YR2018","BRB","EN.GHG.CO2.LU.DF.MT.CE.AR5",0,-0.004
"8868","YR2018","BRB","EN.GHG.CO2.LU.OS.MT.CE.AR5",0,-0.008
"8869","YR2019","BRB","EN.GHG.CO2.LU.MT.CE.AR5",0,-0.059
"8870","YR2019","BRB","EN.GHG.CO2.LU.FL.MT.CE.AR5",0,-0.047
"8871","YR2019","BRB","EN.GHG.CO2.LU.DF.MT.CE.AR5",0,-0.004
"8872","YR2019","BRB","EN.GHG.CO2.LU.OS.MT.CE.AR5",0,-0.008
"8873","YR2020","BRB","EN.GHG.CO2.LU.MT.CE.AR5",0,-0.059
"8874","YR2020","BRB","EN.GHG.CO2.LU.FL.MT.CE.AR5",0,-0.047
"8875","YR2020","BRB","EN.GHG.CO2.LU.DF.MT.CE.AR5",0,-0.004
"8876","YR2020","BRB","EN.GHG.CO2.LU.OS.MT.CE.AR5",0,-0.008
"8877","YR2021","BRB","EN.GHG.CO2.LU.MT.CE.AR5",0,-0.059
"8878","YR2021","BRB","EN.GHG.CO2.LU.FL.MT.CE.AR5",0,-0.047
"8879","YR2021","BRB","EN.GHG.CO2.LU.DF.MT.CE.AR5",0,-0.004
"8880","YR2021","BRB","EN.GHG.CO2.LU.OS.MT.CE.AR5",0,-0.008
"8881","YR2022","BRB","EN.GHG.CO2.LU.MT.CE.AR5",0,-0.059
"8882","YR2022","BRB","EN.GHG.CO2.LU.FL.MT.CE.AR5",0,-0.047
"8883","YR2022","BRB","EN.GHG.CO2.LU.DF.MT.CE.AR5",0,-0.004
"8884","YR2022","BRB","EN.GHG.CO2.LU.OS.MT.CE.AR5",0,-0.008
"8885","YR2023","BRB","EN.GHG.CO2.LU.MT.CE.AR5",0,-0.059
"8886","YR2023","BRB","EN.GHG.CO2.LU.FL.MT.CE.AR5",0,-0.047
"8887","YR2023","BRB","EN.GHG.CO2.LU.DF.MT.CE.AR5",0,-0.004
"8888","YR2023","BRB","EN.GHG.CO2.LU.OS.MT.CE.AR5",0,-0.008
"8889","YR2000","BLZ","EN.GHG.CO2.LU.MT.CE.AR5",0,-13.7085
"8890","YR2000","BLZ","EN.GHG.CO2.LU.FL.MT.CE.AR5",0,-12.3556
"8891","YR2000","BLZ","EN.GHG.CO2.LU.DF.MT.CE.AR5",0,0.0043
"8892","YR2000","BLZ","EN.GHG.CO2.LU.OL.MT.CE.AR5",0,-1.318
"8893","YR2001","BLZ","EN.GHG.CO2.LU.MT.CE.AR5",0,-9.4654
"8894","YR2001","BLZ","EN.GHG.CO2.LU.FL.MT.CE.AR5",0,-13.0955
"8895","YR2001","BLZ","EN.GHG.CO2.LU.DF.MT.CE.AR5",0,3.6598
"8896","YR2001","BLZ","EN.GHG.CO2.LU.OL.MT.CE.AR5",0,0
"8897","YR2002","BLZ","EN.GHG.CO2.LU.MT.CE.AR5",0,-9.1408
"8898","YR2002","BLZ","EN.GHG.CO2.LU.FL.MT.CE.AR5",0,-13.8354
"8899","YR2002","BLZ","EN.GHG.CO2.LU.DF.MT.CE.AR5",0,4.715
"8900","YR2002","BLZ","EN.GHG.CO2.LU.OL.MT.CE.AR5",0,0
"8901","YR2003","BLZ","EN.GHG.CO2.LU.MT.CE.AR5",0,-11.9005
"8902","YR2003","BLZ","EN.GHG.CO2.LU.FL.MT.CE.AR5",0,-14.5753
"8903","YR2003","BLZ","EN.GHG.CO2.LU.DF.MT.CE.AR5",0,2.6858
"8904","YR2003","BLZ","EN.GHG.CO2.LU.OL.MT.CE.AR5",0,0
"8905","YR2004","BLZ","EN.GHG.CO2.LU.MT.CE.AR5",0,-12.9031
"8906","YR2004","BLZ","EN.GHG.CO2.LU.FL.MT.CE.AR5",0,-14.4668
"8907","YR2004","BLZ","EN.GHG.CO2.LU.DF.MT.CE.AR5",0,1.571
"8908","YR2004","BLZ","EN.GHG.CO2.LU.OL.MT.CE.AR5",0,0
"8909","YR2005","BLZ","EN.GHG.CO2.LU.MT.CE.AR5",0,-12.9916
"8910","YR2005","BLZ","EN.GHG.CO2.LU.FL.MT.CE.AR5",0,-14.3582
"8911","YR2005","BLZ","EN.GHG.CO2.LU.DF.MT.CE.AR5",0,1.3704
"8912","YR2005","BLZ","EN.GHG.CO2.LU.OL.MT.CE.AR5",0,0
"8913","YR2006","BLZ","EN.GHG.CO2.LU.MT.CE.AR5",0,-11.3674
"8914","YR2006","BLZ","EN.GHG.CO2.LU.FL.MT.CE.AR5",0,-14.2497
"8915","YR2006","BLZ","EN.GHG.CO2.LU.DF.MT.CE.AR5",0,3.1059
"8916","YR2006","BLZ","EN.GHG.CO2.LU.OL.MT.CE.AR5",0,-0.2234
"8917","YR2007","BLZ","EN.GHG.CO2.LU.MT.CE.AR5",0,-11.6265
"8918","YR2007","BLZ","EN.GHG.CO2.LU.FL.MT.CE.AR5",0,-14.1798
"8919","YR2007","BLZ","EN.GHG.CO2.LU.DF.MT.CE.AR5",0,2.7812
"8920","YR2007","BLZ","EN.GHG.CO2.LU.OL.MT.CE.AR5",0,-0.2298
"8921","YR2008","BLZ","EN.GHG.CO2.LU.MT.CE.AR5",0,-11.9609
"8922","YR2008","BLZ","EN.GHG.CO2.LU.FL.MT.CE.AR5",0,-14.11
"8923","YR2008","BLZ","EN.GHG.CO2.LU.DF.MT.CE.AR5",0,2.3812
"8924","YR2008","BLZ","EN.GHG.CO2.LU.OL.MT.CE.AR5",0,-0.2361
"8925","YR2009","BLZ","EN.GHG.CO2.LU.MT.CE.AR5",0,-10.2438
"8926","YR2009","BLZ","EN.GHG.CO2.LU.FL.MT.CE.AR5",0,-14.0401
"8927","YR2009","BLZ","EN.GHG.CO2.LU.DF.MT.CE.AR5",0,4.0326
"8928","YR2009","BLZ","EN.GHG.CO2.LU.OL.MT.CE.AR5",0,-0.2425
"8929","YR2010","BLZ","EN.GHG.CO2.LU.MT.CE.AR5",0,-12.4048
"8930","YR2010","BLZ","EN.GHG.CO2.LU.FL.MT.CE.AR5",0,-13.7768
"8931","YR2010","BLZ","EN.GHG.CO2.LU.DF.MT.CE.AR5",0,1.5987
"8932","YR2010","BLZ","EN.GHG.CO2.LU.OL.MT.CE.AR5",0,-0.2314
"8933","YR2011","BLZ","EN.GHG.CO2.LU.MT.CE.AR5",0,-4.1946
"8934","YR2011","BLZ","EN.GHG.CO2.LU.FL.MT.CE.AR5",0,-13.5136
"8935","YR2011","BLZ","EN.GHG.CO2.LU.DF.MT.CE.AR5",0,9.5361
"8936","YR2011","BLZ","EN.GHG.CO2.LU.OL.MT.CE.AR5",0,-0.2203
"8937","YR2012","BLZ","EN.GHG.CO2.LU.MT.CE.AR5",0,-7.9891
"8938","YR2012","BLZ","EN.GHG.CO2.LU.FL.MT.CE.AR5",0,-13.2503
"8939","YR2012","BLZ","EN.GHG.CO2.LU.DF.MT.CE.AR5",0,5.4688
"8940","YR2012","BLZ","EN.GHG.CO2.LU.OL.MT.CE.AR5",0,-0.2092
"8941","YR2013","BLZ","EN.GHG.CO2.LU.MT.CE.AR5",0,-6.1546
"8942","YR2013","BLZ","EN.GHG.CO2.LU.FL.MT.CE.AR5",0,-12.9302
"8943","YR2013","BLZ","EN.GHG.CO2.LU.DF.MT.CE.AR5",0,7.0148
"8944","YR2013","BLZ","EN.GHG.CO2.LU.OL.MT.CE.AR5",0,-0.2325
"8945","YR2014","BLZ","EN.GHG.CO2.LU.MT.CE.AR5",0,-9.7293
"8946","YR2014","BLZ","EN.GHG.CO2.LU.FL.MT.CE.AR5",0,-12.61
"8947","YR2014","BLZ","EN.GHG.CO2.LU.DF.MT.CE.AR5",0,3.1517
"8948","YR2014","BLZ","EN.GHG.CO2.LU.OL.MT.CE.AR5",0,-0.2558
"8949","YR2015","BLZ","EN.GHG.CO2.LU.MT.CE.AR5",0,-6.5086
"8950","YR2015","BLZ","EN.GHG.CO2.LU.FL.MT.CE.AR5",0,-12.2899
"8951","YR2015","BLZ","EN.GHG.CO2.LU.DF.MT.CE.AR5",0,6.0839
"8952","YR2015","BLZ","EN.GHG.CO2.LU.OL.MT.CE.AR5",0,-0.2791
"8953","YR2016","BLZ","EN.GHG.CO2.LU.MT.CE.AR5",0,-6.8169
"8954","YR2016","BLZ","EN.GHG.CO2.LU.FL.MT.CE.AR5",0,-11.6126
"8955","YR2016","BLZ","EN.GHG.CO2.LU.DF.MT.CE.AR5",0,5.1007
"8956","YR2016","BLZ","EN.GHG.CO2.LU.OL.MT.CE.AR5",0,-0.276
"8957","YR2017","BLZ","EN.GHG.CO2.LU.MT.CE.AR5",0,-7.1252
"8958","YR2017","BLZ","EN.GHG.CO2.LU.FL.MT.CE.AR5",0,-10.9352
"8959","YR2017","BLZ","EN.GHG.CO2.LU.DF.MT.CE.AR5",0,4.1175
"8960","YR2017","BLZ","EN.GHG.CO2.LU.OL.MT.CE.AR5",0,-0.273
"8961","YR2018","BLZ","EN.GHG.CO2.LU.MT.CE.AR5",0,-11.2479
"8962","YR2018","BLZ","EN.GHG.CO2.LU.FL.MT.CE.AR5",0,-12.8483
"8963","YR2018","BLZ","EN.GHG.CO2.LU.DF.MT.CE.AR5",0,1.9213
"8964","YR2018","BLZ","EN.GHG.CO2.LU.OL.MT.CE.AR5",0,-0.2864
"8965","YR2019","BLZ","EN.GHG.CO2.LU.MT.CE.AR5",0,-8.8831
"8966","YR2019","BLZ","EN.GHG.CO2.LU.FL.MT.CE.AR5",0,-13.5786
"8967","YR2019","BLZ","EN.GHG.CO2.LU.DF.MT.CE.AR5",0,5.0333
"8968","YR2019","BLZ","EN.GHG.CO2.LU.OL.MT.CE.AR5",0,-0.3033
"8969","YR2020","BLZ","EN.GHG.CO2.LU.MT.CE.AR5",0,-8.8831
"8970","YR2020","BLZ","EN.GHG.CO2.LU.FL.MT.CE.AR5",0,-13.5786
"8971","YR2020","BLZ","EN.GHG.CO2.LU.DF.MT.CE.AR5",0,5.0333
"8972","YR2020","BLZ","EN.GHG.CO2.LU.OL.MT.CE.AR5",0,-0.3033
"8973","YR2021","BLZ","EN.GHG.CO2.LU.MT.CE.AR5",0,-8.8831
"8974","YR2021","BLZ","EN.GHG.CO2.LU.FL.MT.CE.AR5",0,-13.5786
"8975","YR2021","BLZ","EN.GHG.CO2.LU.DF.MT.CE.AR5",0,5.0333
"8976","YR2021","BLZ","EN.GHG.CO2.LU.OL.MT.CE.AR5",0,-0.3033
"8977","YR2022","BLZ","EN.GHG.CO2.LU.MT.CE.AR5",0,-8.8831
"8978","YR2022","BLZ","EN.GHG.CO2.LU.FL.MT.CE.AR5",0,-13.5786
"8979","YR2022","BLZ","EN.GHG.CO2.LU.DF.MT.CE.AR5",0,5.0333
"8980","YR2022","BLZ","EN.GHG.CO2.LU.OL.MT.CE.AR5",0,-0.3033
"8981","YR2023","BLZ","EN.GHG.CO2.LU.MT.CE.AR5",0,-8.8831
"8982","YR2023","BLZ","EN.GHG.CO2.LU.FL.MT.CE.AR5",0,-13.5786
"8983","YR2023","BLZ","EN.GHG.CO2.LU.DF.MT.CE.AR5",0,5.0333
"8984","YR2023","BLZ","EN.GHG.CO2.LU.OL.MT.CE.AR5",0,-0.3033
"8985","YR2000","BEN","EN.GHG.CO2.LU.MT.CE.AR5",0,-2.7545
"8986","YR2000","BEN","EN.GHG.CO2.LU.FL.MT.CE.AR5",0,-30.548
"8987","YR2000","BEN","EN.GHG.CO2.LU.DF.MT.CE.AR5",0,19.5151
"8988","YR2000","BEN","EN.GHG.CO2.LU.OL.MT.CE.AR5",0,8.2784
"8989","YR2001","BEN","EN.GHG.CO2.LU.MT.CE.AR5",0,-2.2231
"8990","YR2001","BEN","EN.GHG.CO2.LU.FL.MT.CE.AR5",0,-30.0176
"8991","YR2001","BEN","EN.GHG.CO2.LU.DF.MT.CE.AR5",0,19.5161
"8992","YR2001","BEN","EN.GHG.CO2.LU.OL.MT.CE.AR5",0,8.2784
"8993","YR2002","BEN","EN.GHG.CO2.LU.MT.CE.AR5",0,-1.6917
"8994","YR2002","BEN","EN.GHG.CO2.LU.FL.MT.CE.AR5",0,-29.4872
"8995","YR2002","BEN","EN.GHG.CO2.LU.DF.MT.CE.AR5",0,19.5171
"8996","YR2002","BEN","EN.GHG.CO2.LU.OL.MT.CE.AR5",0,8.2784
"8997","YR2003","BEN","EN.GHG.CO2.LU.MT.CE.AR5",0,-1.1603
"8998","YR2003","BEN","EN.GHG.CO2.LU.FL.MT.CE.AR5",0,-28.9568
"8999","YR2003","BEN","EN.GHG.CO2.LU.DF.MT.CE.AR5",0,19.5181
"9000","YR2003","BEN","EN.GHG.CO2.LU.OL.MT.CE.AR5",0,8.2784
"9001","YR2004","BEN","EN.GHG.CO2.LU.MT.CE.AR5",0,-0.6289
"9002","YR2004","BEN","EN.GHG.CO2.LU.FL.MT.CE.AR5",0,-28.4264
"9003","YR2004","BEN","EN.GHG.CO2.LU.DF.MT.CE.AR5",0,19.5191
"9004","YR2004","BEN","EN.GHG.CO2.LU.OL.MT.CE.AR5",0,8.2784
"9005","YR2005","BEN","EN.GHG.CO2.LU.MT.CE.AR5",0,-1.1334
"9006","YR2005","BEN","EN.GHG.CO2.LU.FL.MT.CE.AR5",0,-27.896
"9007","YR2005","BEN","EN.GHG.CO2.LU.DF.MT.CE.AR5",0,19.5201
"9008","YR2005","BEN","EN.GHG.CO2.LU.OL.MT.CE.AR5",0,7.2425
"9009","YR2006","BEN","EN.GHG.CO2.LU.MT.CE.AR5",0,-0.635
"9010","YR2006","BEN","EN.GHG.CO2.LU.FL.MT.CE.AR5",0,-27.3976
"9011","YR2006","BEN","EN.GHG.CO2.LU.DF.MT.CE.AR5",0,19.5201
"9012","YR2006","BEN","EN.GHG.CO2.LU.OL.MT.CE.AR5",0,7.2425
"9013","YR2007","BEN","EN.GHG.CO2.LU.MT.CE.AR5",0,-0.1366
"9014","YR2007","BEN","EN.GHG.CO2.LU.FL.MT.CE.AR5",0,-26.8992
"9015","YR2007","BEN","EN.GHG.CO2.LU.DF.MT.CE.AR5",0,19.5201
"9016","YR2007","BEN","EN.GHG.CO2.LU.OL.MT.CE.AR5",0,7.2425
"9017","YR2008","BEN","EN.GHG.CO2.LU.MT.CE.AR5",0,0.3618
"9018","YR2008","BEN","EN.GHG.CO2.LU.FL.MT.CE.AR5",0,-26.4008
"9019","YR2008","BEN","EN.GHG.CO2.LU.DF.MT.CE.AR5",0,19.5201
"9020","YR2008","BEN","EN.GHG.CO2.LU.OL.MT.CE.AR5",0,7.2425
"9021","YR2009","BEN","EN.GHG.CO2.LU.MT.CE.AR5",0,0.8602
"9022","YR2009","BEN","EN.GHG.CO2.LU.FL.MT.CE.AR5",0,-25.9024
"9023","YR2009","BEN","EN.GHG.CO2.LU.DF.MT.CE.AR5",0,19.5201
"9024","YR2009","BEN","EN.GHG.CO2.LU.OL.MT.CE.AR5",0,7.2425
"9025","YR2010","BEN","EN.GHG.CO2.LU.MT.CE.AR5",0,-4.7797
"9026","YR2010","BEN","EN.GHG.CO2.LU.FL.MT.CE.AR5",0,-25.404
"9027","YR2010","BEN","EN.GHG.CO2.LU.DF.MT.CE.AR5",0,15.4326
"9028","YR2010","BEN","EN.GHG.CO2.LU.OL.MT.CE.AR5",0,5.1917
"9029","YR2011","BEN","EN.GHG.CO2.LU.MT.CE.AR5",0,-3.7431
"9030","YR2011","BEN","EN.GHG.CO2.LU.FL.MT.CE.AR5",0,-24.065
"9031","YR2011","BEN","EN.GHG.CO2.LU.DF.MT.CE.AR5",0,15.0751
"9032","YR2011","BEN","EN.GHG.CO2.LU.OL.MT.CE.AR5",0,5.2468
"9033","YR2012","BEN","EN.GHG.CO2.LU.MT.CE.AR5",0,-4.0503
"9034","YR2012","BEN","EN.GHG.CO2.LU.FL.MT.CE.AR5",0,-23.119
"9035","YR2012","BEN","EN.GHG.CO2.LU.DF.MT.CE.AR5",0,14.7127
"9036","YR2012","BEN","EN.GHG.CO2.LU.OL.MT.CE.AR5",0,4.356
"9037","YR2013","BEN","EN.GHG.CO2.LU.MT.CE.AR5",0,-3.6699
"9038","YR2013","BEN","EN.GHG.CO2.LU.FL.MT.CE.AR5",0,-23.536
"9039","YR2013","BEN","EN.GHG.CO2.LU.DF.MT.CE.AR5",0,14.3862
"9040","YR2013","BEN","EN.GHG.CO2.LU.OL.MT.CE.AR5",0,5.4799
"9041","YR2014","BEN","EN.GHG.CO2.LU.MT.CE.AR5",0,-4.0997
"9042","YR2014","BEN","EN.GHG.CO2.LU.FL.MT.CE.AR5",0,-22.721
"9043","YR2014","BEN","EN.GHG.CO2.LU.DF.MT.CE.AR5",0,14.0535
"9044","YR2014","BEN","EN.GHG.CO2.LU.OL.MT.CE.AR5",0,4.5678
"9045","YR2015","BEN","EN.GHG.CO2.LU.MT.CE.AR5",0,-3.9598
"9046","YR2015","BEN","EN.GHG.CO2.LU.FL.MT.CE.AR5",0,-22.241
"9047","YR2015","BEN","EN.GHG.CO2.LU.DF.MT.CE.AR5",0,13.7291
"9048","YR2015","BEN","EN.GHG.CO2.LU.OL.MT.CE.AR5",0,4.5521
"9049","YR2016","BEN","EN.GHG.CO2.LU.MT.CE.AR5",0,-3.9598
"9050","YR2016","BEN","EN.GHG.CO2.LU.FL.MT.CE.AR5",0,-22.241
"9051","YR2016","BEN","EN.GHG.CO2.LU.DF.MT.CE.AR5",0,13.7291
"9052","YR2016","BEN","EN.GHG.CO2.LU.OL.MT.CE.AR5",0,4.5521
"9053","YR2017","BEN","EN.GHG.CO2.LU.MT.CE.AR5",0,-3.9598
"9054","YR2017","BEN","EN.GHG.CO2.LU.FL.MT.CE.AR5",0,-22.241
"9055","YR2017","BEN","EN.GHG.CO2.LU.DF.MT.CE.AR5",0,13.7291
"9056","YR2017","BEN","EN.GHG.CO2.LU.OL.MT.CE.AR5",0,4.5521
"9057","YR2018","BEN","EN.GHG.CO2.LU.MT.CE.AR5",0,-3.9598
"9058","YR2018","BEN","EN.GHG.CO2.LU.FL.MT.CE.AR5",0,-22.241
"9059","YR2018","BEN","EN.GHG.CO2.LU.DF.MT.CE.AR5",0,13.7291
"9060","YR2018","BEN","EN.GHG.CO2.LU.OL.MT.CE.AR5",0,4.5521
"9061","YR2019","BEN","EN.GHG.CO2.LU.MT.CE.AR5",0,-3.9598
"9062","YR2019","BEN","EN.GHG.CO2.LU.FL.MT.CE.AR5",0,-22.241
"9063","YR2019","BEN","EN.GHG.CO2.LU.DF.MT.CE.AR5",0,13.7291
"9064","YR2019","BEN","EN.GHG.CO2.LU.OL.MT.CE.AR5",0,4.5521
"9065","YR2020","BEN","EN.GHG.CO2.LU.MT.CE.AR5",0,-3.9598
"9066","YR2020","BEN","EN.GHG.CO2.LU.FL.MT.CE.AR5",0,-22.241
"9067","YR2020","BEN","EN.GHG.CO2.LU.DF.MT.CE.AR5",0,13.7291
"9068","YR2020","BEN","EN.GHG.CO2.LU.OL.MT.CE.AR5",0,4.5521
"9069","YR2021","BEN","EN.GHG.CO2.LU.MT.CE.AR5",0,-3.9598
"9070","YR2021","BEN","EN.GHG.CO2.LU.FL.MT.CE.AR5",0,-22.241
"9071","YR2021","BEN","EN.GHG.CO2.LU.DF.MT.CE.AR5",0,13.7291
"9072","YR2021","BEN","EN.GHG.CO2.LU.OL.MT.CE.AR5",0,4.5521
"9073","YR2022","BEN","EN.GHG.CO2.LU.MT.CE.AR5",0,-3.9598
"9074","YR2022","BEN","EN.GHG.CO2.LU.FL.MT.CE.AR5",0,-22.241
"9075","YR2022","BEN","EN.GHG.CO2.LU.DF.MT.CE.AR5",0,13.7291
"9076","YR2022","BEN","EN.GHG.CO2.LU.OL.MT.CE.AR5",0,4.5521
"9077","YR2023","BEN","EN.GHG.CO2.LU.MT.CE.AR5",0,-3.9598
"9078","YR2023","BEN","EN.GHG.CO2.LU.FL.MT.CE.AR5",0,-22.241
"9079","YR2023","BEN","EN.GHG.CO2.LU.DF.MT.CE.AR5",0,13.7291
"9080","YR2023","BEN","EN.GHG.CO2.LU.OL.MT.CE.AR5",0,4.5521
"9081","YR2000","BOL","EN.GHG.CO2.LU.MT.CE.AR5",0,40.7
"9082","YR2000","BOL","EN.GHG.CO2.LU.FL.MT.CE.AR5",0,24.279
"9083","YR2000","BOL","EN.GHG.CO2.LU.DF.MT.CE.AR5",0,15.991
"9084","YR2000","BOL","EN.GHG.CO2.LU.OL.MT.CE.AR5",0,0.43
"9085","YR2001","BOL","EN.GHG.CO2.LU.MT.CE.AR5",0,40.7
"9086","YR2001","BOL","EN.GHG.CO2.LU.FL.MT.CE.AR5",0,24.279
"9087","YR2001","BOL","EN.GHG.CO2.LU.DF.MT.CE.AR5",0,15.991
"9088","YR2001","BOL","EN.GHG.CO2.LU.OL.MT.CE.AR5",0,0.43
"9089","YR2002","BOL","EN.GHG.CO2.LU.MT.CE.AR5",0,40.7
"9090","YR2002","BOL","EN.GHG.CO2.LU.FL.MT.CE.AR5",0,24.279
"9091","YR2002","BOL","EN.GHG.CO2.LU.DF.MT.CE.AR5",0,15.991
"9092","YR2002","BOL","EN.GHG.CO2.LU.OL.MT.CE.AR5",0,0.43
"9093","YR2003","BOL","EN.GHG.CO2.LU.MT.CE.AR5",0,40.7
"9094","YR2003","BOL","EN.GHG.CO2.LU.FL.MT.CE.AR5",0,24.279
"9095","YR2003","BOL","EN.GHG.CO2.LU.DF.MT.CE.AR5",0,15.991
"9096","YR2003","BOL","EN.GHG.CO2.LU.OL.MT.CE.AR5",0,0.43
"9097","YR2004","BOL","EN.GHG.CO2.LU.MT.CE.AR5",0,40.7
"9098","YR2004","BOL","EN.GHG.CO2.LU.FL.MT.CE.AR5",0,24.279
"9099","YR2004","BOL","EN.GHG.CO2.LU.DF.MT.CE.AR5",0,15.991
"9100","YR2004","BOL","EN.GHG.CO2.LU.OL.MT.CE.AR5",0,0.43
"9101","YR2005","BOL","EN.GHG.CO2.LU.MT.CE.AR5",0,40.7
"9102","YR2005","BOL","EN.GHG.CO2.LU.FL.MT.CE.AR5",0,24.279
"9103","YR2005","BOL","EN.GHG.CO2.LU.DF.MT.CE.AR5",0,15.991
"9104","YR2005","BOL","EN.GHG.CO2.LU.OL.MT.CE.AR5",0,0.43
"9105","YR2006","BOL","EN.GHG.CO2.LU.MT.CE.AR5",0,40.7
"9106","YR2006","BOL","EN.GHG.CO2.LU.FL.MT.CE.AR5",0,24.279
"9107","YR2006","BOL","EN.GHG.CO2.LU.DF.MT.CE.AR5",0,15.991
"9108","YR2006","BOL","EN.GHG.CO2.LU.OL.MT.CE.AR5",0,0.43
"9109","YR2007","BOL","EN.GHG.CO2.LU.MT.CE.AR5",0,43.365
"9110","YR2007","BOL","EN.GHG.CO2.LU.FL.MT.CE.AR5",0,17.05
"9111","YR2007","BOL","EN.GHG.CO2.LU.DF.MT.CE.AR5",0,28.237
"9112","YR2007","BOL","EN.GHG.CO2.LU.OL.MT.CE.AR5",0,-1.922
"9113","YR2008","BOL","EN.GHG.CO2.LU.MT.CE.AR5",0,36.136
"9114","YR2008","BOL","EN.GHG.CO2.LU.FL.MT.CE.AR5",0,9.821
"9115","YR2008","BOL","EN.GHG.CO2.LU.DF.MT.CE.AR5",0,28.237
"9116","YR2008","BOL","EN.GHG.CO2.LU.OL.MT.CE.AR5",0,-1.922
"9117","YR2009","BOL","EN.GHG.CO2.LU.MT.CE.AR5",0,36.136
"9118","YR2009","BOL","EN.GHG.CO2.LU.FL.MT.CE.AR5",0,9.821
"9119","YR2009","BOL","EN.GHG.CO2.LU.DF.MT.CE.AR5",0,28.237
"9120","YR2009","BOL","EN.GHG.CO2.LU.OL.MT.CE.AR5",0,-1.922
"9121","YR2010","BOL","EN.GHG.CO2.LU.MT.CE.AR5",0,36.136
"9122","YR2010","BOL","EN.GHG.CO2.LU.FL.MT.CE.AR5",0,9.821
"9123","YR2010","BOL","EN.GHG.CO2.LU.DF.MT.CE.AR5",0,28.237
"9124","YR2010","BOL","EN.GHG.CO2.LU.OL.MT.CE.AR5",0,-1.922
"9125","YR2011","BOL","EN.GHG.CO2.LU.MT.CE.AR5",0,36.136
"9126","YR2011","BOL","EN.GHG.CO2.LU.FL.MT.CE.AR5",0,9.821
"9127","YR2011","BOL","EN.GHG.CO2.LU.DF.MT.CE.AR5",0,28.237
"9128","YR2011","BOL","EN.GHG.CO2.LU.OL.MT.CE.AR5",0,-1.922
"9129","YR2012","BOL","EN.GHG.CO2.LU.MT.CE.AR5",0,36.136
"9130","YR2012","BOL","EN.GHG.CO2.LU.FL.MT.CE.AR5",0,9.821
"9131","YR2012","BOL","EN.GHG.CO2.LU.DF.MT.CE.AR5",0,28.237
"9132","YR2012","BOL","EN.GHG.CO2.LU.OL.MT.CE.AR5",0,-1.922
"9133","YR2013","BOL","EN.GHG.CO2.LU.MT.CE.AR5",0,36.136
"9134","YR2013","BOL","EN.GHG.CO2.LU.FL.MT.CE.AR5",0,9.821
"9135","YR2013","BOL","EN.GHG.CO2.LU.DF.MT.CE.AR5",0,28.237
"9136","YR2013","BOL","EN.GHG.CO2.LU.OL.MT.CE.AR5",0,-1.922
"9137","YR2014","BOL","EN.GHG.CO2.LU.MT.CE.AR5",0,36.136
"9138","YR2014","BOL","EN.GHG.CO2.LU.FL.MT.CE.AR5",0,9.821
"9139","YR2014","BOL","EN.GHG.CO2.LU.DF.MT.CE.AR5",0,28.237
"9140","YR2014","BOL","EN.GHG.CO2.LU.OL.MT.CE.AR5",0,-1.922
"9141","YR2015","BOL","EN.GHG.CO2.LU.MT.CE.AR5",0,36.136
"9142","YR2015","BOL","EN.GHG.CO2.LU.FL.MT.CE.AR5",0,9.821
"9143","YR2015","BOL","EN.GHG.CO2.LU.DF.MT.CE.AR5",0,28.237
"9144","YR2015","BOL","EN.GHG.CO2.LU.OL.MT.CE.AR5",0,-1.922
"9145","YR2016","BOL","EN.GHG.CO2.LU.MT.CE.AR5",0,36.136
"9146","YR2016","BOL","EN.GHG.CO2.LU.FL.MT.CE.AR5",0,9.821
"9147","YR2016","BOL","EN.GHG.CO2.LU.DF.MT.CE.AR5",0,28.237
"9148","YR2016","BOL","EN.GHG.CO2.LU.OL.MT.CE.AR5",0,-1.922
"9149","YR2017","BOL","EN.GHG.CO2.LU.MT.CE.AR5",0,36.136
"9150","YR2017","BOL","EN.GHG.CO2.LU.FL.MT.CE.AR5",0,9.821
"9151","YR2017","BOL","EN.GHG.CO2.LU.DF.MT.CE.AR5",0,28.237
"9152","YR2017","BOL","EN.GHG.CO2.LU.OL.MT.CE.AR5",0,-1.922
"9153","YR2018","BOL","EN.GHG.CO2.LU.MT.CE.AR5",0,36.136
"9154","YR2018","BOL","EN.GHG.CO2.LU.FL.MT.CE.AR5",0,9.821
"9155","YR2018","BOL","EN.GHG.CO2.LU.DF.MT.CE.AR5",0,28.237
"9156","YR2018","BOL","EN.GHG.CO2.LU.OL.MT.CE.AR5",0,-1.922
"9157","YR2019","BOL","EN.GHG.CO2.LU.MT.CE.AR5",0,36.136
"9158","YR2019","BOL","EN.GHG.CO2.LU.FL.MT.CE.AR5",0,9.821
"9159","YR2019","BOL","EN.GHG.CO2.LU.DF.MT.CE.AR5",0,28.237
"9160","YR2019","BOL","EN.GHG.CO2.LU.OL.MT.CE.AR5",0,-1.922
"9161","YR2020","BOL","EN.GHG.CO2.LU.MT.CE.AR5",0,36.136
"9162","YR2020","BOL","EN.GHG.CO2.LU.FL.MT.CE.AR5",0,9.821
"9163","YR2020","BOL","EN.GHG.CO2.LU.DF.MT.CE.AR5",0,28.237
"9164","YR2020","BOL","EN.GHG.CO2.LU.OL.MT.CE.AR5",0,-1.922
"9165","YR2021","BOL","EN.GHG.CO2.LU.MT.CE.AR5",0,36.136
"9166","YR2021","BOL","EN.GHG.CO2.LU.FL.MT.CE.AR5",0,9.821
"9167","YR2021","BOL","EN.GHG.CO2.LU.DF.MT.CE.AR5",0,28.237
"9168","YR2021","BOL","EN.GHG.CO2.LU.OL.MT.CE.AR5",0,-1.922
"9169","YR2022","BOL","EN.GHG.CO2.LU.MT.CE.AR5",0,36.136
"9170","YR2022","BOL","EN.GHG.CO2.LU.FL.MT.CE.AR5",0,9.821
"9171","YR2022","BOL","EN.GHG.CO2.LU.DF.MT.CE.AR5",0,28.237
"9172","YR2022","BOL","EN.GHG.CO2.LU.OL.MT.CE.AR5",0,-1.922
"9173","YR2023","BOL","EN.GHG.CO2.LU.MT.CE.AR5",0,36.136
"9174","YR2023","BOL","EN.GHG.CO2.LU.FL.MT.CE.AR5",0,9.821
"9175","YR2023","BOL","EN.GHG.CO2.LU.DF.MT.CE.AR5",0,28.237
"9176","YR2023","BOL","EN.GHG.CO2.LU.OL.MT.CE.AR5",0,-1.922
"9177","YR2000","BIH","EN.GHG.CO2.LU.MT.CE.AR5",0,0.0192
"9178","YR2000","BIH","EN.GHG.CO2.LU.FL.MT.CE.AR5",0,0.0192
"9179","YR2000","BIH","EN.GHG.CO2.LU.DF.MT.CE.AR5",0,0
"9180","YR2001","BIH","EN.GHG.CO2.LU.MT.CE.AR5",0,-7.2122
"9181","YR2001","BIH","EN.GHG.CO2.LU.FL.MT.CE.AR5",0,-7.2122
"9182","YR2001","BIH","EN.GHG.CO2.LU.DF.MT.CE.AR5",0,0
"9183","YR2002","BIH","EN.GHG.CO2.LU.MT.CE.AR5",0,-4.719
"9184","YR2002","BIH","EN.GHG.CO2.LU.FL.MT.CE.AR5",0,-4.719
"9185","YR2002","BIH","EN.GHG.CO2.LU.DF.MT.CE.AR5",0,0
"9186","YR2003","BIH","EN.GHG.CO2.LU.MT.CE.AR5",0,-4.988
"9187","YR2003","BIH","EN.GHG.CO2.LU.FL.MT.CE.AR5",0,-4.988
"9188","YR2003","BIH","EN.GHG.CO2.LU.DF.MT.CE.AR5",0,0
"9189","YR2004","BIH","EN.GHG.CO2.LU.MT.CE.AR5",0,-7.3069
"9190","YR2004","BIH","EN.GHG.CO2.LU.FL.MT.CE.AR5",0,-7.3069
"9191","YR2004","BIH","EN.GHG.CO2.LU.DF.MT.CE.AR5",0,0
"9192","YR2005","BIH","EN.GHG.CO2.LU.MT.CE.AR5",0,-7.4142
"9193","YR2005","BIH","EN.GHG.CO2.LU.FL.MT.CE.AR5",0,-7.4142
"9194","YR2005","BIH","EN.GHG.CO2.LU.DF.MT.CE.AR5",0,0
"9195","YR2006","BIH","EN.GHG.CO2.LU.MT.CE.AR5",0,-7.0922
"9196","YR2006","BIH","EN.GHG.CO2.LU.FL.MT.CE.AR5",0,-7.0922
"9197","YR2006","BIH","EN.GHG.CO2.LU.DF.MT.CE.AR5",0,0
"9198","YR2007","BIH","EN.GHG.CO2.LU.MT.CE.AR5",0,-7.6442
"9199","YR2007","BIH","EN.GHG.CO2.LU.FL.MT.CE.AR5",0,-7.6442
"9200","YR2007","BIH","EN.GHG.CO2.LU.DF.MT.CE.AR5",0,0
"9201","YR2008","BIH","EN.GHG.CO2.LU.MT.CE.AR5",0,-7.3967
"9202","YR2008","BIH","EN.GHG.CO2.LU.FL.MT.CE.AR5",0,-7.3967
"9203","YR2008","BIH","EN.GHG.CO2.LU.DF.MT.CE.AR5",0,0
"9204","YR2009","BIH","EN.GHG.CO2.LU.MT.CE.AR5",0,-7.9995
"9205","YR2009","BIH","EN.GHG.CO2.LU.FL.MT.CE.AR5",0,-7.9995
"9206","YR2009","BIH","EN.GHG.CO2.LU.DF.MT.CE.AR5",0,0
"9207","YR2010","BIH","EN.GHG.CO2.LU.MT.CE.AR5",0,-5.686
"9208","YR2010","BIH","EN.GHG.CO2.LU.FL.MT.CE.AR5",0,-5.686
"9209","YR2010","BIH","EN.GHG.CO2.LU.DF.MT.CE.AR5",0,0
"9210","YR2011","BIH","EN.GHG.CO2.LU.MT.CE.AR5",0,-5.903
"9211","YR2011","BIH","EN.GHG.CO2.LU.FL.MT.CE.AR5",0,-5.903
"9212","YR2011","BIH","EN.GHG.CO2.LU.DF.MT.CE.AR5",0,0
"9213","YR2012","BIH","EN.GHG.CO2.LU.MT.CE.AR5",0,-7.5463
"9214","YR2012","BIH","EN.GHG.CO2.LU.FL.MT.CE.AR5",0,-7.5463
"9215","YR2012","BIH","EN.GHG.CO2.LU.DF.MT.CE.AR5",0,0
"9216","YR2013","BIH","EN.GHG.CO2.LU.MT.CE.AR5",0,-6.141
"9217","YR2013","BIH","EN.GHG.CO2.LU.FL.MT.CE.AR5",0,-6.141
"9218","YR2013","BIH","EN.GHG.CO2.LU.DF.MT.CE.AR5",0,0
"9219","YR2014","BIH","EN.GHG.CO2.LU.MT.CE.AR5",0,-6.398
"9220","YR2014","BIH","EN.GHG.CO2.LU.FL.MT.CE.AR5",0,-6.398
"9221","YR2014","BIH","EN.GHG.CO2.LU.DF.MT.CE.AR5",0,0
"9222","YR2015","BIH","EN.GHG.CO2.LU.MT.CE.AR5",0,-6.398
"9223","YR2015","BIH","EN.GHG.CO2.LU.FL.MT.CE.AR5",0,-6.398
"9224","YR2015","BIH","EN.GHG.CO2.LU.DF.MT.CE.AR5",0,0
"9225","YR2016","BIH","EN.GHG.CO2.LU.MT.CE.AR5",0,-6.398
"9226","YR2016","BIH","EN.GHG.CO2.LU.FL.MT.CE.AR5",0,-6.398
"9227","YR2016","BIH","EN.GHG.CO2.LU.DF.MT.CE.AR5",0,0
"9228","YR2017","BIH","EN.GHG.CO2.LU.MT.CE.AR5",0,-6.398
"9229","YR2017","BIH","EN.GHG.CO2.LU.FL.MT.CE.AR5",0,-6.398
"9230","YR2017","BIH","EN.GHG.CO2.LU.DF.MT.CE.AR5",0,0
"9231","YR2018","BIH","EN.GHG.CO2.LU.MT.CE.AR5",0,-6.398
"9232","YR2018","BIH","EN.GHG.CO2.LU.FL.MT.CE.AR5",0,-6.398
"9233","YR2018","BIH","EN.GHG.CO2.LU.DF.MT.CE.AR5",0,0
"9234","YR2019","BIH","EN.GHG.CO2.LU.MT.CE.AR5",0,-6.398
"9235","YR2019","BIH","EN.GHG.CO2.LU.FL.MT.CE.AR5",0,-6.398
"9236","YR2019","BIH","EN.GHG.CO2.LU.DF.MT.CE.AR5",0,0
"9237","YR2020","BIH","EN.GHG.CO2.LU.MT.CE.AR5",0,-6.398
"9238","YR2020","BIH","EN.GHG.CO2.LU.FL.MT.CE.AR5",0,-6.398
"9239","YR2020","BIH","EN.GHG.CO2.LU.DF.MT.CE.AR5",0,0
"9240","YR2021","BIH","EN.GHG.CO2.LU.MT.CE.AR5",0,-6.398
"9241","YR2021","BIH","EN.GHG.CO2.LU.FL.MT.CE.AR5",0,-6.398
"9242","YR2021","BIH","EN.GHG.CO2.LU.DF.MT.CE.AR5",0,0
"9243","YR2022","BIH","EN.GHG.CO2.LU.MT.CE.AR5",0,-6.398
"9244","YR2022","BIH","EN.GHG.CO2.LU.FL.MT.CE.AR5",0,-6.398
"9245","YR2022","BIH","EN.GHG.CO2.LU.DF.MT.CE.AR5",0,0
"9246","YR2023","BIH","EN.GHG.CO2.LU.MT.CE.AR5",0,-6.398
"9247","YR2023","BIH","EN.GHG.CO2.LU.FL.MT.CE.AR5",0,-6.398
"9248","YR2023","BIH","EN.GHG.CO2.LU.DF.MT.CE.AR5",0,0
"9249","YR2000","BWA","EN.GHG.CO2.LU.MT.CE.AR5",0,-2.821
"9250","YR2000","BWA","EN.GHG.CO2.LU.FL.MT.CE.AR5",0,-18.019
"9251","YR2000","BWA","EN.GHG.CO2.LU.DF.MT.CE.AR5",0,15.198
"9252","YR2001","BWA","EN.GHG.CO2.LU.MT.CE.AR5",0,-2.821
"9253","YR2001","BWA","EN.GHG.CO2.LU.FL.MT.CE.AR5",0,-18.019
"9254","YR2001","BWA","EN.GHG.CO2.LU.DF.MT.CE.AR5",0,15.198
"9255","YR2002","BWA","EN.GHG.CO2.LU.MT.CE.AR5",0,-2.821
"9256","YR2002","BWA","EN.GHG.CO2.LU.FL.MT.CE.AR5",0,-18.019
"9257","YR2002","BWA","EN.GHG.CO2.LU.DF.MT.CE.AR5",0,15.198
"9258","YR2003","BWA","EN.GHG.CO2.LU.MT.CE.AR5",0,-2.821
"9259","YR2003","BWA","EN.GHG.CO2.LU.FL.MT.CE.AR5",0,-18.019
"9260","YR2003","BWA","EN.GHG.CO2.LU.DF.MT.CE.AR5",0,15.198
"9261","YR2004","BWA","EN.GHG.CO2.LU.MT.CE.AR5",0,-2.821
"9262","YR2004","BWA","EN.GHG.CO2.LU.FL.MT.CE.AR5",0,-18.019
"9263","YR2004","BWA","EN.GHG.CO2.LU.DF.MT.CE.AR5",0,15.198
"9264","YR2005","BWA","EN.GHG.CO2.LU.MT.CE.AR5",0,-2.821
"9265","YR2005","BWA","EN.GHG.CO2.LU.FL.MT.CE.AR5",0,-18.019
"9266","YR2005","BWA","EN.GHG.CO2.LU.DF.MT.CE.AR5",0,15.198
"9267","YR2006","BWA","EN.GHG.CO2.LU.MT.CE.AR5",0,-2.821
"9268","YR2006","BWA","EN.GHG.CO2.LU.FL.MT.CE.AR5",0,-18.019
"9269","YR2006","BWA","EN.GHG.CO2.LU.DF.MT.CE.AR5",0,15.198
"9270","YR2007","BWA","EN.GHG.CO2.LU.MT.CE.AR5",0,-2.821
"9271","YR2007","BWA","EN.GHG.CO2.LU.FL.MT.CE.AR5",0,-18.019
"9272","YR2007","BWA","EN.GHG.CO2.LU.DF.MT.CE.AR5",0,15.198
"9273","YR2008","BWA","EN.GHG.CO2.LU.MT.CE.AR5",0,-2.821
"9274","YR2008","BWA","EN.GHG.CO2.LU.FL.MT.CE.AR5",0,-18.019
"9275","YR2008","BWA","EN.GHG.CO2.LU.DF.MT.CE.AR5",0,15.198
"9276","YR2009","BWA","EN.GHG.CO2.LU.MT.CE.AR5",0,-2.821
"9277","YR2009","BWA","EN.GHG.CO2.LU.FL.MT.CE.AR5",0,-18.019
"9278","YR2009","BWA","EN.GHG.CO2.LU.DF.MT.CE.AR5",0,15.198
"9279","YR2010","BWA","EN.GHG.CO2.LU.MT.CE.AR5",0,-2.821
"9280","YR2010","BWA","EN.GHG.CO2.LU.FL.MT.CE.AR5",0,-18.019
"9281","YR2010","BWA","EN.GHG.CO2.LU.DF.MT.CE.AR5",0,15.198
"9282","YR2011","BWA","EN.GHG.CO2.LU.MT.CE.AR5",0,-2.821
"9283","YR2011","BWA","EN.GHG.CO2.LU.FL.MT.CE.AR5",0,-18.019
"9284","YR2011","BWA","EN.GHG.CO2.LU.DF.MT.CE.AR5",0,15.198
"9285","YR2012","BWA","EN.GHG.CO2.LU.MT.CE.AR5",0,-2.821
"9286","YR2012","BWA","EN.GHG.CO2.LU.FL.MT.CE.AR5",0,-18.019
"9287","YR2012","BWA","EN.GHG.CO2.LU.DF.MT.CE.AR5",0,15.198
"9288","YR2013","BWA","EN.GHG.CO2.LU.MT.CE.AR5",0,-2.821
"9289","YR2013","BWA","EN.GHG.CO2.LU.FL.MT.CE.AR5",0,-18.019
"9290","YR2013","BWA","EN.GHG.CO2.LU.DF.MT.CE.AR5",0,15.198
"9291","YR2014","BWA","EN.GHG.CO2.LU.MT.CE.AR5",0,-2.821
"9292","YR2014","BWA","EN.GHG.CO2.LU.FL.MT.CE.AR5",0,-18.019
"9293","YR2014","BWA","EN.GHG.CO2.LU.DF.MT.CE.AR5",0,15.198
"9294","YR2015","BWA","EN.GHG.CO2.LU.MT.CE.AR5",0,-2.821
"9295","YR2015","BWA","EN.GHG.CO2.LU.FL.MT.CE.AR5",0,-18.019
"9296","YR2015","BWA","EN.GHG.CO2.LU.DF.MT.CE.AR5",0,15.198
"9297","YR2016","BWA","EN.GHG.CO2.LU.MT.CE.AR5",0,-2.821
"9298","YR2016","BWA","EN.GHG.CO2.LU.FL.MT.CE.AR5",0,-18.019
"9299","YR2016","BWA","EN.GHG.CO2.LU.DF.MT.CE.AR5",0,15.198
"9300","YR2017","BWA","EN.GHG.CO2.LU.MT.CE.AR5",0,-2.821
"9301","YR2017","BWA","EN.GHG.CO2.LU.FL.MT.CE.AR5",0,-18.019
"9302","YR2017","BWA","EN.GHG.CO2.LU.DF.MT.CE.AR5",0,15.198
"9303","YR2018","BWA","EN.GHG.CO2.LU.MT.CE.AR5",0,-2.821
"9304","YR2018","BWA","EN.GHG.CO2.LU.FL.MT.CE.AR5",0,-18.019
"9305","YR2018","BWA","EN.GHG.CO2.LU.DF.MT.CE.AR5",0,15.198
"9306","YR2019","BWA","EN.GHG.CO2.LU.MT.CE.AR5",0,-2.821
"9307","YR2019","BWA","EN.GHG.CO2.LU.FL.MT.CE.AR5",0,-18.019
"9308","YR2019","BWA","EN.GHG.CO2.LU.DF.MT.CE.AR5",0,15.198
"9309","YR2020","BWA","EN.GHG.CO2.LU.MT.CE.AR5",0,-2.821
"9310","YR2020","BWA","EN.GHG.CO2.LU.FL.MT.CE.AR5",0,-18.019
"9311","YR2020","BWA","EN.GHG.CO2.LU.DF.MT.CE.AR5",0,15.198
"9312","YR2021","BWA","EN.GHG.CO2.LU.MT.CE.AR5",0,-2.821
"9313","YR2021","BWA","EN.GHG.CO2.LU.FL.MT.CE.AR5",0,-18.019
"9314","YR2021","BWA","EN.GHG.CO2.LU.DF.MT.CE.AR5",0,15.198
"9315","YR2022","BWA","EN.GHG.CO2.LU.MT.CE.AR5",0,-2.821
"9316","YR2022","BWA","EN.GHG.CO2.LU.FL.MT.CE.AR5",0,-18.019
"9317","YR2022","BWA","EN.GHG.CO2.LU.DF.MT.CE.AR5",0,15.198
"9318","YR2023","BWA","EN.GHG.CO2.LU.MT.CE.AR5",0,-2.821
"9319","YR2023","BWA","EN.GHG.CO2.LU.FL.MT.CE.AR5",0,-18.019
"9320","YR2023","BWA","EN.GHG.CO2.LU.DF.MT.CE.AR5",0,15.198
"9321","YR2000","BFA","EN.GHG.CO2.LU.MT.CE.AR5",0,25.9955
"9322","YR2000","BFA","EN.GHG.CO2.LU.FL.MT.CE.AR5",0,17.52
"9323","YR2000","BFA","EN.GHG.CO2.LU.DF.MT.CE.AR5",0,9.644
"9324","YR2000","BFA","EN.GHG.CO2.LU.OL.MT.CE.AR5",0,-1.1301
"9325","YR2001","BFA","EN.GHG.CO2.LU.MT.CE.AR5",0,26.9656
"9326","YR2001","BFA","EN.GHG.CO2.LU.FL.MT.CE.AR5",0,18.4979
"9327","YR2001","BFA","EN.GHG.CO2.LU.DF.MT.CE.AR5",0,9.7053
"9328","YR2001","BFA","EN.GHG.CO2.LU.OL.MT.CE.AR5",0,-1.1999
"9329","YR2002","BFA","EN.GHG.CO2.LU.MT.CE.AR5",0,27.9357
"9330","YR2002","BFA","EN.GHG.CO2.LU.FL.MT.CE.AR5",0,19.4757
"9331","YR2002","BFA","EN.GHG.CO2.LU.DF.MT.CE.AR5",0,9.7665
"9332","YR2002","BFA","EN.GHG.CO2.LU.OL.MT.CE.AR5",0,-1.2697
"9333","YR2003","BFA","EN.GHG.CO2.LU.MT.CE.AR5",0,28.9058
"9334","YR2003","BFA","EN.GHG.CO2.LU.FL.MT.CE.AR5",0,20.4535
"9335","YR2003","BFA","EN.GHG.CO2.LU.DF.MT.CE.AR5",0,9.8278
"9336","YR2003","BFA","EN.GHG.CO2.LU.OL.MT.CE.AR5",0,-1.3395
"9337","YR2004","BFA","EN.GHG.CO2.LU.MT.CE.AR5",0,29.8759
"9338","YR2004","BFA","EN.GHG.CO2.LU.FL.MT.CE.AR5",0,21.4313
"9339","YR2004","BFA","EN.GHG.CO2.LU.DF.MT.CE.AR5",0,9.889
"9340","YR2004","BFA","EN.GHG.CO2.LU.OL.MT.CE.AR5",0,-1.4092
"9341","YR2005","BFA","EN.GHG.CO2.LU.MT.CE.AR5",0,30.8459
"9342","YR2005","BFA","EN.GHG.CO2.LU.FL.MT.CE.AR5",0,22.4092
"9343","YR2005","BFA","EN.GHG.CO2.LU.DF.MT.CE.AR5",0,9.9503
"9344","YR2005","BFA","EN.GHG.CO2.LU.OL.MT.CE.AR5",0,-1.479
"9345","YR2006","BFA","EN.GHG.CO2.LU.MT.CE.AR5",0,31.816
"9346","YR2006","BFA","EN.GHG.CO2.LU.FL.MT.CE.AR5",0,23.387
"9347","YR2006","BFA","EN.GHG.CO2.LU.DF.MT.CE.AR5",0,10.0115
"9348","YR2006","BFA","EN.GHG.CO2.LU.OL.MT.CE.AR5",0,-1.5488
"9349","YR2007","BFA","EN.GHG.CO2.LU.MT.CE.AR5",0,32.7861
"9350","YR2007","BFA","EN.GHG.CO2.LU.FL.MT.CE.AR5",0,24.3648
"9351","YR2007","BFA","EN.GHG.CO2.LU.DF.MT.CE.AR5",0,10.0728
"9352","YR2007","BFA","EN.GHG.CO2.LU.OL.MT.CE.AR5",0,-1.6186
"9353","YR2008","BFA","EN.GHG.CO2.LU.MT.CE.AR5",0,33.7562
"9354","YR2008","BFA","EN.GHG.CO2.LU.FL.MT.CE.AR5",0,25.3427
"9355","YR2008","BFA","EN.GHG.CO2.LU.DF.MT.CE.AR5",0,10.134
"9356","YR2008","BFA","EN.GHG.CO2.LU.OL.MT.CE.AR5",0,-1.6884
"9357","YR2009","BFA","EN.GHG.CO2.LU.MT.CE.AR5",0,34.589
"9358","YR2009","BFA","EN.GHG.CO2.LU.FL.MT.CE.AR5",0,25.9679
"9359","YR2009","BFA","EN.GHG.CO2.LU.DF.MT.CE.AR5",0,10.3841
"9360","YR2009","BFA","EN.GHG.CO2.LU.OL.MT.CE.AR5",0,-1.73
"9361","YR2010","BFA","EN.GHG.CO2.LU.MT.CE.AR5",0,36.1171
"9362","YR2010","BFA","EN.GHG.CO2.LU.FL.MT.CE.AR5",0,27.1151
"9363","YR2010","BFA","EN.GHG.CO2.LU.DF.MT.CE.AR5",0,10.8428
"9364","YR2010","BFA","EN.GHG.CO2.LU.OL.MT.CE.AR5",0,-1.8065
"9365","YR2011","BFA","EN.GHG.CO2.LU.MT.CE.AR5",0,37.1526
"9366","YR2011","BFA","EN.GHG.CO2.LU.FL.MT.CE.AR5",0,27.8925
"9367","YR2011","BFA","EN.GHG.CO2.LU.DF.MT.CE.AR5",0,11.1537
"9368","YR2011","BFA","EN.GHG.CO2.LU.OL.MT.CE.AR5",0,-1.8583
"9369","YR2012","BFA","EN.GHG.CO2.LU.MT.CE.AR5",0,36.4335
"9370","YR2012","BFA","EN.GHG.CO2.LU.FL.MT.CE.AR5",0,27.3527
"9371","YR2012","BFA","EN.GHG.CO2.LU.DF.MT.CE.AR5",0,10.9378
"9372","YR2012","BFA","EN.GHG.CO2.LU.OL.MT.CE.AR5",0,-1.8223
"9373","YR2013","BFA","EN.GHG.CO2.LU.MT.CE.AR5",0,38.8719
"9374","YR2013","BFA","EN.GHG.CO2.LU.FL.MT.CE.AR5",0,29.1833
"9375","YR2013","BFA","EN.GHG.CO2.LU.DF.MT.CE.AR5",0,11.6698
"9376","YR2013","BFA","EN.GHG.CO2.LU.OL.MT.CE.AR5",0,-1.9442
"9377","YR2014","BFA","EN.GHG.CO2.LU.MT.CE.AR5",0,38.0919
"9378","YR2014","BFA","EN.GHG.CO2.LU.FL.MT.CE.AR5",0,28.5977
"9379","YR2014","BFA","EN.GHG.CO2.LU.DF.MT.CE.AR5",0,11.4357
"9380","YR2014","BFA","EN.GHG.CO2.LU.OL.MT.CE.AR5",0,-1.9052
"9381","YR2015","BFA","EN.GHG.CO2.LU.MT.CE.AR5",0,40.139
"9382","YR2015","BFA","EN.GHG.CO2.LU.FL.MT.CE.AR5",0,30.1346
"9383","YR2015","BFA","EN.GHG.CO2.LU.DF.MT.CE.AR5",0,12.0502
"9384","YR2015","BFA","EN.GHG.CO2.LU.OL.MT.CE.AR5",0,-2.0076
"9385","YR2016","BFA","EN.GHG.CO2.LU.MT.CE.AR5",0,40.139
"9386","YR2016","BFA","EN.GHG.CO2.LU.FL.MT.CE.AR5",0,30.1346
"9387","YR2016","BFA","EN.GHG.CO2.LU.DF.MT.CE.AR5",0,12.0502
"9388","YR2016","BFA","EN.GHG.CO2.LU.OL.MT.CE.AR5",0,-2.0076
"9389","YR2017","BFA","EN.GHG.CO2.LU.MT.CE.AR5",0,40.139
"9390","YR2017","BFA","EN.GHG.CO2.LU.FL.MT.CE.AR5",0,30.1346
"9391","YR2017","BFA","EN.GHG.CO2.LU.DF.MT.CE.AR5",0,12.0502
"9392","YR2017","BFA","EN.GHG.CO2.LU.OL.MT.CE.AR5",0,-2.0076
"9393","YR2018","BFA","EN.GHG.CO2.LU.MT.CE.AR5",0,40.139
"9394","YR2018","BFA","EN.GHG.CO2.LU.FL.MT.CE.AR5",0,30.1346
"9395","YR2018","BFA","EN.GHG.CO2.LU.DF.MT.CE.AR5",0,12.0502
"9396","YR2018","BFA","EN.GHG.CO2.LU.OL.MT.CE.AR5",0,-2.0076
"9397","YR2019","BFA","EN.GHG.CO2.LU.MT.CE.AR5",0,40.139
"9398","YR2019","BFA","EN.GHG.CO2.LU.FL.MT.CE.AR5",0,30.1346
"9399","YR2019","BFA","EN.GHG.CO2.LU.DF.MT.CE.AR5",0,12.0502
"9400","YR2019","BFA","EN.GHG.CO2.LU.OL.MT.CE.AR5",0,-2.0076
"9401","YR2020","BFA","EN.GHG.CO2.LU.MT.CE.AR5",0,40.139
"9402","YR2020","BFA","EN.GHG.CO2.LU.FL.MT.CE.AR5",0,30.1346
"9403","YR2020","BFA","EN.GHG.CO2.LU.DF.MT.CE.AR5",0,12.0502
"9404","YR2020","BFA","EN.GHG.CO2.LU.OL.MT.CE.AR5",0,-2.0076
"9405","YR2021","BFA","EN.GHG.CO2.LU.MT.CE.AR5",0,40.139
"9406","YR2021","BFA","EN.GHG.CO2.LU.FL.MT.CE.AR5",0,30.1346
"9407","YR2021","BFA","EN.GHG.CO2.LU.DF.MT.CE.AR5",0,12.0502
"9408","YR2021","BFA","EN.GHG.CO2.LU.OL.MT.CE.AR5",0,-2.0076
"9409","YR2022","BFA","EN.GHG.CO2.LU.MT.CE.AR5",0,40.139
"9410","YR2022","BFA","EN.GHG.CO2.LU.FL.MT.CE.AR5",0,30.1346
"9411","YR2022","BFA","EN.GHG.CO2.LU.DF.MT.CE.AR5",0,12.0502
"9412","YR2022","BFA","EN.GHG.CO2.LU.OL.MT.CE.AR5",0,-2.0076
"9413","YR2023","BFA","EN.GHG.CO2.LU.MT.CE.AR5",0,40.139
"9414","YR2023","BFA","EN.GHG.CO2.LU.FL.MT.CE.AR5",0,30.1346
"9415","YR2023","BFA","EN.GHG.CO2.LU.DF.MT.CE.AR5",0,12.0502
"9416","YR2023","BFA","EN.GHG.CO2.LU.OL.MT.CE.AR5",0,-2.0076
"9417","YR2000","BDI","EN.GHG.CO2.LU.MT.CE.AR5",0,-1.406
"9418","YR2000","BDI","EN.GHG.CO2.LU.FL.MT.CE.AR5",0,-1.2856
"9419","YR2000","BDI","EN.GHG.CO2.LU.DF.MT.CE.AR5",0,0.0061
"9420","YR2001","BDI","EN.GHG.CO2.LU.MT.CE.AR5",0,-1.406
"9421","YR2001","BDI","EN.GHG.CO2.LU.FL.MT.CE.AR5",0,-1.2856
"9422","YR2001","BDI","EN.GHG.CO2.LU.DF.MT.CE.AR5",0,0.0061
"9423","YR2002","BDI","EN.GHG.CO2.LU.MT.CE.AR5",0,-1.406
"9424","YR2002","BDI","EN.GHG.CO2.LU.FL.MT.CE.AR5",0,-1.2856
"9425","YR2002","BDI","EN.GHG.CO2.LU.DF.MT.CE.AR5",0,0.0061
"9426","YR2003","BDI","EN.GHG.CO2.LU.MT.CE.AR5",0,-1.406
"9427","YR2003","BDI","EN.GHG.CO2.LU.FL.MT.CE.AR5",0,-1.2856
"9428","YR2003","BDI","EN.GHG.CO2.LU.DF.MT.CE.AR5",0,0.0061
"9429","YR2004","BDI","EN.GHG.CO2.LU.MT.CE.AR5",0,-1.406
"9430","YR2004","BDI","EN.GHG.CO2.LU.FL.MT.CE.AR5",0,-1.2856
"9431","YR2004","BDI","EN.GHG.CO2.LU.DF.MT.CE.AR5",0,0.0061
"9432","YR2005","BDI","EN.GHG.CO2.LU.MT.CE.AR5",0,-1.406
"9433","YR2005","BDI","EN.GHG.CO2.LU.FL.MT.CE.AR5",0,-1.2856
"9434","YR2005","BDI","EN.GHG.CO2.LU.DF.MT.CE.AR5",0,0.0061
"9435","YR2006","BDI","EN.GHG.CO2.LU.MT.CE.AR5",0,-3.6238
"9436","YR2006","BDI","EN.GHG.CO2.LU.FL.MT.CE.AR5",0,-3.5147
"9437","YR2006","BDI","EN.GHG.CO2.LU.DF.MT.CE.AR5",0,0.0122
"9438","YR2007","BDI","EN.GHG.CO2.LU.MT.CE.AR5",0,-5.9228
"9439","YR2007","BDI","EN.GHG.CO2.LU.FL.MT.CE.AR5",0,-5.8124
"9440","YR2007","BDI","EN.GHG.CO2.LU.DF.MT.CE.AR5",0,0.0094
"9441","YR2008","BDI","EN.GHG.CO2.LU.MT.CE.AR5",0,-7.9805
"9442","YR2008","BDI","EN.GHG.CO2.LU.FL.MT.CE.AR5",0,-7.8783
"9443","YR2008","BDI","EN.GHG.CO2.LU.DF.MT.CE.AR5",0,0.0154
"9444","YR2009","BDI","EN.GHG.CO2.LU.MT.CE.AR5",0,-9.588
"9445","YR2009","BDI","EN.GHG.CO2.LU.FL.MT.CE.AR5",0,-9.4833
"9446","YR2009","BDI","EN.GHG.CO2.LU.DF.MT.CE.AR5",0,0.0142
"9447","YR2010","BDI","EN.GHG.CO2.LU.MT.CE.AR5",0,-10.1885
"9448","YR2010","BDI","EN.GHG.CO2.LU.FL.MT.CE.AR5",0,-10.0947
"9449","YR2010","BDI","EN.GHG.CO2.LU.DF.MT.CE.AR5",0,0.0164
"9450","YR2011","BDI","EN.GHG.CO2.LU.MT.CE.AR5",0,-10.878
"9451","YR2011","BDI","EN.GHG.CO2.LU.FL.MT.CE.AR5",0,-10.7764
"9452","YR2011","BDI","EN.GHG.CO2.LU.DF.MT.CE.AR5",0,0.01
"9453","YR2012","BDI","EN.GHG.CO2.LU.MT.CE.AR5",0,-11.53
"9454","YR2012","BDI","EN.GHG.CO2.LU.FL.MT.CE.AR5",0,-11.4447
"9455","YR2012","BDI","EN.GHG.CO2.LU.DF.MT.CE.AR5",0,0.0254
"9456","YR2013","BDI","EN.GHG.CO2.LU.MT.CE.AR5",0,-12.1374
"9457","YR2013","BDI","EN.GHG.CO2.LU.FL.MT.CE.AR5",0,-12.1225
"9458","YR2013","BDI","EN.GHG.CO2.LU.DF.MT.CE.AR5",0,0.0241
"9459","YR2014","BDI","EN.GHG.CO2.LU.MT.CE.AR5",0,-12.7981
"9460","YR2014","BDI","EN.GHG.CO2.LU.FL.MT.CE.AR5",0,-12.7969
"9461","YR2014","BDI","EN.GHG.CO2.LU.DF.MT.CE.AR5",0,0.0143
"9462","YR2015","BDI","EN.GHG.CO2.LU.MT.CE.AR5",0,-13.1934
"9463","YR2015","BDI","EN.GHG.CO2.LU.FL.MT.CE.AR5",0,-13.1843
"9464","YR2015","BDI","EN.GHG.CO2.LU.DF.MT.CE.AR5",0,0.005
"9465","YR2016","BDI","EN.GHG.CO2.LU.MT.CE.AR5",0,-13.9041
"9466","YR2016","BDI","EN.GHG.CO2.LU.FL.MT.CE.AR5",0,-13.9036
"9467","YR2016","BDI","EN.GHG.CO2.LU.DF.MT.CE.AR5",0,0.012
"9468","YR2017","BDI","EN.GHG.CO2.LU.MT.CE.AR5",0,-14.416
"9469","YR2017","BDI","EN.GHG.CO2.LU.FL.MT.CE.AR5",0,-14.4159
"9470","YR2017","BDI","EN.GHG.CO2.LU.DF.MT.CE.AR5",0,0.0165
"9471","YR2018","BDI","EN.GHG.CO2.LU.MT.CE.AR5",0,-14.9378
"9472","YR2018","BDI","EN.GHG.CO2.LU.FL.MT.CE.AR5",0,-14.9356
"9473","YR2018","BDI","EN.GHG.CO2.LU.DF.MT.CE.AR5",0,0.0148
"9474","YR2019","BDI","EN.GHG.CO2.LU.MT.CE.AR5",0,-15.4184
"9475","YR2019","BDI","EN.GHG.CO2.LU.FL.MT.CE.AR5",0,-15.4115
"9476","YR2019","BDI","EN.GHG.CO2.LU.DF.MT.CE.AR5",0,0.0101
"9477","YR2020","BDI","EN.GHG.CO2.LU.MT.CE.AR5",0,-15.4184
"9478","YR2020","BDI","EN.GHG.CO2.LU.FL.MT.CE.AR5",0,-15.4115
"9479","YR2020","BDI","EN.GHG.CO2.LU.DF.MT.CE.AR5",0,0.0101
"9480","YR2021","BDI","EN.GHG.CO2.LU.MT.CE.AR5",0,-15.4184
"9481","YR2021","BDI","EN.GHG.CO2.LU.FL.MT.CE.AR5",0,-15.4115
"9482","YR2021","BDI","EN.GHG.CO2.LU.DF.MT.CE.AR5",0,0.0101
"9483","YR2022","BDI","EN.GHG.CO2.LU.MT.CE.AR5",0,-15.4184
"9484","YR2022","BDI","EN.GHG.CO2.LU.FL.MT.CE.AR5",0,-15.4115
"9485","YR2022","BDI","EN.GHG.CO2.LU.DF.MT.CE.AR5",0,0.0101
"9486","YR2023","BDI","EN.GHG.CO2.LU.MT.CE.AR5",0,-15.4184
"9487","YR2023","BDI","EN.GHG.CO2.LU.FL.MT.CE.AR5",0,-15.4115
"9488","YR2023","BDI","EN.GHG.CO2.LU.DF.MT.CE.AR5",0,0.0101
"9489","YR2000","KHM","EN.GHG.CO2.LU.MT.CE.AR5",0,27.0029
"9490","YR2000","KHM","EN.GHG.CO2.LU.FL.MT.CE.AR5",0,-7.1091
"9491","YR2000","KHM","EN.GHG.CO2.LU.DF.MT.CE.AR5",0,34.1119
"9492","YR2001","KHM","EN.GHG.CO2.LU.MT.CE.AR5",0,27.0029
"9493","YR2001","KHM","EN.GHG.CO2.LU.FL.MT.CE.AR5",0,-7.1091
"9494","YR2001","KHM","EN.GHG.CO2.LU.DF.MT.CE.AR5",0,34.1119
"9495","YR2002","KHM","EN.GHG.CO2.LU.MT.CE.AR5",0,27.0029
"9496","YR2002","KHM","EN.GHG.CO2.LU.FL.MT.CE.AR5",0,-7.1091
"9497","YR2002","KHM","EN.GHG.CO2.LU.DF.MT.CE.AR5",0,34.1119
"9498","YR2003","KHM","EN.GHG.CO2.LU.MT.CE.AR5",0,27.0029
"9499","YR2003","KHM","EN.GHG.CO2.LU.FL.MT.CE.AR5",0,-7.1091
"9500","YR2003","KHM","EN.GHG.CO2.LU.DF.MT.CE.AR5",0,34.1119
"9501","YR2004","KHM","EN.GHG.CO2.LU.MT.CE.AR5",0,27.0029
"9502","YR2004","KHM","EN.GHG.CO2.LU.FL.MT.CE.AR5",0,-7.1091
"9503","YR2004","KHM","EN.GHG.CO2.LU.DF.MT.CE.AR5",0,34.1119
"9504","YR2005","KHM","EN.GHG.CO2.LU.MT.CE.AR5",0,27.0029
"9505","YR2005","KHM","EN.GHG.CO2.LU.FL.MT.CE.AR5",0,-7.1091
"9506","YR2005","KHM","EN.GHG.CO2.LU.DF.MT.CE.AR5",0,34.1119
"9507","YR2006","KHM","EN.GHG.CO2.LU.MT.CE.AR5",0,27.0029
"9508","YR2006","KHM","EN.GHG.CO2.LU.FL.MT.CE.AR5",0,-7.1091
"9509","YR2006","KHM","EN.GHG.CO2.LU.DF.MT.CE.AR5",0,34.1119
"9510","YR2007","KHM","EN.GHG.CO2.LU.MT.CE.AR5",0,27.0029
"9511","YR2007","KHM","EN.GHG.CO2.LU.FL.MT.CE.AR5",0,-7.1091
"9512","YR2007","KHM","EN.GHG.CO2.LU.DF.MT.CE.AR5",0,34.1119
"9513","YR2008","KHM","EN.GHG.CO2.LU.MT.CE.AR5",0,27.0029
"9514","YR2008","KHM","EN.GHG.CO2.LU.FL.MT.CE.AR5",0,-7.1091
"9515","YR2008","KHM","EN.GHG.CO2.LU.DF.MT.CE.AR5",0,34.1119
"9516","YR2009","KHM","EN.GHG.CO2.LU.MT.CE.AR5",0,27.0029
"9517","YR2009","KHM","EN.GHG.CO2.LU.FL.MT.CE.AR5",0,-7.1091
"9518","YR2009","KHM","EN.GHG.CO2.LU.DF.MT.CE.AR5",0,34.1119
"9519","YR2010","KHM","EN.GHG.CO2.LU.MT.CE.AR5",0,27.0029
"9520","YR2010","KHM","EN.GHG.CO2.LU.FL.MT.CE.AR5",0,-7.1091
"9521","YR2010","KHM","EN.GHG.CO2.LU.DF.MT.CE.AR5",0,34.1119
"9522","YR2011","KHM","EN.GHG.CO2.LU.MT.CE.AR5",0,130.905
"9523","YR2011","KHM","EN.GHG.CO2.LU.FL.MT.CE.AR5",0,-20.1388
"9524","YR2011","KHM","EN.GHG.CO2.LU.DF.MT.CE.AR5",0,151.0438
"9525","YR2012","KHM","EN.GHG.CO2.LU.MT.CE.AR5",0,130.905
"9526","YR2012","KHM","EN.GHG.CO2.LU.FL.MT.CE.AR5",0,-20.1388
"9527","YR2012","KHM","EN.GHG.CO2.LU.DF.MT.CE.AR5",0,151.0438
"9528","YR2013","KHM","EN.GHG.CO2.LU.MT.CE.AR5",0,130.905
"9529","YR2013","KHM","EN.GHG.CO2.LU.FL.MT.CE.AR5",0,-20.1388
"9530","YR2013","KHM","EN.GHG.CO2.LU.DF.MT.CE.AR5",0,151.0438
"9531","YR2014","KHM","EN.GHG.CO2.LU.MT.CE.AR5",0,130.905
"9532","YR2014","KHM","EN.GHG.CO2.LU.FL.MT.CE.AR5",0,-20.1388
"9533","YR2014","KHM","EN.GHG.CO2.LU.DF.MT.CE.AR5",0,151.0438
"9534","YR2015","KHM","EN.GHG.CO2.LU.MT.CE.AR5",0,41.1119
"9535","YR2015","KHM","EN.GHG.CO2.LU.FL.MT.CE.AR5",0,-2.5961
"9536","YR2015","KHM","EN.GHG.CO2.LU.DF.MT.CE.AR5",0,43.708
"9537","YR2016","KHM","EN.GHG.CO2.LU.MT.CE.AR5",0,41.1119
"9538","YR2016","KHM","EN.GHG.CO2.LU.FL.MT.CE.AR5",0,-2.5961
"9539","YR2016","KHM","EN.GHG.CO2.LU.DF.MT.CE.AR5",0,43.708
"9540","YR2017","KHM","EN.GHG.CO2.LU.MT.CE.AR5",0,30.5016
"9541","YR2017","KHM","EN.GHG.CO2.LU.FL.MT.CE.AR5",0,-2.1152
"9542","YR2017","KHM","EN.GHG.CO2.LU.DF.MT.CE.AR5",0,32.6168
"9543","YR2018","KHM","EN.GHG.CO2.LU.MT.CE.AR5",0,30.5016
"9544","YR2018","KHM","EN.GHG.CO2.LU.FL.MT.CE.AR5",0,-2.1152
"9545","YR2018","KHM","EN.GHG.CO2.LU.DF.MT.CE.AR5",0,32.6168
"9546","YR2019","KHM","EN.GHG.CO2.LU.MT.CE.AR5",0,30.5016
"9547","YR2019","KHM","EN.GHG.CO2.LU.FL.MT.CE.AR5",0,-2.1152
"9548","YR2019","KHM","EN.GHG.CO2.LU.DF.MT.CE.AR5",0,32.6168
"9549","YR2020","KHM","EN.GHG.CO2.LU.MT.CE.AR5",0,30.5016
"9550","YR2020","KHM","EN.GHG.CO2.LU.FL.MT.CE.AR5",0,-2.1152
"9551","YR2020","KHM","EN.GHG.CO2.LU.DF.MT.CE.AR5",0,32.6168
"9552","YR2021","KHM","EN.GHG.CO2.LU.MT.CE.AR5",0,30.5016
"9553","YR2021","KHM","EN.GHG.CO2.LU.FL.MT.CE.AR5",0,-2.1152
"9554","YR2021","KHM","EN.GHG.CO2.LU.DF.MT.CE.AR5",0,32.6168
"9555","YR2022","KHM","EN.GHG.CO2.LU.MT.CE.AR5",0,30.5016
"9556","YR2022","KHM","EN.GHG.CO2.LU.FL.MT.CE.AR5",0,-2.1152
"9557","YR2022","KHM","EN.GHG.CO2.LU.DF.MT.CE.AR5",0,32.6168
"9558","YR2023","KHM","EN.GHG.CO2.LU.MT.CE.AR5",0,30.5016
"9559","YR2023","KHM","EN.GHG.CO2.LU.FL.MT.CE.AR5",0,-2.1152
"9560","YR2023","KHM","EN.GHG.CO2.LU.DF.MT.CE.AR5",0,32.6168
"9561","YR2000","CMR","EN.GHG.CO2.LU.MT.CE.AR5",0,-76.602
"9562","YR2000","CMR","EN.GHG.CO2.LU.FL.MT.CE.AR5",0,-86.909
"9563","YR2000","CMR","EN.GHG.CO2.LU.DF.MT.CE.AR5",0,10.307
"9564","YR2001","CMR","EN.GHG.CO2.LU.MT.CE.AR5",0,-76.602
"9565","YR2001","CMR","EN.GHG.CO2.LU.FL.MT.CE.AR5",0,-86.909
"9566","YR2001","CMR","EN.GHG.CO2.LU.DF.MT.CE.AR5",0,10.307
"9567","YR2002","CMR","EN.GHG.CO2.LU.MT.CE.AR5",0,-76.602
"9568","YR2002","CMR","EN.GHG.CO2.LU.FL.MT.CE.AR5",0,-86.909
"9569","YR2002","CMR","EN.GHG.CO2.LU.DF.MT.CE.AR5",0,10.307
"9570","YR2003","CMR","EN.GHG.CO2.LU.MT.CE.AR5",0,-76.602
"9571","YR2003","CMR","EN.GHG.CO2.LU.FL.MT.CE.AR5",0,-86.909
"9572","YR2003","CMR","EN.GHG.CO2.LU.DF.MT.CE.AR5",0,10.307
"9573","YR2004","CMR","EN.GHG.CO2.LU.MT.CE.AR5",0,-76.602
"9574","YR2004","CMR","EN.GHG.CO2.LU.FL.MT.CE.AR5",0,-86.909
"9575","YR2004","CMR","EN.GHG.CO2.LU.DF.MT.CE.AR5",0,10.307
"9576","YR2005","CMR","EN.GHG.CO2.LU.MT.CE.AR5",0,-76.602
"9577","YR2005","CMR","EN.GHG.CO2.LU.FL.MT.CE.AR5",0,-86.909
"9578","YR2005","CMR","EN.GHG.CO2.LU.DF.MT.CE.AR5",0,10.307
"9579","YR2006","CMR","EN.GHG.CO2.LU.MT.CE.AR5",0,-76.602
"9580","YR2006","CMR","EN.GHG.CO2.LU.FL.MT.CE.AR5",0,-86.909
"9581","YR2006","CMR","EN.GHG.CO2.LU.DF.MT.CE.AR5",0,10.307
"9582","YR2007","CMR","EN.GHG.CO2.LU.MT.CE.AR5",0,-76.602
"9583","YR2007","CMR","EN.GHG.CO2.LU.FL.MT.CE.AR5",0,-86.909
"9584","YR2007","CMR","EN.GHG.CO2.LU.DF.MT.CE.AR5",0,10.307
"9585","YR2008","CMR","EN.GHG.CO2.LU.MT.CE.AR5",0,-76.602
"9586","YR2008","CMR","EN.GHG.CO2.LU.FL.MT.CE.AR5",0,-86.909
"9587","YR2008","CMR","EN.GHG.CO2.LU.DF.MT.CE.AR5",0,10.307
"9588","YR2009","CMR","EN.GHG.CO2.LU.MT.CE.AR5",0,-76.602
"9589","YR2009","CMR","EN.GHG.CO2.LU.FL.MT.CE.AR5",0,-86.909
"9590","YR2009","CMR","EN.GHG.CO2.LU.DF.MT.CE.AR5",0,10.307
"9591","YR2010","CMR","EN.GHG.CO2.LU.MT.CE.AR5",0,-76.602
"9592","YR2010","CMR","EN.GHG.CO2.LU.FL.MT.CE.AR5",0,-86.909
"9593","YR2010","CMR","EN.GHG.CO2.LU.DF.MT.CE.AR5",0,10.307
"9594","YR2011","CMR","EN.GHG.CO2.LU.MT.CE.AR5",0,-76.602
"9595","YR2011","CMR","EN.GHG.CO2.LU.FL.MT.CE.AR5",0,-86.909
"9596","YR2011","CMR","EN.GHG.CO2.LU.DF.MT.CE.AR5",0,10.307
"9597","YR2012","CMR","EN.GHG.CO2.LU.MT.CE.AR5",0,-76.602
"9598","YR2012","CMR","EN.GHG.CO2.LU.FL.MT.CE.AR5",0,-86.909
"9599","YR2012","CMR","EN.GHG.CO2.LU.DF.MT.CE.AR5",0,10.307
"9600","YR2013","CMR","EN.GHG.CO2.LU.MT.CE.AR5",0,-76.602
"9601","YR2013","CMR","EN.GHG.CO2.LU.FL.MT.CE.AR5",0,-86.909
"9602","YR2013","CMR","EN.GHG.CO2.LU.DF.MT.CE.AR5",0,10.307
"9603","YR2014","CMR","EN.GHG.CO2.LU.MT.CE.AR5",0,-76.602
"9604","YR2014","CMR","EN.GHG.CO2.LU.FL.MT.CE.AR5",0,-86.909
"9605","YR2014","CMR","EN.GHG.CO2.LU.DF.MT.CE.AR5",0,10.307
"9606","YR2015","CMR","EN.GHG.CO2.LU.MT.CE.AR5",0,-76.602
"9607","YR2015","CMR","EN.GHG.CO2.LU.FL.MT.CE.AR5",0,-86.909
"9608","YR2015","CMR","EN.GHG.CO2.LU.DF.MT.CE.AR5",0,10.307
"9609","YR2016","CMR","EN.GHG.CO2.LU.MT.CE.AR5",0,-76.602
"9610","YR2016","CMR","EN.GHG.CO2.LU.FL.MT.CE.AR5",0,-86.909
"9611","YR2016","CMR","EN.GHG.CO2.LU.DF.MT.CE.AR5",0,10.307
"9612","YR2017","CMR","EN.GHG.CO2.LU.MT.CE.AR5",0,-76.602
"9613","YR2017","CMR","EN.GHG.CO2.LU.FL.MT.CE.AR5",0,-86.909
"9614","YR2017","CMR","EN.GHG.CO2.LU.DF.MT.CE.AR5",0,10.307
"9615","YR2018","CMR","EN.GHG.CO2.LU.MT.CE.AR5",0,-76.602
"9616","YR2018","CMR","EN.GHG.CO2.LU.FL.MT.CE.AR5",0,-86.909
"9617","YR2018","CMR","EN.GHG.CO2.LU.DF.MT.CE.AR5",0,10.307
"9618","YR2019","CMR","EN.GHG.CO2.LU.MT.CE.AR5",0,-76.602
"9619","YR2019","CMR","EN.GHG.CO2.LU.FL.MT.CE.AR5",0,-86.909
"9620","YR2019","CMR","EN.GHG.CO2.LU.DF.MT.CE.AR5",0,10.307
"9621","YR2020","CMR","EN.GHG.CO2.LU.MT.CE.AR5",0,-76.602
"9622","YR2020","CMR","EN.GHG.CO2.LU.FL.MT.CE.AR5",0,-86.909
"9623","YR2020","CMR","EN.GHG.CO2.LU.DF.MT.CE.AR5",0,10.307
"9624","YR2021","CMR","EN.GHG.CO2.LU.MT.CE.AR5",0,-76.602
"9625","YR2021","CMR","EN.GHG.CO2.LU.FL.MT.CE.AR5",0,-86.909
"9626","YR2021","CMR","EN.GHG.CO2.LU.DF.MT.CE.AR5",0,10.307
"9627","YR2022","CMR","EN.GHG.CO2.LU.MT.CE.AR5",0,-76.602
"9628","YR2022","CMR","EN.GHG.CO2.LU.FL.MT.CE.AR5",0,-86.909
"9629","YR2022","CMR","EN.GHG.CO2.LU.DF.MT.CE.AR5",0,10.307
"9630","YR2023","CMR","EN.GHG.CO2.LU.MT.CE.AR5",0,-76.602
"9631","YR2023","CMR","EN.GHG.CO2.LU.FL.MT.CE.AR5",0,-86.909
"9632","YR2023","CMR","EN.GHG.CO2.LU.DF.MT.CE.AR5",0,10.307
"9633","YR2000","CPV","EN.GHG.CO2.LU.MT.CE.AR5",0,-0.0253
"9634","YR2000","CPV","EN.GHG.CO2.LU.FL.MT.CE.AR5",0,-0.0493
"9635","YR2000","CPV","EN.GHG.CO2.LU.DF.MT.CE.AR5",0,0.024
"9636","YR2000","CPV","EN.GHG.CO2.LU.OL.MT.CE.AR5",0,0
"9637","YR2001","CPV","EN.GHG.CO2.LU.MT.CE.AR5",0,-0.029
"9638","YR2001","CPV","EN.GHG.CO2.LU.FL.MT.CE.AR5",0,-0.0564
"9639","YR2001","CPV","EN.GHG.CO2.LU.DF.MT.CE.AR5",0,0.0274
"9640","YR2001","CPV","EN.GHG.CO2.LU.OL.MT.CE.AR5",0,0
"9641","YR2002","CPV","EN.GHG.CO2.LU.MT.CE.AR5",0,-0.0327
"9642","YR2002","CPV","EN.GHG.CO2.LU.FL.MT.CE.AR5",0,-0.0635
"9643","YR2002","CPV","EN.GHG.CO2.LU.DF.MT.CE.AR5",0,0.0309
"9644","YR2002","CPV","EN.GHG.CO2.LU.OL.MT.CE.AR5",0,0
"9645","YR2003","CPV","EN.GHG.CO2.LU.MT.CE.AR5",0,-0.0363
"9646","YR2003","CPV","EN.GHG.CO2.LU.FL.MT.CE.AR5",0,-0.0707
"9647","YR2003","CPV","EN.GHG.CO2.LU.DF.MT.CE.AR5",0,0.0343
"9648","YR2003","CPV","EN.GHG.CO2.LU.OL.MT.CE.AR5",0,0
"9649","YR2004","CPV","EN.GHG.CO2.LU.MT.CE.AR5",0,-0.04
"9650","YR2004","CPV","EN.GHG.CO2.LU.FL.MT.CE.AR5",0,-0.0778
"9651","YR2004","CPV","EN.GHG.CO2.LU.DF.MT.CE.AR5",0,0.0378
"9652","YR2004","CPV","EN.GHG.CO2.LU.OL.MT.CE.AR5",0,0
"9653","YR2005","CPV","EN.GHG.CO2.LU.MT.CE.AR5",0,-0.0436
"9654","YR2005","CPV","EN.GHG.CO2.LU.FL.MT.CE.AR5",0,-0.0849
"9655","YR2005","CPV","EN.GHG.CO2.LU.DF.MT.CE.AR5",0,0.0413
"9656","YR2005","CPV","EN.GHG.CO2.LU.OL.MT.CE.AR5",0,0
"9657","YR2006","CPV","EN.GHG.CO2.LU.MT.CE.AR5",0,-0.0465
"9658","YR2006","CPV","EN.GHG.CO2.LU.FL.MT.CE.AR5",0,-0.0905
"9659","YR2006","CPV","EN.GHG.CO2.LU.DF.MT.CE.AR5",0,0.044
"9660","YR2006","CPV","EN.GHG.CO2.LU.OL.MT.CE.AR5",0,0
"9661","YR2007","CPV","EN.GHG.CO2.LU.MT.CE.AR5",0,-0.0494
"9662","YR2007","CPV","EN.GHG.CO2.LU.FL.MT.CE.AR5",0,-0.0961
"9663","YR2007","CPV","EN.GHG.CO2.LU.DF.MT.CE.AR5",0,0.0467
"9664","YR2007","CPV","EN.GHG.CO2.LU.OL.MT.CE.AR5",0,0
"9665","YR2008","CPV","EN.GHG.CO2.LU.MT.CE.AR5",0,-0.0523
"9666","YR2008","CPV","EN.GHG.CO2.LU.FL.MT.CE.AR5",0,-0.1017
"9667","YR2008","CPV","EN.GHG.CO2.LU.DF.MT.CE.AR5",0,0.0494
"9668","YR2008","CPV","EN.GHG.CO2.LU.OL.MT.CE.AR5",0,0
"9669","YR2009","CPV","EN.GHG.CO2.LU.MT.CE.AR5",0,-0.0551
"9670","YR2009","CPV","EN.GHG.CO2.LU.FL.MT.CE.AR5",0,-0.1073
"9671","YR2009","CPV","EN.GHG.CO2.LU.DF.MT.CE.AR5",0,0.0522
"9672","YR2009","CPV","EN.GHG.CO2.LU.OL.MT.CE.AR5",0,0
"9673","YR2010","CPV","EN.GHG.CO2.LU.MT.CE.AR5",0,-0.058
"9674","YR2010","CPV","EN.GHG.CO2.LU.FL.MT.CE.AR5",0,-0.1129
"9675","YR2010","CPV","EN.GHG.CO2.LU.DF.MT.CE.AR5",0,0.0549
"9676","YR2010","CPV","EN.GHG.CO2.LU.OL.MT.CE.AR5",0,0
"9677","YR2011","CPV","EN.GHG.CO2.LU.MT.CE.AR5",0,-0.0525
"9678","YR2011","CPV","EN.GHG.CO2.LU.FL.MT.CE.AR5",0,-0.1021
"9679","YR2011","CPV","EN.GHG.CO2.LU.DF.MT.CE.AR5",0,0.0496
"9680","YR2011","CPV","EN.GHG.CO2.LU.OL.MT.CE.AR5",0,0
"9681","YR2012","CPV","EN.GHG.CO2.LU.MT.CE.AR5",0,-0.047
"9682","YR2012","CPV","EN.GHG.CO2.LU.FL.MT.CE.AR5",0,-0.0914
"9683","YR2012","CPV","EN.GHG.CO2.LU.DF.MT.CE.AR5",0,0.0444
"9684","YR2012","CPV","EN.GHG.CO2.LU.OL.MT.CE.AR5",0,0
"9685","YR2013","CPV","EN.GHG.CO2.LU.MT.CE.AR5",0,-0.0414
"9686","YR2013","CPV","EN.GHG.CO2.LU.FL.MT.CE.AR5",0,-0.0806
"9687","YR2013","CPV","EN.GHG.CO2.LU.DF.MT.CE.AR5",0,0.0392
"9688","YR2013","CPV","EN.GHG.CO2.LU.OL.MT.CE.AR5",0,0
"9689","YR2014","CPV","EN.GHG.CO2.LU.MT.CE.AR5",0,-0.0359
"9690","YR2014","CPV","EN.GHG.CO2.LU.FL.MT.CE.AR5",0,-0.0699
"9691","YR2014","CPV","EN.GHG.CO2.LU.DF.MT.CE.AR5",0,0.034
"9692","YR2014","CPV","EN.GHG.CO2.LU.OL.MT.CE.AR5",0,0
"9693","YR2015","CPV","EN.GHG.CO2.LU.MT.CE.AR5",0,-0.0304
"9694","YR2015","CPV","EN.GHG.CO2.LU.FL.MT.CE.AR5",0,-0.0591
"9695","YR2015","CPV","EN.GHG.CO2.LU.DF.MT.CE.AR5",0,0.0287
"9696","YR2015","CPV","EN.GHG.CO2.LU.OL.MT.CE.AR5",0,0
"9697","YR2016","CPV","EN.GHG.CO2.LU.MT.CE.AR5",0,-0.0375
"9698","YR2016","CPV","EN.GHG.CO2.LU.FL.MT.CE.AR5",0,-0.073
"9699","YR2016","CPV","EN.GHG.CO2.LU.DF.MT.CE.AR5",0,0.0355
"9700","YR2016","CPV","EN.GHG.CO2.LU.OL.MT.CE.AR5",0,0
"9701","YR2017","CPV","EN.GHG.CO2.LU.MT.CE.AR5",0,-0.0447
"9702","YR2017","CPV","EN.GHG.CO2.LU.FL.MT.CE.AR5",0,-0.0869
"9703","YR2017","CPV","EN.GHG.CO2.LU.DF.MT.CE.AR5",0,0.0423
"9704","YR2017","CPV","EN.GHG.CO2.LU.OL.MT.CE.AR5",0,0
"9705","YR2018","CPV","EN.GHG.CO2.LU.MT.CE.AR5",0,-0.0518
"9706","YR2018","CPV","EN.GHG.CO2.LU.FL.MT.CE.AR5",0,-0.1008
"9707","YR2018","CPV","EN.GHG.CO2.LU.DF.MT.CE.AR5",0,0.049
"9708","YR2018","CPV","EN.GHG.CO2.LU.OL.MT.CE.AR5",0,0
"9709","YR2019","CPV","EN.GHG.CO2.LU.MT.CE.AR5",0,-0.059
"9710","YR2019","CPV","EN.GHG.CO2.LU.FL.MT.CE.AR5",0,-0.1148
"9711","YR2019","CPV","EN.GHG.CO2.LU.DF.MT.CE.AR5",0,0.0558
"9712","YR2019","CPV","EN.GHG.CO2.LU.OL.MT.CE.AR5",0,0
"9713","YR2020","CPV","EN.GHG.CO2.LU.MT.CE.AR5",0,-0.059
"9714","YR2020","CPV","EN.GHG.CO2.LU.FL.MT.CE.AR5",0,-0.1148
"9715","YR2020","CPV","EN.GHG.CO2.LU.DF.MT.CE.AR5",0,0.0558
"9716","YR2020","CPV","EN.GHG.CO2.LU.OL.MT.CE.AR5",0,0
"9717","YR2021","CPV","EN.GHG.CO2.LU.MT.CE.AR5",0,-0.059
"9718","YR2021","CPV","EN.GHG.CO2.LU.FL.MT.CE.AR5",0,-0.1148
"9719","YR2021","CPV","EN.GHG.CO2.LU.DF.MT.CE.AR5",0,0.0558
"9720","YR2021","CPV","EN.GHG.CO2.LU.OL.MT.CE.AR5",0,0
"9721","YR2022","CPV","EN.GHG.CO2.LU.MT.CE.AR5",0,-0.059
"9722","YR2022","CPV","EN.GHG.CO2.LU.FL.MT.CE.AR5",0,-0.1148
"9723","YR2022","CPV","EN.GHG.CO2.LU.DF.MT.CE.AR5",0,0.0558
"9724","YR2022","CPV","EN.GHG.CO2.LU.OL.MT.CE.AR5",0,0
"9725","YR2023","CPV","EN.GHG.CO2.LU.MT.CE.AR5",0,-0.059
"9726","YR2023","CPV","EN.GHG.CO2.LU.FL.MT.CE.AR5",0,-0.1148
"9727","YR2023","CPV","EN.GHG.CO2.LU.DF.MT.CE.AR5",0,0.0558
"9728","YR2023","CPV","EN.GHG.CO2.LU.OL.MT.CE.AR5",0,0
"9729","YR2000","CAF","EN.GHG.CO2.LU.MT.CE.AR5",0,-168.9885
"9730","YR2000","CAF","EN.GHG.CO2.LU.FL.MT.CE.AR5",0,-175.812
"9731","YR2000","CAF","EN.GHG.CO2.LU.DF.MT.CE.AR5",0,6.8235
"9732","YR2000","CAF","EN.GHG.CO2.LU.OL.MT.CE.AR5",0,0
"9733","YR2001","CAF","EN.GHG.CO2.LU.MT.CE.AR5",0,-168.9885
"9734","YR2001","CAF","EN.GHG.CO2.LU.FL.MT.CE.AR5",0,-175.812
"9735","YR2001","CAF","EN.GHG.CO2.LU.DF.MT.CE.AR5",0,6.8235
"9736","YR2001","CAF","EN.GHG.CO2.LU.OL.MT.CE.AR5",0,0
"9737","YR2002","CAF","EN.GHG.CO2.LU.MT.CE.AR5",0,-168.9885
"9738","YR2002","CAF","EN.GHG.CO2.LU.FL.MT.CE.AR5",0,-175.812
"9739","YR2002","CAF","EN.GHG.CO2.LU.DF.MT.CE.AR5",0,6.8235
"9740","YR2002","CAF","EN.GHG.CO2.LU.OL.MT.CE.AR5",0,0
"9741","YR2003","CAF","EN.GHG.CO2.LU.MT.CE.AR5",0,-168.9885
"9742","YR2003","CAF","EN.GHG.CO2.LU.FL.MT.CE.AR5",0,-175.812
"9743","YR2003","CAF","EN.GHG.CO2.LU.DF.MT.CE.AR5",0,6.8235
"9744","YR2003","CAF","EN.GHG.CO2.LU.OL.MT.CE.AR5",0,0
"9745","YR2004","CAF","EN.GHG.CO2.LU.MT.CE.AR5",0,-168.9885
"9746","YR2004","CAF","EN.GHG.CO2.LU.FL.MT.CE.AR5",0,-175.812
"9747","YR2004","CAF","EN.GHG.CO2.LU.DF.MT.CE.AR5",0,6.8235
"9748","YR2004","CAF","EN.GHG.CO2.LU.OL.MT.CE.AR5",0,0
"9749","YR2005","CAF","EN.GHG.CO2.LU.MT.CE.AR5",0,-168.9885
"9750","YR2005","CAF","EN.GHG.CO2.LU.FL.MT.CE.AR5",0,-175.812
"9751","YR2005","CAF","EN.GHG.CO2.LU.DF.MT.CE.AR5",0,6.8235
"9752","YR2005","CAF","EN.GHG.CO2.LU.OL.MT.CE.AR5",0,0
"9753","YR2006","CAF","EN.GHG.CO2.LU.MT.CE.AR5",0,-168.9885
"9754","YR2006","CAF","EN.GHG.CO2.LU.FL.MT.CE.AR5",0,-175.812
"9755","YR2006","CAF","EN.GHG.CO2.LU.DF.MT.CE.AR5",0,6.8235
"9756","YR2006","CAF","EN.GHG.CO2.LU.OL.MT.CE.AR5",0,0
"9757","YR2007","CAF","EN.GHG.CO2.LU.MT.CE.AR5",0,-168.9885
"9758","YR2007","CAF","EN.GHG.CO2.LU.FL.MT.CE.AR5",0,-175.812
"9759","YR2007","CAF","EN.GHG.CO2.LU.DF.MT.CE.AR5",0,6.8235
"9760","YR2007","CAF","EN.GHG.CO2.LU.OL.MT.CE.AR5",0,0
"9761","YR2008","CAF","EN.GHG.CO2.LU.MT.CE.AR5",0,-168.9885
"9762","YR2008","CAF","EN.GHG.CO2.LU.FL.MT.CE.AR5",0,-175.812
"9763","YR2008","CAF","EN.GHG.CO2.LU.DF.MT.CE.AR5",0,6.8235
"9764","YR2008","CAF","EN.GHG.CO2.LU.OL.MT.CE.AR5",0,0
"9765","YR2009","CAF","EN.GHG.CO2.LU.MT.CE.AR5",0,-168.9885
"9766","YR2009","CAF","EN.GHG.CO2.LU.FL.MT.CE.AR5",0,-175.812
"9767","YR2009","CAF","EN.GHG.CO2.LU.DF.MT.CE.AR5",0,6.8235
"9768","YR2009","CAF","EN.GHG.CO2.LU.OL.MT.CE.AR5",0,0
"9769","YR2010","CAF","EN.GHG.CO2.LU.MT.CE.AR5",0,-168.9885
"9770","YR2010","CAF","EN.GHG.CO2.LU.FL.MT.CE.AR5",0,-175.812
"9771","YR2010","CAF","EN.GHG.CO2.LU.DF.MT.CE.AR5",0,6.8235
"9772","YR2010","CAF","EN.GHG.CO2.LU.OL.MT.CE.AR5",0,0
"9773","YR2011","CAF","EN.GHG.CO2.LU.MT.CE.AR5",0,-165.943
"9774","YR2011","CAF","EN.GHG.CO2.LU.FL.MT.CE.AR5",0,-172.6015
"9775","YR2011","CAF","EN.GHG.CO2.LU.DF.MT.CE.AR5",0,6.6586
"9776","YR2011","CAF","EN.GHG.CO2.LU.OL.MT.CE.AR5",0,0
"9777","YR2012","CAF","EN.GHG.CO2.LU.MT.CE.AR5",0,-165.6365
"9778","YR2012","CAF","EN.GHG.CO2.LU.FL.MT.CE.AR5",0,-172.4539
"9779","YR2012","CAF","EN.GHG.CO2.LU.DF.MT.CE.AR5",0,6.8174
"9780","YR2012","CAF","EN.GHG.CO2.LU.OL.MT.CE.AR5",0,0
"9781","YR2013","CAF","EN.GHG.CO2.LU.MT.CE.AR5",0,-169.4507
"9782","YR2013","CAF","EN.GHG.CO2.LU.FL.MT.CE.AR5",0,-174.3509
"9783","YR2013","CAF","EN.GHG.CO2.LU.DF.MT.CE.AR5",0,4.9002
"9784","YR2013","CAF","EN.GHG.CO2.LU.OL.MT.CE.AR5",0,0
"9785","YR2014","CAF","EN.GHG.CO2.LU.MT.CE.AR5",0,-171.3629
"9786","YR2014","CAF","EN.GHG.CO2.LU.FL.MT.CE.AR5",0,-176.6966
"9787","YR2014","CAF","EN.GHG.CO2.LU.DF.MT.CE.AR5",0,5.3337
"9788","YR2014","CAF","EN.GHG.CO2.LU.OL.MT.CE.AR5",0,0
"9789","YR2015","CAF","EN.GHG.CO2.LU.MT.CE.AR5",0,-168.8036
"9790","YR2015","CAF","EN.GHG.CO2.LU.FL.MT.CE.AR5",0,-174.1936
"9791","YR2015","CAF","EN.GHG.CO2.LU.DF.MT.CE.AR5",0,5.39
"9792","YR2015","CAF","EN.GHG.CO2.LU.OL.MT.CE.AR5",0,0
"9793","YR2016","CAF","EN.GHG.CO2.LU.MT.CE.AR5",0,-164.2648
"9794","YR2016","CAF","EN.GHG.CO2.LU.FL.MT.CE.AR5",0,-170.9571
"9795","YR2016","CAF","EN.GHG.CO2.LU.DF.MT.CE.AR5",0,6.6923
"9796","YR2016","CAF","EN.GHG.CO2.LU.OL.MT.CE.AR5",0,0
"9797","YR2017","CAF","EN.GHG.CO2.LU.MT.CE.AR5",0,-160.4245
"9798","YR2017","CAF","EN.GHG.CO2.LU.FL.MT.CE.AR5",0,-167.1463
"9799","YR2017","CAF","EN.GHG.CO2.LU.DF.MT.CE.AR5",0,6.7218
"9800","YR2017","CAF","EN.GHG.CO2.LU.OL.MT.CE.AR5",0,0
"9801","YR2018","CAF","EN.GHG.CO2.LU.MT.CE.AR5",0,-160.3721
"9802","YR2018","CAF","EN.GHG.CO2.LU.FL.MT.CE.AR5",0,-166.0054
"9803","YR2018","CAF","EN.GHG.CO2.LU.DF.MT.CE.AR5",0,5.6333
"9804","YR2018","CAF","EN.GHG.CO2.LU.OL.MT.CE.AR5",0,0
"9805","YR2019","CAF","EN.GHG.CO2.LU.MT.CE.AR5",0,-160.3721
"9806","YR2019","CAF","EN.GHG.CO2.LU.FL.MT.CE.AR5",0,-166.0054
"9807","YR2019","CAF","EN.GHG.CO2.LU.DF.MT.CE.AR5",0,5.6333
"9808","YR2019","CAF","EN.GHG.CO2.LU.OL.MT.CE.AR5",0,0
"9809","YR2020","CAF","EN.GHG.CO2.LU.MT.CE.AR5",0,-160.3721
"9810","YR2020","CAF","EN.GHG.CO2.LU.FL.MT.CE.AR5",0,-166.0054
"9811","YR2020","CAF","EN.GHG.CO2.LU.DF.MT.CE.AR5",0,5.6333
"9812","YR2020","CAF","EN.GHG.CO2.LU.OL.MT.CE.AR5",0,0
"9813","YR2021","CAF","EN.GHG.CO2.LU.MT.CE.AR5",0,-160.3721
"9814","YR2021","CAF","EN.GHG.CO2.LU.FL.MT.CE.AR5",0,-166.0054
"9815","YR2021","CAF","EN.GHG.CO2.LU.DF.MT.CE.AR5",0,5.6333
"9816","YR2021","CAF","EN.GHG.CO2.LU.OL.MT.CE.AR5",0,0
"9817","YR2022","CAF","EN.GHG.CO2.LU.MT.CE.AR5",0,-160.3721
"9818","YR2022","CAF","EN.GHG.CO2.LU.FL.MT.CE.AR5",0,-166.0054
"9819","YR2022","CAF","EN.GHG.CO2.LU.DF.MT.CE.AR5",0,5.6333
"9820","YR2022","CAF","EN.GHG.CO2.LU.OL.MT.CE.AR5",0,0
"9821","YR2023","CAF","EN.GHG.CO2.LU.MT.CE.AR5",0,-160.3721
"9822","YR2023","CAF","EN.GHG.CO2.LU.FL.MT.CE.AR5",0,-166.0054
"9823","YR2023","CAF","EN.GHG.CO2.LU.DF.MT.CE.AR5",0,5.6333
"9824","YR2023","CAF","EN.GHG.CO2.LU.OL.MT.CE.AR5",0,0
"9825","YR2000","TCD","EN.GHG.CO2.LU.MT.CE.AR5",0,-5.144
"9826","YR2000","TCD","EN.GHG.CO2.LU.FL.MT.CE.AR5",0,-5.144
"9827","YR2001","TCD","EN.GHG.CO2.LU.MT.CE.AR5",0,-5.144
"9828","YR2001","TCD","EN.GHG.CO2.LU.FL.MT.CE.AR5",0,-5.144
"9829","YR2002","TCD","EN.GHG.CO2.LU.MT.CE.AR5",0,-5.144
"9830","YR2002","TCD","EN.GHG.CO2.LU.FL.MT.CE.AR5",0,-5.144
"9831","YR2003","TCD","EN.GHG.CO2.LU.MT.CE.AR5",0,-5.144
"9832","YR2003","TCD","EN.GHG.CO2.LU.FL.MT.CE.AR5",0,-5.144
"9833","YR2004","TCD","EN.GHG.CO2.LU.MT.CE.AR5",0,-5.144
"9834","YR2004","TCD","EN.GHG.CO2.LU.FL.MT.CE.AR5",0,-5.144
"9835","YR2005","TCD","EN.GHG.CO2.LU.MT.CE.AR5",0,-5.144
"9836","YR2005","TCD","EN.GHG.CO2.LU.FL.MT.CE.AR5",0,-5.144
"9837","YR2006","TCD","EN.GHG.CO2.LU.MT.CE.AR5",0,-5.144
"9838","YR2006","TCD","EN.GHG.CO2.LU.FL.MT.CE.AR5",0,-5.144
"9839","YR2007","TCD","EN.GHG.CO2.LU.MT.CE.AR5",0,-5.144
"9840","YR2007","TCD","EN.GHG.CO2.LU.FL.MT.CE.AR5",0,-5.144
"9841","YR2008","TCD","EN.GHG.CO2.LU.MT.CE.AR5",0,-5.144
"9842","YR2008","TCD","EN.GHG.CO2.LU.FL.MT.CE.AR5",0,-5.144
"9843","YR2009","TCD","EN.GHG.CO2.LU.MT.CE.AR5",0,-5.144
"9844","YR2009","TCD","EN.GHG.CO2.LU.FL.MT.CE.AR5",0,-5.144
"9845","YR2010","TCD","EN.GHG.CO2.LU.MT.CE.AR5",0,-4.5811
"9846","YR2010","TCD","EN.GHG.CO2.LU.FL.MT.CE.AR5",0,-4.5811
"9847","YR2011","TCD","EN.GHG.CO2.LU.MT.CE.AR5",0,-4.0182
"9848","YR2011","TCD","EN.GHG.CO2.LU.FL.MT.CE.AR5",0,-4.0182
"9849","YR2012","TCD","EN.GHG.CO2.LU.MT.CE.AR5",0,-3.4554
"9850","YR2012","TCD","EN.GHG.CO2.LU.FL.MT.CE.AR5",0,-3.4554
"9851","YR2013","TCD","EN.GHG.CO2.LU.MT.CE.AR5",0,-2.8925
"9852","YR2013","TCD","EN.GHG.CO2.LU.FL.MT.CE.AR5",0,-2.8925
"9853","YR2014","TCD","EN.GHG.CO2.LU.MT.CE.AR5",0,-2.3296
"9854","YR2014","TCD","EN.GHG.CO2.LU.FL.MT.CE.AR5",0,-2.3296
"9855","YR2015","TCD","EN.GHG.CO2.LU.MT.CE.AR5",0,-1.7668
"9856","YR2015","TCD","EN.GHG.CO2.LU.FL.MT.CE.AR5",0,-1.7668
"9857","YR2016","TCD","EN.GHG.CO2.LU.MT.CE.AR5",0,-1.2039
"9858","YR2016","TCD","EN.GHG.CO2.LU.FL.MT.CE.AR5",0,-1.2039
"9859","YR2017","TCD","EN.GHG.CO2.LU.MT.CE.AR5",0,-0.641
"9860","YR2017","TCD","EN.GHG.CO2.LU.FL.MT.CE.AR5",0,-0.641
"9861","YR2018","TCD","EN.GHG.CO2.LU.MT.CE.AR5",0,-0.647
"9862","YR2018","TCD","EN.GHG.CO2.LU.FL.MT.CE.AR5",0,-0.647
"9863","YR2019","TCD","EN.GHG.CO2.LU.MT.CE.AR5",0,-0.654
"9864","YR2019","TCD","EN.GHG.CO2.LU.FL.MT.CE.AR5",0,-0.654
"9865","YR2020","TCD","EN.GHG.CO2.LU.MT.CE.AR5",0,-5.144
"9866","YR2020","TCD","EN.GHG.CO2.LU.FL.MT.CE.AR5",0,-5.144
"9867","YR2021","TCD","EN.GHG.CO2.LU.MT.CE.AR5",0,-5.144
"9868","YR2021","TCD","EN.GHG.CO2.LU.FL.MT.CE.AR5",0,-5.144
"9869","YR2022","TCD","EN.GHG.CO2.LU.MT.CE.AR5",0,-5.144
"9870","YR2022","TCD","EN.GHG.CO2.LU.FL.MT.CE.AR5",0,-5.144
"9871","YR2023","TCD","EN.GHG.CO2.LU.MT.CE.AR5",0,-5.144
"9872","YR2023","TCD","EN.GHG.CO2.LU.FL.MT.CE.AR5",0,-5.144
"9873","YR2000","COM","EN.GHG.CO2.LU.MT.CE.AR5",0,-2.36
"9874","YR2000","COM","EN.GHG.CO2.LU.FL.MT.CE.AR5",0,-2.36
"9875","YR2001","COM","EN.GHG.CO2.LU.MT.CE.AR5",0,-2.32
"9876","YR2001","COM","EN.GHG.CO2.LU.FL.MT.CE.AR5",0,-2.32
"9877","YR2002","COM","EN.GHG.CO2.LU.MT.CE.AR5",0,-2.28
"9878","YR2002","COM","EN.GHG.CO2.LU.FL.MT.CE.AR5",0,-2.28
"9879","YR2003","COM","EN.GHG.CO2.LU.MT.CE.AR5",0,-2.24
"9880","YR2003","COM","EN.GHG.CO2.LU.FL.MT.CE.AR5",0,-2.24
"9881","YR2004","COM","EN.GHG.CO2.LU.MT.CE.AR5",0,-2.2
"9882","YR2004","COM","EN.GHG.CO2.LU.FL.MT.CE.AR5",0,-2.2
"9883","YR2005","COM","EN.GHG.CO2.LU.MT.CE.AR5",0,-2.18
"9884","YR2005","COM","EN.GHG.CO2.LU.FL.MT.CE.AR5",0,-2.18
"9885","YR2006","COM","EN.GHG.CO2.LU.MT.CE.AR5",0,-2.16
"9886","YR2006","COM","EN.GHG.CO2.LU.FL.MT.CE.AR5",0,-2.16
"9887","YR2007","COM","EN.GHG.CO2.LU.MT.CE.AR5",0,-2.14
"9888","YR2007","COM","EN.GHG.CO2.LU.FL.MT.CE.AR5",0,-2.14
"9889","YR2008","COM","EN.GHG.CO2.LU.MT.CE.AR5",0,-2.12
"9890","YR2008","COM","EN.GHG.CO2.LU.FL.MT.CE.AR5",0,-2.12
"9891","YR2009","COM","EN.GHG.CO2.LU.MT.CE.AR5",0,-2.1
"9892","YR2009","COM","EN.GHG.CO2.LU.FL.MT.CE.AR5",0,-2.1
"9893","YR2010","COM","EN.GHG.CO2.LU.MT.CE.AR5",0,-2.06
"9894","YR2010","COM","EN.GHG.CO2.LU.FL.MT.CE.AR5",0,-2.06
"9895","YR2011","COM","EN.GHG.CO2.LU.MT.CE.AR5",0,-2.02
"9896","YR2011","COM","EN.GHG.CO2.LU.FL.MT.CE.AR5",0,-2.02
"9897","YR2012","COM","EN.GHG.CO2.LU.MT.CE.AR5",0,-1.98
"9898","YR2012","COM","EN.GHG.CO2.LU.FL.MT.CE.AR5",0,-1.98
"9899","YR2013","COM","EN.GHG.CO2.LU.MT.CE.AR5",0,-1.94
"9900","YR2013","COM","EN.GHG.CO2.LU.FL.MT.CE.AR5",0,-1.94
"9901","YR2014","COM","EN.GHG.CO2.LU.MT.CE.AR5",0,-1.9
"9902","YR2014","COM","EN.GHG.CO2.LU.FL.MT.CE.AR5",0,-1.9
"9903","YR2015","COM","EN.GHG.CO2.LU.MT.CE.AR5",0,-1.92
"9904","YR2015","COM","EN.GHG.CO2.LU.FL.MT.CE.AR5",0,-1.92
"9905","YR2016","COM","EN.GHG.CO2.LU.MT.CE.AR5",0,-1.94
"9906","YR2016","COM","EN.GHG.CO2.LU.FL.MT.CE.AR5",0,-1.94
"9907","YR2017","COM","EN.GHG.CO2.LU.MT.CE.AR5",0,-1.96
"9908","YR2017","COM","EN.GHG.CO2.LU.FL.MT.CE.AR5",0,-1.96
"9909","YR2018","COM","EN.GHG.CO2.LU.MT.CE.AR5",0,-1.98
"9910","YR2018","COM","EN.GHG.CO2.LU.FL.MT.CE.AR5",0,-1.98
"9911","YR2019","COM","EN.GHG.CO2.LU.MT.CE.AR5",0,-2
"9912","YR2019","COM","EN.GHG.CO2.LU.FL.MT.CE.AR5",0,-2
"9913","YR2020","COM","EN.GHG.CO2.LU.MT.CE.AR5",0,-2.3
"9914","YR2020","COM","EN.GHG.CO2.LU.FL.MT.CE.AR5",0,-2.3
"9915","YR2021","COM","EN.GHG.CO2.LU.MT.CE.AR5",0,-2.14
"9916","YR2021","COM","EN.GHG.CO2.LU.FL.MT.CE.AR5",0,-2.14
"9917","YR2022","COM","EN.GHG.CO2.LU.MT.CE.AR5",0,-2.14
"9918","YR2022","COM","EN.GHG.CO2.LU.FL.MT.CE.AR5",0,-2.14
"9919","YR2023","COM","EN.GHG.CO2.LU.MT.CE.AR5",0,-2.14
"9920","YR2023","COM","EN.GHG.CO2.LU.FL.MT.CE.AR5",0,-2.14
"9921","YR2000","COG","EN.GHG.CO2.LU.MT.CE.AR5",0,-14.8518
"9922","YR2000","COG","EN.GHG.CO2.LU.FL.MT.CE.AR5",0,-17.7988
"9923","YR2000","COG","EN.GHG.CO2.LU.DF.MT.CE.AR5",0,2.947
"9924","YR2001","COG","EN.GHG.CO2.LU.MT.CE.AR5",0,-15.3366
"9925","YR2001","COG","EN.GHG.CO2.LU.FL.MT.CE.AR5",0,-18.2836
"9926","YR2001","COG","EN.GHG.CO2.LU.DF.MT.CE.AR5",0,2.947
"9927","YR2002","COG","EN.GHG.CO2.LU.MT.CE.AR5",0,-15.8214
"9928","YR2002","COG","EN.GHG.CO2.LU.FL.MT.CE.AR5",0,-18.7684
"9929","YR2002","COG","EN.GHG.CO2.LU.DF.MT.CE.AR5",0,2.947
"9930","YR2003","COG","EN.GHG.CO2.LU.MT.CE.AR5",0,-16.3062
"9931","YR2003","COG","EN.GHG.CO2.LU.FL.MT.CE.AR5",0,-19.2532
"9932","YR2003","COG","EN.GHG.CO2.LU.DF.MT.CE.AR5",0,2.947
"9933","YR2004","COG","EN.GHG.CO2.LU.MT.CE.AR5",0,-16.791
"9934","YR2004","COG","EN.GHG.CO2.LU.FL.MT.CE.AR5",0,-19.738
"9935","YR2004","COG","EN.GHG.CO2.LU.DF.MT.CE.AR5",0,2.947
"9936","YR2005","COG","EN.GHG.CO2.LU.MT.CE.AR5",0,-17.2758
"9937","YR2005","COG","EN.GHG.CO2.LU.FL.MT.CE.AR5",0,-20.2228
"9938","YR2005","COG","EN.GHG.CO2.LU.DF.MT.CE.AR5",0,2.947
"9939","YR2006","COG","EN.GHG.CO2.LU.MT.CE.AR5",0,-17.7606
"9940","YR2006","COG","EN.GHG.CO2.LU.FL.MT.CE.AR5",0,-20.7076
"9941","YR2006","COG","EN.GHG.CO2.LU.DF.MT.CE.AR5",0,2.947
"9942","YR2007","COG","EN.GHG.CO2.LU.MT.CE.AR5",0,-18.2454
"9943","YR2007","COG","EN.GHG.CO2.LU.FL.MT.CE.AR5",0,-21.1924
"9944","YR2007","COG","EN.GHG.CO2.LU.DF.MT.CE.AR5",0,2.947
"9945","YR2008","COG","EN.GHG.CO2.LU.MT.CE.AR5",0,-18.7302
"9946","YR2008","COG","EN.GHG.CO2.LU.FL.MT.CE.AR5",0,-21.6772
"9947","YR2008","COG","EN.GHG.CO2.LU.DF.MT.CE.AR5",0,2.947
"9948","YR2009","COG","EN.GHG.CO2.LU.MT.CE.AR5",0,-19.215
"9949","YR2009","COG","EN.GHG.CO2.LU.FL.MT.CE.AR5",0,-22.162
"9950","YR2009","COG","EN.GHG.CO2.LU.DF.MT.CE.AR5",0,2.947
"9951","YR2010","COG","EN.GHG.CO2.LU.MT.CE.AR5",0,-19.6998
"9952","YR2010","COG","EN.GHG.CO2.LU.FL.MT.CE.AR5",0,-22.6468
"9953","YR2010","COG","EN.GHG.CO2.LU.DF.MT.CE.AR5",0,2.947
"9954","YR2011","COG","EN.GHG.CO2.LU.MT.CE.AR5",0,-20.1846
"9955","YR2011","COG","EN.GHG.CO2.LU.FL.MT.CE.AR5",0,-23.1316
"9956","YR2011","COG","EN.GHG.CO2.LU.DF.MT.CE.AR5",0,2.947
"9957","YR2012","COG","EN.GHG.CO2.LU.MT.CE.AR5",0,-20.6694
"9958","YR2012","COG","EN.GHG.CO2.LU.FL.MT.CE.AR5",0,-23.6164
"9959","YR2012","COG","EN.GHG.CO2.LU.DF.MT.CE.AR5",0,2.947
"9960","YR2013","COG","EN.GHG.CO2.LU.MT.CE.AR5",0,-21.1542
"9961","YR2013","COG","EN.GHG.CO2.LU.FL.MT.CE.AR5",0,-24.1012
"9962","YR2013","COG","EN.GHG.CO2.LU.DF.MT.CE.AR5",0,2.947
"9963","YR2014","COG","EN.GHG.CO2.LU.MT.CE.AR5",0,-21.639
"9964","YR2014","COG","EN.GHG.CO2.LU.FL.MT.CE.AR5",0,-24.586
"9965","YR2014","COG","EN.GHG.CO2.LU.DF.MT.CE.AR5",0,2.947
"9966","YR2015","COG","EN.GHG.CO2.LU.MT.CE.AR5",0,-25.746
"9967","YR2015","COG","EN.GHG.CO2.LU.FL.MT.CE.AR5",0,-28.693
"9968","YR2015","COG","EN.GHG.CO2.LU.DF.MT.CE.AR5",0,2.947
"9969","YR2016","COG","EN.GHG.CO2.LU.MT.CE.AR5",0,-29.853
"9970","YR2016","COG","EN.GHG.CO2.LU.FL.MT.CE.AR5",0,-32.8
"9971","YR2016","COG","EN.GHG.CO2.LU.DF.MT.CE.AR5",0,2.947
"9972","YR2017","COG","EN.GHG.CO2.LU.MT.CE.AR5",0,-29.753
"9973","YR2017","COG","EN.GHG.CO2.LU.FL.MT.CE.AR5",0,-32.7
"9974","YR2017","COG","EN.GHG.CO2.LU.DF.MT.CE.AR5",0,2.947
"9975","YR2018","COG","EN.GHG.CO2.LU.MT.CE.AR5",0,-29.482
"9976","YR2018","COG","EN.GHG.CO2.LU.FL.MT.CE.AR5",0,-32.7
"9977","YR2018","COG","EN.GHG.CO2.LU.DF.MT.CE.AR5",0,3.218
"9978","YR2019","COG","EN.GHG.CO2.LU.MT.CE.AR5",0,-29.482
"9979","YR2019","COG","EN.GHG.CO2.LU.FL.MT.CE.AR5",0,-32.7
"9980","YR2019","COG","EN.GHG.CO2.LU.DF.MT.CE.AR5",0,3.218
"9981","YR2020","COG","EN.GHG.CO2.LU.MT.CE.AR5",0,-15.308
"9982","YR2020","COG","EN.GHG.CO2.LU.FL.MT.CE.AR5",0,-18.526
"9983","YR2020","COG","EN.GHG.CO2.LU.DF.MT.CE.AR5",0,3.218
"9984","YR2021","COG","EN.GHG.CO2.LU.MT.CE.AR5",0,-18.2454
"9985","YR2021","COG","EN.GHG.CO2.LU.FL.MT.CE.AR5",0,-21.1924
"9986","YR2021","COG","EN.GHG.CO2.LU.DF.MT.CE.AR5",0,2.947
"9987","YR2022","COG","EN.GHG.CO2.LU.MT.CE.AR5",0,-18.2454
"9988","YR2022","COG","EN.GHG.CO2.LU.FL.MT.CE.AR5",0,-21.1924
"9989","YR2022","COG","EN.GHG.CO2.LU.DF.MT.CE.AR5",0,2.947
"9990","YR2023","COG","EN.GHG.CO2.LU.MT.CE.AR5",0,-18.2454
"9991","YR2023","COG","EN.GHG.CO2.LU.FL.MT.CE.AR5",0,-21.1924
"9992","YR2023","COG","EN.GHG.CO2.LU.DF.MT.CE.AR5",0,2.947
"9993","YR2000","CRI","EN.GHG.CO2.LU.MT.CE.AR5",0,17.5818
"9994","YR2000","CRI","EN.GHG.CO2.LU.FL.MT.CE.AR5",0,-2.9936
"9995","YR2000","CRI","EN.GHG.CO2.LU.DF.MT.CE.AR5",0,20.7163
"9996","YR2000","CRI","EN.GHG.CO2.LU.OL.MT.CE.AR5",0,0
"9997","YR2001","CRI","EN.GHG.CO2.LU.MT.CE.AR5",0,15.1334
"9998","YR2001","CRI","EN.GHG.CO2.LU.FL.MT.CE.AR5",0,-2.8855
"9999","YR2001","CRI","EN.GHG.CO2.LU.DF.MT.CE.AR5",0,18.22
"10000","YR2001","CRI","EN.GHG.CO2.LU.OL.MT.CE.AR5",0,0
"10001","YR2002","CRI","EN.GHG.CO2.LU.MT.CE.AR5",0,12.685
"10002","YR2002","CRI","EN.GHG.CO2.LU.FL.MT.CE.AR5",0,-2.7773
"10003","YR2002","CRI","EN.GHG.CO2.LU.DF.MT.CE.AR5",0,15.7237
"10004","YR2002","CRI","EN.GHG.CO2.LU.OL.MT.CE.AR5",0,0
"10005","YR2003","CRI","EN.GHG.CO2.LU.MT.CE.AR5",0,10.2366
"10006","YR2003","CRI","EN.GHG.CO2.LU.FL.MT.CE.AR5",0,-2.6692
"10007","YR2003","CRI","EN.GHG.CO2.LU.DF.MT.CE.AR5",0,13.2275
"10008","YR2003","CRI","EN.GHG.CO2.LU.OL.MT.CE.AR5",0,0
"10009","YR2004","CRI","EN.GHG.CO2.LU.MT.CE.AR5",0,7.7882
"10010","YR2004","CRI","EN.GHG.CO2.LU.FL.MT.CE.AR5",0,-2.561
"10011","YR2004","CRI","EN.GHG.CO2.LU.DF.MT.CE.AR5",0,10.7312
"10012","YR2004","CRI","EN.GHG.CO2.LU.OL.MT.CE.AR5",0,0
"10013","YR2005","CRI","EN.GHG.CO2.LU.MT.CE.AR5",0,5.3398
"10014","YR2005","CRI","EN.GHG.CO2.LU.FL.MT.CE.AR5",0,-2.4529
"10015","YR2005","CRI","EN.GHG.CO2.LU.DF.MT.CE.AR5",0,8.2349
"10016","YR2005","CRI","EN.GHG.CO2.LU.OL.MT.CE.AR5",0,0
"10017","YR2006","CRI","EN.GHG.CO2.LU.MT.CE.AR5",0,5.0147
"10018","YR2006","CRI","EN.GHG.CO2.LU.FL.MT.CE.AR5",0,-2.5462
"10019","YR2006","CRI","EN.GHG.CO2.LU.DF.MT.CE.AR5",0,8.0102
"10020","YR2006","CRI","EN.GHG.CO2.LU.OL.MT.CE.AR5",0,0
"10021","YR2007","CRI","EN.GHG.CO2.LU.MT.CE.AR5",0,4.6896
"10022","YR2007","CRI","EN.GHG.CO2.LU.FL.MT.CE.AR5",0,-2.6395
"10023","YR2007","CRI","EN.GHG.CO2.LU.DF.MT.CE.AR5",0,7.7855
"10024","YR2007","CRI","EN.GHG.CO2.LU.OL.MT.CE.AR5",0,0
"10025","YR2008","CRI","EN.GHG.CO2.LU.MT.CE.AR5",0,4.3646
"10026","YR2008","CRI","EN.GHG.CO2.LU.FL.MT.CE.AR5",0,-2.7327
"10027","YR2008","CRI","EN.GHG.CO2.LU.DF.MT.CE.AR5",0,7.5608
"10028","YR2008","CRI","EN.GHG.CO2.LU.OL.MT.CE.AR5",0,0
"10029","YR2009","CRI","EN.GHG.CO2.LU.MT.CE.AR5",0,4.0395
"10030","YR2009","CRI","EN.GHG.CO2.LU.FL.MT.CE.AR5",0,-2.826
"10031","YR2009","CRI","EN.GHG.CO2.LU.DF.MT.CE.AR5",0,7.3361
"10032","YR2009","CRI","EN.GHG.CO2.LU.OL.MT.CE.AR5",0,0
"10033","YR2010","CRI","EN.GHG.CO2.LU.MT.CE.AR5",0,3.7144
"10034","YR2010","CRI","EN.GHG.CO2.LU.FL.MT.CE.AR5",0,-2.9193
"10035","YR2010","CRI","EN.GHG.CO2.LU.DF.MT.CE.AR5",0,7.1114
"10036","YR2010","CRI","EN.GHG.CO2.LU.OL.MT.CE.AR5",0,0
"10037","YR2011","CRI","EN.GHG.CO2.LU.MT.CE.AR5",0,3.0162
"10038","YR2011","CRI","EN.GHG.CO2.LU.FL.MT.CE.AR5",0,-3.814
"10039","YR2011","CRI","EN.GHG.CO2.LU.DF.MT.CE.AR5",0,7.2051
"10040","YR2011","CRI","EN.GHG.CO2.LU.OL.MT.CE.AR5",0,0
"10041","YR2012","CRI","EN.GHG.CO2.LU.MT.CE.AR5",0,4.1333
"10042","YR2012","CRI","EN.GHG.CO2.LU.FL.MT.CE.AR5",0,-4.9437
"10043","YR2012","CRI","EN.GHG.CO2.LU.DF.MT.CE.AR5",0,9.5631
"10044","YR2012","CRI","EN.GHG.CO2.LU.OL.MT.CE.AR5",0,0
"10045","YR2013","CRI","EN.GHG.CO2.LU.MT.CE.AR5",0,4.7828
"10046","YR2013","CRI","EN.GHG.CO2.LU.FL.MT.CE.AR5",0,-4.6106
"10047","YR2013","CRI","EN.GHG.CO2.LU.DF.MT.CE.AR5",0,9.7863
"10048","YR2013","CRI","EN.GHG.CO2.LU.OL.MT.CE.AR5",0,0
"10049","YR2014","CRI","EN.GHG.CO2.LU.MT.CE.AR5",0,-1.3796
"10050","YR2014","CRI","EN.GHG.CO2.LU.FL.MT.CE.AR5",0,-5.0578
"10051","YR2014","CRI","EN.GHG.CO2.LU.DF.MT.CE.AR5",0,4.1183
"10052","YR2014","CRI","EN.GHG.CO2.LU.OL.MT.CE.AR5",0,0
"10053","YR2015","CRI","EN.GHG.CO2.LU.MT.CE.AR5",0,0.3276
"10054","YR2015","CRI","EN.GHG.CO2.LU.FL.MT.CE.AR5",0,-3.4688
"10055","YR2015","CRI","EN.GHG.CO2.LU.DF.MT.CE.AR5",0,4.1927
"10056","YR2015","CRI","EN.GHG.CO2.LU.OL.MT.CE.AR5",0,0
"10057","YR2016","CRI","EN.GHG.CO2.LU.MT.CE.AR5",0,-1.6441
"10058","YR2016","CRI","EN.GHG.CO2.LU.FL.MT.CE.AR5",0,-2.8262
"10059","YR2016","CRI","EN.GHG.CO2.LU.DF.MT.CE.AR5",0,1.5777
"10060","YR2016","CRI","EN.GHG.CO2.LU.OL.MT.CE.AR5",0,0
"10061","YR2017","CRI","EN.GHG.CO2.LU.MT.CE.AR5",0,-3.0733
"10062","YR2017","CRI","EN.GHG.CO2.LU.FL.MT.CE.AR5",0,-4.2809
"10063","YR2017","CRI","EN.GHG.CO2.LU.DF.MT.CE.AR5",0,1.61
"10064","YR2017","CRI","EN.GHG.CO2.LU.OL.MT.CE.AR5",0,0
"10065","YR2018","CRI","EN.GHG.CO2.LU.MT.CE.AR5",0,-3.0733
"10066","YR2018","CRI","EN.GHG.CO2.LU.FL.MT.CE.AR5",0,-4.2809
"10067","YR2018","CRI","EN.GHG.CO2.LU.DF.MT.CE.AR5",0,1.61
"10068","YR2018","CRI","EN.GHG.CO2.LU.OL.MT.CE.AR5",0,0
"10069","YR2019","CRI","EN.GHG.CO2.LU.MT.CE.AR5",0,-3.0733
"10070","YR2019","CRI","EN.GHG.CO2.LU.FL.MT.CE.AR5",0,-4.2809
"10071","YR2019","CRI","EN.GHG.CO2.LU.DF.MT.CE.AR5",0,1.61
"10072","YR2019","CRI","EN.GHG.CO2.LU.OL.MT.CE.AR5",0,0
"10073","YR2020","CRI","EN.GHG.CO2.LU.MT.CE.AR5",0,-3.0733
"10074","YR2020","CRI","EN.GHG.CO2.LU.FL.MT.CE.AR5",0,-4.2809
"10075","YR2020","CRI","EN.GHG.CO2.LU.DF.MT.CE.AR5",0,1.61
"10076","YR2020","CRI","EN.GHG.CO2.LU.OL.MT.CE.AR5",0,0
"10077","YR2021","CRI","EN.GHG.CO2.LU.MT.CE.AR5",0,-3.0733
"10078","YR2021","CRI","EN.GHG.CO2.LU.FL.MT.CE.AR5",0,-4.2809
"10079","YR2021","CRI","EN.GHG.CO2.LU.DF.MT.CE.AR5",0,1.61
"10080","YR2021","CRI","EN.GHG.CO2.LU.OL.MT.CE.AR5",0,0
"10081","YR2022","CRI","EN.GHG.CO2.LU.MT.CE.AR5",0,-3.0733
"10082","YR2022","CRI","EN.GHG.CO2.LU.FL.MT.CE.AR5",0,-4.2809
"10083","YR2022","CRI","EN.GHG.CO2.LU.DF.MT.CE.AR5",0,1.61
"10084","YR2022","CRI","EN.GHG.CO2.LU.OL.MT.CE.AR5",0,0
"10085","YR2023","CRI","EN.GHG.CO2.LU.MT.CE.AR5",0,-3.0733
"10086","YR2023","CRI","EN.GHG.CO2.LU.FL.MT.CE.AR5",0,-4.2809
"10087","YR2023","CRI","EN.GHG.CO2.LU.DF.MT.CE.AR5",0,1.61
"10088","YR2023","CRI","EN.GHG.CO2.LU.OL.MT.CE.AR5",0,0
"10089","YR2000","COD","EN.GHG.CO2.LU.MT.CE.AR5",0,416.3457
"10090","YR2000","COD","EN.GHG.CO2.LU.FL.MT.CE.AR5",0,-139.59
"10091","YR2000","COD","EN.GHG.CO2.LU.DF.MT.CE.AR5",0,483.7361
"10092","YR2000","COD","EN.GHG.CO2.LU.OL.MT.CE.AR5",0,72.1996
"10093","YR2001","COD","EN.GHG.CO2.LU.MT.CE.AR5",0,416.3457
"10094","YR2001","COD","EN.GHG.CO2.LU.FL.MT.CE.AR5",0,-139.59
"10095","YR2001","COD","EN.GHG.CO2.LU.DF.MT.CE.AR5",0,483.7361
"10096","YR2001","COD","EN.GHG.CO2.LU.OL.MT.CE.AR5",0,72.1996
"10097","YR2002","COD","EN.GHG.CO2.LU.MT.CE.AR5",0,416.3457
"10098","YR2002","COD","EN.GHG.CO2.LU.FL.MT.CE.AR5",0,-139.59
"10099","YR2002","COD","EN.GHG.CO2.LU.DF.MT.CE.AR5",0,483.7361
"10100","YR2002","COD","EN.GHG.CO2.LU.OL.MT.CE.AR5",0,72.1996
"10101","YR2003","COD","EN.GHG.CO2.LU.MT.CE.AR5",0,416.3457
"10102","YR2003","COD","EN.GHG.CO2.LU.FL.MT.CE.AR5",0,-139.59
"10103","YR2003","COD","EN.GHG.CO2.LU.DF.MT.CE.AR5",0,483.7361
"10104","YR2003","COD","EN.GHG.CO2.LU.OL.MT.CE.AR5",0,72.1996
"10105","YR2004","COD","EN.GHG.CO2.LU.MT.CE.AR5",0,416.3457
"10106","YR2004","COD","EN.GHG.CO2.LU.FL.MT.CE.AR5",0,-139.59
"10107","YR2004","COD","EN.GHG.CO2.LU.DF.MT.CE.AR5",0,483.7361
"10108","YR2004","COD","EN.GHG.CO2.LU.OL.MT.CE.AR5",0,72.1996
"10109","YR2005","COD","EN.GHG.CO2.LU.MT.CE.AR5",0,416.3457
"10110","YR2005","COD","EN.GHG.CO2.LU.FL.MT.CE.AR5",0,-139.59
"10111","YR2005","COD","EN.GHG.CO2.LU.DF.MT.CE.AR5",0,483.7361
"10112","YR2005","COD","EN.GHG.CO2.LU.OL.MT.CE.AR5",0,72.1996
"10113","YR2006","COD","EN.GHG.CO2.LU.MT.CE.AR5",0,416.3457
"10114","YR2006","COD","EN.GHG.CO2.LU.FL.MT.CE.AR5",0,-139.59
"10115","YR2006","COD","EN.GHG.CO2.LU.DF.MT.CE.AR5",0,483.7361
"10116","YR2006","COD","EN.GHG.CO2.LU.OL.MT.CE.AR5",0,72.1996
"10117","YR2007","COD","EN.GHG.CO2.LU.MT.CE.AR5",0,416.3457
"10118","YR2007","COD","EN.GHG.CO2.LU.FL.MT.CE.AR5",0,-139.59
"10119","YR2007","COD","EN.GHG.CO2.LU.DF.MT.CE.AR5",0,483.7361
"10120","YR2007","COD","EN.GHG.CO2.LU.OL.MT.CE.AR5",0,72.1996
"10121","YR2008","COD","EN.GHG.CO2.LU.MT.CE.AR5",0,416.3457
"10122","YR2008","COD","EN.GHG.CO2.LU.FL.MT.CE.AR5",0,-139.59
"10123","YR2008","COD","EN.GHG.CO2.LU.DF.MT.CE.AR5",0,483.7361
"10124","YR2008","COD","EN.GHG.CO2.LU.OL.MT.CE.AR5",0,72.1996
"10125","YR2009","COD","EN.GHG.CO2.LU.MT.CE.AR5",0,416.3457
"10126","YR2009","COD","EN.GHG.CO2.LU.FL.MT.CE.AR5",0,-139.59
"10127","YR2009","COD","EN.GHG.CO2.LU.DF.MT.CE.AR5",0,483.7361
"10128","YR2009","COD","EN.GHG.CO2.LU.OL.MT.CE.AR5",0,72.1996
"10129","YR2010","COD","EN.GHG.CO2.LU.MT.CE.AR5",0,416.3457
"10130","YR2010","COD","EN.GHG.CO2.LU.FL.MT.CE.AR5",0,-139.59
"10131","YR2010","COD","EN.GHG.CO2.LU.DF.MT.CE.AR5",0,483.7361
"10132","YR2010","COD","EN.GHG.CO2.LU.OL.MT.CE.AR5",0,72.1996
"10133","YR2011","COD","EN.GHG.CO2.LU.MT.CE.AR5",0,523.0664
"10134","YR2011","COD","EN.GHG.CO2.LU.FL.MT.CE.AR5",0,-343.1319
"10135","YR2011","COD","EN.GHG.CO2.LU.DF.MT.CE.AR5",0,830.5271
"10136","YR2011","COD","EN.GHG.CO2.LU.OL.MT.CE.AR5",0,35.6712
"10137","YR2012","COD","EN.GHG.CO2.LU.MT.CE.AR5",0,523.0664
"10138","YR2012","COD","EN.GHG.CO2.LU.FL.MT.CE.AR5",0,-343.1319
"10139","YR2012","COD","EN.GHG.CO2.LU.DF.MT.CE.AR5",0,830.5271
"10140","YR2012","COD","EN.GHG.CO2.LU.OL.MT.CE.AR5",0,35.6712
"10141","YR2013","COD","EN.GHG.CO2.LU.MT.CE.AR5",0,523.0664
"10142","YR2013","COD","EN.GHG.CO2.LU.FL.MT.CE.AR5",0,-343.1319
"10143","YR2013","COD","EN.GHG.CO2.LU.DF.MT.CE.AR5",0,830.5271
"10144","YR2013","COD","EN.GHG.CO2.LU.OL.MT.CE.AR5",0,35.6712
"10145","YR2014","COD","EN.GHG.CO2.LU.MT.CE.AR5",0,523.0664
"10146","YR2014","COD","EN.GHG.CO2.LU.FL.MT.CE.AR5",0,-343.1319
"10147","YR2014","COD","EN.GHG.CO2.LU.DF.MT.CE.AR5",0,830.5271
"10148","YR2014","COD","EN.GHG.CO2.LU.OL.MT.CE.AR5",0,35.6712
"10149","YR2015","COD","EN.GHG.CO2.LU.MT.CE.AR5",0,2.3327
"10150","YR2015","COD","EN.GHG.CO2.LU.FL.MT.CE.AR5",0,-537.8556
"10151","YR2015","COD","EN.GHG.CO2.LU.DF.MT.CE.AR5",0,529.2254
"10152","YR2015","COD","EN.GHG.CO2.LU.OL.MT.CE.AR5",0,10.9629
"10153","YR2016","COD","EN.GHG.CO2.LU.MT.CE.AR5",0,2.3327
"10154","YR2016","COD","EN.GHG.CO2.LU.FL.MT.CE.AR5",0,-537.8556
"10155","YR2016","COD","EN.GHG.CO2.LU.DF.MT.CE.AR5",0,529.2254
"10156","YR2016","COD","EN.GHG.CO2.LU.OL.MT.CE.AR5",0,10.9629
"10157","YR2017","COD","EN.GHG.CO2.LU.MT.CE.AR5",0,2.3327
"10158","YR2017","COD","EN.GHG.CO2.LU.FL.MT.CE.AR5",0,-537.8556
"10159","YR2017","COD","EN.GHG.CO2.LU.DF.MT.CE.AR5",0,529.2254
"10160","YR2017","COD","EN.GHG.CO2.LU.OL.MT.CE.AR5",0,10.9629
"10161","YR2018","COD","EN.GHG.CO2.LU.MT.CE.AR5",0,2.3327
"10162","YR2018","COD","EN.GHG.CO2.LU.FL.MT.CE.AR5",0,-537.8556
"10163","YR2018","COD","EN.GHG.CO2.LU.DF.MT.CE.AR5",0,529.2254
"10164","YR2018","COD","EN.GHG.CO2.LU.OL.MT.CE.AR5",0,10.9629
"10165","YR2019","COD","EN.GHG.CO2.LU.MT.CE.AR5",0,2.3327
"10166","YR2019","COD","EN.GHG.CO2.LU.FL.MT.CE.AR5",0,-537.8556
"10167","YR2019","COD","EN.GHG.CO2.LU.DF.MT.CE.AR5",0,529.2254
"10168","YR2019","COD","EN.GHG.CO2.LU.OL.MT.CE.AR5",0,10.9629
"10169","YR2020","COD","EN.GHG.CO2.LU.MT.CE.AR5",0,2.3327
"10170","YR2020","COD","EN.GHG.CO2.LU.FL.MT.CE.AR5",0,-537.8556
"10171","YR2020","COD","EN.GHG.CO2.LU.DF.MT.CE.AR5",0,529.2254
"10172","YR2020","COD","EN.GHG.CO2.LU.OL.MT.CE.AR5",0,10.9629
"10173","YR2021","COD","EN.GHG.CO2.LU.MT.CE.AR5",0,2.3327
"10174","YR2021","COD","EN.GHG.CO2.LU.FL.MT.CE.AR5",0,-537.8556
"10175","YR2021","COD","EN.GHG.CO2.LU.DF.MT.CE.AR5",0,529.2254
"10176","YR2021","COD","EN.GHG.CO2.LU.OL.MT.CE.AR5",0,10.9629
"10177","YR2022","COD","EN.GHG.CO2.LU.MT.CE.AR5",0,2.3327
"10178","YR2022","COD","EN.GHG.CO2.LU.FL.MT.CE.AR5",0,-537.8556
"10179","YR2022","COD","EN.GHG.CO2.LU.DF.MT.CE.AR5",0,529.2254
"10180","YR2022","COD","EN.GHG.CO2.LU.OL.MT.CE.AR5",0,10.9629
"10181","YR2023","COD","EN.GHG.CO2.LU.MT.CE.AR5",0,2.3327
"10182","YR2023","COD","EN.GHG.CO2.LU.FL.MT.CE.AR5",0,-537.8556
"10183","YR2023","COD","EN.GHG.CO2.LU.DF.MT.CE.AR5",0,529.2254
"10184","YR2023","COD","EN.GHG.CO2.LU.OL.MT.CE.AR5",0,10.9629
"10185","YR2000","PRK","EN.GHG.CO2.LU.MT.CE.AR5",0,-16.781
"10186","YR2000","PRK","EN.GHG.CO2.LU.FL.MT.CE.AR5",0,-19.084
"10187","YR2000","PRK","EN.GHG.CO2.LU.DF.MT.CE.AR5",0,2.303
"10188","YR2001","PRK","EN.GHG.CO2.LU.MT.CE.AR5",0,-16.781
"10189","YR2001","PRK","EN.GHG.CO2.LU.FL.MT.CE.AR5",0,-19.084
"10190","YR2001","PRK","EN.GHG.CO2.LU.DF.MT.CE.AR5",0,2.303
"10191","YR2002","PRK","EN.GHG.CO2.LU.MT.CE.AR5",0,-17.006
"10192","YR2002","PRK","EN.GHG.CO2.LU.FL.MT.CE.AR5",0,-19.309
"10193","YR2002","PRK","EN.GHG.CO2.LU.DF.MT.CE.AR5",0,2.303
"10194","YR2003","PRK","EN.GHG.CO2.LU.MT.CE.AR5",0,-17.006
"10195","YR2003","PRK","EN.GHG.CO2.LU.FL.MT.CE.AR5",0,-19.309
"10196","YR2003","PRK","EN.GHG.CO2.LU.DF.MT.CE.AR5",0,2.303
"10197","YR2004","PRK","EN.GHG.CO2.LU.MT.CE.AR5",0,-17.006
"10198","YR2004","PRK","EN.GHG.CO2.LU.FL.MT.CE.AR5",0,-19.309
"10199","YR2004","PRK","EN.GHG.CO2.LU.DF.MT.CE.AR5",0,2.303
"10200","YR2005","PRK","EN.GHG.CO2.LU.MT.CE.AR5",0,-17.006
"10201","YR2005","PRK","EN.GHG.CO2.LU.FL.MT.CE.AR5",0,-19.309
"10202","YR2005","PRK","EN.GHG.CO2.LU.DF.MT.CE.AR5",0,2.303
"10203","YR2006","PRK","EN.GHG.CO2.LU.MT.CE.AR5",0,-17.006
"10204","YR2006","PRK","EN.GHG.CO2.LU.FL.MT.CE.AR5",0,-19.309
"10205","YR2006","PRK","EN.GHG.CO2.LU.DF.MT.CE.AR5",0,2.303
"10206","YR2007","PRK","EN.GHG.CO2.LU.MT.CE.AR5",0,-17.006
"10207","YR2007","PRK","EN.GHG.CO2.LU.FL.MT.CE.AR5",0,-19.309
"10208","YR2007","PRK","EN.GHG.CO2.LU.DF.MT.CE.AR5",0,2.303
"10209","YR2008","PRK","EN.GHG.CO2.LU.MT.CE.AR5",0,-17.006
"10210","YR2008","PRK","EN.GHG.CO2.LU.FL.MT.CE.AR5",0,-19.309
"10211","YR2008","PRK","EN.GHG.CO2.LU.DF.MT.CE.AR5",0,2.303
"10212","YR2009","PRK","EN.GHG.CO2.LU.MT.CE.AR5",0,-17.006
"10213","YR2009","PRK","EN.GHG.CO2.LU.FL.MT.CE.AR5",0,-19.309
"10214","YR2009","PRK","EN.GHG.CO2.LU.DF.MT.CE.AR5",0,2.303
"10215","YR2010","PRK","EN.GHG.CO2.LU.MT.CE.AR5",0,-17.006
"10216","YR2010","PRK","EN.GHG.CO2.LU.FL.MT.CE.AR5",0,-19.309
"10217","YR2010","PRK","EN.GHG.CO2.LU.DF.MT.CE.AR5",0,2.303
"10218","YR2011","PRK","EN.GHG.CO2.LU.MT.CE.AR5",0,-17.006
"10219","YR2011","PRK","EN.GHG.CO2.LU.FL.MT.CE.AR5",0,-19.309
"10220","YR2011","PRK","EN.GHG.CO2.LU.DF.MT.CE.AR5",0,2.303
"10221","YR2012","PRK","EN.GHG.CO2.LU.MT.CE.AR5",0,-17.006
"10222","YR2012","PRK","EN.GHG.CO2.LU.FL.MT.CE.AR5",0,-19.309
"10223","YR2012","PRK","EN.GHG.CO2.LU.DF.MT.CE.AR5",0,2.303
"10224","YR2013","PRK","EN.GHG.CO2.LU.MT.CE.AR5",0,-17.006
"10225","YR2013","PRK","EN.GHG.CO2.LU.FL.MT.CE.AR5",0,-19.309
"10226","YR2013","PRK","EN.GHG.CO2.LU.DF.MT.CE.AR5",0,2.303
"10227","YR2014","PRK","EN.GHG.CO2.LU.MT.CE.AR5",0,-17.006
"10228","YR2014","PRK","EN.GHG.CO2.LU.FL.MT.CE.AR5",0,-19.309
"10229","YR2014","PRK","EN.GHG.CO2.LU.DF.MT.CE.AR5",0,2.303
"10230","YR2015","PRK","EN.GHG.CO2.LU.MT.CE.AR5",0,-17.006
"10231","YR2015","PRK","EN.GHG.CO2.LU.FL.MT.CE.AR5",0,-19.309
"10232","YR2015","PRK","EN.GHG.CO2.LU.DF.MT.CE.AR5",0,2.303
"10233","YR2016","PRK","EN.GHG.CO2.LU.MT.CE.AR5",0,-17.006
"10234","YR2016","PRK","EN.GHG.CO2.LU.FL.MT.CE.AR5",0,-19.309
"10235","YR2016","PRK","EN.GHG.CO2.LU.DF.MT.CE.AR5",0,2.303
"10236","YR2017","PRK","EN.GHG.CO2.LU.MT.CE.AR5",0,-17.006
"10237","YR2017","PRK","EN.GHG.CO2.LU.FL.MT.CE.AR5",0,-19.309
"10238","YR2017","PRK","EN.GHG.CO2.LU.DF.MT.CE.AR5",0,2.303
"10239","YR2018","PRK","EN.GHG.CO2.LU.MT.CE.AR5",0,-17.006
"10240","YR2018","PRK","EN.GHG.CO2.LU.FL.MT.CE.AR5",0,-19.309
"10241","YR2018","PRK","EN.GHG.CO2.LU.DF.MT.CE.AR5",0,2.303
"10242","YR2019","PRK","EN.GHG.CO2.LU.MT.CE.AR5",0,-17.006
"10243","YR2019","PRK","EN.GHG.CO2.LU.FL.MT.CE.AR5",0,-19.309
"10244","YR2019","PRK","EN.GHG.CO2.LU.DF.MT.CE.AR5",0,2.303
"10245","YR2020","PRK","EN.GHG.CO2.LU.MT.CE.AR5",0,-17.006
"10246","YR2020","PRK","EN.GHG.CO2.LU.FL.MT.CE.AR5",0,-19.309
"10247","YR2020","PRK","EN.GHG.CO2.LU.DF.MT.CE.AR5",0,2.303
"10248","YR2021","PRK","EN.GHG.CO2.LU.MT.CE.AR5",0,-17.006
"10249","YR2021","PRK","EN.GHG.CO2.LU.FL.MT.CE.AR5",0,-19.309
"10250","YR2021","PRK","EN.GHG.CO2.LU.DF.MT.CE.AR5",0,2.303
"10251","YR2022","PRK","EN.GHG.CO2.LU.MT.CE.AR5",0,-17.006
"10252","YR2022","PRK","EN.GHG.CO2.LU.FL.MT.CE.AR5",0,-19.309
"10253","YR2022","PRK","EN.GHG.CO2.LU.DF.MT.CE.AR5",0,2.303
"10254","YR2023","PRK","EN.GHG.CO2.LU.MT.CE.AR5",0,-17.006
"10255","YR2023","PRK","EN.GHG.CO2.LU.FL.MT.CE.AR5",0,-19.309
"10256","YR2023","PRK","EN.GHG.CO2.LU.DF.MT.CE.AR5",0,2.303
"10257","YR2000","DJI","EN.GHG.CO2.LU.MT.CE.AR5",0,-1.5
"10258","YR2000","DJI","EN.GHG.CO2.LU.FL.MT.CE.AR5",0,-1.5
"10259","YR2000","DJI","EN.GHG.CO2.LU.DF.MT.CE.AR5",0,0
"10260","YR2001","DJI","EN.GHG.CO2.LU.MT.CE.AR5",0,-1.5
"10261","YR2001","DJI","EN.GHG.CO2.LU.FL.MT.CE.AR5",0,-1.5
"10262","YR2001","DJI","EN.GHG.CO2.LU.DF.MT.CE.AR5",0,0
"10263","YR2002","DJI","EN.GHG.CO2.LU.MT.CE.AR5",0,-1.5
"10264","YR2002","DJI","EN.GHG.CO2.LU.FL.MT.CE.AR5",0,-1.5
"10265","YR2002","DJI","EN.GHG.CO2.LU.DF.MT.CE.AR5",0,0
"10266","YR2003","DJI","EN.GHG.CO2.LU.MT.CE.AR5",0,-1.5
"10267","YR2003","DJI","EN.GHG.CO2.LU.FL.MT.CE.AR5",0,-1.5
"10268","YR2003","DJI","EN.GHG.CO2.LU.DF.MT.CE.AR5",0,0
"10269","YR2004","DJI","EN.GHG.CO2.LU.MT.CE.AR5",0,-1.5
"10270","YR2004","DJI","EN.GHG.CO2.LU.FL.MT.CE.AR5",0,-1.5
"10271","YR2004","DJI","EN.GHG.CO2.LU.DF.MT.CE.AR5",0,0
"10272","YR2005","DJI","EN.GHG.CO2.LU.MT.CE.AR5",0,-1.5
"10273","YR2005","DJI","EN.GHG.CO2.LU.FL.MT.CE.AR5",0,-1.5
"10274","YR2005","DJI","EN.GHG.CO2.LU.DF.MT.CE.AR5",0,0
"10275","YR2006","DJI","EN.GHG.CO2.LU.MT.CE.AR5",0,-1.5
"10276","YR2006","DJI","EN.GHG.CO2.LU.FL.MT.CE.AR5",0,-1.5
"10277","YR2006","DJI","EN.GHG.CO2.LU.DF.MT.CE.AR5",0,0
"10278","YR2007","DJI","EN.GHG.CO2.LU.MT.CE.AR5",0,-1.5
"10279","YR2007","DJI","EN.GHG.CO2.LU.FL.MT.CE.AR5",0,-1.5
"10280","YR2007","DJI","EN.GHG.CO2.LU.DF.MT.CE.AR5",0,0
"10281","YR2008","DJI","EN.GHG.CO2.LU.MT.CE.AR5",0,-1.5
"10282","YR2008","DJI","EN.GHG.CO2.LU.FL.MT.CE.AR5",0,-1.5
"10283","YR2008","DJI","EN.GHG.CO2.LU.DF.MT.CE.AR5",0,0
"10284","YR2009","DJI","EN.GHG.CO2.LU.MT.CE.AR5",0,-1.5
"10285","YR2009","DJI","EN.GHG.CO2.LU.FL.MT.CE.AR5",0,-1.5
"10286","YR2009","DJI","EN.GHG.CO2.LU.DF.MT.CE.AR5",0,0
"10287","YR2010","DJI","EN.GHG.CO2.LU.MT.CE.AR5",0,-7
"10288","YR2010","DJI","EN.GHG.CO2.LU.FL.MT.CE.AR5",0,-7
"10289","YR2010","DJI","EN.GHG.CO2.LU.DF.MT.CE.AR5",0,0
"10290","YR2011","DJI","EN.GHG.CO2.LU.MT.CE.AR5",0,-7
"10291","YR2011","DJI","EN.GHG.CO2.LU.FL.MT.CE.AR5",0,-7
"10292","YR2011","DJI","EN.GHG.CO2.LU.DF.MT.CE.AR5",0,0
"10293","YR2012","DJI","EN.GHG.CO2.LU.MT.CE.AR5",0,-7
"10294","YR2012","DJI","EN.GHG.CO2.LU.FL.MT.CE.AR5",0,-7
"10295","YR2012","DJI","EN.GHG.CO2.LU.DF.MT.CE.AR5",0,0
"10296","YR2013","DJI","EN.GHG.CO2.LU.MT.CE.AR5",0,-7
"10297","YR2013","DJI","EN.GHG.CO2.LU.FL.MT.CE.AR5",0,-7
"10298","YR2013","DJI","EN.GHG.CO2.LU.DF.MT.CE.AR5",0,0
"10299","YR2014","DJI","EN.GHG.CO2.LU.MT.CE.AR5",0,-7
"10300","YR2014","DJI","EN.GHG.CO2.LU.FL.MT.CE.AR5",0,-7
"10301","YR2014","DJI","EN.GHG.CO2.LU.DF.MT.CE.AR5",0,0
"10302","YR2015","DJI","EN.GHG.CO2.LU.MT.CE.AR5",0,-7
"10303","YR2015","DJI","EN.GHG.CO2.LU.FL.MT.CE.AR5",0,-7
"10304","YR2015","DJI","EN.GHG.CO2.LU.DF.MT.CE.AR5",0,0
"10305","YR2016","DJI","EN.GHG.CO2.LU.MT.CE.AR5",0,-7
"10306","YR2016","DJI","EN.GHG.CO2.LU.FL.MT.CE.AR5",0,-7
"10307","YR2016","DJI","EN.GHG.CO2.LU.DF.MT.CE.AR5",0,0
"10308","YR2017","DJI","EN.GHG.CO2.LU.MT.CE.AR5",0,-7
"10309","YR2017","DJI","EN.GHG.CO2.LU.FL.MT.CE.AR5",0,-7
"10310","YR2017","DJI","EN.GHG.CO2.LU.DF.MT.CE.AR5",0,0
"10311","YR2018","DJI","EN.GHG.CO2.LU.MT.CE.AR5",0,-7
"10312","YR2018","DJI","EN.GHG.CO2.LU.FL.MT.CE.AR5",0,-7
"10313","YR2018","DJI","EN.GHG.CO2.LU.DF.MT.CE.AR5",0,0
"10314","YR2019","DJI","EN.GHG.CO2.LU.MT.CE.AR5",0,-7
"10315","YR2019","DJI","EN.GHG.CO2.LU.FL.MT.CE.AR5",0,-7
"10316","YR2019","DJI","EN.GHG.CO2.LU.DF.MT.CE.AR5",0,0
"10317","YR2020","DJI","EN.GHG.CO2.LU.MT.CE.AR5",0,-7
"10318","YR2020","DJI","EN.GHG.CO2.LU.FL.MT.CE.AR5",0,-7
"10319","YR2020","DJI","EN.GHG.CO2.LU.DF.MT.CE.AR5",0,0
"10320","YR2021","DJI","EN.GHG.CO2.LU.MT.CE.AR5",0,-7
"10321","YR2021","DJI","EN.GHG.CO2.LU.FL.MT.CE.AR5",0,-7
"10322","YR2021","DJI","EN.GHG.CO2.LU.DF.MT.CE.AR5",0,0
"10323","YR2022","DJI","EN.GHG.CO2.LU.MT.CE.AR5",0,-7
"10324","YR2022","DJI","EN.GHG.CO2.LU.FL.MT.CE.AR5",0,-7
"10325","YR2022","DJI","EN.GHG.CO2.LU.DF.MT.CE.AR5",0,0
"10326","YR2023","DJI","EN.GHG.CO2.LU.MT.CE.AR5",0,-7
"10327","YR2023","DJI","EN.GHG.CO2.LU.FL.MT.CE.AR5",0,-7
"10328","YR2023","DJI","EN.GHG.CO2.LU.DF.MT.CE.AR5",0,0
"10329","YR2000","DMA","EN.GHG.CO2.LU.MT.CE.AR5",0,-0.1376
"10330","YR2000","DMA","EN.GHG.CO2.LU.FL.MT.CE.AR5",0,-0.1376
"10331","YR2000","DMA","EN.GHG.CO2.LU.DF.MT.CE.AR5",0,0
"10332","YR2001","DMA","EN.GHG.CO2.LU.MT.CE.AR5",0,-0.1376
"10333","YR2001","DMA","EN.GHG.CO2.LU.FL.MT.CE.AR5",0,-0.1376
"10334","YR2001","DMA","EN.GHG.CO2.LU.DF.MT.CE.AR5",0,0
"10335","YR2002","DMA","EN.GHG.CO2.LU.MT.CE.AR5",0,-0.1326
"10336","YR2002","DMA","EN.GHG.CO2.LU.FL.MT.CE.AR5",0,-0.1326
"10337","YR2002","DMA","EN.GHG.CO2.LU.DF.MT.CE.AR5",0,0
"10338","YR2003","DMA","EN.GHG.CO2.LU.MT.CE.AR5",0,-0.1316
"10339","YR2003","DMA","EN.GHG.CO2.LU.FL.MT.CE.AR5",0,-0.1316
"10340","YR2003","DMA","EN.GHG.CO2.LU.DF.MT.CE.AR5",0,0
"10341","YR2004","DMA","EN.GHG.CO2.LU.MT.CE.AR5",0,-0.1296
"10342","YR2004","DMA","EN.GHG.CO2.LU.FL.MT.CE.AR5",0,-0.1296
"10343","YR2004","DMA","EN.GHG.CO2.LU.DF.MT.CE.AR5",0,0
"10344","YR2005","DMA","EN.GHG.CO2.LU.MT.CE.AR5",0,-0.1276
"10345","YR2005","DMA","EN.GHG.CO2.LU.FL.MT.CE.AR5",0,-0.1276
"10346","YR2005","DMA","EN.GHG.CO2.LU.DF.MT.CE.AR5",0,0
"10347","YR2006","DMA","EN.GHG.CO2.LU.MT.CE.AR5",0,-0.1276
"10348","YR2006","DMA","EN.GHG.CO2.LU.FL.MT.CE.AR5",0,-0.1276
"10349","YR2006","DMA","EN.GHG.CO2.LU.DF.MT.CE.AR5",0,0
"10350","YR2007","DMA","EN.GHG.CO2.LU.MT.CE.AR5",0,-0.1276
"10351","YR2007","DMA","EN.GHG.CO2.LU.FL.MT.CE.AR5",0,-0.1276
"10352","YR2007","DMA","EN.GHG.CO2.LU.DF.MT.CE.AR5",0,0
"10353","YR2008","DMA","EN.GHG.CO2.LU.MT.CE.AR5",0,-0.1276
"10354","YR2008","DMA","EN.GHG.CO2.LU.FL.MT.CE.AR5",0,-0.1276
"10355","YR2008","DMA","EN.GHG.CO2.LU.DF.MT.CE.AR5",0,0
"10356","YR2009","DMA","EN.GHG.CO2.LU.MT.CE.AR5",0,-0.1276
"10357","YR2009","DMA","EN.GHG.CO2.LU.FL.MT.CE.AR5",0,-0.1276
"10358","YR2009","DMA","EN.GHG.CO2.LU.DF.MT.CE.AR5",0,0
"10359","YR2010","DMA","EN.GHG.CO2.LU.MT.CE.AR5",0,-0.1276
"10360","YR2010","DMA","EN.GHG.CO2.LU.FL.MT.CE.AR5",0,-0.1276
"10361","YR2010","DMA","EN.GHG.CO2.LU.DF.MT.CE.AR5",0,0
"10362","YR2011","DMA","EN.GHG.CO2.LU.MT.CE.AR5",0,-1.4448
"10363","YR2011","DMA","EN.GHG.CO2.LU.FL.MT.CE.AR5",0,-1.4448
"10364","YR2011","DMA","EN.GHG.CO2.LU.DF.MT.CE.AR5",0,0
"10365","YR2012","DMA","EN.GHG.CO2.LU.MT.CE.AR5",0,-1.4448
"10366","YR2012","DMA","EN.GHG.CO2.LU.FL.MT.CE.AR5",0,-1.4448
"10367","YR2012","DMA","EN.GHG.CO2.LU.DF.MT.CE.AR5",0,0
"10368","YR2013","DMA","EN.GHG.CO2.LU.MT.CE.AR5",0,-1.4448
"10369","YR2013","DMA","EN.GHG.CO2.LU.FL.MT.CE.AR5",0,-1.4448
"10370","YR2013","DMA","EN.GHG.CO2.LU.DF.MT.CE.AR5",0,0
"10371","YR2014","DMA","EN.GHG.CO2.LU.MT.CE.AR5",0,-1.4448
"10372","YR2014","DMA","EN.GHG.CO2.LU.FL.MT.CE.AR5",0,-1.4448
"10373","YR2014","DMA","EN.GHG.CO2.LU.DF.MT.CE.AR5",0,0
"10374","YR2015","DMA","EN.GHG.CO2.LU.MT.CE.AR5",0,-1.4448
"10375","YR2015","DMA","EN.GHG.CO2.LU.FL.MT.CE.AR5",0,-1.4448
"10376","YR2015","DMA","EN.GHG.CO2.LU.DF.MT.CE.AR5",0,0
"10377","YR2016","DMA","EN.GHG.CO2.LU.MT.CE.AR5",0,-1.4448
"10378","YR2016","DMA","EN.GHG.CO2.LU.FL.MT.CE.AR5",0,-1.4448
"10379","YR2016","DMA","EN.GHG.CO2.LU.DF.MT.CE.AR5",0,0
"10380","YR2017","DMA","EN.GHG.CO2.LU.MT.CE.AR5",0,-2.762
"10381","YR2017","DMA","EN.GHG.CO2.LU.FL.MT.CE.AR5",0,-2.762
"10382","YR2017","DMA","EN.GHG.CO2.LU.DF.MT.CE.AR5",0,0
"10383","YR2018","DMA","EN.GHG.CO2.LU.MT.CE.AR5",0,-2.762
"10384","YR2018","DMA","EN.GHG.CO2.LU.FL.MT.CE.AR5",0,-2.762
"10385","YR2018","DMA","EN.GHG.CO2.LU.DF.MT.CE.AR5",0,0
"10386","YR2019","DMA","EN.GHG.CO2.LU.MT.CE.AR5",0,-2.762
"10387","YR2019","DMA","EN.GHG.CO2.LU.FL.MT.CE.AR5",0,-2.762
"10388","YR2019","DMA","EN.GHG.CO2.LU.DF.MT.CE.AR5",0,0
"10389","YR2020","DMA","EN.GHG.CO2.LU.MT.CE.AR5",0,-2.762
"10390","YR2020","DMA","EN.GHG.CO2.LU.FL.MT.CE.AR5",0,-2.762
"10391","YR2020","DMA","EN.GHG.CO2.LU.DF.MT.CE.AR5",0,0
"10392","YR2021","DMA","EN.GHG.CO2.LU.MT.CE.AR5",0,-2.762
"10393","YR2021","DMA","EN.GHG.CO2.LU.FL.MT.CE.AR5",0,-2.762
"10394","YR2021","DMA","EN.GHG.CO2.LU.DF.MT.CE.AR5",0,0
"10395","YR2022","DMA","EN.GHG.CO2.LU.MT.CE.AR5",0,-2.762
"10396","YR2022","DMA","EN.GHG.CO2.LU.FL.MT.CE.AR5",0,-2.762
"10397","YR2022","DMA","EN.GHG.CO2.LU.DF.MT.CE.AR5",0,0
"10398","YR2023","DMA","EN.GHG.CO2.LU.MT.CE.AR5",0,-2.762
"10399","YR2023","DMA","EN.GHG.CO2.LU.FL.MT.CE.AR5",0,-2.762
"10400","YR2023","DMA","EN.GHG.CO2.LU.DF.MT.CE.AR5",0,0
"10401","YR2000","DOM","EN.GHG.CO2.LU.MT.CE.AR5",0,2.2005
"10402","YR2000","DOM","EN.GHG.CO2.LU.FL.MT.CE.AR5",0,-2.2491
"10403","YR2000","DOM","EN.GHG.CO2.LU.DF.MT.CE.AR5",0,4.4496
"10404","YR2001","DOM","EN.GHG.CO2.LU.MT.CE.AR5",0,2.2005
"10405","YR2001","DOM","EN.GHG.CO2.LU.FL.MT.CE.AR5",0,-2.2491
"10406","YR2001","DOM","EN.GHG.CO2.LU.DF.MT.CE.AR5",0,4.4496
"10407","YR2002","DOM","EN.GHG.CO2.LU.MT.CE.AR5",0,2.2005
"10408","YR2002","DOM","EN.GHG.CO2.LU.FL.MT.CE.AR5",0,-2.2491
"10409","YR2002","DOM","EN.GHG.CO2.LU.DF.MT.CE.AR5",0,4.4496
"10410","YR2003","DOM","EN.GHG.CO2.LU.MT.CE.AR5",0,2.2005
"10411","YR2003","DOM","EN.GHG.CO2.LU.FL.MT.CE.AR5",0,-2.2491
"10412","YR2003","DOM","EN.GHG.CO2.LU.DF.MT.CE.AR5",0,4.4496
"10413","YR2004","DOM","EN.GHG.CO2.LU.MT.CE.AR5",0,2.2005
"10414","YR2004","DOM","EN.GHG.CO2.LU.FL.MT.CE.AR5",0,-2.2491
"10415","YR2004","DOM","EN.GHG.CO2.LU.DF.MT.CE.AR5",0,4.4496
"10416","YR2005","DOM","EN.GHG.CO2.LU.MT.CE.AR5",0,2.2005
"10417","YR2005","DOM","EN.GHG.CO2.LU.FL.MT.CE.AR5",0,-2.2491
"10418","YR2005","DOM","EN.GHG.CO2.LU.DF.MT.CE.AR5",0,4.4496
"10419","YR2006","DOM","EN.GHG.CO2.LU.MT.CE.AR5",0,2.2005
"10420","YR2006","DOM","EN.GHG.CO2.LU.FL.MT.CE.AR5",0,-2.2491
"10421","YR2006","DOM","EN.GHG.CO2.LU.DF.MT.CE.AR5",0,4.4496
"10422","YR2007","DOM","EN.GHG.CO2.LU.MT.CE.AR5",0,2.2005
"10423","YR2007","DOM","EN.GHG.CO2.LU.FL.MT.CE.AR5",0,-2.2491
"10424","YR2007","DOM","EN.GHG.CO2.LU.DF.MT.CE.AR5",0,4.4496
"10425","YR2008","DOM","EN.GHG.CO2.LU.MT.CE.AR5",0,2.2005
"10426","YR2008","DOM","EN.GHG.CO2.LU.FL.MT.CE.AR5",0,-2.2491
"10427","YR2008","DOM","EN.GHG.CO2.LU.DF.MT.CE.AR5",0,4.4496
"10428","YR2009","DOM","EN.GHG.CO2.LU.MT.CE.AR5",0,2.2005
"10429","YR2009","DOM","EN.GHG.CO2.LU.FL.MT.CE.AR5",0,-2.2491
"10430","YR2009","DOM","EN.GHG.CO2.LU.DF.MT.CE.AR5",0,4.4496
"10431","YR2010","DOM","EN.GHG.CO2.LU.MT.CE.AR5",0,2.2005
"10432","YR2010","DOM","EN.GHG.CO2.LU.FL.MT.CE.AR5",0,-2.2491
"10433","YR2010","DOM","EN.GHG.CO2.LU.DF.MT.CE.AR5",0,4.4496
"10434","YR2011","DOM","EN.GHG.CO2.LU.MT.CE.AR5",0,2.2005
"10435","YR2011","DOM","EN.GHG.CO2.LU.FL.MT.CE.AR5",0,-2.2491
"10436","YR2011","DOM","EN.GHG.CO2.LU.DF.MT.CE.AR5",0,4.4496
"10437","YR2012","DOM","EN.GHG.CO2.LU.MT.CE.AR5",0,2.2005
"10438","YR2012","DOM","EN.GHG.CO2.LU.FL.MT.CE.AR5",0,-2.2491
"10439","YR2012","DOM","EN.GHG.CO2.LU.DF.MT.CE.AR5",0,4.4496
"10440","YR2013","DOM","EN.GHG.CO2.LU.MT.CE.AR5",0,2.2005
"10441","YR2013","DOM","EN.GHG.CO2.LU.FL.MT.CE.AR5",0,-2.2491
"10442","YR2013","DOM","EN.GHG.CO2.LU.DF.MT.CE.AR5",0,4.4496
"10443","YR2014","DOM","EN.GHG.CO2.LU.MT.CE.AR5",0,2.2005
"10444","YR2014","DOM","EN.GHG.CO2.LU.FL.MT.CE.AR5",0,-2.2491
"10445","YR2014","DOM","EN.GHG.CO2.LU.DF.MT.CE.AR5",0,4.4496
"10446","YR2015","DOM","EN.GHG.CO2.LU.MT.CE.AR5",0,2.2005
"10447","YR2015","DOM","EN.GHG.CO2.LU.FL.MT.CE.AR5",0,-2.2491
"10448","YR2015","DOM","EN.GHG.CO2.LU.DF.MT.CE.AR5",0,4.4496
"10449","YR2016","DOM","EN.GHG.CO2.LU.MT.CE.AR5",0,2.2005
"10450","YR2016","DOM","EN.GHG.CO2.LU.FL.MT.CE.AR5",0,-2.2491
"10451","YR2016","DOM","EN.GHG.CO2.LU.DF.MT.CE.AR5",0,4.4496
"10452","YR2017","DOM","EN.GHG.CO2.LU.MT.CE.AR5",0,2.2005
"10453","YR2017","DOM","EN.GHG.CO2.LU.FL.MT.CE.AR5",0,-2.2491
"10454","YR2017","DOM","EN.GHG.CO2.LU.DF.MT.CE.AR5",0,4.4496
"10455","YR2018","DOM","EN.GHG.CO2.LU.MT.CE.AR5",0,2.2005
"10456","YR2018","DOM","EN.GHG.CO2.LU.FL.MT.CE.AR5",0,-2.2491
"10457","YR2018","DOM","EN.GHG.CO2.LU.DF.MT.CE.AR5",0,4.4496
"10458","YR2019","DOM","EN.GHG.CO2.LU.MT.CE.AR5",0,2.2005
"10459","YR2019","DOM","EN.GHG.CO2.LU.FL.MT.CE.AR5",0,-2.2491
"10460","YR2019","DOM","EN.GHG.CO2.LU.DF.MT.CE.AR5",0,4.4496
"10461","YR2020","DOM","EN.GHG.CO2.LU.MT.CE.AR5",0,2.2005
"10462","YR2020","DOM","EN.GHG.CO2.LU.FL.MT.CE.AR5",0,-2.2491
"10463","YR2020","DOM","EN.GHG.CO2.LU.DF.MT.CE.AR5",0,4.4496
"10464","YR2021","DOM","EN.GHG.CO2.LU.MT.CE.AR5",0,2.2005
"10465","YR2021","DOM","EN.GHG.CO2.LU.FL.MT.CE.AR5",0,-2.2491
"10466","YR2021","DOM","EN.GHG.CO2.LU.DF.MT.CE.AR5",0,4.4496
"10467","YR2022","DOM","EN.GHG.CO2.LU.MT.CE.AR5",0,2.2005
"10468","YR2022","DOM","EN.GHG.CO2.LU.FL.MT.CE.AR5",0,-2.2491
"10469","YR2022","DOM","EN.GHG.CO2.LU.DF.MT.CE.AR5",0,4.4496
"10470","YR2023","DOM","EN.GHG.CO2.LU.MT.CE.AR5",0,2.2005
"10471","YR2023","DOM","EN.GHG.CO2.LU.FL.MT.CE.AR5",0,-2.2491
"10472","YR2023","DOM","EN.GHG.CO2.LU.DF.MT.CE.AR5",0,4.4496
"10473","YR2000","SLV","EN.GHG.CO2.LU.MT.CE.AR5",0,2.1294
"10474","YR2000","SLV","EN.GHG.CO2.LU.FL.MT.CE.AR5",0,-0.1261
"10475","YR2000","SLV","EN.GHG.CO2.LU.DF.MT.CE.AR5",0,2.2554
"10476","YR2001","SLV","EN.GHG.CO2.LU.MT.CE.AR5",0,2.1294
"10477","YR2001","SLV","EN.GHG.CO2.LU.FL.MT.CE.AR5",0,-0.1261
"10478","YR2001","SLV","EN.GHG.CO2.LU.DF.MT.CE.AR5",0,2.2554
"10479","YR2002","SLV","EN.GHG.CO2.LU.MT.CE.AR5",0,2.1294
"10480","YR2002","SLV","EN.GHG.CO2.LU.FL.MT.CE.AR5",0,-0.1261
"10481","YR2002","SLV","EN.GHG.CO2.LU.DF.MT.CE.AR5",0,2.2554
"10482","YR2003","SLV","EN.GHG.CO2.LU.MT.CE.AR5",0,2.1294
"10483","YR2003","SLV","EN.GHG.CO2.LU.FL.MT.CE.AR5",0,-0.1261
"10484","YR2003","SLV","EN.GHG.CO2.LU.DF.MT.CE.AR5",0,2.2554
"10485","YR2004","SLV","EN.GHG.CO2.LU.MT.CE.AR5",0,2.1294
"10486","YR2004","SLV","EN.GHG.CO2.LU.FL.MT.CE.AR5",0,-0.1261
"10487","YR2004","SLV","EN.GHG.CO2.LU.DF.MT.CE.AR5",0,2.2554
"10488","YR2005","SLV","EN.GHG.CO2.LU.MT.CE.AR5",0,2.1294
"10489","YR2005","SLV","EN.GHG.CO2.LU.FL.MT.CE.AR5",0,-0.1261
"10490","YR2005","SLV","EN.GHG.CO2.LU.DF.MT.CE.AR5",0,2.2554
"10491","YR2006","SLV","EN.GHG.CO2.LU.MT.CE.AR5",0,2.1294
"10492","YR2006","SLV","EN.GHG.CO2.LU.FL.MT.CE.AR5",0,-0.1261
"10493","YR2006","SLV","EN.GHG.CO2.LU.DF.MT.CE.AR5",0,2.2554
"10494","YR2007","SLV","EN.GHG.CO2.LU.MT.CE.AR5",0,2.1294
"10495","YR2007","SLV","EN.GHG.CO2.LU.FL.MT.CE.AR5",0,-0.1261
"10496","YR2007","SLV","EN.GHG.CO2.LU.DF.MT.CE.AR5",0,2.2554
"10497","YR2008","SLV","EN.GHG.CO2.LU.MT.CE.AR5",0,2.1294
"10498","YR2008","SLV","EN.GHG.CO2.LU.FL.MT.CE.AR5",0,-0.1261
"10499","YR2008","SLV","EN.GHG.CO2.LU.DF.MT.CE.AR5",0,2.2554
"10500","YR2009","SLV","EN.GHG.CO2.LU.MT.CE.AR5",0,2.1294
"10501","YR2009","SLV","EN.GHG.CO2.LU.FL.MT.CE.AR5",0,-0.1261
"10502","YR2009","SLV","EN.GHG.CO2.LU.DF.MT.CE.AR5",0,2.2554
"10503","YR2010","SLV","EN.GHG.CO2.LU.MT.CE.AR5",0,2.1294
"10504","YR2010","SLV","EN.GHG.CO2.LU.FL.MT.CE.AR5",0,-0.1261
"10505","YR2010","SLV","EN.GHG.CO2.LU.DF.MT.CE.AR5",0,2.2554
"10506","YR2011","SLV","EN.GHG.CO2.LU.MT.CE.AR5",0,-0.344
"10507","YR2011","SLV","EN.GHG.CO2.LU.FL.MT.CE.AR5",0,-1.718
"10508","YR2011","SLV","EN.GHG.CO2.LU.DF.MT.CE.AR5",0,1.374
"10509","YR2012","SLV","EN.GHG.CO2.LU.MT.CE.AR5",0,-0.344
"10510","YR2012","SLV","EN.GHG.CO2.LU.FL.MT.CE.AR5",0,-1.718
"10511","YR2012","SLV","EN.GHG.CO2.LU.DF.MT.CE.AR5",0,1.374
"10512","YR2013","SLV","EN.GHG.CO2.LU.MT.CE.AR5",0,-0.344
"10513","YR2013","SLV","EN.GHG.CO2.LU.FL.MT.CE.AR5",0,-1.718
"10514","YR2013","SLV","EN.GHG.CO2.LU.DF.MT.CE.AR5",0,1.374
"10515","YR2014","SLV","EN.GHG.CO2.LU.MT.CE.AR5",0,-0.344
"10516","YR2014","SLV","EN.GHG.CO2.LU.FL.MT.CE.AR5",0,-1.718
"10517","YR2014","SLV","EN.GHG.CO2.LU.DF.MT.CE.AR5",0,1.374
"10518","YR2015","SLV","EN.GHG.CO2.LU.MT.CE.AR5",0,-0.344
"10519","YR2015","SLV","EN.GHG.CO2.LU.FL.MT.CE.AR5",0,-1.718
"10520","YR2015","SLV","EN.GHG.CO2.LU.DF.MT.CE.AR5",0,1.374
"10521","YR2016","SLV","EN.GHG.CO2.LU.MT.CE.AR5",0,-0.344
"10522","YR2016","SLV","EN.GHG.CO2.LU.FL.MT.CE.AR5",0,-1.718
"10523","YR2016","SLV","EN.GHG.CO2.LU.DF.MT.CE.AR5",0,1.374
"10524","YR2017","SLV","EN.GHG.CO2.LU.MT.CE.AR5",0,-0.344
"10525","YR2017","SLV","EN.GHG.CO2.LU.FL.MT.CE.AR5",0,-1.718
"10526","YR2017","SLV","EN.GHG.CO2.LU.DF.MT.CE.AR5",0,1.374
"10527","YR2018","SLV","EN.GHG.CO2.LU.MT.CE.AR5",0,-0.344
"10528","YR2018","SLV","EN.GHG.CO2.LU.FL.MT.CE.AR5",0,-1.718
"10529","YR2018","SLV","EN.GHG.CO2.LU.DF.MT.CE.AR5",0,1.374
"10530","YR2019","SLV","EN.GHG.CO2.LU.MT.CE.AR5",0,-0.344
"10531","YR2019","SLV","EN.GHG.CO2.LU.FL.MT.CE.AR5",0,-1.718
"10532","YR2019","SLV","EN.GHG.CO2.LU.DF.MT.CE.AR5",0,1.374
"10533","YR2020","SLV","EN.GHG.CO2.LU.MT.CE.AR5",0,-0.344
"10534","YR2020","SLV","EN.GHG.CO2.LU.FL.MT.CE.AR5",0,-1.718
"10535","YR2020","SLV","EN.GHG.CO2.LU.DF.MT.CE.AR5",0,1.374
"10536","YR2021","SLV","EN.GHG.CO2.LU.MT.CE.AR5",0,-0.344
"10537","YR2021","SLV","EN.GHG.CO2.LU.FL.MT.CE.AR5",0,-1.718
"10538","YR2021","SLV","EN.GHG.CO2.LU.DF.MT.CE.AR5",0,1.374
"10539","YR2022","SLV","EN.GHG.CO2.LU.MT.CE.AR5",0,-0.344
"10540","YR2022","SLV","EN.GHG.CO2.LU.FL.MT.CE.AR5",0,-1.718
"10541","YR2022","SLV","EN.GHG.CO2.LU.DF.MT.CE.AR5",0,1.374
"10542","YR2023","SLV","EN.GHG.CO2.LU.MT.CE.AR5",0,-0.344
"10543","YR2023","SLV","EN.GHG.CO2.LU.FL.MT.CE.AR5",0,-1.718
"10544","YR2023","SLV","EN.GHG.CO2.LU.DF.MT.CE.AR5",0,1.374
"10545","YR2000","GNQ","EN.GHG.CO2.LU.MT.CE.AR5",0,8.5529
"10546","YR2000","GNQ","EN.GHG.CO2.LU.FL.MT.CE.AR5",0,5.1751
"10547","YR2000","GNQ","EN.GHG.CO2.LU.DF.MT.CE.AR5",0,3.3778
"10548","YR2001","GNQ","EN.GHG.CO2.LU.MT.CE.AR5",0,8.5529
"10549","YR2001","GNQ","EN.GHG.CO2.LU.FL.MT.CE.AR5",0,5.1751
"10550","YR2001","GNQ","EN.GHG.CO2.LU.DF.MT.CE.AR5",0,3.3778
"10551","YR2002","GNQ","EN.GHG.CO2.LU.MT.CE.AR5",0,8.5529
"10552","YR2002","GNQ","EN.GHG.CO2.LU.FL.MT.CE.AR5",0,5.1751
"10553","YR2002","GNQ","EN.GHG.CO2.LU.DF.MT.CE.AR5",0,3.3778
"10554","YR2003","GNQ","EN.GHG.CO2.LU.MT.CE.AR5",0,8.5529
"10555","YR2003","GNQ","EN.GHG.CO2.LU.FL.MT.CE.AR5",0,5.1751
"10556","YR2003","GNQ","EN.GHG.CO2.LU.DF.MT.CE.AR5",0,3.3778
"10557","YR2004","GNQ","EN.GHG.CO2.LU.MT.CE.AR5",0,8.5529
"10558","YR2004","GNQ","EN.GHG.CO2.LU.FL.MT.CE.AR5",0,5.1751
"10559","YR2004","GNQ","EN.GHG.CO2.LU.DF.MT.CE.AR5",0,3.3778
"10560","YR2005","GNQ","EN.GHG.CO2.LU.MT.CE.AR5",0,8.5529
"10561","YR2005","GNQ","EN.GHG.CO2.LU.FL.MT.CE.AR5",0,5.1751
"10562","YR2005","GNQ","EN.GHG.CO2.LU.DF.MT.CE.AR5",0,3.3778
"10563","YR2006","GNQ","EN.GHG.CO2.LU.MT.CE.AR5",0,8.5529
"10564","YR2006","GNQ","EN.GHG.CO2.LU.FL.MT.CE.AR5",0,5.1751
"10565","YR2006","GNQ","EN.GHG.CO2.LU.DF.MT.CE.AR5",0,3.3778
"10566","YR2007","GNQ","EN.GHG.CO2.LU.MT.CE.AR5",0,8.5529
"10567","YR2007","GNQ","EN.GHG.CO2.LU.FL.MT.CE.AR5",0,5.1751
"10568","YR2007","GNQ","EN.GHG.CO2.LU.DF.MT.CE.AR5",0,3.3778
"10569","YR2008","GNQ","EN.GHG.CO2.LU.MT.CE.AR5",0,8.5529
"10570","YR2008","GNQ","EN.GHG.CO2.LU.FL.MT.CE.AR5",0,5.1751
"10571","YR2008","GNQ","EN.GHG.CO2.LU.DF.MT.CE.AR5",0,3.3778
"10572","YR2009","GNQ","EN.GHG.CO2.LU.MT.CE.AR5",0,8.5529
"10573","YR2009","GNQ","EN.GHG.CO2.LU.FL.MT.CE.AR5",0,5.1751
"10574","YR2009","GNQ","EN.GHG.CO2.LU.DF.MT.CE.AR5",0,3.3778
"10575","YR2010","GNQ","EN.GHG.CO2.LU.MT.CE.AR5",0,8.5529
"10576","YR2010","GNQ","EN.GHG.CO2.LU.FL.MT.CE.AR5",0,5.1751
"10577","YR2010","GNQ","EN.GHG.CO2.LU.DF.MT.CE.AR5",0,3.3778
"10578","YR2011","GNQ","EN.GHG.CO2.LU.MT.CE.AR5",0,8.5529
"10579","YR2011","GNQ","EN.GHG.CO2.LU.FL.MT.CE.AR5",0,5.1751
"10580","YR2011","GNQ","EN.GHG.CO2.LU.DF.MT.CE.AR5",0,3.3778
"10581","YR2012","GNQ","EN.GHG.CO2.LU.MT.CE.AR5",0,8.5529
"10582","YR2012","GNQ","EN.GHG.CO2.LU.FL.MT.CE.AR5",0,5.1751
"10583","YR2012","GNQ","EN.GHG.CO2.LU.DF.MT.CE.AR5",0,3.3778
"10584","YR2013","GNQ","EN.GHG.CO2.LU.MT.CE.AR5",0,8.5529
"10585","YR2013","GNQ","EN.GHG.CO2.LU.FL.MT.CE.AR5",0,5.1751
"10586","YR2013","GNQ","EN.GHG.CO2.LU.DF.MT.CE.AR5",0,3.3778
"10587","YR2014","GNQ","EN.GHG.CO2.LU.MT.CE.AR5",0,8.5529
"10588","YR2014","GNQ","EN.GHG.CO2.LU.FL.MT.CE.AR5",0,5.1751
"10589","YR2014","GNQ","EN.GHG.CO2.LU.DF.MT.CE.AR5",0,3.3778
"10590","YR2015","GNQ","EN.GHG.CO2.LU.MT.CE.AR5",0,8.5529
"10591","YR2015","GNQ","EN.GHG.CO2.LU.FL.MT.CE.AR5",0,5.1751
"10592","YR2015","GNQ","EN.GHG.CO2.LU.DF.MT.CE.AR5",0,3.3778
"10593","YR2016","GNQ","EN.GHG.CO2.LU.MT.CE.AR5",0,8.5529
"10594","YR2016","GNQ","EN.GHG.CO2.LU.FL.MT.CE.AR5",0,5.1751
"10595","YR2016","GNQ","EN.GHG.CO2.LU.DF.MT.CE.AR5",0,3.3778
"10596","YR2017","GNQ","EN.GHG.CO2.LU.MT.CE.AR5",0,8.5529
"10597","YR2017","GNQ","EN.GHG.CO2.LU.FL.MT.CE.AR5",0,5.1751
"10598","YR2017","GNQ","EN.GHG.CO2.LU.DF.MT.CE.AR5",0,3.3778
"10599","YR2018","GNQ","EN.GHG.CO2.LU.MT.CE.AR5",0,8.5529
"10600","YR2018","GNQ","EN.GHG.CO2.LU.FL.MT.CE.AR5",0,5.1751
"10601","YR2018","GNQ","EN.GHG.CO2.LU.DF.MT.CE.AR5",0,3.3778
"10602","YR2019","GNQ","EN.GHG.CO2.LU.MT.CE.AR5",0,8.5529
"10603","YR2019","GNQ","EN.GHG.CO2.LU.FL.MT.CE.AR5",0,5.1751
"10604","YR2019","GNQ","EN.GHG.CO2.LU.DF.MT.CE.AR5",0,3.3778
"10605","YR2020","GNQ","EN.GHG.CO2.LU.MT.CE.AR5",0,8.5529
"10606","YR2020","GNQ","EN.GHG.CO2.LU.FL.MT.CE.AR5",0,5.1751
"10607","YR2020","GNQ","EN.GHG.CO2.LU.DF.MT.CE.AR5",0,3.3778
"10608","YR2021","GNQ","EN.GHG.CO2.LU.MT.CE.AR5",0,8.5529
"10609","YR2021","GNQ","EN.GHG.CO2.LU.FL.MT.CE.AR5",0,5.1751
"10610","YR2021","GNQ","EN.GHG.CO2.LU.DF.MT.CE.AR5",0,3.3778
"10611","YR2022","GNQ","EN.GHG.CO2.LU.MT.CE.AR5",0,8.5529
"10612","YR2022","GNQ","EN.GHG.CO2.LU.FL.MT.CE.AR5",0,5.1751
"10613","YR2022","GNQ","EN.GHG.CO2.LU.DF.MT.CE.AR5",0,3.3778
"10614","YR2023","GNQ","EN.GHG.CO2.LU.MT.CE.AR5",0,8.5529
"10615","YR2023","GNQ","EN.GHG.CO2.LU.FL.MT.CE.AR5",0,5.1751
"10616","YR2023","GNQ","EN.GHG.CO2.LU.DF.MT.CE.AR5",0,3.3778
"10617","YR2000","ERI","EN.GHG.CO2.LU.MT.CE.AR5",0,-0.23
"10618","YR2000","ERI","EN.GHG.CO2.LU.FL.MT.CE.AR5",0,-0.23
"10619","YR2000","ERI","EN.GHG.CO2.LU.DF.MT.CE.AR5",0,0
"10620","YR2001","ERI","EN.GHG.CO2.LU.MT.CE.AR5",0,-0.23
"10621","YR2001","ERI","EN.GHG.CO2.LU.FL.MT.CE.AR5",0,-0.23
"10622","YR2001","ERI","EN.GHG.CO2.LU.DF.MT.CE.AR5",0,0
"10623","YR2002","ERI","EN.GHG.CO2.LU.MT.CE.AR5",0,-0.23
"10624","YR2002","ERI","EN.GHG.CO2.LU.FL.MT.CE.AR5",0,-0.23
"10625","YR2002","ERI","EN.GHG.CO2.LU.DF.MT.CE.AR5",0,0
"10626","YR2003","ERI","EN.GHG.CO2.LU.MT.CE.AR5",0,-0.23
"10627","YR2003","ERI","EN.GHG.CO2.LU.FL.MT.CE.AR5",0,-0.23
"10628","YR2003","ERI","EN.GHG.CO2.LU.DF.MT.CE.AR5",0,0
"10629","YR2004","ERI","EN.GHG.CO2.LU.MT.CE.AR5",0,-0.23
"10630","YR2004","ERI","EN.GHG.CO2.LU.FL.MT.CE.AR5",0,-0.23
"10631","YR2004","ERI","EN.GHG.CO2.LU.DF.MT.CE.AR5",0,0
"10632","YR2005","ERI","EN.GHG.CO2.LU.MT.CE.AR5",0,-0.227
"10633","YR2005","ERI","EN.GHG.CO2.LU.FL.MT.CE.AR5",0,-0.227
"10634","YR2005","ERI","EN.GHG.CO2.LU.DF.MT.CE.AR5",0,0
"10635","YR2006","ERI","EN.GHG.CO2.LU.MT.CE.AR5",0,-0.227
"10636","YR2006","ERI","EN.GHG.CO2.LU.FL.MT.CE.AR5",0,-0.227
"10637","YR2006","ERI","EN.GHG.CO2.LU.DF.MT.CE.AR5",0,0
"10638","YR2007","ERI","EN.GHG.CO2.LU.MT.CE.AR5",0,-0.227
"10639","YR2007","ERI","EN.GHG.CO2.LU.FL.MT.CE.AR5",0,-0.227
"10640","YR2007","ERI","EN.GHG.CO2.LU.DF.MT.CE.AR5",0,0
"10641","YR2008","ERI","EN.GHG.CO2.LU.MT.CE.AR5",0,-0.227
"10642","YR2008","ERI","EN.GHG.CO2.LU.FL.MT.CE.AR5",0,-0.227
"10643","YR2008","ERI","EN.GHG.CO2.LU.DF.MT.CE.AR5",0,0
"10644","YR2009","ERI","EN.GHG.CO2.LU.MT.CE.AR5",0,-0.227
"10645","YR2009","ERI","EN.GHG.CO2.LU.FL.MT.CE.AR5",0,-0.227
"10646","YR2009","ERI","EN.GHG.CO2.LU.DF.MT.CE.AR5",0,0
"10647","YR2010","ERI","EN.GHG.CO2.LU.MT.CE.AR5",0,-0.221
"10648","YR2010","ERI","EN.GHG.CO2.LU.FL.MT.CE.AR5",0,-0.221
"10649","YR2010","ERI","EN.GHG.CO2.LU.DF.MT.CE.AR5",0,0
"10650","YR2011","ERI","EN.GHG.CO2.LU.MT.CE.AR5",0,-0.221
"10651","YR2011","ERI","EN.GHG.CO2.LU.FL.MT.CE.AR5",0,-0.221
"10652","YR2011","ERI","EN.GHG.CO2.LU.DF.MT.CE.AR5",0,0
"10653","YR2012","ERI","EN.GHG.CO2.LU.MT.CE.AR5",0,-0.221
"10654","YR2012","ERI","EN.GHG.CO2.LU.FL.MT.CE.AR5",0,-0.221
"10655","YR2012","ERI","EN.GHG.CO2.LU.DF.MT.CE.AR5",0,0
"10656","YR2013","ERI","EN.GHG.CO2.LU.MT.CE.AR5",0,-0.221
"10657","YR2013","ERI","EN.GHG.CO2.LU.FL.MT.CE.AR5",0,-0.221
"10658","YR2013","ERI","EN.GHG.CO2.LU.DF.MT.CE.AR5",0,0
"10659","YR2014","ERI","EN.GHG.CO2.LU.MT.CE.AR5",0,-0.221
"10660","YR2014","ERI","EN.GHG.CO2.LU.FL.MT.CE.AR5",0,-0.221
"10661","YR2014","ERI","EN.GHG.CO2.LU.DF.MT.CE.AR5",0,0
"10662","YR2015","ERI","EN.GHG.CO2.LU.MT.CE.AR5",0,-0.212
"10663","YR2015","ERI","EN.GHG.CO2.LU.FL.MT.CE.AR5",0,-0.212
"10664","YR2015","ERI","EN.GHG.CO2.LU.DF.MT.CE.AR5",0,0
"10665","YR2016","ERI","EN.GHG.CO2.LU.MT.CE.AR5",0,-0.212
"10666","YR2016","ERI","EN.GHG.CO2.LU.FL.MT.CE.AR5",0,-0.212
"10667","YR2016","ERI","EN.GHG.CO2.LU.DF.MT.CE.AR5",0,0
"10668","YR2017","ERI","EN.GHG.CO2.LU.MT.CE.AR5",0,-0.212
"10669","YR2017","ERI","EN.GHG.CO2.LU.FL.MT.CE.AR5",0,-0.212
"10670","YR2017","ERI","EN.GHG.CO2.LU.DF.MT.CE.AR5",0,0
"10671","YR2018","ERI","EN.GHG.CO2.LU.MT.CE.AR5",0,-0.212
"10672","YR2018","ERI","EN.GHG.CO2.LU.FL.MT.CE.AR5",0,-0.212
"10673","YR2018","ERI","EN.GHG.CO2.LU.DF.MT.CE.AR5",0,0
"10674","YR2019","ERI","EN.GHG.CO2.LU.MT.CE.AR5",0,-0.212
"10675","YR2019","ERI","EN.GHG.CO2.LU.FL.MT.CE.AR5",0,-0.212
"10676","YR2019","ERI","EN.GHG.CO2.LU.DF.MT.CE.AR5",0,0
"10677","YR2020","ERI","EN.GHG.CO2.LU.MT.CE.AR5",0,-0.212
"10678","YR2020","ERI","EN.GHG.CO2.LU.FL.MT.CE.AR5",0,-0.212
"10679","YR2020","ERI","EN.GHG.CO2.LU.DF.MT.CE.AR5",0,0
"10680","YR2021","ERI","EN.GHG.CO2.LU.MT.CE.AR5",0,-0.212
"10681","YR2021","ERI","EN.GHG.CO2.LU.FL.MT.CE.AR5",0,-0.212
"10682","YR2021","ERI","EN.GHG.CO2.LU.DF.MT.CE.AR5",0,0
"10683","YR2022","ERI","EN.GHG.CO2.LU.MT.CE.AR5",0,-0.212
"10684","YR2022","ERI","EN.GHG.CO2.LU.FL.MT.CE.AR5",0,-0.212
"10685","YR2022","ERI","EN.GHG.CO2.LU.DF.MT.CE.AR5",0,0
"10686","YR2023","ERI","EN.GHG.CO2.LU.MT.CE.AR5",0,-0.212
"10687","YR2023","ERI","EN.GHG.CO2.LU.FL.MT.CE.AR5",0,-0.212
"10688","YR2023","ERI","EN.GHG.CO2.LU.DF.MT.CE.AR5",0,0
"10689","YR2000","ETH","EN.GHG.CO2.LU.MT.CE.AR5",0,-27.6169
"10690","YR2000","ETH","EN.GHG.CO2.LU.FL.MT.CE.AR5",0,-58.6888
"10691","YR2000","ETH","EN.GHG.CO2.LU.DF.MT.CE.AR5",0,27.2317
"10692","YR2000","ETH","EN.GHG.CO2.LU.OL.MT.CE.AR5",0,3.8541
"10693","YR2001","ETH","EN.GHG.CO2.LU.MT.CE.AR5",0,-18.3508
"10694","YR2001","ETH","EN.GHG.CO2.LU.FL.MT.CE.AR5",0,-60.3953
"10695","YR2001","ETH","EN.GHG.CO2.LU.DF.MT.CE.AR5",0,35.6695
"10696","YR2001","ETH","EN.GHG.CO2.LU.OL.MT.CE.AR5",0,6.3904
"10697","YR2002","ETH","EN.GHG.CO2.LU.MT.CE.AR5",0,-9.0847
"10698","YR2002","ETH","EN.GHG.CO2.LU.FL.MT.CE.AR5",0,-62.1018
"10699","YR2002","ETH","EN.GHG.CO2.LU.DF.MT.CE.AR5",0,44.1073
"10700","YR2002","ETH","EN.GHG.CO2.LU.OL.MT.CE.AR5",0,8.9266
"10701","YR2003","ETH","EN.GHG.CO2.LU.MT.CE.AR5",0,0.1814
"10702","YR2003","ETH","EN.GHG.CO2.LU.FL.MT.CE.AR5",0,-63.8083
"10703","YR2003","ETH","EN.GHG.CO2.LU.DF.MT.CE.AR5",0,52.5451
"10704","YR2003","ETH","EN.GHG.CO2.LU.OL.MT.CE.AR5",0,11.4628
"10705","YR2004","ETH","EN.GHG.CO2.LU.MT.CE.AR5",0,9.4475
"10706","YR2004","ETH","EN.GHG.CO2.LU.FL.MT.CE.AR5",0,-65.5149
"10707","YR2004","ETH","EN.GHG.CO2.LU.DF.MT.CE.AR5",0,60.9829
"10708","YR2004","ETH","EN.GHG.CO2.LU.OL.MT.CE.AR5",0,13.999
"10709","YR2005","ETH","EN.GHG.CO2.LU.MT.CE.AR5",0,18.7136
"10710","YR2005","ETH","EN.GHG.CO2.LU.FL.MT.CE.AR5",0,-67.2214
"10711","YR2005","ETH","EN.GHG.CO2.LU.DF.MT.CE.AR5",0,69.4207
"10712","YR2005","ETH","EN.GHG.CO2.LU.OL.MT.CE.AR5",0,16.5353
"10713","YR2006","ETH","EN.GHG.CO2.LU.MT.CE.AR5",0,27.9797
"10714","YR2006","ETH","EN.GHG.CO2.LU.FL.MT.CE.AR5",0,-68.9279
"10715","YR2006","ETH","EN.GHG.CO2.LU.DF.MT.CE.AR5",0,77.8585
"10716","YR2006","ETH","EN.GHG.CO2.LU.OL.MT.CE.AR5",0,19.0715
"10717","YR2007","ETH","EN.GHG.CO2.LU.MT.CE.AR5",0,37.2458
"10718","YR2007","ETH","EN.GHG.CO2.LU.FL.MT.CE.AR5",0,-70.6344
"10719","YR2007","ETH","EN.GHG.CO2.LU.DF.MT.CE.AR5",0,86.2964
"10720","YR2007","ETH","EN.GHG.CO2.LU.OL.MT.CE.AR5",0,21.6077
"10721","YR2008","ETH","EN.GHG.CO2.LU.MT.CE.AR5",0,46.5119
"10722","YR2008","ETH","EN.GHG.CO2.LU.FL.MT.CE.AR5",0,-72.3409
"10723","YR2008","ETH","EN.GHG.CO2.LU.DF.MT.CE.AR5",0,94.7342
"10724","YR2008","ETH","EN.GHG.CO2.LU.OL.MT.CE.AR5",0,24.1439
"10725","YR2009","ETH","EN.GHG.CO2.LU.MT.CE.AR5",0,55.778
"10726","YR2009","ETH","EN.GHG.CO2.LU.FL.MT.CE.AR5",0,-74.0474
"10727","YR2009","ETH","EN.GHG.CO2.LU.DF.MT.CE.AR5",0,103.172
"10728","YR2009","ETH","EN.GHG.CO2.LU.OL.MT.CE.AR5",0,26.6802
"10729","YR2010","ETH","EN.GHG.CO2.LU.MT.CE.AR5",0,65.0441
"10730","YR2010","ETH","EN.GHG.CO2.LU.FL.MT.CE.AR5",0,-75.754
"10731","YR2010","ETH","EN.GHG.CO2.LU.DF.MT.CE.AR5",0,111.6098
"10732","YR2010","ETH","EN.GHG.CO2.LU.OL.MT.CE.AR5",0,29.2164
"10733","YR2011","ETH","EN.GHG.CO2.LU.MT.CE.AR5",0,74.3102
"10734","YR2011","ETH","EN.GHG.CO2.LU.FL.MT.CE.AR5",0,-77.4605
"10735","YR2011","ETH","EN.GHG.CO2.LU.DF.MT.CE.AR5",0,120.0476
"10736","YR2011","ETH","EN.GHG.CO2.LU.OL.MT.CE.AR5",0,31.7526
"10737","YR2012","ETH","EN.GHG.CO2.LU.MT.CE.AR5",0,83.5763
"10738","YR2012","ETH","EN.GHG.CO2.LU.FL.MT.CE.AR5",0,-79.167
"10739","YR2012","ETH","EN.GHG.CO2.LU.DF.MT.CE.AR5",0,128.4854
"10740","YR2012","ETH","EN.GHG.CO2.LU.OL.MT.CE.AR5",0,34.2888
"10741","YR2013","ETH","EN.GHG.CO2.LU.MT.CE.AR5",0,92.8424
"10742","YR2013","ETH","EN.GHG.CO2.LU.FL.MT.CE.AR5",0,-80.8735
"10743","YR2013","ETH","EN.GHG.CO2.LU.DF.MT.CE.AR5",0,136.9232
"10744","YR2013","ETH","EN.GHG.CO2.LU.OL.MT.CE.AR5",0,36.8251
"10745","YR2014","ETH","EN.GHG.CO2.LU.MT.CE.AR5",0,98.8807
"10746","YR2014","ETH","EN.GHG.CO2.LU.FL.MT.CE.AR5",0,-80.4278
"10747","YR2014","ETH","EN.GHG.CO2.LU.DF.MT.CE.AR5",0,140.8218
"10748","YR2014","ETH","EN.GHG.CO2.LU.OL.MT.CE.AR5",0,38.5204
"10749","YR2015","ETH","EN.GHG.CO2.LU.MT.CE.AR5",0,104.919
"10750","YR2015","ETH","EN.GHG.CO2.LU.FL.MT.CE.AR5",0,-79.982
"10751","YR2015","ETH","EN.GHG.CO2.LU.DF.MT.CE.AR5",0,144.7204
"10752","YR2015","ETH","EN.GHG.CO2.LU.OL.MT.CE.AR5",0,40.2156
"10753","YR2016","ETH","EN.GHG.CO2.LU.MT.CE.AR5",0,110.9573
"10754","YR2016","ETH","EN.GHG.CO2.LU.FL.MT.CE.AR5",0,-79.5363
"10755","YR2016","ETH","EN.GHG.CO2.LU.DF.MT.CE.AR5",0,148.619
"10756","YR2016","ETH","EN.GHG.CO2.LU.OL.MT.CE.AR5",0,41.9109
"10757","YR2017","ETH","EN.GHG.CO2.LU.MT.CE.AR5",0,116.9956
"10758","YR2017","ETH","EN.GHG.CO2.LU.FL.MT.CE.AR5",0,-79.0905
"10759","YR2017","ETH","EN.GHG.CO2.LU.DF.MT.CE.AR5",0,152.5176
"10760","YR2017","ETH","EN.GHG.CO2.LU.OL.MT.CE.AR5",0,43.6062
"10761","YR2018","ETH","EN.GHG.CO2.LU.MT.CE.AR5",0,123.0338
"10762","YR2018","ETH","EN.GHG.CO2.LU.FL.MT.CE.AR5",0,-78.6448
"10763","YR2018","ETH","EN.GHG.CO2.LU.DF.MT.CE.AR5",0,156.4162
"10764","YR2018","ETH","EN.GHG.CO2.LU.OL.MT.CE.AR5",0,45.3015
"10765","YR2019","ETH","EN.GHG.CO2.LU.MT.CE.AR5",0,123.0338
"10766","YR2019","ETH","EN.GHG.CO2.LU.FL.MT.CE.AR5",0,-78.6448
"10767","YR2019","ETH","EN.GHG.CO2.LU.DF.MT.CE.AR5",0,156.4162
"10768","YR2019","ETH","EN.GHG.CO2.LU.OL.MT.CE.AR5",0,45.3015
"10769","YR2020","ETH","EN.GHG.CO2.LU.MT.CE.AR5",0,123.0338
"10770","YR2020","ETH","EN.GHG.CO2.LU.FL.MT.CE.AR5",0,-78.6448
"10771","YR2020","ETH","EN.GHG.CO2.LU.DF.MT.CE.AR5",0,156.4162
"10772","YR2020","ETH","EN.GHG.CO2.LU.OL.MT.CE.AR5",0,45.3015
"10773","YR2021","ETH","EN.GHG.CO2.LU.MT.CE.AR5",0,123.0338
"10774","YR2021","ETH","EN.GHG.CO2.LU.FL.MT.CE.AR5",0,-78.6448
"10775","YR2021","ETH","EN.GHG.CO2.LU.DF.MT.CE.AR5",0,156.4162
"10776","YR2021","ETH","EN.GHG.CO2.LU.OL.MT.CE.AR5",0,45.3015
"10777","YR2022","ETH","EN.GHG.CO2.LU.MT.CE.AR5",0,123.0338
"10778","YR2022","ETH","EN.GHG.CO2.LU.FL.MT.CE.AR5",0,-78.6448
"10779","YR2022","ETH","EN.GHG.CO2.LU.DF.MT.CE.AR5",0,156.4162
"10780","YR2022","ETH","EN.GHG.CO2.LU.OL.MT.CE.AR5",0,45.3015
"10781","YR2023","ETH","EN.GHG.CO2.LU.MT.CE.AR5",0,123.0338
"10782","YR2023","ETH","EN.GHG.CO2.LU.FL.MT.CE.AR5",0,-78.6448
"10783","YR2023","ETH","EN.GHG.CO2.LU.DF.MT.CE.AR5",0,156.4162
"10784","YR2023","ETH","EN.GHG.CO2.LU.OL.MT.CE.AR5",0,45.3015
"10785","YR2000","FJI","EN.GHG.CO2.LU.MT.CE.AR5",0,0.31
"10786","YR2000","FJI","EN.GHG.CO2.LU.FL.MT.CE.AR5",0,0.31
"10787","YR2000","FJI","EN.GHG.CO2.LU.DF.MT.CE.AR5",0,0
"10788","YR2001","FJI","EN.GHG.CO2.LU.MT.CE.AR5",0,0.31
"10789","YR2001","FJI","EN.GHG.CO2.LU.FL.MT.CE.AR5",0,0.31
"10790","YR2001","FJI","EN.GHG.CO2.LU.DF.MT.CE.AR5",0,0
"10791","YR2002","FJI","EN.GHG.CO2.LU.MT.CE.AR5",0,0.31
"10792","YR2002","FJI","EN.GHG.CO2.LU.FL.MT.CE.AR5",0,0.31
"10793","YR2002","FJI","EN.GHG.CO2.LU.DF.MT.CE.AR5",0,0
"10794","YR2003","FJI","EN.GHG.CO2.LU.MT.CE.AR5",0,0.31
"10795","YR2003","FJI","EN.GHG.CO2.LU.FL.MT.CE.AR5",0,0.31
"10796","YR2003","FJI","EN.GHG.CO2.LU.DF.MT.CE.AR5",0,0
"10797","YR2004","FJI","EN.GHG.CO2.LU.MT.CE.AR5",0,0.31
"10798","YR2004","FJI","EN.GHG.CO2.LU.FL.MT.CE.AR5",0,0.31
"10799","YR2004","FJI","EN.GHG.CO2.LU.DF.MT.CE.AR5",0,0
"10800","YR2005","FJI","EN.GHG.CO2.LU.MT.CE.AR5",0,0.31
"10801","YR2005","FJI","EN.GHG.CO2.LU.FL.MT.CE.AR5",0,0.31
"10802","YR2005","FJI","EN.GHG.CO2.LU.DF.MT.CE.AR5",0,0
"10803","YR2006","FJI","EN.GHG.CO2.LU.MT.CE.AR5",0,0.31
"10804","YR2006","FJI","EN.GHG.CO2.LU.FL.MT.CE.AR5",0,0.31
"10805","YR2006","FJI","EN.GHG.CO2.LU.DF.MT.CE.AR5",0,0
"10806","YR2007","FJI","EN.GHG.CO2.LU.MT.CE.AR5",0,0.33
"10807","YR2007","FJI","EN.GHG.CO2.LU.FL.MT.CE.AR5",0,0.33
"10808","YR2007","FJI","EN.GHG.CO2.LU.DF.MT.CE.AR5",0,0
"10809","YR2008","FJI","EN.GHG.CO2.LU.MT.CE.AR5",0,0.57
"10810","YR2008","FJI","EN.GHG.CO2.LU.FL.MT.CE.AR5",0,0.57
"10811","YR2008","FJI","EN.GHG.CO2.LU.DF.MT.CE.AR5",0,0
"10812","YR2009","FJI","EN.GHG.CO2.LU.MT.CE.AR5",0,-0.25
"10813","YR2009","FJI","EN.GHG.CO2.LU.FL.MT.CE.AR5",0,-0.25
"10814","YR2009","FJI","EN.GHG.CO2.LU.DF.MT.CE.AR5",0,0
"10815","YR2010","FJI","EN.GHG.CO2.LU.MT.CE.AR5",0,0.76
"10816","YR2010","FJI","EN.GHG.CO2.LU.FL.MT.CE.AR5",0,0.76
"10817","YR2010","FJI","EN.GHG.CO2.LU.DF.MT.CE.AR5",0,0
"10818","YR2011","FJI","EN.GHG.CO2.LU.MT.CE.AR5",0,0.56
"10819","YR2011","FJI","EN.GHG.CO2.LU.FL.MT.CE.AR5",0,0.56
"10820","YR2011","FJI","EN.GHG.CO2.LU.DF.MT.CE.AR5",0,0
"10821","YR2012","FJI","EN.GHG.CO2.LU.MT.CE.AR5",0,0.56
"10822","YR2012","FJI","EN.GHG.CO2.LU.FL.MT.CE.AR5",0,0.56
"10823","YR2012","FJI","EN.GHG.CO2.LU.DF.MT.CE.AR5",0,0
"10824","YR2013","FJI","EN.GHG.CO2.LU.MT.CE.AR5",0,0.56
"10825","YR2013","FJI","EN.GHG.CO2.LU.FL.MT.CE.AR5",0,0.56
"10826","YR2013","FJI","EN.GHG.CO2.LU.DF.MT.CE.AR5",0,0
"10827","YR2014","FJI","EN.GHG.CO2.LU.MT.CE.AR5",0,0.56
"10828","YR2014","FJI","EN.GHG.CO2.LU.FL.MT.CE.AR5",0,0.56
"10829","YR2014","FJI","EN.GHG.CO2.LU.DF.MT.CE.AR5",0,0
"10830","YR2015","FJI","EN.GHG.CO2.LU.MT.CE.AR5",0,0.56
"10831","YR2015","FJI","EN.GHG.CO2.LU.FL.MT.CE.AR5",0,0.56
"10832","YR2015","FJI","EN.GHG.CO2.LU.DF.MT.CE.AR5",0,0
"10833","YR2016","FJI","EN.GHG.CO2.LU.MT.CE.AR5",0,0.56
"10834","YR2016","FJI","EN.GHG.CO2.LU.FL.MT.CE.AR5",0,0.56
"10835","YR2016","FJI","EN.GHG.CO2.LU.DF.MT.CE.AR5",0,0
"10836","YR2017","FJI","EN.GHG.CO2.LU.MT.CE.AR5",0,0.56
"10837","YR2017","FJI","EN.GHG.CO2.LU.FL.MT.CE.AR5",0,0.56
"10838","YR2017","FJI","EN.GHG.CO2.LU.DF.MT.CE.AR5",0,0
"10839","YR2018","FJI","EN.GHG.CO2.LU.MT.CE.AR5",0,0.56
"10840","YR2018","FJI","EN.GHG.CO2.LU.FL.MT.CE.AR5",0,0.56
"10841","YR2018","FJI","EN.GHG.CO2.LU.DF.MT.CE.AR5",0,0
"10842","YR2019","FJI","EN.GHG.CO2.LU.MT.CE.AR5",0,0.56
"10843","YR2019","FJI","EN.GHG.CO2.LU.FL.MT.CE.AR5",0,0.56
"10844","YR2019","FJI","EN.GHG.CO2.LU.DF.MT.CE.AR5",0,0
"10845","YR2020","FJI","EN.GHG.CO2.LU.MT.CE.AR5",0,0.56
"10846","YR2020","FJI","EN.GHG.CO2.LU.FL.MT.CE.AR5",0,0.56
"10847","YR2020","FJI","EN.GHG.CO2.LU.DF.MT.CE.AR5",0,0
"10848","YR2021","FJI","EN.GHG.CO2.LU.MT.CE.AR5",0,0.56
"10849","YR2021","FJI","EN.GHG.CO2.LU.FL.MT.CE.AR5",0,0.56
"10850","YR2021","FJI","EN.GHG.CO2.LU.DF.MT.CE.AR5",0,0
"10851","YR2022","FJI","EN.GHG.CO2.LU.MT.CE.AR5",0,0.56
"10852","YR2022","FJI","EN.GHG.CO2.LU.FL.MT.CE.AR5",0,0.56
"10853","YR2022","FJI","EN.GHG.CO2.LU.DF.MT.CE.AR5",0,0
"10854","YR2023","FJI","EN.GHG.CO2.LU.MT.CE.AR5",0,0.56
"10855","YR2023","FJI","EN.GHG.CO2.LU.FL.MT.CE.AR5",0,0.56
"10856","YR2023","FJI","EN.GHG.CO2.LU.DF.MT.CE.AR5",0,0
"10857","YR2000","GAB","EN.GHG.CO2.LU.MT.CE.AR5",0,-97.548
"10858","YR2000","GAB","EN.GHG.CO2.LU.FL.MT.CE.AR5",0,-98.063
"10859","YR2000","GAB","EN.GHG.CO2.LU.DF.MT.CE.AR5",0,0.515
"10860","YR2000","GAB","EN.GHG.CO2.LU.OL.MT.CE.AR5",0,0
"10861","YR2001","GAB","EN.GHG.CO2.LU.MT.CE.AR5",0,-99.0856
"10862","YR2001","GAB","EN.GHG.CO2.LU.FL.MT.CE.AR5",0,-100.777
"10863","YR2001","GAB","EN.GHG.CO2.LU.DF.MT.CE.AR5",0,1.6914
"10864","YR2001","GAB","EN.GHG.CO2.LU.OL.MT.CE.AR5",0,0
"10865","YR2002","GAB","EN.GHG.CO2.LU.MT.CE.AR5",0,-100.6232
"10866","YR2002","GAB","EN.GHG.CO2.LU.FL.MT.CE.AR5",0,-103.491
"10867","YR2002","GAB","EN.GHG.CO2.LU.DF.MT.CE.AR5",0,2.8678
"10868","YR2002","GAB","EN.GHG.CO2.LU.OL.MT.CE.AR5",0,0
"10869","YR2003","GAB","EN.GHG.CO2.LU.MT.CE.AR5",0,-102.1608
"10870","YR2003","GAB","EN.GHG.CO2.LU.FL.MT.CE.AR5",0,-106.205
"10871","YR2003","GAB","EN.GHG.CO2.LU.DF.MT.CE.AR5",0,4.0442
"10872","YR2003","GAB","EN.GHG.CO2.LU.OL.MT.CE.AR5",0,0
"10873","YR2004","GAB","EN.GHG.CO2.LU.MT.CE.AR5",0,-103.6984
"10874","YR2004","GAB","EN.GHG.CO2.LU.FL.MT.CE.AR5",0,-108.919
"10875","YR2004","GAB","EN.GHG.CO2.LU.DF.MT.CE.AR5",0,5.2206
"10876","YR2004","GAB","EN.GHG.CO2.LU.OL.MT.CE.AR5",0,0
"10877","YR2005","GAB","EN.GHG.CO2.LU.MT.CE.AR5",0,-105.236
"10878","YR2005","GAB","EN.GHG.CO2.LU.FL.MT.CE.AR5",0,-111.633
"10879","YR2005","GAB","EN.GHG.CO2.LU.DF.MT.CE.AR5",0,6.397
"10880","YR2005","GAB","EN.GHG.CO2.LU.OL.MT.CE.AR5",0,0
"10881","YR2006","GAB","EN.GHG.CO2.LU.MT.CE.AR5",0,-108.4656
"10882","YR2006","GAB","EN.GHG.CO2.LU.FL.MT.CE.AR5",0,-114.6588
"10883","YR2006","GAB","EN.GHG.CO2.LU.DF.MT.CE.AR5",0,6.1932
"10884","YR2006","GAB","EN.GHG.CO2.LU.OL.MT.CE.AR5",0,0
"10885","YR2007","GAB","EN.GHG.CO2.LU.MT.CE.AR5",0,-111.6952
"10886","YR2007","GAB","EN.GHG.CO2.LU.FL.MT.CE.AR5",0,-117.6846
"10887","YR2007","GAB","EN.GHG.CO2.LU.DF.MT.CE.AR5",0,5.9894
"10888","YR2007","GAB","EN.GHG.CO2.LU.OL.MT.CE.AR5",0,0
"10889","YR2008","GAB","EN.GHG.CO2.LU.MT.CE.AR5",0,-114.9248
"10890","YR2008","GAB","EN.GHG.CO2.LU.FL.MT.CE.AR5",0,-120.7104
"10891","YR2008","GAB","EN.GHG.CO2.LU.DF.MT.CE.AR5",0,5.7856
"10892","YR2008","GAB","EN.GHG.CO2.LU.OL.MT.CE.AR5",0,0
"10893","YR2009","GAB","EN.GHG.CO2.LU.MT.CE.AR5",0,-118.1544
"10894","YR2009","GAB","EN.GHG.CO2.LU.FL.MT.CE.AR5",0,-123.7362
"10895","YR2009","GAB","EN.GHG.CO2.LU.DF.MT.CE.AR5",0,5.5818
"10896","YR2009","GAB","EN.GHG.CO2.LU.OL.MT.CE.AR5",0,0
"10897","YR2010","GAB","EN.GHG.CO2.LU.MT.CE.AR5",0,-121.384
"10898","YR2010","GAB","EN.GHG.CO2.LU.FL.MT.CE.AR5",0,-126.762
"10899","YR2010","GAB","EN.GHG.CO2.LU.DF.MT.CE.AR5",0,5.378
"10900","YR2010","GAB","EN.GHG.CO2.LU.OL.MT.CE.AR5",0,0
"10901","YR2011","GAB","EN.GHG.CO2.LU.MT.CE.AR5",0,-116.974
"10902","YR2011","GAB","EN.GHG.CO2.LU.FL.MT.CE.AR5",0,-128.283
"10903","YR2011","GAB","EN.GHG.CO2.LU.DF.MT.CE.AR5",0,11.309
"10904","YR2011","GAB","EN.GHG.CO2.LU.OL.MT.CE.AR5",0,0
"10905","YR2012","GAB","EN.GHG.CO2.LU.MT.CE.AR5",0,-117.668
"10906","YR2012","GAB","EN.GHG.CO2.LU.FL.MT.CE.AR5",0,-128.976
"10907","YR2012","GAB","EN.GHG.CO2.LU.DF.MT.CE.AR5",0,11.308
"10908","YR2012","GAB","EN.GHG.CO2.LU.OL.MT.CE.AR5",0,0
"10909","YR2013","GAB","EN.GHG.CO2.LU.MT.CE.AR5",0,-114.714
"10910","YR2013","GAB","EN.GHG.CO2.LU.FL.MT.CE.AR5",0,-126.023
"10911","YR2013","GAB","EN.GHG.CO2.LU.DF.MT.CE.AR5",0,11.309
"10912","YR2013","GAB","EN.GHG.CO2.LU.OL.MT.CE.AR5",0,0
"10913","YR2014","GAB","EN.GHG.CO2.LU.MT.CE.AR5",0,-113.787
"10914","YR2014","GAB","EN.GHG.CO2.LU.FL.MT.CE.AR5",0,-125.099
"10915","YR2014","GAB","EN.GHG.CO2.LU.DF.MT.CE.AR5",0,11.312
"10916","YR2014","GAB","EN.GHG.CO2.LU.OL.MT.CE.AR5",0,0
"10917","YR2015","GAB","EN.GHG.CO2.LU.MT.CE.AR5",0,-114.633
"10918","YR2015","GAB","EN.GHG.CO2.LU.FL.MT.CE.AR5",0,-125.945
"10919","YR2015","GAB","EN.GHG.CO2.LU.DF.MT.CE.AR5",0,11.312
"10920","YR2015","GAB","EN.GHG.CO2.LU.OL.MT.CE.AR5",0,0
"10921","YR2016","GAB","EN.GHG.CO2.LU.MT.CE.AR5",0,-112.808
"10922","YR2016","GAB","EN.GHG.CO2.LU.FL.MT.CE.AR5",0,-124.326
"10923","YR2016","GAB","EN.GHG.CO2.LU.DF.MT.CE.AR5",0,11.518
"10924","YR2016","GAB","EN.GHG.CO2.LU.OL.MT.CE.AR5",0,0
"10925","YR2017","GAB","EN.GHG.CO2.LU.MT.CE.AR5",0,-108.801
"10926","YR2017","GAB","EN.GHG.CO2.LU.FL.MT.CE.AR5",0,-120.321
"10927","YR2017","GAB","EN.GHG.CO2.LU.DF.MT.CE.AR5",0,11.52
"10928","YR2017","GAB","EN.GHG.CO2.LU.OL.MT.CE.AR5",0,0
"10929","YR2018","GAB","EN.GHG.CO2.LU.MT.CE.AR5",0,-108.801
"10930","YR2018","GAB","EN.GHG.CO2.LU.FL.MT.CE.AR5",0,-120.321
"10931","YR2018","GAB","EN.GHG.CO2.LU.DF.MT.CE.AR5",0,11.52
"10932","YR2018","GAB","EN.GHG.CO2.LU.OL.MT.CE.AR5",0,0
"10933","YR2019","GAB","EN.GHG.CO2.LU.MT.CE.AR5",0,-108.801
"10934","YR2019","GAB","EN.GHG.CO2.LU.FL.MT.CE.AR5",0,-120.321
"10935","YR2019","GAB","EN.GHG.CO2.LU.DF.MT.CE.AR5",0,11.52
"10936","YR2019","GAB","EN.GHG.CO2.LU.OL.MT.CE.AR5",0,0
"10937","YR2020","GAB","EN.GHG.CO2.LU.MT.CE.AR5",0,-108.801
"10938","YR2020","GAB","EN.GHG.CO2.LU.FL.MT.CE.AR5",0,-120.321
"10939","YR2020","GAB","EN.GHG.CO2.LU.DF.MT.CE.AR5",0,11.52
"10940","YR2020","GAB","EN.GHG.CO2.LU.OL.MT.CE.AR5",0,0
"10941","YR2021","GAB","EN.GHG.CO2.LU.MT.CE.AR5",0,-108.801
"10942","YR2021","GAB","EN.GHG.CO2.LU.FL.MT.CE.AR5",0,-120.321
"10943","YR2021","GAB","EN.GHG.CO2.LU.DF.MT.CE.AR5",0,11.52
"10944","YR2021","GAB","EN.GHG.CO2.LU.OL.MT.CE.AR5",0,0
"10945","YR2022","GAB","EN.GHG.CO2.LU.MT.CE.AR5",0,-108.801
"10946","YR2022","GAB","EN.GHG.CO2.LU.FL.MT.CE.AR5",0,-120.321
"10947","YR2022","GAB","EN.GHG.CO2.LU.DF.MT.CE.AR5",0,11.52
"10948","YR2022","GAB","EN.GHG.CO2.LU.OL.MT.CE.AR5",0,0
"10949","YR2023","GAB","EN.GHG.CO2.LU.MT.CE.AR5",0,-108.801
"10950","YR2023","GAB","EN.GHG.CO2.LU.FL.MT.CE.AR5",0,-120.321
"10951","YR2023","GAB","EN.GHG.CO2.LU.DF.MT.CE.AR5",0,11.52
"10952","YR2023","GAB","EN.GHG.CO2.LU.OL.MT.CE.AR5",0,0
"10953","YR2000","GMB","EN.GHG.CO2.LU.MT.CE.AR5",0,1.192
"10954","YR2000","GMB","EN.GHG.CO2.LU.FL.MT.CE.AR5",0,-1.109
"10955","YR2000","GMB","EN.GHG.CO2.LU.DF.MT.CE.AR5",0,2.301
"10956","YR2001","GMB","EN.GHG.CO2.LU.MT.CE.AR5",0,1.192
"10957","YR2001","GMB","EN.GHG.CO2.LU.FL.MT.CE.AR5",0,-1.109
"10958","YR2001","GMB","EN.GHG.CO2.LU.DF.MT.CE.AR5",0,2.301
"10959","YR2002","GMB","EN.GHG.CO2.LU.MT.CE.AR5",0,1.192
"10960","YR2002","GMB","EN.GHG.CO2.LU.FL.MT.CE.AR5",0,-1.109
"10961","YR2002","GMB","EN.GHG.CO2.LU.DF.MT.CE.AR5",0,2.301
"10962","YR2003","GMB","EN.GHG.CO2.LU.MT.CE.AR5",0,1.192
"10963","YR2003","GMB","EN.GHG.CO2.LU.FL.MT.CE.AR5",0,-1.109
"10964","YR2003","GMB","EN.GHG.CO2.LU.DF.MT.CE.AR5",0,2.301
"10965","YR2004","GMB","EN.GHG.CO2.LU.MT.CE.AR5",0,1.192
"10966","YR2004","GMB","EN.GHG.CO2.LU.FL.MT.CE.AR5",0,-1.109
"10967","YR2004","GMB","EN.GHG.CO2.LU.DF.MT.CE.AR5",0,2.301
"10968","YR2005","GMB","EN.GHG.CO2.LU.MT.CE.AR5",0,1.192
"10969","YR2005","GMB","EN.GHG.CO2.LU.FL.MT.CE.AR5",0,-1.109
"10970","YR2005","GMB","EN.GHG.CO2.LU.DF.MT.CE.AR5",0,2.301
"10971","YR2006","GMB","EN.GHG.CO2.LU.MT.CE.AR5",0,1.192
"10972","YR2006","GMB","EN.GHG.CO2.LU.FL.MT.CE.AR5",0,-1.109
"10973","YR2006","GMB","EN.GHG.CO2.LU.DF.MT.CE.AR5",0,2.301
"10974","YR2007","GMB","EN.GHG.CO2.LU.MT.CE.AR5",0,1.192
"10975","YR2007","GMB","EN.GHG.CO2.LU.FL.MT.CE.AR5",0,-1.109
"10976","YR2007","GMB","EN.GHG.CO2.LU.DF.MT.CE.AR5",0,2.301
"10977","YR2008","GMB","EN.GHG.CO2.LU.MT.CE.AR5",0,1.192
"10978","YR2008","GMB","EN.GHG.CO2.LU.FL.MT.CE.AR5",0,-1.109
"10979","YR2008","GMB","EN.GHG.CO2.LU.DF.MT.CE.AR5",0,2.301
"10980","YR2009","GMB","EN.GHG.CO2.LU.MT.CE.AR5",0,1.192
"10981","YR2009","GMB","EN.GHG.CO2.LU.FL.MT.CE.AR5",0,-1.109
"10982","YR2009","GMB","EN.GHG.CO2.LU.DF.MT.CE.AR5",0,2.301
"10983","YR2010","GMB","EN.GHG.CO2.LU.MT.CE.AR5",0,1.192
"10984","YR2010","GMB","EN.GHG.CO2.LU.FL.MT.CE.AR5",0,-1.109
"10985","YR2010","GMB","EN.GHG.CO2.LU.DF.MT.CE.AR5",0,2.301
"10986","YR2011","GMB","EN.GHG.CO2.LU.MT.CE.AR5",0,1.192
"10987","YR2011","GMB","EN.GHG.CO2.LU.FL.MT.CE.AR5",0,-1.109
"10988","YR2011","GMB","EN.GHG.CO2.LU.DF.MT.CE.AR5",0,2.301
"10989","YR2012","GMB","EN.GHG.CO2.LU.MT.CE.AR5",0,1.192
"10990","YR2012","GMB","EN.GHG.CO2.LU.FL.MT.CE.AR5",0,-1.109
"10991","YR2012","GMB","EN.GHG.CO2.LU.DF.MT.CE.AR5",0,2.301
"10992","YR2013","GMB","EN.GHG.CO2.LU.MT.CE.AR5",0,1.192
"10993","YR2013","GMB","EN.GHG.CO2.LU.FL.MT.CE.AR5",0,-1.109
"10994","YR2013","GMB","EN.GHG.CO2.LU.DF.MT.CE.AR5",0,2.301
"10995","YR2014","GMB","EN.GHG.CO2.LU.MT.CE.AR5",0,1.192
"10996","YR2014","GMB","EN.GHG.CO2.LU.FL.MT.CE.AR5",0,-1.109
"10997","YR2014","GMB","EN.GHG.CO2.LU.DF.MT.CE.AR5",0,2.301
"10998","YR2015","GMB","EN.GHG.CO2.LU.MT.CE.AR5",0,1.192
"10999","YR2015","GMB","EN.GHG.CO2.LU.FL.MT.CE.AR5",0,-1.109
"11000","YR2015","GMB","EN.GHG.CO2.LU.DF.MT.CE.AR5",0,2.301
"11001","YR2016","GMB","EN.GHG.CO2.LU.MT.CE.AR5",0,1.192
"11002","YR2016","GMB","EN.GHG.CO2.LU.FL.MT.CE.AR5",0,-1.109
"11003","YR2016","GMB","EN.GHG.CO2.LU.DF.MT.CE.AR5",0,2.301
"11004","YR2017","GMB","EN.GHG.CO2.LU.MT.CE.AR5",0,1.192
"11005","YR2017","GMB","EN.GHG.CO2.LU.FL.MT.CE.AR5",0,-1.109
"11006","YR2017","GMB","EN.GHG.CO2.LU.DF.MT.CE.AR5",0,2.301
"11007","YR2018","GMB","EN.GHG.CO2.LU.MT.CE.AR5",0,1.192
"11008","YR2018","GMB","EN.GHG.CO2.LU.FL.MT.CE.AR5",0,-1.109
"11009","YR2018","GMB","EN.GHG.CO2.LU.DF.MT.CE.AR5",0,2.301
"11010","YR2019","GMB","EN.GHG.CO2.LU.MT.CE.AR5",0,1.192
"11011","YR2019","GMB","EN.GHG.CO2.LU.FL.MT.CE.AR5",0,-1.109
"11012","YR2019","GMB","EN.GHG.CO2.LU.DF.MT.CE.AR5",0,2.301
"11013","YR2020","GMB","EN.GHG.CO2.LU.MT.CE.AR5",0,1.192
"11014","YR2020","GMB","EN.GHG.CO2.LU.FL.MT.CE.AR5",0,-1.109
"11015","YR2020","GMB","EN.GHG.CO2.LU.DF.MT.CE.AR5",0,2.301
"11016","YR2021","GMB","EN.GHG.CO2.LU.MT.CE.AR5",0,1.192
"11017","YR2021","GMB","EN.GHG.CO2.LU.FL.MT.CE.AR5",0,-1.109
"11018","YR2021","GMB","EN.GHG.CO2.LU.DF.MT.CE.AR5",0,2.301
"11019","YR2022","GMB","EN.GHG.CO2.LU.MT.CE.AR5",0,1.192
"11020","YR2022","GMB","EN.GHG.CO2.LU.FL.MT.CE.AR5",0,-1.109
"11021","YR2022","GMB","EN.GHG.CO2.LU.DF.MT.CE.AR5",0,2.301
"11022","YR2023","GMB","EN.GHG.CO2.LU.MT.CE.AR5",0,1.192
"11023","YR2023","GMB","EN.GHG.CO2.LU.FL.MT.CE.AR5",0,-1.109
"11024","YR2023","GMB","EN.GHG.CO2.LU.DF.MT.CE.AR5",0,2.301
"11025","YR2000","GRD","EN.GHG.CO2.LU.MT.CE.AR5",0,0.887
"11026","YR2000","GRD","EN.GHG.CO2.LU.FL.MT.CE.AR5",0,0.887
"11027","YR2000","GRD","EN.GHG.CO2.LU.DF.MT.CE.AR5",0,0
"11028","YR2001","GRD","EN.GHG.CO2.LU.MT.CE.AR5",0,0.887
"11029","YR2001","GRD","EN.GHG.CO2.LU.FL.MT.CE.AR5",0,0.887
"11030","YR2001","GRD","EN.GHG.CO2.LU.DF.MT.CE.AR5",0,0
"11031","YR2002","GRD","EN.GHG.CO2.LU.MT.CE.AR5",0,0.887
"11032","YR2002","GRD","EN.GHG.CO2.LU.FL.MT.CE.AR5",0,0.887
"11033","YR2002","GRD","EN.GHG.CO2.LU.DF.MT.CE.AR5",0,0
"11034","YR2003","GRD","EN.GHG.CO2.LU.MT.CE.AR5",0,0.887
"11035","YR2003","GRD","EN.GHG.CO2.LU.FL.MT.CE.AR5",0,0.887
"11036","YR2003","GRD","EN.GHG.CO2.LU.DF.MT.CE.AR5",0,0
"11037","YR2004","GRD","EN.GHG.CO2.LU.MT.CE.AR5",0,0.887
"11038","YR2004","GRD","EN.GHG.CO2.LU.FL.MT.CE.AR5",0,0.887
"11039","YR2004","GRD","EN.GHG.CO2.LU.DF.MT.CE.AR5",0,0
"11040","YR2005","GRD","EN.GHG.CO2.LU.MT.CE.AR5",0,0.887
"11041","YR2005","GRD","EN.GHG.CO2.LU.FL.MT.CE.AR5",0,0.887
"11042","YR2005","GRD","EN.GHG.CO2.LU.DF.MT.CE.AR5",0,0
"11043","YR2006","GRD","EN.GHG.CO2.LU.MT.CE.AR5",0,-0.177
"11044","YR2006","GRD","EN.GHG.CO2.LU.FL.MT.CE.AR5",0,-0.177
"11045","YR2006","GRD","EN.GHG.CO2.LU.DF.MT.CE.AR5",0,0
"11046","YR2007","GRD","EN.GHG.CO2.LU.MT.CE.AR5",0,-0.177
"11047","YR2007","GRD","EN.GHG.CO2.LU.FL.MT.CE.AR5",0,-0.177
"11048","YR2007","GRD","EN.GHG.CO2.LU.DF.MT.CE.AR5",0,0
"11049","YR2008","GRD","EN.GHG.CO2.LU.MT.CE.AR5",0,-0.177
"11050","YR2008","GRD","EN.GHG.CO2.LU.FL.MT.CE.AR5",0,-0.177
"11051","YR2008","GRD","EN.GHG.CO2.LU.DF.MT.CE.AR5",0,0
"11052","YR2009","GRD","EN.GHG.CO2.LU.MT.CE.AR5",0,-0.177
"11053","YR2009","GRD","EN.GHG.CO2.LU.FL.MT.CE.AR5",0,-0.177
"11054","YR2009","GRD","EN.GHG.CO2.LU.DF.MT.CE.AR5",0,0
"11055","YR2010","GRD","EN.GHG.CO2.LU.MT.CE.AR5",0,-0.177
"11056","YR2010","GRD","EN.GHG.CO2.LU.FL.MT.CE.AR5",0,-0.177
"11057","YR2010","GRD","EN.GHG.CO2.LU.DF.MT.CE.AR5",0,0
"11058","YR2011","GRD","EN.GHG.CO2.LU.MT.CE.AR5",0,-0.177
"11059","YR2011","GRD","EN.GHG.CO2.LU.FL.MT.CE.AR5",0,-0.177
"11060","YR2011","GRD","EN.GHG.CO2.LU.DF.MT.CE.AR5",0,0
"11061","YR2012","GRD","EN.GHG.CO2.LU.MT.CE.AR5",0,-0.177
"11062","YR2012","GRD","EN.GHG.CO2.LU.FL.MT.CE.AR5",0,-0.177
"11063","YR2012","GRD","EN.GHG.CO2.LU.DF.MT.CE.AR5",0,0
"11064","YR2013","GRD","EN.GHG.CO2.LU.MT.CE.AR5",0,-0.177
"11065","YR2013","GRD","EN.GHG.CO2.LU.FL.MT.CE.AR5",0,-0.177
"11066","YR2013","GRD","EN.GHG.CO2.LU.DF.MT.CE.AR5",0,0
"11067","YR2014","GRD","EN.GHG.CO2.LU.MT.CE.AR5",0,-0.177
"11068","YR2014","GRD","EN.GHG.CO2.LU.FL.MT.CE.AR5",0,-0.177
"11069","YR2014","GRD","EN.GHG.CO2.LU.DF.MT.CE.AR5",0,0
"11070","YR2015","GRD","EN.GHG.CO2.LU.MT.CE.AR5",0,-0.177
"11071","YR2015","GRD","EN.GHG.CO2.LU.FL.MT.CE.AR5",0,-0.177
"11072","YR2015","GRD","EN.GHG.CO2.LU.DF.MT.CE.AR5",0,0
"11073","YR2016","GRD","EN.GHG.CO2.LU.MT.CE.AR5",0,-0.177
"11074","YR2016","GRD","EN.GHG.CO2.LU.FL.MT.CE.AR5",0,-0.177
"11075","YR2016","GRD","EN.GHG.CO2.LU.DF.MT.CE.AR5",0,0
"11076","YR2017","GRD","EN.GHG.CO2.LU.MT.CE.AR5",0,-0.177
"11077","YR2017","GRD","EN.GHG.CO2.LU.FL.MT.CE.AR5",0,-0.177
"11078","YR2017","GRD","EN.GHG.CO2.LU.DF.MT.CE.AR5",0,0
"11079","YR2018","GRD","EN.GHG.CO2.LU.MT.CE.AR5",0,-0.177
"11080","YR2018","GRD","EN.GHG.CO2.LU.FL.MT.CE.AR5",0,-0.177
"11081","YR2018","GRD","EN.GHG.CO2.LU.DF.MT.CE.AR5",0,0
"11082","YR2019","GRD","EN.GHG.CO2.LU.MT.CE.AR5",0,-0.177
"11083","YR2019","GRD","EN.GHG.CO2.LU.FL.MT.CE.AR5",0,-0.177
"11084","YR2019","GRD","EN.GHG.CO2.LU.DF.MT.CE.AR5",0,0
"11085","YR2020","GRD","EN.GHG.CO2.LU.MT.CE.AR5",0,-0.177
"11086","YR2020","GRD","EN.GHG.CO2.LU.FL.MT.CE.AR5",0,-0.177
"11087","YR2020","GRD","EN.GHG.CO2.LU.DF.MT.CE.AR5",0,0
"11088","YR2021","GRD","EN.GHG.CO2.LU.MT.CE.AR5",0,-0.177
"11089","YR2021","GRD","EN.GHG.CO2.LU.FL.MT.CE.AR5",0,-0.177
"11090","YR2021","GRD","EN.GHG.CO2.LU.DF.MT.CE.AR5",0,0
"11091","YR2022","GRD","EN.GHG.CO2.LU.MT.CE.AR5",0,-0.177
"11092","YR2022","GRD","EN.GHG.CO2.LU.FL.MT.CE.AR5",0,-0.177
"11093","YR2022","GRD","EN.GHG.CO2.LU.DF.MT.CE.AR5",0,0
"11094","YR2023","GRD","EN.GHG.CO2.LU.MT.CE.AR5",0,-0.177
"11095","YR2023","GRD","EN.GHG.CO2.LU.FL.MT.CE.AR5",0,-0.177
"11096","YR2023","GRD","EN.GHG.CO2.LU.DF.MT.CE.AR5",0,0
"11097","YR2000","GIN","EN.GHG.CO2.LU.MT.CE.AR5",0,33.6
"11098","YR2000","GIN","EN.GHG.CO2.LU.FL.MT.CE.AR5",0,14.6
"11099","YR2000","GIN","EN.GHG.CO2.LU.DF.MT.CE.AR5",0,19
"11100","YR2001","GIN","EN.GHG.CO2.LU.MT.CE.AR5",0,33.6
"11101","YR2001","GIN","EN.GHG.CO2.LU.FL.MT.CE.AR5",0,14.6
"11102","YR2001","GIN","EN.GHG.CO2.LU.DF.MT.CE.AR5",0,19
"11103","YR2002","GIN","EN.GHG.CO2.LU.MT.CE.AR5",0,33.6
"11104","YR2002","GIN","EN.GHG.CO2.LU.FL.MT.CE.AR5",0,14.6
"11105","YR2002","GIN","EN.GHG.CO2.LU.DF.MT.CE.AR5",0,19
"11106","YR2003","GIN","EN.GHG.CO2.LU.MT.CE.AR5",0,33.6
"11107","YR2003","GIN","EN.GHG.CO2.LU.FL.MT.CE.AR5",0,14.6
"11108","YR2003","GIN","EN.GHG.CO2.LU.DF.MT.CE.AR5",0,19
"11109","YR2004","GIN","EN.GHG.CO2.LU.MT.CE.AR5",0,33.6
"11110","YR2004","GIN","EN.GHG.CO2.LU.FL.MT.CE.AR5",0,14.6
"11111","YR2004","GIN","EN.GHG.CO2.LU.DF.MT.CE.AR5",0,19
"11112","YR2005","GIN","EN.GHG.CO2.LU.MT.CE.AR5",0,33.6
"11113","YR2005","GIN","EN.GHG.CO2.LU.FL.MT.CE.AR5",0,14.6
"11114","YR2005","GIN","EN.GHG.CO2.LU.DF.MT.CE.AR5",0,19
"11115","YR2006","GIN","EN.GHG.CO2.LU.MT.CE.AR5",0,33.6
"11116","YR2006","GIN","EN.GHG.CO2.LU.FL.MT.CE.AR5",0,14.6
"11117","YR2006","GIN","EN.GHG.CO2.LU.DF.MT.CE.AR5",0,19
"11118","YR2007","GIN","EN.GHG.CO2.LU.MT.CE.AR5",0,33.6
"11119","YR2007","GIN","EN.GHG.CO2.LU.FL.MT.CE.AR5",0,14.6
"11120","YR2007","GIN","EN.GHG.CO2.LU.DF.MT.CE.AR5",0,19
"11121","YR2008","GIN","EN.GHG.CO2.LU.MT.CE.AR5",0,33.6
"11122","YR2008","GIN","EN.GHG.CO2.LU.FL.MT.CE.AR5",0,14.6
"11123","YR2008","GIN","EN.GHG.CO2.LU.DF.MT.CE.AR5",0,19
"11124","YR2009","GIN","EN.GHG.CO2.LU.MT.CE.AR5",0,33.6
"11125","YR2009","GIN","EN.GHG.CO2.LU.FL.MT.CE.AR5",0,14.6
"11126","YR2009","GIN","EN.GHG.CO2.LU.DF.MT.CE.AR5",0,19
"11127","YR2010","GIN","EN.GHG.CO2.LU.MT.CE.AR5",0,33.6
"11128","YR2010","GIN","EN.GHG.CO2.LU.FL.MT.CE.AR5",0,14.6
"11129","YR2010","GIN","EN.GHG.CO2.LU.DF.MT.CE.AR5",0,19
"11130","YR2011","GIN","EN.GHG.CO2.LU.MT.CE.AR5",0,33.6
"11131","YR2011","GIN","EN.GHG.CO2.LU.FL.MT.CE.AR5",0,14.6
"11132","YR2011","GIN","EN.GHG.CO2.LU.DF.MT.CE.AR5",0,19
"11133","YR2012","GIN","EN.GHG.CO2.LU.MT.CE.AR5",0,33.6
"11134","YR2012","GIN","EN.GHG.CO2.LU.FL.MT.CE.AR5",0,14.6
"11135","YR2012","GIN","EN.GHG.CO2.LU.DF.MT.CE.AR5",0,19
"11136","YR2013","GIN","EN.GHG.CO2.LU.MT.CE.AR5",0,33.6
"11137","YR2013","GIN","EN.GHG.CO2.LU.FL.MT.CE.AR5",0,14.6
"11138","YR2013","GIN","EN.GHG.CO2.LU.DF.MT.CE.AR5",0,19
"11139","YR2014","GIN","EN.GHG.CO2.LU.MT.CE.AR5",0,33.6
"11140","YR2014","GIN","EN.GHG.CO2.LU.FL.MT.CE.AR5",0,14.6
"11141","YR2014","GIN","EN.GHG.CO2.LU.DF.MT.CE.AR5",0,19
"11142","YR2015","GIN","EN.GHG.CO2.LU.MT.CE.AR5",0,33.6
"11143","YR2015","GIN","EN.GHG.CO2.LU.FL.MT.CE.AR5",0,14.6
"11144","YR2015","GIN","EN.GHG.CO2.LU.DF.MT.CE.AR5",0,19
"11145","YR2016","GIN","EN.GHG.CO2.LU.MT.CE.AR5",0,33.6
"11146","YR2016","GIN","EN.GHG.CO2.LU.FL.MT.CE.AR5",0,14.6
"11147","YR2016","GIN","EN.GHG.CO2.LU.DF.MT.CE.AR5",0,19
"11148","YR2017","GIN","EN.GHG.CO2.LU.MT.CE.AR5",0,33.6
"11149","YR2017","GIN","EN.GHG.CO2.LU.FL.MT.CE.AR5",0,14.6
"11150","YR2017","GIN","EN.GHG.CO2.LU.DF.MT.CE.AR5",0,19
"11151","YR2018","GIN","EN.GHG.CO2.LU.MT.CE.AR5",0,33.6
"11152","YR2018","GIN","EN.GHG.CO2.LU.FL.MT.CE.AR5",0,14.6
"11153","YR2018","GIN","EN.GHG.CO2.LU.DF.MT.CE.AR5",0,19
"11154","YR2019","GIN","EN.GHG.CO2.LU.MT.CE.AR5",0,33.6
"11155","YR2019","GIN","EN.GHG.CO2.LU.FL.MT.CE.AR5",0,14.6
"11156","YR2019","GIN","EN.GHG.CO2.LU.DF.MT.CE.AR5",0,19
"11157","YR2020","GIN","EN.GHG.CO2.LU.MT.CE.AR5",0,33.6
"11158","YR2020","GIN","EN.GHG.CO2.LU.FL.MT.CE.AR5",0,14.6
"11159","YR2020","GIN","EN.GHG.CO2.LU.DF.MT.CE.AR5",0,19
"11160","YR2021","GIN","EN.GHG.CO2.LU.MT.CE.AR5",0,33.6
"11161","YR2021","GIN","EN.GHG.CO2.LU.FL.MT.CE.AR5",0,14.6
"11162","YR2021","GIN","EN.GHG.CO2.LU.DF.MT.CE.AR5",0,19
"11163","YR2022","GIN","EN.GHG.CO2.LU.MT.CE.AR5",0,33.6
"11164","YR2022","GIN","EN.GHG.CO2.LU.FL.MT.CE.AR5",0,14.6
"11165","YR2022","GIN","EN.GHG.CO2.LU.DF.MT.CE.AR5",0,19
"11166","YR2023","GIN","EN.GHG.CO2.LU.MT.CE.AR5",0,33.6
"11167","YR2023","GIN","EN.GHG.CO2.LU.FL.MT.CE.AR5",0,14.6
"11168","YR2023","GIN","EN.GHG.CO2.LU.DF.MT.CE.AR5",0,19
"11169","YR2000","HTI","EN.GHG.CO2.LU.MT.CE.AR5",0,1.1482
"11170","YR2000","HTI","EN.GHG.CO2.LU.FL.MT.CE.AR5",0,0.7767
"11171","YR2000","HTI","EN.GHG.CO2.LU.DF.MT.CE.AR5",0,0.3714
"11172","YR2001","HTI","EN.GHG.CO2.LU.MT.CE.AR5",0,1.1482
"11173","YR2001","HTI","EN.GHG.CO2.LU.FL.MT.CE.AR5",0,0.7767
"11174","YR2001","HTI","EN.GHG.CO2.LU.DF.MT.CE.AR5",0,0.3714
"11175","YR2002","HTI","EN.GHG.CO2.LU.MT.CE.AR5",0,1.1482
"11176","YR2002","HTI","EN.GHG.CO2.LU.FL.MT.CE.AR5",0,0.7767
"11177","YR2002","HTI","EN.GHG.CO2.LU.DF.MT.CE.AR5",0,0.3714
"11178","YR2003","HTI","EN.GHG.CO2.LU.MT.CE.AR5",0,1.1482
"11179","YR2003","HTI","EN.GHG.CO2.LU.FL.MT.CE.AR5",0,0.7767
"11180","YR2003","HTI","EN.GHG.CO2.LU.DF.MT.CE.AR5",0,0.3714
"11181","YR2004","HTI","EN.GHG.CO2.LU.MT.CE.AR5",0,1.1482
"11182","YR2004","HTI","EN.GHG.CO2.LU.FL.MT.CE.AR5",0,0.7767
"11183","YR2004","HTI","EN.GHG.CO2.LU.DF.MT.CE.AR5",0,0.3714
"11184","YR2005","HTI","EN.GHG.CO2.LU.MT.CE.AR5",0,1.1482
"11185","YR2005","HTI","EN.GHG.CO2.LU.FL.MT.CE.AR5",0,0.7767
"11186","YR2005","HTI","EN.GHG.CO2.LU.DF.MT.CE.AR5",0,0.3714
"11187","YR2006","HTI","EN.GHG.CO2.LU.MT.CE.AR5",0,1.1482
"11188","YR2006","HTI","EN.GHG.CO2.LU.FL.MT.CE.AR5",0,0.7767
"11189","YR2006","HTI","EN.GHG.CO2.LU.DF.MT.CE.AR5",0,0.3714
"11190","YR2007","HTI","EN.GHG.CO2.LU.MT.CE.AR5",0,1.1482
"11191","YR2007","HTI","EN.GHG.CO2.LU.FL.MT.CE.AR5",0,0.7767
"11192","YR2007","HTI","EN.GHG.CO2.LU.DF.MT.CE.AR5",0,0.3714
"11193","YR2008","HTI","EN.GHG.CO2.LU.MT.CE.AR5",0,1.1482
"11194","YR2008","HTI","EN.GHG.CO2.LU.FL.MT.CE.AR5",0,0.7767
"11195","YR2008","HTI","EN.GHG.CO2.LU.DF.MT.CE.AR5",0,0.3714
"11196","YR2009","HTI","EN.GHG.CO2.LU.MT.CE.AR5",0,1.1482
"11197","YR2009","HTI","EN.GHG.CO2.LU.FL.MT.CE.AR5",0,0.7767
"11198","YR2009","HTI","EN.GHG.CO2.LU.DF.MT.CE.AR5",0,0.3714
"11199","YR2010","HTI","EN.GHG.CO2.LU.MT.CE.AR5",0,1.1482
"11200","YR2010","HTI","EN.GHG.CO2.LU.FL.MT.CE.AR5",0,0.7767
"11201","YR2010","HTI","EN.GHG.CO2.LU.DF.MT.CE.AR5",0,0.3714
"11202","YR2011","HTI","EN.GHG.CO2.LU.MT.CE.AR5",0,1.1482
"11203","YR2011","HTI","EN.GHG.CO2.LU.FL.MT.CE.AR5",0,0.7767
"11204","YR2011","HTI","EN.GHG.CO2.LU.DF.MT.CE.AR5",0,0.3714
"11205","YR2012","HTI","EN.GHG.CO2.LU.MT.CE.AR5",0,1.1482
"11206","YR2012","HTI","EN.GHG.CO2.LU.FL.MT.CE.AR5",0,0.7767
"11207","YR2012","HTI","EN.GHG.CO2.LU.DF.MT.CE.AR5",0,0.3714
"11208","YR2013","HTI","EN.GHG.CO2.LU.MT.CE.AR5",0,1.1482
"11209","YR2013","HTI","EN.GHG.CO2.LU.FL.MT.CE.AR5",0,0.7767
"11210","YR2013","HTI","EN.GHG.CO2.LU.DF.MT.CE.AR5",0,0.3714
"11211","YR2014","HTI","EN.GHG.CO2.LU.MT.CE.AR5",0,1.1482
"11212","YR2014","HTI","EN.GHG.CO2.LU.FL.MT.CE.AR5",0,0.7767
"11213","YR2014","HTI","EN.GHG.CO2.LU.DF.MT.CE.AR5",0,0.3714
"11214","YR2015","HTI","EN.GHG.CO2.LU.MT.CE.AR5",0,1.1482
"11215","YR2015","HTI","EN.GHG.CO2.LU.FL.MT.CE.AR5",0,0.7767
"11216","YR2015","HTI","EN.GHG.CO2.LU.DF.MT.CE.AR5",0,0.3714
"11217","YR2016","HTI","EN.GHG.CO2.LU.MT.CE.AR5",0,1.1482
"11218","YR2016","HTI","EN.GHG.CO2.LU.FL.MT.CE.AR5",0,0.7767
"11219","YR2016","HTI","EN.GHG.CO2.LU.DF.MT.CE.AR5",0,0.3714
"11220","YR2017","HTI","EN.GHG.CO2.LU.MT.CE.AR5",0,1.1482
"11221","YR2017","HTI","EN.GHG.CO2.LU.FL.MT.CE.AR5",0,0.7767
"11222","YR2017","HTI","EN.GHG.CO2.LU.DF.MT.CE.AR5",0,0.3714
"11223","YR2018","HTI","EN.GHG.CO2.LU.MT.CE.AR5",0,1.1482
"11224","YR2018","HTI","EN.GHG.CO2.LU.FL.MT.CE.AR5",0,0.7767
"11225","YR2018","HTI","EN.GHG.CO2.LU.DF.MT.CE.AR5",0,0.3714
"11226","YR2019","HTI","EN.GHG.CO2.LU.MT.CE.AR5",0,1.1482
"11227","YR2019","HTI","EN.GHG.CO2.LU.FL.MT.CE.AR5",0,0.7767
"11228","YR2019","HTI","EN.GHG.CO2.LU.DF.MT.CE.AR5",0,0.3714
"11229","YR2020","HTI","EN.GHG.CO2.LU.MT.CE.AR5",0,1.1482
"11230","YR2020","HTI","EN.GHG.CO2.LU.FL.MT.CE.AR5",0,0.7767
"11231","YR2020","HTI","EN.GHG.CO2.LU.DF.MT.CE.AR5",0,0.3714
"11232","YR2021","HTI","EN.GHG.CO2.LU.MT.CE.AR5",0,1.1482
"11233","YR2021","HTI","EN.GHG.CO2.LU.FL.MT.CE.AR5",0,0.7767
"11234","YR2021","HTI","EN.GHG.CO2.LU.DF.MT.CE.AR5",0,0.3714
"11235","YR2022","HTI","EN.GHG.CO2.LU.MT.CE.AR5",0,1.1482
"11236","YR2022","HTI","EN.GHG.CO2.LU.FL.MT.CE.AR5",0,0.7767
"11237","YR2022","HTI","EN.GHG.CO2.LU.DF.MT.CE.AR5",0,0.3714
"11238","YR2023","HTI","EN.GHG.CO2.LU.MT.CE.AR5",0,1.1482
"11239","YR2023","HTI","EN.GHG.CO2.LU.FL.MT.CE.AR5",0,0.7767
"11240","YR2023","HTI","EN.GHG.CO2.LU.DF.MT.CE.AR5",0,0.3714
"11241","YR2000","HND","EN.GHG.CO2.LU.MT.CE.AR5",0,-9.623
"11242","YR2000","HND","EN.GHG.CO2.LU.FL.MT.CE.AR5",0,-14.657
"11243","YR2000","HND","EN.GHG.CO2.LU.DF.MT.CE.AR5",0,5.034
"11244","YR2001","HND","EN.GHG.CO2.LU.MT.CE.AR5",0,-9.623
"11245","YR2001","HND","EN.GHG.CO2.LU.FL.MT.CE.AR5",0,-14.657
"11246","YR2001","HND","EN.GHG.CO2.LU.DF.MT.CE.AR5",0,5.034
"11247","YR2002","HND","EN.GHG.CO2.LU.MT.CE.AR5",0,-9.623
"11248","YR2002","HND","EN.GHG.CO2.LU.FL.MT.CE.AR5",0,-14.657
"11249","YR2002","HND","EN.GHG.CO2.LU.DF.MT.CE.AR5",0,5.034
"11250","YR2003","HND","EN.GHG.CO2.LU.MT.CE.AR5",0,-9.623
"11251","YR2003","HND","EN.GHG.CO2.LU.FL.MT.CE.AR5",0,-14.657
"11252","YR2003","HND","EN.GHG.CO2.LU.DF.MT.CE.AR5",0,5.034
"11253","YR2004","HND","EN.GHG.CO2.LU.MT.CE.AR5",0,-9.623
"11254","YR2004","HND","EN.GHG.CO2.LU.FL.MT.CE.AR5",0,-14.657
"11255","YR2004","HND","EN.GHG.CO2.LU.DF.MT.CE.AR5",0,5.034
"11256","YR2005","HND","EN.GHG.CO2.LU.MT.CE.AR5",0,-9.623
"11257","YR2005","HND","EN.GHG.CO2.LU.FL.MT.CE.AR5",0,-14.657
"11258","YR2005","HND","EN.GHG.CO2.LU.DF.MT.CE.AR5",0,5.034
"11259","YR2006","HND","EN.GHG.CO2.LU.MT.CE.AR5",0,-9.667
"11260","YR2006","HND","EN.GHG.CO2.LU.FL.MT.CE.AR5",0,-14.701
"11261","YR2006","HND","EN.GHG.CO2.LU.DF.MT.CE.AR5",0,5.034
"11262","YR2007","HND","EN.GHG.CO2.LU.MT.CE.AR5",0,-6.993
"11263","YR2007","HND","EN.GHG.CO2.LU.FL.MT.CE.AR5",0,-14.7
"11264","YR2007","HND","EN.GHG.CO2.LU.DF.MT.CE.AR5",0,7.707
"11265","YR2008","HND","EN.GHG.CO2.LU.MT.CE.AR5",0,-7.145
"11266","YR2008","HND","EN.GHG.CO2.LU.FL.MT.CE.AR5",0,-14.852
"11267","YR2008","HND","EN.GHG.CO2.LU.DF.MT.CE.AR5",0,7.707
"11268","YR2009","HND","EN.GHG.CO2.LU.MT.CE.AR5",0,-7.269
"11269","YR2009","HND","EN.GHG.CO2.LU.FL.MT.CE.AR5",0,-14.976
"11270","YR2009","HND","EN.GHG.CO2.LU.DF.MT.CE.AR5",0,7.707
"11271","YR2010","HND","EN.GHG.CO2.LU.MT.CE.AR5",0,-7.287
"11272","YR2010","HND","EN.GHG.CO2.LU.FL.MT.CE.AR5",0,-14.994
"11273","YR2010","HND","EN.GHG.CO2.LU.DF.MT.CE.AR5",0,7.707
"11274","YR2011","HND","EN.GHG.CO2.LU.MT.CE.AR5",0,-7.197
"11275","YR2011","HND","EN.GHG.CO2.LU.FL.MT.CE.AR5",0,-14.904
"11276","YR2011","HND","EN.GHG.CO2.LU.DF.MT.CE.AR5",0,7.707
"11277","YR2012","HND","EN.GHG.CO2.LU.MT.CE.AR5",0,-7.183
"11278","YR2012","HND","EN.GHG.CO2.LU.FL.MT.CE.AR5",0,-14.89
"11279","YR2012","HND","EN.GHG.CO2.LU.DF.MT.CE.AR5",0,7.707
"11280","YR2013","HND","EN.GHG.CO2.LU.MT.CE.AR5",0,-7.559
"11281","YR2013","HND","EN.GHG.CO2.LU.FL.MT.CE.AR5",0,-14.657
"11282","YR2013","HND","EN.GHG.CO2.LU.DF.MT.CE.AR5",0,7.098
"11283","YR2014","HND","EN.GHG.CO2.LU.MT.CE.AR5",0,-7.488
"11284","YR2014","HND","EN.GHG.CO2.LU.FL.MT.CE.AR5",0,-14.586
"11285","YR2014","HND","EN.GHG.CO2.LU.DF.MT.CE.AR5",0,7.098
"11286","YR2015","HND","EN.GHG.CO2.LU.MT.CE.AR5",0,-7.436
"11287","YR2015","HND","EN.GHG.CO2.LU.FL.MT.CE.AR5",0,-14.534
"11288","YR2015","HND","EN.GHG.CO2.LU.DF.MT.CE.AR5",0,7.098
"11289","YR2016","HND","EN.GHG.CO2.LU.MT.CE.AR5",0,-7.436
"11290","YR2016","HND","EN.GHG.CO2.LU.FL.MT.CE.AR5",0,-14.534
"11291","YR2016","HND","EN.GHG.CO2.LU.DF.MT.CE.AR5",0,7.098
"11292","YR2017","HND","EN.GHG.CO2.LU.MT.CE.AR5",0,-7.436
"11293","YR2017","HND","EN.GHG.CO2.LU.FL.MT.CE.AR5",0,-14.534
"11294","YR2017","HND","EN.GHG.CO2.LU.DF.MT.CE.AR5",0,7.098
"11295","YR2018","HND","EN.GHG.CO2.LU.MT.CE.AR5",0,-7.436
"11296","YR2018","HND","EN.GHG.CO2.LU.FL.MT.CE.AR5",0,-14.534
"11297","YR2018","HND","EN.GHG.CO2.LU.DF.MT.CE.AR5",0,7.098
"11298","YR2019","HND","EN.GHG.CO2.LU.MT.CE.AR5",0,-7.436
"11299","YR2019","HND","EN.GHG.CO2.LU.FL.MT.CE.AR5",0,-14.534
"11300","YR2019","HND","EN.GHG.CO2.LU.DF.MT.CE.AR5",0,7.098
"11301","YR2020","HND","EN.GHG.CO2.LU.MT.CE.AR5",0,-7.436
"11302","YR2020","HND","EN.GHG.CO2.LU.FL.MT.CE.AR5",0,-14.534
"11303","YR2020","HND","EN.GHG.CO2.LU.DF.MT.CE.AR5",0,7.098
"11304","YR2021","HND","EN.GHG.CO2.LU.MT.CE.AR5",0,-7.436
"11305","YR2021","HND","EN.GHG.CO2.LU.FL.MT.CE.AR5",0,-14.534
"11306","YR2021","HND","EN.GHG.CO2.LU.DF.MT.CE.AR5",0,7.098
"11307","YR2022","HND","EN.GHG.CO2.LU.MT.CE.AR5",0,-7.436
"11308","YR2022","HND","EN.GHG.CO2.LU.FL.MT.CE.AR5",0,-14.534
"11309","YR2022","HND","EN.GHG.CO2.LU.DF.MT.CE.AR5",0,7.098
"11310","YR2023","HND","EN.GHG.CO2.LU.MT.CE.AR5",0,-7.436
"11311","YR2023","HND","EN.GHG.CO2.LU.FL.MT.CE.AR5",0,-14.534
"11312","YR2023","HND","EN.GHG.CO2.LU.DF.MT.CE.AR5",0,7.098
"11313","YR2000","IND","EN.GHG.CO2.LU.MT.CE.AR5",0,-222.567
"11314","YR2000","IND","EN.GHG.CO2.LU.FL.MT.CE.AR5",0,-75.3853
"11315","YR2000","IND","EN.GHG.CO2.LU.DF.MT.CE.AR5",0,29.2791
"11316","YR2000","IND","EN.GHG.CO2.LU.OL.MT.CE.AR5",0,-176.4608
"11317","YR2001","IND","EN.GHG.CO2.LU.MT.CE.AR5",0,-216.0614
"11318","YR2001","IND","EN.GHG.CO2.LU.FL.MT.CE.AR5",0,-73.1818
"11319","YR2001","IND","EN.GHG.CO2.LU.DF.MT.CE.AR5",0,28.4233
"11320","YR2001","IND","EN.GHG.CO2.LU.OL.MT.CE.AR5",0,-171.3029
"11321","YR2002","IND","EN.GHG.CO2.LU.MT.CE.AR5",0,-209.5559
"11322","YR2002","IND","EN.GHG.CO2.LU.FL.MT.CE.AR5",0,-70.9783
"11323","YR2002","IND","EN.GHG.CO2.LU.DF.MT.CE.AR5",0,27.5675
"11324","YR2002","IND","EN.GHG.CO2.LU.OL.MT.CE.AR5",0,-166.145
"11325","YR2003","IND","EN.GHG.CO2.LU.MT.CE.AR5",0,-203.0503
"11326","YR2003","IND","EN.GHG.CO2.LU.FL.MT.CE.AR5",0,-68.7748
"11327","YR2003","IND","EN.GHG.CO2.LU.DF.MT.CE.AR5",0,26.7116
"11328","YR2003","IND","EN.GHG.CO2.LU.OL.MT.CE.AR5",0,-160.9871
"11329","YR2004","IND","EN.GHG.CO2.LU.MT.CE.AR5",0,-196.5447
"11330","YR2004","IND","EN.GHG.CO2.LU.FL.MT.CE.AR5",0,-66.5713
"11331","YR2004","IND","EN.GHG.CO2.LU.DF.MT.CE.AR5",0,25.8558
"11332","YR2004","IND","EN.GHG.CO2.LU.OL.MT.CE.AR5",0,-155.8292
"11333","YR2005","IND","EN.GHG.CO2.LU.MT.CE.AR5",0,-190.0391
"11334","YR2005","IND","EN.GHG.CO2.LU.FL.MT.CE.AR5",0,-64.3678
"11335","YR2005","IND","EN.GHG.CO2.LU.DF.MT.CE.AR5",0,25
"11336","YR2005","IND","EN.GHG.CO2.LU.OL.MT.CE.AR5",0,-150.6713
"11337","YR2006","IND","EN.GHG.CO2.LU.MT.CE.AR5",0,-183.5336
"11338","YR2006","IND","EN.GHG.CO2.LU.FL.MT.CE.AR5",0,-62.1644
"11339","YR2006","IND","EN.GHG.CO2.LU.DF.MT.CE.AR5",0,24.1442
"11340","YR2006","IND","EN.GHG.CO2.LU.OL.MT.CE.AR5",0,-145.5134
"11341","YR2007","IND","EN.GHG.CO2.LU.MT.CE.AR5",0,-177.028
"11342","YR2007","IND","EN.GHG.CO2.LU.FL.MT.CE.AR5",0,-59.9609
"11343","YR2007","IND","EN.GHG.CO2.LU.DF.MT.CE.AR5",0,23.2884
"11344","YR2007","IND","EN.GHG.CO2.LU.OL.MT.CE.AR5",0,-140.3555
"11345","YR2008","IND","EN.GHG.CO2.LU.MT.CE.AR5",0,-202.196
"11346","YR2008","IND","EN.GHG.CO2.LU.FL.MT.CE.AR5",0,-68.4855
"11347","YR2008","IND","EN.GHG.CO2.LU.DF.MT.CE.AR5",0,26.5993
"11348","YR2008","IND","EN.GHG.CO2.LU.OL.MT.CE.AR5",0,-160.3098
"11349","YR2009","IND","EN.GHG.CO2.LU.MT.CE.AR5",0,-227.364
"11350","YR2009","IND","EN.GHG.CO2.LU.FL.MT.CE.AR5",0,-77.0101
"11351","YR2009","IND","EN.GHG.CO2.LU.DF.MT.CE.AR5",0,29.9102
"11352","YR2009","IND","EN.GHG.CO2.LU.OL.MT.CE.AR5",0,-180.2641
"11353","YR2010","IND","EN.GHG.CO2.LU.MT.CE.AR5",0,-252.532
"11354","YR2010","IND","EN.GHG.CO2.LU.FL.MT.CE.AR5",0,-85.5347
"11355","YR2010","IND","EN.GHG.CO2.LU.DF.MT.CE.AR5",0,33.2211
"11356","YR2010","IND","EN.GHG.CO2.LU.OL.MT.CE.AR5",0,-200.2184
"11357","YR2011","IND","EN.GHG.CO2.LU.MT.CE.AR5",0,-210.913
"11358","YR2011","IND","EN.GHG.CO2.LU.FL.MT.CE.AR5",0,-71.438
"11359","YR2011","IND","EN.GHG.CO2.LU.DF.MT.CE.AR5",0,27.746
"11360","YR2011","IND","EN.GHG.CO2.LU.OL.MT.CE.AR5",0,-167.221
"11361","YR2012","IND","EN.GHG.CO2.LU.MT.CE.AR5",0,-364.222
"11362","YR2012","IND","EN.GHG.CO2.LU.FL.MT.CE.AR5",0,-71.438
"11363","YR2012","IND","EN.GHG.CO2.LU.DF.MT.CE.AR5",0,10.614
"11364","YR2012","IND","EN.GHG.CO2.LU.OL.MT.CE.AR5",0,-303.398
"11365","YR2013","IND","EN.GHG.CO2.LU.MT.CE.AR5",0,-364.569
"11366","YR2013","IND","EN.GHG.CO2.LU.FL.MT.CE.AR5",0,-71.222
"11367","YR2013","IND","EN.GHG.CO2.LU.DF.MT.CE.AR5",0,10.649
"11368","YR2013","IND","EN.GHG.CO2.LU.OL.MT.CE.AR5",0,-303.996
"11369","YR2014","IND","EN.GHG.CO2.LU.MT.CE.AR5",0,-301.192
"11370","YR2014","IND","EN.GHG.CO2.LU.FL.MT.CE.AR5",0,-68.215
"11371","YR2014","IND","EN.GHG.CO2.LU.DF.MT.CE.AR5",0,17.216
"11372","YR2014","IND","EN.GHG.CO2.LU.OL.MT.CE.AR5",0,-250.193
"11373","YR2015","IND","EN.GHG.CO2.LU.MT.CE.AR5",0,-296.093
"11374","YR2015","IND","EN.GHG.CO2.LU.FL.MT.CE.AR5",0,-68.033
"11375","YR2015","IND","EN.GHG.CO2.LU.DF.MT.CE.AR5",0,21.039
"11376","YR2015","IND","EN.GHG.CO2.LU.OL.MT.CE.AR5",0,-249.099
"11377","YR2016","IND","EN.GHG.CO2.LU.MT.CE.AR5",0,-307.819
"11378","YR2016","IND","EN.GHG.CO2.LU.FL.MT.CE.AR5",0,-75.343
"11379","YR2016","IND","EN.GHG.CO2.LU.DF.MT.CE.AR5",0,21.289
"11380","YR2016","IND","EN.GHG.CO2.LU.OL.MT.CE.AR5",0,-253.765
"11381","YR2017","IND","EN.GHG.CO2.LU.MT.CE.AR5",0,-311.779
"11382","YR2017","IND","EN.GHG.CO2.LU.FL.MT.CE.AR5",0,-75.32
"11383","YR2017","IND","EN.GHG.CO2.LU.DF.MT.CE.AR5",0,21.131
"11384","YR2017","IND","EN.GHG.CO2.LU.OL.MT.CE.AR5",0,-257.59
"11385","YR2018","IND","EN.GHG.CO2.LU.MT.CE.AR5",0,-437
"11386","YR2018","IND","EN.GHG.CO2.LU.FL.MT.CE.AR5",0,-144.803
"11387","YR2018","IND","EN.GHG.CO2.LU.DF.MT.CE.AR5",0,14.932
"11388","YR2018","IND","EN.GHG.CO2.LU.OL.MT.CE.AR5",0,-307.129
"11389","YR2019","IND","EN.GHG.CO2.LU.MT.CE.AR5",0,-485.471
"11390","YR2019","IND","EN.GHG.CO2.LU.FL.MT.CE.AR5",0,-145.025
"11391","YR2019","IND","EN.GHG.CO2.LU.DF.MT.CE.AR5",0,9.726
"11392","YR2019","IND","EN.GHG.CO2.LU.OL.MT.CE.AR5",0,-350.172
"11393","YR2020","IND","EN.GHG.CO2.LU.MT.CE.AR5",0,-485.471
"11394","YR2020","IND","EN.GHG.CO2.LU.FL.MT.CE.AR5",0,-145.025
"11395","YR2020","IND","EN.GHG.CO2.LU.DF.MT.CE.AR5",0,9.726
"11396","YR2020","IND","EN.GHG.CO2.LU.OL.MT.CE.AR5",0,-350.172
"11397","YR2021","IND","EN.GHG.CO2.LU.MT.CE.AR5",0,-485.471
"11398","YR2021","IND","EN.GHG.CO2.LU.FL.MT.CE.AR5",0,-145.025
"11399","YR2021","IND","EN.GHG.CO2.LU.DF.MT.CE.AR5",0,9.726
"11400","YR2021","IND","EN.GHG.CO2.LU.OL.MT.CE.AR5",0,-350.172
"11401","YR2022","IND","EN.GHG.CO2.LU.MT.CE.AR5",0,-485.471
"11402","YR2022","IND","EN.GHG.CO2.LU.FL.MT.CE.AR5",0,-145.025
"11403","YR2022","IND","EN.GHG.CO2.LU.DF.MT.CE.AR5",0,9.726
"11404","YR2022","IND","EN.GHG.CO2.LU.OL.MT.CE.AR5",0,-350.172
"11405","YR2023","IND","EN.GHG.CO2.LU.MT.CE.AR5",0,-485.471
"11406","YR2023","IND","EN.GHG.CO2.LU.FL.MT.CE.AR5",0,-145.025
"11407","YR2023","IND","EN.GHG.CO2.LU.DF.MT.CE.AR5",0,9.726
"11408","YR2023","IND","EN.GHG.CO2.LU.OL.MT.CE.AR5",0,-350.172
"11409","YR2000","IRN","EN.GHG.CO2.LU.MT.CE.AR5",0,21.5286
"11410","YR2000","IRN","EN.GHG.CO2.LU.FL.MT.CE.AR5",0,-49.9902
"11411","YR2000","IRN","EN.GHG.CO2.LU.DF.MT.CE.AR5",0,71.5188
"11412","YR2000","IRN","EN.GHG.CO2.LU.OL.MT.CE.AR5",0,0
"11413","YR2001","IRN","EN.GHG.CO2.LU.MT.CE.AR5",0,21.5286
"11414","YR2001","IRN","EN.GHG.CO2.LU.FL.MT.CE.AR5",0,-49.9902
"11415","YR2001","IRN","EN.GHG.CO2.LU.DF.MT.CE.AR5",0,71.5188
"11416","YR2001","IRN","EN.GHG.CO2.LU.OL.MT.CE.AR5",0,0
"11417","YR2002","IRN","EN.GHG.CO2.LU.MT.CE.AR5",0,21.5286
"11418","YR2002","IRN","EN.GHG.CO2.LU.FL.MT.CE.AR5",0,-49.9902
"11419","YR2002","IRN","EN.GHG.CO2.LU.DF.MT.CE.AR5",0,71.5188
"11420","YR2002","IRN","EN.GHG.CO2.LU.OL.MT.CE.AR5",0,0
"11421","YR2003","IRN","EN.GHG.CO2.LU.MT.CE.AR5",0,21.5286
"11422","YR2003","IRN","EN.GHG.CO2.LU.FL.MT.CE.AR5",0,-49.9902
"11423","YR2003","IRN","EN.GHG.CO2.LU.DF.MT.CE.AR5",0,71.5188
"11424","YR2003","IRN","EN.GHG.CO2.LU.OL.MT.CE.AR5",0,0
"11425","YR2004","IRN","EN.GHG.CO2.LU.MT.CE.AR5",0,21.5286
"11426","YR2004","IRN","EN.GHG.CO2.LU.FL.MT.CE.AR5",0,-49.9902
"11427","YR2004","IRN","EN.GHG.CO2.LU.DF.MT.CE.AR5",0,71.5188
"11428","YR2004","IRN","EN.GHG.CO2.LU.OL.MT.CE.AR5",0,0
"11429","YR2005","IRN","EN.GHG.CO2.LU.MT.CE.AR5",0,21.5286
"11430","YR2005","IRN","EN.GHG.CO2.LU.FL.MT.CE.AR5",0,-49.9902
"11431","YR2005","IRN","EN.GHG.CO2.LU.DF.MT.CE.AR5",0,71.5188
"11432","YR2005","IRN","EN.GHG.CO2.LU.OL.MT.CE.AR5",0,0
"11433","YR2006","IRN","EN.GHG.CO2.LU.MT.CE.AR5",0,21.5286
"11434","YR2006","IRN","EN.GHG.CO2.LU.FL.MT.CE.AR5",0,-49.9902
"11435","YR2006","IRN","EN.GHG.CO2.LU.DF.MT.CE.AR5",0,71.5188
"11436","YR2006","IRN","EN.GHG.CO2.LU.OL.MT.CE.AR5",0,0
"11437","YR2007","IRN","EN.GHG.CO2.LU.MT.CE.AR5",0,21.5286
"11438","YR2007","IRN","EN.GHG.CO2.LU.FL.MT.CE.AR5",0,-49.9902
"11439","YR2007","IRN","EN.GHG.CO2.LU.DF.MT.CE.AR5",0,71.5188
"11440","YR2007","IRN","EN.GHG.CO2.LU.OL.MT.CE.AR5",0,0
"11441","YR2008","IRN","EN.GHG.CO2.LU.MT.CE.AR5",0,21.5286
"11442","YR2008","IRN","EN.GHG.CO2.LU.FL.MT.CE.AR5",0,-49.9902
"11443","YR2008","IRN","EN.GHG.CO2.LU.DF.MT.CE.AR5",0,71.5188
"11444","YR2008","IRN","EN.GHG.CO2.LU.OL.MT.CE.AR5",0,0
"11445","YR2009","IRN","EN.GHG.CO2.LU.MT.CE.AR5",0,21.5286
"11446","YR2009","IRN","EN.GHG.CO2.LU.FL.MT.CE.AR5",0,-49.9902
"11447","YR2009","IRN","EN.GHG.CO2.LU.DF.MT.CE.AR5",0,71.5188
"11448","YR2009","IRN","EN.GHG.CO2.LU.OL.MT.CE.AR5",0,0
"11449","YR2010","IRN","EN.GHG.CO2.LU.MT.CE.AR5",0,21.5286
"11450","YR2010","IRN","EN.GHG.CO2.LU.FL.MT.CE.AR5",0,-49.9902
"11451","YR2010","IRN","EN.GHG.CO2.LU.DF.MT.CE.AR5",0,71.5188
"11452","YR2010","IRN","EN.GHG.CO2.LU.OL.MT.CE.AR5",0,0
"11453","YR2011","IRN","EN.GHG.CO2.LU.MT.CE.AR5",0,21.5286
"11454","YR2011","IRN","EN.GHG.CO2.LU.FL.MT.CE.AR5",0,-49.9902
"11455","YR2011","IRN","EN.GHG.CO2.LU.DF.MT.CE.AR5",0,71.5188
"11456","YR2011","IRN","EN.GHG.CO2.LU.OL.MT.CE.AR5",0,0
"11457","YR2012","IRN","EN.GHG.CO2.LU.MT.CE.AR5",0,21.5286
"11458","YR2012","IRN","EN.GHG.CO2.LU.FL.MT.CE.AR5",0,-49.9902
"11459","YR2012","IRN","EN.GHG.CO2.LU.DF.MT.CE.AR5",0,71.5188
"11460","YR2012","IRN","EN.GHG.CO2.LU.OL.MT.CE.AR5",0,0
"11461","YR2013","IRN","EN.GHG.CO2.LU.MT.CE.AR5",0,21.5286
"11462","YR2013","IRN","EN.GHG.CO2.LU.FL.MT.CE.AR5",0,-49.9902
"11463","YR2013","IRN","EN.GHG.CO2.LU.DF.MT.CE.AR5",0,71.5188
"11464","YR2013","IRN","EN.GHG.CO2.LU.OL.MT.CE.AR5",0,0
"11465","YR2014","IRN","EN.GHG.CO2.LU.MT.CE.AR5",0,21.5286
"11466","YR2014","IRN","EN.GHG.CO2.LU.FL.MT.CE.AR5",0,-49.9902
"11467","YR2014","IRN","EN.GHG.CO2.LU.DF.MT.CE.AR5",0,71.5188
"11468","YR2014","IRN","EN.GHG.CO2.LU.OL.MT.CE.AR5",0,0
"11469","YR2015","IRN","EN.GHG.CO2.LU.MT.CE.AR5",0,21.5286
"11470","YR2015","IRN","EN.GHG.CO2.LU.FL.MT.CE.AR5",0,-49.9902
"11471","YR2015","IRN","EN.GHG.CO2.LU.DF.MT.CE.AR5",0,71.5188
"11472","YR2015","IRN","EN.GHG.CO2.LU.OL.MT.CE.AR5",0,0
"11473","YR2016","IRN","EN.GHG.CO2.LU.MT.CE.AR5",0,21.5286
"11474","YR2016","IRN","EN.GHG.CO2.LU.FL.MT.CE.AR5",0,-49.9902
"11475","YR2016","IRN","EN.GHG.CO2.LU.DF.MT.CE.AR5",0,71.5188
"11476","YR2016","IRN","EN.GHG.CO2.LU.OL.MT.CE.AR5",0,0
"11477","YR2017","IRN","EN.GHG.CO2.LU.MT.CE.AR5",0,21.5286
"11478","YR2017","IRN","EN.GHG.CO2.LU.FL.MT.CE.AR5",0,-49.9902
"11479","YR2017","IRN","EN.GHG.CO2.LU.DF.MT.CE.AR5",0,71.5188
"11480","YR2017","IRN","EN.GHG.CO2.LU.OL.MT.CE.AR5",0,0
"11481","YR2018","IRN","EN.GHG.CO2.LU.MT.CE.AR5",0,21.5286
"11482","YR2018","IRN","EN.GHG.CO2.LU.FL.MT.CE.AR5",0,-49.9902
"11483","YR2018","IRN","EN.GHG.CO2.LU.DF.MT.CE.AR5",0,71.5188
"11484","YR2018","IRN","EN.GHG.CO2.LU.OL.MT.CE.AR5",0,0
"11485","YR2019","IRN","EN.GHG.CO2.LU.MT.CE.AR5",0,21.5286
"11486","YR2019","IRN","EN.GHG.CO2.LU.FL.MT.CE.AR5",0,-49.9902
"11487","YR2019","IRN","EN.GHG.CO2.LU.DF.MT.CE.AR5",0,71.5188
"11488","YR2019","IRN","EN.GHG.CO2.LU.OL.MT.CE.AR5",0,0
"11489","YR2020","IRN","EN.GHG.CO2.LU.MT.CE.AR5",0,21.5286
"11490","YR2020","IRN","EN.GHG.CO2.LU.FL.MT.CE.AR5",0,-49.9902
"11491","YR2020","IRN","EN.GHG.CO2.LU.DF.MT.CE.AR5",0,71.5188
"11492","YR2020","IRN","EN.GHG.CO2.LU.OL.MT.CE.AR5",0,0
"11493","YR2021","IRN","EN.GHG.CO2.LU.MT.CE.AR5",0,21.5286
"11494","YR2021","IRN","EN.GHG.CO2.LU.FL.MT.CE.AR5",0,-49.9902
"11495","YR2021","IRN","EN.GHG.CO2.LU.DF.MT.CE.AR5",0,71.5188
"11496","YR2021","IRN","EN.GHG.CO2.LU.OL.MT.CE.AR5",0,0
"11497","YR2022","IRN","EN.GHG.CO2.LU.MT.CE.AR5",0,21.5286
"11498","YR2022","IRN","EN.GHG.CO2.LU.FL.MT.CE.AR5",0,-49.9902
"11499","YR2022","IRN","EN.GHG.CO2.LU.DF.MT.CE.AR5",0,71.5188
"11500","YR2022","IRN","EN.GHG.CO2.LU.OL.MT.CE.AR5",0,0
"11501","YR2023","IRN","EN.GHG.CO2.LU.MT.CE.AR5",0,21.5286
"11502","YR2023","IRN","EN.GHG.CO2.LU.FL.MT.CE.AR5",0,-49.9902
"11503","YR2023","IRN","EN.GHG.CO2.LU.DF.MT.CE.AR5",0,71.5188
"11504","YR2023","IRN","EN.GHG.CO2.LU.OL.MT.CE.AR5",0,0
"11505","YR2000","ISR","EN.GHG.CO2.LU.MT.CE.AR5",0,-0.2863
"11506","YR2000","ISR","EN.GHG.CO2.LU.FL.MT.CE.AR5",0,-0.2863
"11507","YR2000","ISR","EN.GHG.CO2.LU.DF.MT.CE.AR5",0,0
"11508","YR2001","ISR","EN.GHG.CO2.LU.MT.CE.AR5",0,-0.2863
"11509","YR2001","ISR","EN.GHG.CO2.LU.FL.MT.CE.AR5",0,-0.2863
"11510","YR2001","ISR","EN.GHG.CO2.LU.DF.MT.CE.AR5",0,0
"11511","YR2002","ISR","EN.GHG.CO2.LU.MT.CE.AR5",0,-0.2863
"11512","YR2002","ISR","EN.GHG.CO2.LU.FL.MT.CE.AR5",0,-0.2863
"11513","YR2002","ISR","EN.GHG.CO2.LU.DF.MT.CE.AR5",0,0
"11514","YR2003","ISR","EN.GHG.CO2.LU.MT.CE.AR5",0,-0.2863
"11515","YR2003","ISR","EN.GHG.CO2.LU.FL.MT.CE.AR5",0,-0.2863
"11516","YR2003","ISR","EN.GHG.CO2.LU.DF.MT.CE.AR5",0,0
"11517","YR2004","ISR","EN.GHG.CO2.LU.MT.CE.AR5",0,-0.2702
"11518","YR2004","ISR","EN.GHG.CO2.LU.FL.MT.CE.AR5",0,-0.2702
"11519","YR2004","ISR","EN.GHG.CO2.LU.DF.MT.CE.AR5",0,0
"11520","YR2005","ISR","EN.GHG.CO2.LU.MT.CE.AR5",0,-0.3756
"11521","YR2005","ISR","EN.GHG.CO2.LU.FL.MT.CE.AR5",0,-0.3756
"11522","YR2005","ISR","EN.GHG.CO2.LU.DF.MT.CE.AR5",0,0
"11523","YR2006","ISR","EN.GHG.CO2.LU.MT.CE.AR5",0,-0.396
"11524","YR2006","ISR","EN.GHG.CO2.LU.FL.MT.CE.AR5",0,-0.396
"11525","YR2006","ISR","EN.GHG.CO2.LU.DF.MT.CE.AR5",0,0
"11526","YR2007","ISR","EN.GHG.CO2.LU.MT.CE.AR5",0,-0.3848
"11527","YR2007","ISR","EN.GHG.CO2.LU.FL.MT.CE.AR5",0,-0.3848
"11528","YR2007","ISR","EN.GHG.CO2.LU.DF.MT.CE.AR5",0,0
"11529","YR2008","ISR","EN.GHG.CO2.LU.MT.CE.AR5",0,-0.3465
"11530","YR2008","ISR","EN.GHG.CO2.LU.FL.MT.CE.AR5",0,-0.3465
"11531","YR2008","ISR","EN.GHG.CO2.LU.DF.MT.CE.AR5",0,0
"11532","YR2009","ISR","EN.GHG.CO2.LU.MT.CE.AR5",0,-0.3672
"11533","YR2009","ISR","EN.GHG.CO2.LU.FL.MT.CE.AR5",0,-0.3672
"11534","YR2009","ISR","EN.GHG.CO2.LU.DF.MT.CE.AR5",0,0
"11535","YR2010","ISR","EN.GHG.CO2.LU.MT.CE.AR5",0,-0.4111
"11536","YR2010","ISR","EN.GHG.CO2.LU.FL.MT.CE.AR5",0,-0.4111
"11537","YR2010","ISR","EN.GHG.CO2.LU.DF.MT.CE.AR5",0,0
"11538","YR2011","ISR","EN.GHG.CO2.LU.MT.CE.AR5",0,-0.4143
"11539","YR2011","ISR","EN.GHG.CO2.LU.FL.MT.CE.AR5",0,-0.4143
"11540","YR2011","ISR","EN.GHG.CO2.LU.DF.MT.CE.AR5",0,0
"11541","YR2012","ISR","EN.GHG.CO2.LU.MT.CE.AR5",0,-0.3249
"11542","YR2012","ISR","EN.GHG.CO2.LU.FL.MT.CE.AR5",0,-0.3249
"11543","YR2012","ISR","EN.GHG.CO2.LU.DF.MT.CE.AR5",0,0
"11544","YR2013","ISR","EN.GHG.CO2.LU.MT.CE.AR5",0,-0.2913
"11545","YR2013","ISR","EN.GHG.CO2.LU.FL.MT.CE.AR5",0,-0.2913
"11546","YR2013","ISR","EN.GHG.CO2.LU.DF.MT.CE.AR5",0,0
"11547","YR2014","ISR","EN.GHG.CO2.LU.MT.CE.AR5",0,-0.1634
"11548","YR2014","ISR","EN.GHG.CO2.LU.FL.MT.CE.AR5",0,-0.1634
"11549","YR2014","ISR","EN.GHG.CO2.LU.DF.MT.CE.AR5",0,0
"11550","YR2015","ISR","EN.GHG.CO2.LU.MT.CE.AR5",0,-0.1412
"11551","YR2015","ISR","EN.GHG.CO2.LU.FL.MT.CE.AR5",0,-0.1412
"11552","YR2015","ISR","EN.GHG.CO2.LU.DF.MT.CE.AR5",0,0
"11553","YR2016","ISR","EN.GHG.CO2.LU.MT.CE.AR5",0,-0.2062
"11554","YR2016","ISR","EN.GHG.CO2.LU.FL.MT.CE.AR5",0,-0.2062
"11555","YR2016","ISR","EN.GHG.CO2.LU.DF.MT.CE.AR5",0,0
"11556","YR2017","ISR","EN.GHG.CO2.LU.MT.CE.AR5",0,-0.1756
"11557","YR2017","ISR","EN.GHG.CO2.LU.FL.MT.CE.AR5",0,-0.1756
"11558","YR2017","ISR","EN.GHG.CO2.LU.DF.MT.CE.AR5",0,0
"11559","YR2018","ISR","EN.GHG.CO2.LU.MT.CE.AR5",0,-0.2564
"11560","YR2018","ISR","EN.GHG.CO2.LU.FL.MT.CE.AR5",0,-0.2564
"11561","YR2018","ISR","EN.GHG.CO2.LU.DF.MT.CE.AR5",0,0
"11562","YR2019","ISR","EN.GHG.CO2.LU.MT.CE.AR5",0,-0.2564
"11563","YR2019","ISR","EN.GHG.CO2.LU.FL.MT.CE.AR5",0,-0.2564
"11564","YR2019","ISR","EN.GHG.CO2.LU.DF.MT.CE.AR5",0,0
"11565","YR2020","ISR","EN.GHG.CO2.LU.MT.CE.AR5",0,-0.2564
"11566","YR2020","ISR","EN.GHG.CO2.LU.FL.MT.CE.AR5",0,-0.2564
"11567","YR2020","ISR","EN.GHG.CO2.LU.DF.MT.CE.AR5",0,0
"11568","YR2021","ISR","EN.GHG.CO2.LU.MT.CE.AR5",0,-0.2564
"11569","YR2021","ISR","EN.GHG.CO2.LU.FL.MT.CE.AR5",0,-0.2564
"11570","YR2021","ISR","EN.GHG.CO2.LU.DF.MT.CE.AR5",0,0
"11571","YR2022","ISR","EN.GHG.CO2.LU.MT.CE.AR5",0,-0.2564
"11572","YR2022","ISR","EN.GHG.CO2.LU.FL.MT.CE.AR5",0,-0.2564
"11573","YR2022","ISR","EN.GHG.CO2.LU.DF.MT.CE.AR5",0,0
"11574","YR2023","ISR","EN.GHG.CO2.LU.MT.CE.AR5",0,-0.2564
"11575","YR2023","ISR","EN.GHG.CO2.LU.FL.MT.CE.AR5",0,-0.2564
"11576","YR2023","ISR","EN.GHG.CO2.LU.DF.MT.CE.AR5",0,0
"11577","YR2000","JAM","EN.GHG.CO2.LU.MT.CE.AR5",0,-1.686
"11578","YR2000","JAM","EN.GHG.CO2.LU.FL.MT.CE.AR5",0,-1.834
"11579","YR2000","JAM","EN.GHG.CO2.LU.DF.MT.CE.AR5",0,0.148
"11580","YR2001","JAM","EN.GHG.CO2.LU.MT.CE.AR5",0,-1.686
"11581","YR2001","JAM","EN.GHG.CO2.LU.FL.MT.CE.AR5",0,-1.834
"11582","YR2001","JAM","EN.GHG.CO2.LU.DF.MT.CE.AR5",0,0.148
"11583","YR2002","JAM","EN.GHG.CO2.LU.MT.CE.AR5",0,-1.686
"11584","YR2002","JAM","EN.GHG.CO2.LU.FL.MT.CE.AR5",0,-1.834
"11585","YR2002","JAM","EN.GHG.CO2.LU.DF.MT.CE.AR5",0,0.148
"11586","YR2003","JAM","EN.GHG.CO2.LU.MT.CE.AR5",0,-1.686
"11587","YR2003","JAM","EN.GHG.CO2.LU.FL.MT.CE.AR5",0,-1.834
"11588","YR2003","JAM","EN.GHG.CO2.LU.DF.MT.CE.AR5",0,0.148
"11589","YR2004","JAM","EN.GHG.CO2.LU.MT.CE.AR5",0,-1.686
"11590","YR2004","JAM","EN.GHG.CO2.LU.FL.MT.CE.AR5",0,-1.834
"11591","YR2004","JAM","EN.GHG.CO2.LU.DF.MT.CE.AR5",0,0.148
"11592","YR2005","JAM","EN.GHG.CO2.LU.MT.CE.AR5",0,-1.686
"11593","YR2005","JAM","EN.GHG.CO2.LU.FL.MT.CE.AR5",0,-1.834
"11594","YR2005","JAM","EN.GHG.CO2.LU.DF.MT.CE.AR5",0,0.148
"11595","YR2006","JAM","EN.GHG.CO2.LU.MT.CE.AR5",0,-1.686
"11596","YR2006","JAM","EN.GHG.CO2.LU.FL.MT.CE.AR5",0,-1.834
"11597","YR2006","JAM","EN.GHG.CO2.LU.DF.MT.CE.AR5",0,0.148
"11598","YR2007","JAM","EN.GHG.CO2.LU.MT.CE.AR5",0,-1.638
"11599","YR2007","JAM","EN.GHG.CO2.LU.FL.MT.CE.AR5",0,-1.786
"11600","YR2007","JAM","EN.GHG.CO2.LU.DF.MT.CE.AR5",0,0.148
"11601","YR2008","JAM","EN.GHG.CO2.LU.MT.CE.AR5",0,-1.632
"11602","YR2008","JAM","EN.GHG.CO2.LU.FL.MT.CE.AR5",0,-1.779
"11603","YR2008","JAM","EN.GHG.CO2.LU.DF.MT.CE.AR5",0,0.147
"11604","YR2009","JAM","EN.GHG.CO2.LU.MT.CE.AR5",0,-1.622
"11605","YR2009","JAM","EN.GHG.CO2.LU.FL.MT.CE.AR5",0,-1.77
"11606","YR2009","JAM","EN.GHG.CO2.LU.DF.MT.CE.AR5",0,0.148
"11607","YR2010","JAM","EN.GHG.CO2.LU.MT.CE.AR5",0,-1.618
"11608","YR2010","JAM","EN.GHG.CO2.LU.FL.MT.CE.AR5",0,-1.767
"11609","YR2010","JAM","EN.GHG.CO2.LU.DF.MT.CE.AR5",0,0.149
"11610","YR2011","JAM","EN.GHG.CO2.LU.MT.CE.AR5",0,-1.616
"11611","YR2011","JAM","EN.GHG.CO2.LU.FL.MT.CE.AR5",0,-1.766
"11612","YR2011","JAM","EN.GHG.CO2.LU.DF.MT.CE.AR5",0,0.15
"11613","YR2012","JAM","EN.GHG.CO2.LU.MT.CE.AR5",0,-1.626
"11614","YR2012","JAM","EN.GHG.CO2.LU.FL.MT.CE.AR5",0,-1.777
"11615","YR2012","JAM","EN.GHG.CO2.LU.DF.MT.CE.AR5",0,0.151
"11616","YR2013","JAM","EN.GHG.CO2.LU.MT.CE.AR5",0,-1.626
"11617","YR2013","JAM","EN.GHG.CO2.LU.FL.MT.CE.AR5",0,-1.777
"11618","YR2013","JAM","EN.GHG.CO2.LU.DF.MT.CE.AR5",0,0.151
"11619","YR2014","JAM","EN.GHG.CO2.LU.MT.CE.AR5",0,-1.626
"11620","YR2014","JAM","EN.GHG.CO2.LU.FL.MT.CE.AR5",0,-1.777
"11621","YR2014","JAM","EN.GHG.CO2.LU.DF.MT.CE.AR5",0,0.151
"11622","YR2015","JAM","EN.GHG.CO2.LU.MT.CE.AR5",0,-1.626
"11623","YR2015","JAM","EN.GHG.CO2.LU.FL.MT.CE.AR5",0,-1.777
"11624","YR2015","JAM","EN.GHG.CO2.LU.DF.MT.CE.AR5",0,0.151
"11625","YR2016","JAM","EN.GHG.CO2.LU.MT.CE.AR5",0,-1.626
"11626","YR2016","JAM","EN.GHG.CO2.LU.FL.MT.CE.AR5",0,-1.777
"11627","YR2016","JAM","EN.GHG.CO2.LU.DF.MT.CE.AR5",0,0.151
"11628","YR2017","JAM","EN.GHG.CO2.LU.MT.CE.AR5",0,-1.626
"11629","YR2017","JAM","EN.GHG.CO2.LU.FL.MT.CE.AR5",0,-1.777
"11630","YR2017","JAM","EN.GHG.CO2.LU.DF.MT.CE.AR5",0,0.151
"11631","YR2018","JAM","EN.GHG.CO2.LU.MT.CE.AR5",0,-1.626
"11632","YR2018","JAM","EN.GHG.CO2.LU.FL.MT.CE.AR5",0,-1.777
"11633","YR2018","JAM","EN.GHG.CO2.LU.DF.MT.CE.AR5",0,0.151
"11634","YR2019","JAM","EN.GHG.CO2.LU.MT.CE.AR5",0,-1.626
"11635","YR2019","JAM","EN.GHG.CO2.LU.FL.MT.CE.AR5",0,-1.777
"11636","YR2019","JAM","EN.GHG.CO2.LU.DF.MT.CE.AR5",0,0.151
"11637","YR2020","JAM","EN.GHG.CO2.LU.MT.CE.AR5",0,-1.626
"11638","YR2020","JAM","EN.GHG.CO2.LU.FL.MT.CE.AR5",0,-1.777
"11639","YR2020","JAM","EN.GHG.CO2.LU.DF.MT.CE.AR5",0,0.151
"11640","YR2021","JAM","EN.GHG.CO2.LU.MT.CE.AR5",0,-1.626
"11641","YR2021","JAM","EN.GHG.CO2.LU.FL.MT.CE.AR5",0,-1.777
"11642","YR2021","JAM","EN.GHG.CO2.LU.DF.MT.CE.AR5",0,0.151
"11643","YR2022","JAM","EN.GHG.CO2.LU.MT.CE.AR5",0,-1.626
"11644","YR2022","JAM","EN.GHG.CO2.LU.FL.MT.CE.AR5",0,-1.777
"11645","YR2022","JAM","EN.GHG.CO2.LU.DF.MT.CE.AR5",0,0.151
"11646","YR2023","JAM","EN.GHG.CO2.LU.MT.CE.AR5",0,-1.626
"11647","YR2023","JAM","EN.GHG.CO2.LU.FL.MT.CE.AR5",0,-1.777
"11648","YR2023","JAM","EN.GHG.CO2.LU.DF.MT.CE.AR5",0,0.151
"11649","YR2000","JOR","EN.GHG.CO2.LU.MT.CE.AR5",0,-0.922
"11650","YR2000","JOR","EN.GHG.CO2.LU.FL.MT.CE.AR5",0,-0.922
"11651","YR2000","JOR","EN.GHG.CO2.LU.DF.MT.CE.AR5",0,0
"11652","YR2001","JOR","EN.GHG.CO2.LU.MT.CE.AR5",0,-0.922
"11653","YR2001","JOR","EN.GHG.CO2.LU.FL.MT.CE.AR5",0,-0.922
"11654","YR2001","JOR","EN.GHG.CO2.LU.DF.MT.CE.AR5",0,0
"11655","YR2002","JOR","EN.GHG.CO2.LU.MT.CE.AR5",0,-0.922
"11656","YR2002","JOR","EN.GHG.CO2.LU.FL.MT.CE.AR5",0,-0.922
"11657","YR2002","JOR","EN.GHG.CO2.LU.DF.MT.CE.AR5",0,0
"11658","YR2003","JOR","EN.GHG.CO2.LU.MT.CE.AR5",0,-0.922
"11659","YR2003","JOR","EN.GHG.CO2.LU.FL.MT.CE.AR5",0,-0.922
"11660","YR2003","JOR","EN.GHG.CO2.LU.DF.MT.CE.AR5",0,0
"11661","YR2004","JOR","EN.GHG.CO2.LU.MT.CE.AR5",0,-0.922
"11662","YR2004","JOR","EN.GHG.CO2.LU.FL.MT.CE.AR5",0,-0.922
"11663","YR2004","JOR","EN.GHG.CO2.LU.DF.MT.CE.AR5",0,0
"11664","YR2005","JOR","EN.GHG.CO2.LU.MT.CE.AR5",0,-0.922
"11665","YR2005","JOR","EN.GHG.CO2.LU.FL.MT.CE.AR5",0,-0.922
"11666","YR2005","JOR","EN.GHG.CO2.LU.DF.MT.CE.AR5",0,0
"11667","YR2006","JOR","EN.GHG.CO2.LU.MT.CE.AR5",0,-0.922
"11668","YR2006","JOR","EN.GHG.CO2.LU.FL.MT.CE.AR5",0,-0.922
"11669","YR2006","JOR","EN.GHG.CO2.LU.DF.MT.CE.AR5",0,0
"11670","YR2007","JOR","EN.GHG.CO2.LU.MT.CE.AR5",0,-0.922
"11671","YR2007","JOR","EN.GHG.CO2.LU.FL.MT.CE.AR5",0,-0.922
"11672","YR2007","JOR","EN.GHG.CO2.LU.DF.MT.CE.AR5",0,0
"11673","YR2008","JOR","EN.GHG.CO2.LU.MT.CE.AR5",0,-0.922
"11674","YR2008","JOR","EN.GHG.CO2.LU.FL.MT.CE.AR5",0,-0.922
"11675","YR2008","JOR","EN.GHG.CO2.LU.DF.MT.CE.AR5",0,0
"11676","YR2009","JOR","EN.GHG.CO2.LU.MT.CE.AR5",0,-0.922
"11677","YR2009","JOR","EN.GHG.CO2.LU.FL.MT.CE.AR5",0,-0.922
"11678","YR2009","JOR","EN.GHG.CO2.LU.DF.MT.CE.AR5",0,0
"11679","YR2010","JOR","EN.GHG.CO2.LU.MT.CE.AR5",0,-0.922
"11680","YR2010","JOR","EN.GHG.CO2.LU.FL.MT.CE.AR5",0,-0.922
"11681","YR2010","JOR","EN.GHG.CO2.LU.DF.MT.CE.AR5",0,0
"11682","YR2011","JOR","EN.GHG.CO2.LU.MT.CE.AR5",0,-0.922
"11683","YR2011","JOR","EN.GHG.CO2.LU.FL.MT.CE.AR5",0,-0.922
"11684","YR2011","JOR","EN.GHG.CO2.LU.DF.MT.CE.AR5",0,0
"11685","YR2012","JOR","EN.GHG.CO2.LU.MT.CE.AR5",0,-0.922
"11686","YR2012","JOR","EN.GHG.CO2.LU.FL.MT.CE.AR5",0,-0.922
"11687","YR2012","JOR","EN.GHG.CO2.LU.DF.MT.CE.AR5",0,0
"11688","YR2013","JOR","EN.GHG.CO2.LU.MT.CE.AR5",0,-0.922
"11689","YR2013","JOR","EN.GHG.CO2.LU.FL.MT.CE.AR5",0,-0.922
"11690","YR2013","JOR","EN.GHG.CO2.LU.DF.MT.CE.AR5",0,0
"11691","YR2014","JOR","EN.GHG.CO2.LU.MT.CE.AR5",0,-0.922
"11692","YR2014","JOR","EN.GHG.CO2.LU.FL.MT.CE.AR5",0,-0.922
"11693","YR2014","JOR","EN.GHG.CO2.LU.DF.MT.CE.AR5",0,0
"11694","YR2015","JOR","EN.GHG.CO2.LU.MT.CE.AR5",0,-0.922
"11695","YR2015","JOR","EN.GHG.CO2.LU.FL.MT.CE.AR5",0,-0.922
"11696","YR2015","JOR","EN.GHG.CO2.LU.DF.MT.CE.AR5",0,0
"11697","YR2016","JOR","EN.GHG.CO2.LU.MT.CE.AR5",0,-0.922
"11698","YR2016","JOR","EN.GHG.CO2.LU.FL.MT.CE.AR5",0,-0.922
"11699","YR2016","JOR","EN.GHG.CO2.LU.DF.MT.CE.AR5",0,0
"11700","YR2017","JOR","EN.GHG.CO2.LU.MT.CE.AR5",0,-0.922
"11701","YR2017","JOR","EN.GHG.CO2.LU.FL.MT.CE.AR5",0,-0.922
"11702","YR2017","JOR","EN.GHG.CO2.LU.DF.MT.CE.AR5",0,0
"11703","YR2018","JOR","EN.GHG.CO2.LU.MT.CE.AR5",0,-0.922
"11704","YR2018","JOR","EN.GHG.CO2.LU.FL.MT.CE.AR5",0,-0.922
"11705","YR2018","JOR","EN.GHG.CO2.LU.DF.MT.CE.AR5",0,0
"11706","YR2019","JOR","EN.GHG.CO2.LU.MT.CE.AR5",0,-0.922
"11707","YR2019","JOR","EN.GHG.CO2.LU.FL.MT.CE.AR5",0,-0.922
"11708","YR2019","JOR","EN.GHG.CO2.LU.DF.MT.CE.AR5",0,0
"11709","YR2020","JOR","EN.GHG.CO2.LU.MT.CE.AR5",0,-0.922
"11710","YR2020","JOR","EN.GHG.CO2.LU.FL.MT.CE.AR5",0,-0.922
"11711","YR2020","JOR","EN.GHG.CO2.LU.DF.MT.CE.AR5",0,0
"11712","YR2021","JOR","EN.GHG.CO2.LU.MT.CE.AR5",0,-0.922
"11713","YR2021","JOR","EN.GHG.CO2.LU.FL.MT.CE.AR5",0,-0.922
"11714","YR2021","JOR","EN.GHG.CO2.LU.DF.MT.CE.AR5",0,0
"11715","YR2022","JOR","EN.GHG.CO2.LU.MT.CE.AR5",0,-0.922
"11716","YR2022","JOR","EN.GHG.CO2.LU.FL.MT.CE.AR5",0,-0.922
"11717","YR2022","JOR","EN.GHG.CO2.LU.DF.MT.CE.AR5",0,0
"11718","YR2023","JOR","EN.GHG.CO2.LU.MT.CE.AR5",0,-0.922
"11719","YR2023","JOR","EN.GHG.CO2.LU.FL.MT.CE.AR5",0,-0.922
"11720","YR2023","JOR","EN.GHG.CO2.LU.DF.MT.CE.AR5",0,0
"11721","YR2000","KWT","EN.GHG.CO2.LU.MT.CE.AR5",0,0.1339
"11722","YR2000","KWT","EN.GHG.CO2.LU.FL.MT.CE.AR5",0,0.1339
"11723","YR2001","KWT","EN.GHG.CO2.LU.MT.CE.AR5",0,0.1339
"11724","YR2001","KWT","EN.GHG.CO2.LU.FL.MT.CE.AR5",0,0.1339
"11725","YR2002","KWT","EN.GHG.CO2.LU.MT.CE.AR5",0,0.1339
"11726","YR2002","KWT","EN.GHG.CO2.LU.FL.MT.CE.AR5",0,0.1339
"11727","YR2003","KWT","EN.GHG.CO2.LU.MT.CE.AR5",0,0.1339
"11728","YR2003","KWT","EN.GHG.CO2.LU.FL.MT.CE.AR5",0,0.1339
"11729","YR2004","KWT","EN.GHG.CO2.LU.MT.CE.AR5",0,0.1339
"11730","YR2004","KWT","EN.GHG.CO2.LU.FL.MT.CE.AR5",0,0.1339
"11731","YR2005","KWT","EN.GHG.CO2.LU.MT.CE.AR5",0,0.1339
"11732","YR2005","KWT","EN.GHG.CO2.LU.FL.MT.CE.AR5",0,0.1339
"11733","YR2006","KWT","EN.GHG.CO2.LU.MT.CE.AR5",0,0.1339
"11734","YR2006","KWT","EN.GHG.CO2.LU.FL.MT.CE.AR5",0,0.1339
"11735","YR2007","KWT","EN.GHG.CO2.LU.MT.CE.AR5",0,0.1339
"11736","YR2007","KWT","EN.GHG.CO2.LU.FL.MT.CE.AR5",0,0.1339
"11737","YR2008","KWT","EN.GHG.CO2.LU.MT.CE.AR5",0,0.1339
"11738","YR2008","KWT","EN.GHG.CO2.LU.FL.MT.CE.AR5",0,0.1339
"11739","YR2009","KWT","EN.GHG.CO2.LU.MT.CE.AR5",0,0.1339
"11740","YR2009","KWT","EN.GHG.CO2.LU.FL.MT.CE.AR5",0,0.1339
"11741","YR2010","KWT","EN.GHG.CO2.LU.MT.CE.AR5",0,0.1339
"11742","YR2010","KWT","EN.GHG.CO2.LU.FL.MT.CE.AR5",0,0.1339
"11743","YR2011","KWT","EN.GHG.CO2.LU.MT.CE.AR5",0,0.1339
"11744","YR2011","KWT","EN.GHG.CO2.LU.FL.MT.CE.AR5",0,0.1339
"11745","YR2012","KWT","EN.GHG.CO2.LU.MT.CE.AR5",0,0.1339
"11746","YR2012","KWT","EN.GHG.CO2.LU.FL.MT.CE.AR5",0,0.1339
"11747","YR2013","KWT","EN.GHG.CO2.LU.MT.CE.AR5",0,0.1339
"11748","YR2013","KWT","EN.GHG.CO2.LU.FL.MT.CE.AR5",0,0.1339
"11749","YR2014","KWT","EN.GHG.CO2.LU.MT.CE.AR5",0,0.1339
"11750","YR2014","KWT","EN.GHG.CO2.LU.FL.MT.CE.AR5",0,0.1339
"11751","YR2015","KWT","EN.GHG.CO2.LU.MT.CE.AR5",0,0.1339
"11752","YR2015","KWT","EN.GHG.CO2.LU.FL.MT.CE.AR5",0,0.1339
"11753","YR2016","KWT","EN.GHG.CO2.LU.MT.CE.AR5",0,0.1339
"11754","YR2016","KWT","EN.GHG.CO2.LU.FL.MT.CE.AR5",0,0.1339
"11755","YR2017","KWT","EN.GHG.CO2.LU.MT.CE.AR5",0,0.1339
"11756","YR2017","KWT","EN.GHG.CO2.LU.FL.MT.CE.AR5",0,0.1339
"11757","YR2018","KWT","EN.GHG.CO2.LU.MT.CE.AR5",0,0.1339
"11758","YR2018","KWT","EN.GHG.CO2.LU.FL.MT.CE.AR5",0,0.1339
"11759","YR2019","KWT","EN.GHG.CO2.LU.MT.CE.AR5",0,0.1339
"11760","YR2019","KWT","EN.GHG.CO2.LU.FL.MT.CE.AR5",0,0.1339
"11761","YR2020","KWT","EN.GHG.CO2.LU.MT.CE.AR5",0,0.1339
"11762","YR2020","KWT","EN.GHG.CO2.LU.FL.MT.CE.AR5",0,0.1339
"11763","YR2021","KWT","EN.GHG.CO2.LU.MT.CE.AR5",0,0.1339
"11764","YR2021","KWT","EN.GHG.CO2.LU.FL.MT.CE.AR5",0,0.1339
"11765","YR2022","KWT","EN.GHG.CO2.LU.MT.CE.AR5",0,0.1339
"11766","YR2022","KWT","EN.GHG.CO2.LU.FL.MT.CE.AR5",0,0.1339
"11767","YR2023","KWT","EN.GHG.CO2.LU.MT.CE.AR5",0,0.1339
"11768","YR2023","KWT","EN.GHG.CO2.LU.FL.MT.CE.AR5",0,0.1339
"11769","YR2000","KGZ","EN.GHG.CO2.LU.MT.CE.AR5",0,-10.367
"11770","YR2000","KGZ","EN.GHG.CO2.LU.FL.MT.CE.AR5",0,-10.367
"11771","YR2001","KGZ","EN.GHG.CO2.LU.MT.CE.AR5",0,-10.367
"11772","YR2001","KGZ","EN.GHG.CO2.LU.FL.MT.CE.AR5",0,-10.367
"11773","YR2002","KGZ","EN.GHG.CO2.LU.MT.CE.AR5",0,-10.367
"11774","YR2002","KGZ","EN.GHG.CO2.LU.FL.MT.CE.AR5",0,-10.367
"11775","YR2003","KGZ","EN.GHG.CO2.LU.MT.CE.AR5",0,-10.367
"11776","YR2003","KGZ","EN.GHG.CO2.LU.FL.MT.CE.AR5",0,-10.367
"11777","YR2004","KGZ","EN.GHG.CO2.LU.MT.CE.AR5",0,-10.367
"11778","YR2004","KGZ","EN.GHG.CO2.LU.FL.MT.CE.AR5",0,-10.367
"11779","YR2005","KGZ","EN.GHG.CO2.LU.MT.CE.AR5",0,-10.367
"11780","YR2005","KGZ","EN.GHG.CO2.LU.FL.MT.CE.AR5",0,-10.367
"11781","YR2006","KGZ","EN.GHG.CO2.LU.MT.CE.AR5",0,-10.367
"11782","YR2006","KGZ","EN.GHG.CO2.LU.FL.MT.CE.AR5",0,-10.367
"11783","YR2007","KGZ","EN.GHG.CO2.LU.MT.CE.AR5",0,-10.367
"11784","YR2007","KGZ","EN.GHG.CO2.LU.FL.MT.CE.AR5",0,-10.367
"11785","YR2008","KGZ","EN.GHG.CO2.LU.MT.CE.AR5",0,-10.367
"11786","YR2008","KGZ","EN.GHG.CO2.LU.FL.MT.CE.AR5",0,-10.367
"11787","YR2009","KGZ","EN.GHG.CO2.LU.MT.CE.AR5",0,-10.367
"11788","YR2009","KGZ","EN.GHG.CO2.LU.FL.MT.CE.AR5",0,-10.367
"11789","YR2010","KGZ","EN.GHG.CO2.LU.MT.CE.AR5",0,-10.367
"11790","YR2010","KGZ","EN.GHG.CO2.LU.FL.MT.CE.AR5",0,-10.367
"11791","YR2011","KGZ","EN.GHG.CO2.LU.MT.CE.AR5",0,-10.367
"11792","YR2011","KGZ","EN.GHG.CO2.LU.FL.MT.CE.AR5",0,-10.367
"11793","YR2012","KGZ","EN.GHG.CO2.LU.MT.CE.AR5",0,-10.367
"11794","YR2012","KGZ","EN.GHG.CO2.LU.FL.MT.CE.AR5",0,-10.367
"11795","YR2013","KGZ","EN.GHG.CO2.LU.MT.CE.AR5",0,-10.367
"11796","YR2013","KGZ","EN.GHG.CO2.LU.FL.MT.CE.AR5",0,-10.367
"11797","YR2014","KGZ","EN.GHG.CO2.LU.MT.CE.AR5",0,-10.367
"11798","YR2014","KGZ","EN.GHG.CO2.LU.FL.MT.CE.AR5",0,-10.367
"11799","YR2015","KGZ","EN.GHG.CO2.LU.MT.CE.AR5",0,-10.367
"11800","YR2015","KGZ","EN.GHG.CO2.LU.FL.MT.CE.AR5",0,-10.367
"11801","YR2016","KGZ","EN.GHG.CO2.LU.MT.CE.AR5",0,-10.367
"11802","YR2016","KGZ","EN.GHG.CO2.LU.FL.MT.CE.AR5",0,-10.367
"11803","YR2017","KGZ","EN.GHG.CO2.LU.MT.CE.AR5",0,-10.367
"11804","YR2017","KGZ","EN.GHG.CO2.LU.FL.MT.CE.AR5",0,-10.367
"11805","YR2018","KGZ","EN.GHG.CO2.LU.MT.CE.AR5",0,-10.367
"11806","YR2018","KGZ","EN.GHG.CO2.LU.FL.MT.CE.AR5",0,-10.367
"11807","YR2019","KGZ","EN.GHG.CO2.LU.MT.CE.AR5",0,-10.367
"11808","YR2019","KGZ","EN.GHG.CO2.LU.FL.MT.CE.AR5",0,-10.367
"11809","YR2020","KGZ","EN.GHG.CO2.LU.MT.CE.AR5",0,-10.367
"11810","YR2020","KGZ","EN.GHG.CO2.LU.FL.MT.CE.AR5",0,-10.367
"11811","YR2021","KGZ","EN.GHG.CO2.LU.MT.CE.AR5",0,-10.367
"11812","YR2021","KGZ","EN.GHG.CO2.LU.FL.MT.CE.AR5",0,-10.367
"11813","YR2022","KGZ","EN.GHG.CO2.LU.MT.CE.AR5",0,-10.367
"11814","YR2022","KGZ","EN.GHG.CO2.LU.FL.MT.CE.AR5",0,-10.367
"11815","YR2023","KGZ","EN.GHG.CO2.LU.MT.CE.AR5",0,-10.367
"11816","YR2023","KGZ","EN.GHG.CO2.LU.FL.MT.CE.AR5",0,-10.367
"11817","YR2000","LAO","EN.GHG.CO2.LU.MT.CE.AR5",0,-35.147
"11818","YR2000","LAO","EN.GHG.CO2.LU.FL.MT.CE.AR5",0,-45.833
"11819","YR2000","LAO","EN.GHG.CO2.LU.DF.MT.CE.AR5",0,6.364
"11820","YR2000","LAO","EN.GHG.CO2.LU.OL.MT.CE.AR5",0,2.648
"11821","YR2001","LAO","EN.GHG.CO2.LU.MT.CE.AR5",0,-35.147
"11822","YR2001","LAO","EN.GHG.CO2.LU.FL.MT.CE.AR5",0,-45.833
"11823","YR2001","LAO","EN.GHG.CO2.LU.DF.MT.CE.AR5",0,6.364
"11824","YR2001","LAO","EN.GHG.CO2.LU.OL.MT.CE.AR5",0,2.648
"11825","YR2002","LAO","EN.GHG.CO2.LU.MT.CE.AR5",0,-35.147
"11826","YR2002","LAO","EN.GHG.CO2.LU.FL.MT.CE.AR5",0,-45.833
"11827","YR2002","LAO","EN.GHG.CO2.LU.DF.MT.CE.AR5",0,6.364
"11828","YR2002","LAO","EN.GHG.CO2.LU.OL.MT.CE.AR5",0,2.648
"11829","YR2003","LAO","EN.GHG.CO2.LU.MT.CE.AR5",0,-35.147
"11830","YR2003","LAO","EN.GHG.CO2.LU.FL.MT.CE.AR5",0,-45.833
"11831","YR2003","LAO","EN.GHG.CO2.LU.DF.MT.CE.AR5",0,6.364
"11832","YR2003","LAO","EN.GHG.CO2.LU.OL.MT.CE.AR5",0,2.648
"11833","YR2004","LAO","EN.GHG.CO2.LU.MT.CE.AR5",0,-35.147
"11834","YR2004","LAO","EN.GHG.CO2.LU.FL.MT.CE.AR5",0,-45.833
"11835","YR2004","LAO","EN.GHG.CO2.LU.DF.MT.CE.AR5",0,6.364
"11836","YR2004","LAO","EN.GHG.CO2.LU.OL.MT.CE.AR5",0,2.648
"11837","YR2005","LAO","EN.GHG.CO2.LU.MT.CE.AR5",0,-35.147
"11838","YR2005","LAO","EN.GHG.CO2.LU.FL.MT.CE.AR5",0,-45.833
"11839","YR2005","LAO","EN.GHG.CO2.LU.DF.MT.CE.AR5",0,6.364
"11840","YR2005","LAO","EN.GHG.CO2.LU.OL.MT.CE.AR5",0,2.648
"11841","YR2006","LAO","EN.GHG.CO2.LU.MT.CE.AR5",0,-35.147
"11842","YR2006","LAO","EN.GHG.CO2.LU.FL.MT.CE.AR5",0,-45.833
"11843","YR2006","LAO","EN.GHG.CO2.LU.DF.MT.CE.AR5",0,6.364
"11844","YR2006","LAO","EN.GHG.CO2.LU.OL.MT.CE.AR5",0,2.648
"11845","YR2007","LAO","EN.GHG.CO2.LU.MT.CE.AR5",0,-35.147
"11846","YR2007","LAO","EN.GHG.CO2.LU.FL.MT.CE.AR5",0,-45.833
"11847","YR2007","LAO","EN.GHG.CO2.LU.DF.MT.CE.AR5",0,6.364
"11848","YR2007","LAO","EN.GHG.CO2.LU.OL.MT.CE.AR5",0,2.648
"11849","YR2008","LAO","EN.GHG.CO2.LU.MT.CE.AR5",0,-35.147
"11850","YR2008","LAO","EN.GHG.CO2.LU.FL.MT.CE.AR5",0,-45.833
"11851","YR2008","LAO","EN.GHG.CO2.LU.DF.MT.CE.AR5",0,6.364
"11852","YR2008","LAO","EN.GHG.CO2.LU.OL.MT.CE.AR5",0,2.648
"11853","YR2009","LAO","EN.GHG.CO2.LU.MT.CE.AR5",0,-35.147
"11854","YR2009","LAO","EN.GHG.CO2.LU.FL.MT.CE.AR5",0,-45.833
"11855","YR2009","LAO","EN.GHG.CO2.LU.DF.MT.CE.AR5",0,6.364
"11856","YR2009","LAO","EN.GHG.CO2.LU.OL.MT.CE.AR5",0,2.648
"11857","YR2010","LAO","EN.GHG.CO2.LU.MT.CE.AR5",0,-35.147
"11858","YR2010","LAO","EN.GHG.CO2.LU.FL.MT.CE.AR5",0,-45.833
"11859","YR2010","LAO","EN.GHG.CO2.LU.DF.MT.CE.AR5",0,6.364
"11860","YR2010","LAO","EN.GHG.CO2.LU.OL.MT.CE.AR5",0,2.648
"11861","YR2011","LAO","EN.GHG.CO2.LU.MT.CE.AR5",0,-23.6085
"11862","YR2011","LAO","EN.GHG.CO2.LU.FL.MT.CE.AR5",0,-37.493
"11863","YR2011","LAO","EN.GHG.CO2.LU.DF.MT.CE.AR5",0,9.7875
"11864","YR2011","LAO","EN.GHG.CO2.LU.OL.MT.CE.AR5",0,2.3855
"11865","YR2012","LAO","EN.GHG.CO2.LU.MT.CE.AR5",0,-12.1184
"11866","YR2012","LAO","EN.GHG.CO2.LU.FL.MT.CE.AR5",0,-29.153
"11867","YR2012","LAO","EN.GHG.CO2.LU.DF.MT.CE.AR5",0,13.211
"11868","YR2012","LAO","EN.GHG.CO2.LU.OL.MT.CE.AR5",0,2.0746
"11869","YR2013","LAO","EN.GHG.CO2.LU.MT.CE.AR5",0,-0.5799
"11870","YR2013","LAO","EN.GHG.CO2.LU.FL.MT.CE.AR5",0,-20.813
"11871","YR2013","LAO","EN.GHG.CO2.LU.DF.MT.CE.AR5",0,16.6345
"11872","YR2013","LAO","EN.GHG.CO2.LU.OL.MT.CE.AR5",0,1.8121
"11873","YR2014","LAO","EN.GHG.CO2.LU.MT.CE.AR5",0,11.007
"11874","YR2014","LAO","EN.GHG.CO2.LU.FL.MT.CE.AR5",0,-12.473
"11875","YR2014","LAO","EN.GHG.CO2.LU.DF.MT.CE.AR5",0,20.058
"11876","YR2014","LAO","EN.GHG.CO2.LU.OL.MT.CE.AR5",0,1.598
"11877","YR2015","LAO","EN.GHG.CO2.LU.MT.CE.AR5",0,11.007
"11878","YR2015","LAO","EN.GHG.CO2.LU.FL.MT.CE.AR5",0,-12.473
"11879","YR2015","LAO","EN.GHG.CO2.LU.DF.MT.CE.AR5",0,20.058
"11880","YR2015","LAO","EN.GHG.CO2.LU.OL.MT.CE.AR5",0,1.598
"11881","YR2016","LAO","EN.GHG.CO2.LU.MT.CE.AR5",0,11.007
"11882","YR2016","LAO","EN.GHG.CO2.LU.FL.MT.CE.AR5",0,-12.473
"11883","YR2016","LAO","EN.GHG.CO2.LU.DF.MT.CE.AR5",0,20.058
"11884","YR2016","LAO","EN.GHG.CO2.LU.OL.MT.CE.AR5",0,1.598
"11885","YR2017","LAO","EN.GHG.CO2.LU.MT.CE.AR5",0,11.007
"11886","YR2017","LAO","EN.GHG.CO2.LU.FL.MT.CE.AR5",0,-12.473
"11887","YR2017","LAO","EN.GHG.CO2.LU.DF.MT.CE.AR5",0,20.058
"11888","YR2017","LAO","EN.GHG.CO2.LU.OL.MT.CE.AR5",0,1.598
"11889","YR2018","LAO","EN.GHG.CO2.LU.MT.CE.AR5",0,11.007
"11890","YR2018","LAO","EN.GHG.CO2.LU.FL.MT.CE.AR5",0,-12.473
"11891","YR2018","LAO","EN.GHG.CO2.LU.DF.MT.CE.AR5",0,20.058
"11892","YR2018","LAO","EN.GHG.CO2.LU.OL.MT.CE.AR5",0,1.598
"11893","YR2019","LAO","EN.GHG.CO2.LU.MT.CE.AR5",0,11.007
"11894","YR2019","LAO","EN.GHG.CO2.LU.FL.MT.CE.AR5",0,-12.473
"11895","YR2019","LAO","EN.GHG.CO2.LU.DF.MT.CE.AR5",0,20.058
"11896","YR2019","LAO","EN.GHG.CO2.LU.OL.MT.CE.AR5",0,1.598
"11897","YR2020","LAO","EN.GHG.CO2.LU.MT.CE.AR5",0,11.007
"11898","YR2020","LAO","EN.GHG.CO2.LU.FL.MT.CE.AR5",0,-12.473
"11899","YR2020","LAO","EN.GHG.CO2.LU.DF.MT.CE.AR5",0,20.058
"11900","YR2020","LAO","EN.GHG.CO2.LU.OL.MT.CE.AR5",0,1.598
"11901","YR2021","LAO","EN.GHG.CO2.LU.MT.CE.AR5",0,11.007
"11902","YR2021","LAO","EN.GHG.CO2.LU.FL.MT.CE.AR5",0,-12.473
"11903","YR2021","LAO","EN.GHG.CO2.LU.DF.MT.CE.AR5",0,20.058
"11904","YR2021","LAO","EN.GHG.CO2.LU.OL.MT.CE.AR5",0,1.598
"11905","YR2022","LAO","EN.GHG.CO2.LU.MT.CE.AR5",0,11.007
"11906","YR2022","LAO","EN.GHG.CO2.LU.FL.MT.CE.AR5",0,-12.473
"11907","YR2022","LAO","EN.GHG.CO2.LU.DF.MT.CE.AR5",0,20.058
"11908","YR2022","LAO","EN.GHG.CO2.LU.OL.MT.CE.AR5",0,1.598
"11909","YR2023","LAO","EN.GHG.CO2.LU.MT.CE.AR5",0,11.007
"11910","YR2023","LAO","EN.GHG.CO2.LU.FL.MT.CE.AR5",0,-12.473
"11911","YR2023","LAO","EN.GHG.CO2.LU.DF.MT.CE.AR5",0,20.058
"11912","YR2023","LAO","EN.GHG.CO2.LU.OL.MT.CE.AR5",0,1.598
"11913","YR2000","LSO","EN.GHG.CO2.LU.MT.CE.AR5",0,7.538
"11914","YR2000","LSO","EN.GHG.CO2.LU.FL.MT.CE.AR5",0,4.869
"11915","YR2000","LSO","EN.GHG.CO2.LU.DF.MT.CE.AR5",0,0
"11916","YR2000","LSO","EN.GHG.CO2.LU.OL.MT.CE.AR5",0,2.669
"11917","YR2001","LSO","EN.GHG.CO2.LU.MT.CE.AR5",0,7.538
"11918","YR2001","LSO","EN.GHG.CO2.LU.FL.MT.CE.AR5",0,4.869
"11919","YR2001","LSO","EN.GHG.CO2.LU.DF.MT.CE.AR5",0,0
"11920","YR2001","LSO","EN.GHG.CO2.LU.OL.MT.CE.AR5",0,2.669
"11921","YR2002","LSO","EN.GHG.CO2.LU.MT.CE.AR5",0,7.538
"11922","YR2002","LSO","EN.GHG.CO2.LU.FL.MT.CE.AR5",0,4.869
"11923","YR2002","LSO","EN.GHG.CO2.LU.DF.MT.CE.AR5",0,0
"11924","YR2002","LSO","EN.GHG.CO2.LU.OL.MT.CE.AR5",0,2.669
"11925","YR2003","LSO","EN.GHG.CO2.LU.MT.CE.AR5",0,7.538
"11926","YR2003","LSO","EN.GHG.CO2.LU.FL.MT.CE.AR5",0,4.869
"11927","YR2003","LSO","EN.GHG.CO2.LU.DF.MT.CE.AR5",0,0
"11928","YR2003","LSO","EN.GHG.CO2.LU.OL.MT.CE.AR5",0,2.669
"11929","YR2004","LSO","EN.GHG.CO2.LU.MT.CE.AR5",0,7.538
"11930","YR2004","LSO","EN.GHG.CO2.LU.FL.MT.CE.AR5",0,4.869
"11931","YR2004","LSO","EN.GHG.CO2.LU.DF.MT.CE.AR5",0,0
"11932","YR2004","LSO","EN.GHG.CO2.LU.OL.MT.CE.AR5",0,2.669
"11933","YR2005","LSO","EN.GHG.CO2.LU.MT.CE.AR5",0,8.117
"11934","YR2005","LSO","EN.GHG.CO2.LU.FL.MT.CE.AR5",0,5.448
"11935","YR2005","LSO","EN.GHG.CO2.LU.DF.MT.CE.AR5",0,0
"11936","YR2005","LSO","EN.GHG.CO2.LU.OL.MT.CE.AR5",0,2.669
"11937","YR2006","LSO","EN.GHG.CO2.LU.MT.CE.AR5",0,7.806
"11938","YR2006","LSO","EN.GHG.CO2.LU.FL.MT.CE.AR5",0,5.148
"11939","YR2006","LSO","EN.GHG.CO2.LU.DF.MT.CE.AR5",0,0
"11940","YR2006","LSO","EN.GHG.CO2.LU.OL.MT.CE.AR5",0,2.658
"11941","YR2007","LSO","EN.GHG.CO2.LU.MT.CE.AR5",0,7.589
"11942","YR2007","LSO","EN.GHG.CO2.LU.FL.MT.CE.AR5",0,4.931
"11943","YR2007","LSO","EN.GHG.CO2.LU.DF.MT.CE.AR5",0,0
"11944","YR2007","LSO","EN.GHG.CO2.LU.OL.MT.CE.AR5",0,2.658
"11945","YR2008","LSO","EN.GHG.CO2.LU.MT.CE.AR5",0,7.248
"11946","YR2008","LSO","EN.GHG.CO2.LU.FL.MT.CE.AR5",0,4.605
"11947","YR2008","LSO","EN.GHG.CO2.LU.DF.MT.CE.AR5",0,0
"11948","YR2008","LSO","EN.GHG.CO2.LU.OL.MT.CE.AR5",0,2.643
"11949","YR2009","LSO","EN.GHG.CO2.LU.MT.CE.AR5",0,7.05
"11950","YR2009","LSO","EN.GHG.CO2.LU.FL.MT.CE.AR5",0,4.436
"11951","YR2009","LSO","EN.GHG.CO2.LU.DF.MT.CE.AR5",0,0
"11952","YR2009","LSO","EN.GHG.CO2.LU.OL.MT.CE.AR5",0,2.614
"11953","YR2010","LSO","EN.GHG.CO2.LU.MT.CE.AR5",0,7.49
"11954","YR2010","LSO","EN.GHG.CO2.LU.FL.MT.CE.AR5",0,4.869
"11955","YR2010","LSO","EN.GHG.CO2.LU.DF.MT.CE.AR5",0,0
"11956","YR2010","LSO","EN.GHG.CO2.LU.OL.MT.CE.AR5",0,2.621
"11957","YR2011","LSO","EN.GHG.CO2.LU.MT.CE.AR5",0,7.49
"11958","YR2011","LSO","EN.GHG.CO2.LU.FL.MT.CE.AR5",0,4.869
"11959","YR2011","LSO","EN.GHG.CO2.LU.DF.MT.CE.AR5",0,0
"11960","YR2011","LSO","EN.GHG.CO2.LU.OL.MT.CE.AR5",0,2.621
"11961","YR2012","LSO","EN.GHG.CO2.LU.MT.CE.AR5",0,7.49
"11962","YR2012","LSO","EN.GHG.CO2.LU.FL.MT.CE.AR5",0,4.869
"11963","YR2012","LSO","EN.GHG.CO2.LU.DF.MT.CE.AR5",0,0
"11964","YR2012","LSO","EN.GHG.CO2.LU.OL.MT.CE.AR5",0,2.621
"11965","YR2013","LSO","EN.GHG.CO2.LU.MT.CE.AR5",0,7.49
"11966","YR2013","LSO","EN.GHG.CO2.LU.FL.MT.CE.AR5",0,4.869
"11967","YR2013","LSO","EN.GHG.CO2.LU.DF.MT.CE.AR5",0,0
"11968","YR2013","LSO","EN.GHG.CO2.LU.OL.MT.CE.AR5",0,2.621
"11969","YR2014","LSO","EN.GHG.CO2.LU.MT.CE.AR5",0,7.49
"11970","YR2014","LSO","EN.GHG.CO2.LU.FL.MT.CE.AR5",0,4.869
"11971","YR2014","LSO","EN.GHG.CO2.LU.DF.MT.CE.AR5",0,0
"11972","YR2014","LSO","EN.GHG.CO2.LU.OL.MT.CE.AR5",0,2.621
"11973","YR2015","LSO","EN.GHG.CO2.LU.MT.CE.AR5",0,7.49
"11974","YR2015","LSO","EN.GHG.CO2.LU.FL.MT.CE.AR5",0,4.869
"11975","YR2015","LSO","EN.GHG.CO2.LU.DF.MT.CE.AR5",0,0
"11976","YR2015","LSO","EN.GHG.CO2.LU.OL.MT.CE.AR5",0,2.621
"11977","YR2016","LSO","EN.GHG.CO2.LU.MT.CE.AR5",0,7.49
"11978","YR2016","LSO","EN.GHG.CO2.LU.FL.MT.CE.AR5",0,4.869
"11979","YR2016","LSO","EN.GHG.CO2.LU.DF.MT.CE.AR5",0,0
"11980","YR2016","LSO","EN.GHG.CO2.LU.OL.MT.CE.AR5",0,2.621
"11981","YR2017","LSO","EN.GHG.CO2.LU.MT.CE.AR5",0,7.49
"11982","YR2017","LSO","EN.GHG.CO2.LU.FL.MT.CE.AR5",0,4.869
"11983","YR2017","LSO","EN.GHG.CO2.LU.DF.MT.CE.AR5",0,0
"11984","YR2017","LSO","EN.GHG.CO2.LU.OL.MT.CE.AR5",0,2.621
"11985","YR2018","LSO","EN.GHG.CO2.LU.MT.CE.AR5",0,7.49
"11986","YR2018","LSO","EN.GHG.CO2.LU.FL.MT.CE.AR5",0,4.869
"11987","YR2018","LSO","EN.GHG.CO2.LU.DF.MT.CE.AR5",0,0
"11988","YR2018","LSO","EN.GHG.CO2.LU.OL.MT.CE.AR5",0,2.621
"11989","YR2019","LSO","EN.GHG.CO2.LU.MT.CE.AR5",0,7.49
"11990","YR2019","LSO","EN.GHG.CO2.LU.FL.MT.CE.AR5",0,4.869
"11991","YR2019","LSO","EN.GHG.CO2.LU.DF.MT.CE.AR5",0,0
"11992","YR2019","LSO","EN.GHG.CO2.LU.OL.MT.CE.AR5",0,2.621
"11993","YR2020","LSO","EN.GHG.CO2.LU.MT.CE.AR5",0,7.49
"11994","YR2020","LSO","EN.GHG.CO2.LU.FL.MT.CE.AR5",0,4.869
"11995","YR2020","LSO","EN.GHG.CO2.LU.DF.MT.CE.AR5",0,0
"11996","YR2020","LSO","EN.GHG.CO2.LU.OL.MT.CE.AR5",0,2.621
"11997","YR2021","LSO","EN.GHG.CO2.LU.MT.CE.AR5",0,7.49
"11998","YR2021","LSO","EN.GHG.CO2.LU.FL.MT.CE.AR5",0,4.869
"11999","YR2021","LSO","EN.GHG.CO2.LU.DF.MT.CE.AR5",0,0
"12000","YR2021","LSO","EN.GHG.CO2.LU.OL.MT.CE.AR5",0,2.621
"12001","YR2022","LSO","EN.GHG.CO2.LU.MT.CE.AR5",0,7.49
"12002","YR2022","LSO","EN.GHG.CO2.LU.FL.MT.CE.AR5",0,4.869
"12003","YR2022","LSO","EN.GHG.CO2.LU.DF.MT.CE.AR5",0,0
"12004","YR2022","LSO","EN.GHG.CO2.LU.OL.MT.CE.AR5",0,2.621
"12005","YR2023","LSO","EN.GHG.CO2.LU.MT.CE.AR5",0,7.49
"12006","YR2023","LSO","EN.GHG.CO2.LU.FL.MT.CE.AR5",0,4.869
"12007","YR2023","LSO","EN.GHG.CO2.LU.DF.MT.CE.AR5",0,0
"12008","YR2023","LSO","EN.GHG.CO2.LU.OL.MT.CE.AR5",0,2.621
"12009","YR2000","LBR","EN.GHG.CO2.LU.MT.CE.AR5",0,-20.504
"12010","YR2000","LBR","EN.GHG.CO2.LU.FL.MT.CE.AR5",0,-21.467
"12011","YR2000","LBR","EN.GHG.CO2.LU.DF.MT.CE.AR5",0,0.963
"12012","YR2001","LBR","EN.GHG.CO2.LU.MT.CE.AR5",0,-20.504
"12013","YR2001","LBR","EN.GHG.CO2.LU.FL.MT.CE.AR5",0,-21.467
"12014","YR2001","LBR","EN.GHG.CO2.LU.DF.MT.CE.AR5",0,0.963
"12015","YR2002","LBR","EN.GHG.CO2.LU.MT.CE.AR5",0,-20.504
"12016","YR2002","LBR","EN.GHG.CO2.LU.FL.MT.CE.AR5",0,-21.467
"12017","YR2002","LBR","EN.GHG.CO2.LU.DF.MT.CE.AR5",0,0.963
"12018","YR2003","LBR","EN.GHG.CO2.LU.MT.CE.AR5",0,-20.504
"12019","YR2003","LBR","EN.GHG.CO2.LU.FL.MT.CE.AR5",0,-21.467
"12020","YR2003","LBR","EN.GHG.CO2.LU.DF.MT.CE.AR5",0,0.963
"12021","YR2004","LBR","EN.GHG.CO2.LU.MT.CE.AR5",0,-20.504
"12022","YR2004","LBR","EN.GHG.CO2.LU.FL.MT.CE.AR5",0,-21.467
"12023","YR2004","LBR","EN.GHG.CO2.LU.DF.MT.CE.AR5",0,0.963
"12024","YR2005","LBR","EN.GHG.CO2.LU.MT.CE.AR5",0,-20.504
"12025","YR2005","LBR","EN.GHG.CO2.LU.FL.MT.CE.AR5",0,-21.467
"12026","YR2005","LBR","EN.GHG.CO2.LU.DF.MT.CE.AR5",0,0.963
"12027","YR2006","LBR","EN.GHG.CO2.LU.MT.CE.AR5",0,-20.504
"12028","YR2006","LBR","EN.GHG.CO2.LU.FL.MT.CE.AR5",0,-21.467
"12029","YR2006","LBR","EN.GHG.CO2.LU.DF.MT.CE.AR5",0,0.963
"12030","YR2007","LBR","EN.GHG.CO2.LU.MT.CE.AR5",0,-20.504
"12031","YR2007","LBR","EN.GHG.CO2.LU.FL.MT.CE.AR5",0,-21.467
"12032","YR2007","LBR","EN.GHG.CO2.LU.DF.MT.CE.AR5",0,0.963
"12033","YR2008","LBR","EN.GHG.CO2.LU.MT.CE.AR5",0,-20.504
"12034","YR2008","LBR","EN.GHG.CO2.LU.FL.MT.CE.AR5",0,-21.467
"12035","YR2008","LBR","EN.GHG.CO2.LU.DF.MT.CE.AR5",0,0.963
"12036","YR2009","LBR","EN.GHG.CO2.LU.MT.CE.AR5",0,-20.504
"12037","YR2009","LBR","EN.GHG.CO2.LU.FL.MT.CE.AR5",0,-21.467
"12038","YR2009","LBR","EN.GHG.CO2.LU.DF.MT.CE.AR5",0,0.963
"12039","YR2010","LBR","EN.GHG.CO2.LU.MT.CE.AR5",0,-20.504
"12040","YR2010","LBR","EN.GHG.CO2.LU.FL.MT.CE.AR5",0,-21.467
"12041","YR2010","LBR","EN.GHG.CO2.LU.DF.MT.CE.AR5",0,0.963
"12042","YR2011","LBR","EN.GHG.CO2.LU.MT.CE.AR5",0,-20.504
"12043","YR2011","LBR","EN.GHG.CO2.LU.FL.MT.CE.AR5",0,-21.467
"12044","YR2011","LBR","EN.GHG.CO2.LU.DF.MT.CE.AR5",0,0.963
"12045","YR2012","LBR","EN.GHG.CO2.LU.MT.CE.AR5",0,-20.504
"12046","YR2012","LBR","EN.GHG.CO2.LU.FL.MT.CE.AR5",0,-21.467
"12047","YR2012","LBR","EN.GHG.CO2.LU.DF.MT.CE.AR5",0,0.963
"12048","YR2013","LBR","EN.GHG.CO2.LU.MT.CE.AR5",0,-20.504
"12049","YR2013","LBR","EN.GHG.CO2.LU.FL.MT.CE.AR5",0,-21.467
"12050","YR2013","LBR","EN.GHG.CO2.LU.DF.MT.CE.AR5",0,0.963
"12051","YR2014","LBR","EN.GHG.CO2.LU.MT.CE.AR5",0,-20.504
"12052","YR2014","LBR","EN.GHG.CO2.LU.FL.MT.CE.AR5",0,-21.467
"12053","YR2014","LBR","EN.GHG.CO2.LU.DF.MT.CE.AR5",0,0.963
"12054","YR2015","LBR","EN.GHG.CO2.LU.MT.CE.AR5",0,-20.504
"12055","YR2015","LBR","EN.GHG.CO2.LU.FL.MT.CE.AR5",0,-21.467
"12056","YR2015","LBR","EN.GHG.CO2.LU.DF.MT.CE.AR5",0,0.963
"12057","YR2016","LBR","EN.GHG.CO2.LU.MT.CE.AR5",0,-20.504
"12058","YR2016","LBR","EN.GHG.CO2.LU.FL.MT.CE.AR5",0,-21.467
"12059","YR2016","LBR","EN.GHG.CO2.LU.DF.MT.CE.AR5",0,0.963
"12060","YR2017","LBR","EN.GHG.CO2.LU.MT.CE.AR5",0,-20.504
"12061","YR2017","LBR","EN.GHG.CO2.LU.FL.MT.CE.AR5",0,-21.467
"12062","YR2017","LBR","EN.GHG.CO2.LU.DF.MT.CE.AR5",0,0.963
"12063","YR2018","LBR","EN.GHG.CO2.LU.MT.CE.AR5",0,-20.504
"12064","YR2018","LBR","EN.GHG.CO2.LU.FL.MT.CE.AR5",0,-21.467
"12065","YR2018","LBR","EN.GHG.CO2.LU.DF.MT.CE.AR5",0,0.963
"12066","YR2019","LBR","EN.GHG.CO2.LU.MT.CE.AR5",0,-20.504
"12067","YR2019","LBR","EN.GHG.CO2.LU.FL.MT.CE.AR5",0,-21.467
"12068","YR2019","LBR","EN.GHG.CO2.LU.DF.MT.CE.AR5",0,0.963
"12069","YR2020","LBR","EN.GHG.CO2.LU.MT.CE.AR5",0,-20.504
"12070","YR2020","LBR","EN.GHG.CO2.LU.FL.MT.CE.AR5",0,-21.467
"12071","YR2020","LBR","EN.GHG.CO2.LU.DF.MT.CE.AR5",0,0.963
"12072","YR2021","LBR","EN.GHG.CO2.LU.MT.CE.AR5",0,-20.504
"12073","YR2021","LBR","EN.GHG.CO2.LU.FL.MT.CE.AR5",0,-21.467
"12074","YR2021","LBR","EN.GHG.CO2.LU.DF.MT.CE.AR5",0,0.963
"12075","YR2022","LBR","EN.GHG.CO2.LU.MT.CE.AR5",0,-20.504
"12076","YR2022","LBR","EN.GHG.CO2.LU.FL.MT.CE.AR5",0,-21.467
"12077","YR2022","LBR","EN.GHG.CO2.LU.DF.MT.CE.AR5",0,0.963
"12078","YR2023","LBR","EN.GHG.CO2.LU.MT.CE.AR5",0,-20.504
"12079","YR2023","LBR","EN.GHG.CO2.LU.FL.MT.CE.AR5",0,-21.467
"12080","YR2023","LBR","EN.GHG.CO2.LU.DF.MT.CE.AR5",0,0.963
"12081","YR2000","MKD","EN.GHG.CO2.LU.MT.CE.AR5",0,-1.5
"12082","YR2000","MKD","EN.GHG.CO2.LU.FL.MT.CE.AR5",0,-1.5
"12083","YR2001","MKD","EN.GHG.CO2.LU.MT.CE.AR5",0,-1.5
"12084","YR2001","MKD","EN.GHG.CO2.LU.FL.MT.CE.AR5",0,-1.5
"12085","YR2002","MKD","EN.GHG.CO2.LU.MT.CE.AR5",0,-1.5
"12086","YR2002","MKD","EN.GHG.CO2.LU.FL.MT.CE.AR5",0,-1.5
"12087","YR2003","MKD","EN.GHG.CO2.LU.MT.CE.AR5",0,-1.5
"12088","YR2003","MKD","EN.GHG.CO2.LU.FL.MT.CE.AR5",0,-1.5
"12089","YR2004","MKD","EN.GHG.CO2.LU.MT.CE.AR5",0,-1.5
"12090","YR2004","MKD","EN.GHG.CO2.LU.FL.MT.CE.AR5",0,-1.5
"12091","YR2005","MKD","EN.GHG.CO2.LU.MT.CE.AR5",0,-1.5
"12092","YR2005","MKD","EN.GHG.CO2.LU.FL.MT.CE.AR5",0,-1.5
"12093","YR2006","MKD","EN.GHG.CO2.LU.MT.CE.AR5",0,-1.5
"12094","YR2006","MKD","EN.GHG.CO2.LU.FL.MT.CE.AR5",0,-1.5
"12095","YR2007","MKD","EN.GHG.CO2.LU.MT.CE.AR5",0,-1.5
"12096","YR2007","MKD","EN.GHG.CO2.LU.FL.MT.CE.AR5",0,-1.5
"12097","YR2008","MKD","EN.GHG.CO2.LU.MT.CE.AR5",0,-1.5
"12098","YR2008","MKD","EN.GHG.CO2.LU.FL.MT.CE.AR5",0,-1.5
"12099","YR2009","MKD","EN.GHG.CO2.LU.MT.CE.AR5",0,-0.8
"12100","YR2009","MKD","EN.GHG.CO2.LU.FL.MT.CE.AR5",0,-0.8
"12101","YR2010","MKD","EN.GHG.CO2.LU.MT.CE.AR5",0,-0.94
"12102","YR2010","MKD","EN.GHG.CO2.LU.FL.MT.CE.AR5",0,-0.94
"12103","YR2011","MKD","EN.GHG.CO2.LU.MT.CE.AR5",0,-1.08
"12104","YR2011","MKD","EN.GHG.CO2.LU.FL.MT.CE.AR5",0,-1.08
"12105","YR2012","MKD","EN.GHG.CO2.LU.MT.CE.AR5",0,-1.22
"12106","YR2012","MKD","EN.GHG.CO2.LU.FL.MT.CE.AR5",0,-1.22
"12107","YR2013","MKD","EN.GHG.CO2.LU.MT.CE.AR5",0,-1.36
"12108","YR2013","MKD","EN.GHG.CO2.LU.FL.MT.CE.AR5",0,-1.36
"12109","YR2014","MKD","EN.GHG.CO2.LU.MT.CE.AR5",0,-1.5
"12110","YR2014","MKD","EN.GHG.CO2.LU.FL.MT.CE.AR5",0,-1.5
"12111","YR2015","MKD","EN.GHG.CO2.LU.MT.CE.AR5",0,-1.9
"12112","YR2015","MKD","EN.GHG.CO2.LU.FL.MT.CE.AR5",0,-1.9
"12113","YR2016","MKD","EN.GHG.CO2.LU.MT.CE.AR5",0,-2.3
"12114","YR2016","MKD","EN.GHG.CO2.LU.FL.MT.CE.AR5",0,-2.3
"12115","YR2017","MKD","EN.GHG.CO2.LU.MT.CE.AR5",0,-2.7
"12116","YR2017","MKD","EN.GHG.CO2.LU.FL.MT.CE.AR5",0,-2.7
"12117","YR2018","MKD","EN.GHG.CO2.LU.MT.CE.AR5",0,-3.1
"12118","YR2018","MKD","EN.GHG.CO2.LU.FL.MT.CE.AR5",0,-3.1
"12119","YR2019","MKD","EN.GHG.CO2.LU.MT.CE.AR5",0,-3.5
"12120","YR2019","MKD","EN.GHG.CO2.LU.FL.MT.CE.AR5",0,-3.5
"12121","YR2020","MKD","EN.GHG.CO2.LU.MT.CE.AR5",0,-1.5
"12122","YR2020","MKD","EN.GHG.CO2.LU.FL.MT.CE.AR5",0,-1.5
"12123","YR2021","MKD","EN.GHG.CO2.LU.MT.CE.AR5",0,-1.36
"12124","YR2021","MKD","EN.GHG.CO2.LU.FL.MT.CE.AR5",0,-1.36
"12125","YR2022","MKD","EN.GHG.CO2.LU.MT.CE.AR5",0,-1.36
"12126","YR2022","MKD","EN.GHG.CO2.LU.FL.MT.CE.AR5",0,-1.36
"12127","YR2023","MKD","EN.GHG.CO2.LU.MT.CE.AR5",0,-1.36
"12128","YR2023","MKD","EN.GHG.CO2.LU.FL.MT.CE.AR5",0,-1.36
"12129","YR2000","MDG","EN.GHG.CO2.LU.MT.CE.AR5",0,34.3423
"12130","YR2000","MDG","EN.GHG.CO2.LU.DF.MT.CE.AR5",0,34.3423
"12131","YR2001","MDG","EN.GHG.CO2.LU.MT.CE.AR5",0,34.3423
"12132","YR2001","MDG","EN.GHG.CO2.LU.DF.MT.CE.AR5",0,34.3423
"12133","YR2002","MDG","EN.GHG.CO2.LU.MT.CE.AR5",0,34.3423
"12134","YR2002","MDG","EN.GHG.CO2.LU.DF.MT.CE.AR5",0,34.3423
"12135","YR2003","MDG","EN.GHG.CO2.LU.MT.CE.AR5",0,34.3423
"12136","YR2003","MDG","EN.GHG.CO2.LU.DF.MT.CE.AR5",0,34.3423
"12137","YR2004","MDG","EN.GHG.CO2.LU.MT.CE.AR5",0,34.3423
"12138","YR2004","MDG","EN.GHG.CO2.LU.DF.MT.CE.AR5",0,34.3423
"12139","YR2005","MDG","EN.GHG.CO2.LU.MT.CE.AR5",0,34.3423
"12140","YR2005","MDG","EN.GHG.CO2.LU.DF.MT.CE.AR5",0,34.3423
"12141","YR2006","MDG","EN.GHG.CO2.LU.MT.CE.AR5",0,34.3423
"12142","YR2006","MDG","EN.GHG.CO2.LU.DF.MT.CE.AR5",0,34.3423
"12143","YR2007","MDG","EN.GHG.CO2.LU.MT.CE.AR5",0,34.3423
"12144","YR2007","MDG","EN.GHG.CO2.LU.DF.MT.CE.AR5",0,34.3423
"12145","YR2008","MDG","EN.GHG.CO2.LU.MT.CE.AR5",0,34.3423
"12146","YR2008","MDG","EN.GHG.CO2.LU.DF.MT.CE.AR5",0,34.3423
"12147","YR2009","MDG","EN.GHG.CO2.LU.MT.CE.AR5",0,34.3423
"12148","YR2009","MDG","EN.GHG.CO2.LU.DF.MT.CE.AR5",0,34.3423
"12149","YR2010","MDG","EN.GHG.CO2.LU.MT.CE.AR5",0,34.3423
"12150","YR2010","MDG","EN.GHG.CO2.LU.DF.MT.CE.AR5",0,34.3423
"12151","YR2011","MDG","EN.GHG.CO2.LU.MT.CE.AR5",0,34.3423
"12152","YR2011","MDG","EN.GHG.CO2.LU.DF.MT.CE.AR5",0,34.3423
"12153","YR2012","MDG","EN.GHG.CO2.LU.MT.CE.AR5",0,34.3423
"12154","YR2012","MDG","EN.GHG.CO2.LU.DF.MT.CE.AR5",0,34.3423
"12155","YR2013","MDG","EN.GHG.CO2.LU.MT.CE.AR5",0,34.3423
"12156","YR2013","MDG","EN.GHG.CO2.LU.DF.MT.CE.AR5",0,34.3423
"12157","YR2014","MDG","EN.GHG.CO2.LU.MT.CE.AR5",0,34.3423
"12158","YR2014","MDG","EN.GHG.CO2.LU.DF.MT.CE.AR5",0,34.3423
"12159","YR2015","MDG","EN.GHG.CO2.LU.MT.CE.AR5",0,34.3423
"12160","YR2015","MDG","EN.GHG.CO2.LU.DF.MT.CE.AR5",0,34.3423
"12161","YR2016","MDG","EN.GHG.CO2.LU.MT.CE.AR5",0,34.3423
"12162","YR2016","MDG","EN.GHG.CO2.LU.DF.MT.CE.AR5",0,34.3423
"12163","YR2017","MDG","EN.GHG.CO2.LU.MT.CE.AR5",0,34.3423
"12164","YR2017","MDG","EN.GHG.CO2.LU.DF.MT.CE.AR5",0,34.3423
"12165","YR2018","MDG","EN.GHG.CO2.LU.MT.CE.AR5",0,34.3423
"12166","YR2018","MDG","EN.GHG.CO2.LU.DF.MT.CE.AR5",0,34.3423
"12167","YR2019","MDG","EN.GHG.CO2.LU.MT.CE.AR5",0,34.3423
"12168","YR2019","MDG","EN.GHG.CO2.LU.DF.MT.CE.AR5",0,34.3423
"12169","YR2020","MDG","EN.GHG.CO2.LU.MT.CE.AR5",0,34.3423
"12170","YR2020","MDG","EN.GHG.CO2.LU.DF.MT.CE.AR5",0,34.3423
"12171","YR2021","MDG","EN.GHG.CO2.LU.MT.CE.AR5",0,34.3423
"12172","YR2021","MDG","EN.GHG.CO2.LU.DF.MT.CE.AR5",0,34.3423
"12173","YR2022","MDG","EN.GHG.CO2.LU.MT.CE.AR5",0,34.3423
"12174","YR2022","MDG","EN.GHG.CO2.LU.DF.MT.CE.AR5",0,34.3423
"12175","YR2023","MDG","EN.GHG.CO2.LU.MT.CE.AR5",0,34.3423
"12176","YR2023","MDG","EN.GHG.CO2.LU.DF.MT.CE.AR5",0,34.3423
"12177","YR2000","MWI","EN.GHG.CO2.LU.MT.CE.AR5",0,-0.562
"12178","YR2000","MWI","EN.GHG.CO2.LU.FL.MT.CE.AR5",0,-2.627
"12179","YR2000","MWI","EN.GHG.CO2.LU.DF.MT.CE.AR5",0,2.065
"12180","YR2001","MWI","EN.GHG.CO2.LU.MT.CE.AR5",0,-0.562
"12181","YR2001","MWI","EN.GHG.CO2.LU.FL.MT.CE.AR5",0,-2.627
"12182","YR2001","MWI","EN.GHG.CO2.LU.DF.MT.CE.AR5",0,2.065
"12183","YR2002","MWI","EN.GHG.CO2.LU.MT.CE.AR5",0,-0.562
"12184","YR2002","MWI","EN.GHG.CO2.LU.FL.MT.CE.AR5",0,-2.627
"12185","YR2002","MWI","EN.GHG.CO2.LU.DF.MT.CE.AR5",0,2.065
"12186","YR2003","MWI","EN.GHG.CO2.LU.MT.CE.AR5",0,-0.562
"12187","YR2003","MWI","EN.GHG.CO2.LU.FL.MT.CE.AR5",0,-2.627
"12188","YR2003","MWI","EN.GHG.CO2.LU.DF.MT.CE.AR5",0,2.065
"12189","YR2004","MWI","EN.GHG.CO2.LU.MT.CE.AR5",0,-0.562
"12190","YR2004","MWI","EN.GHG.CO2.LU.FL.MT.CE.AR5",0,-2.627
"12191","YR2004","MWI","EN.GHG.CO2.LU.DF.MT.CE.AR5",0,2.065
"12192","YR2005","MWI","EN.GHG.CO2.LU.MT.CE.AR5",0,-0.562
"12193","YR2005","MWI","EN.GHG.CO2.LU.FL.MT.CE.AR5",0,-2.627
"12194","YR2005","MWI","EN.GHG.CO2.LU.DF.MT.CE.AR5",0,2.065
"12195","YR2006","MWI","EN.GHG.CO2.LU.MT.CE.AR5",0,-0.562
"12196","YR2006","MWI","EN.GHG.CO2.LU.FL.MT.CE.AR5",0,-2.627
"12197","YR2006","MWI","EN.GHG.CO2.LU.DF.MT.CE.AR5",0,2.065
"12198","YR2007","MWI","EN.GHG.CO2.LU.MT.CE.AR5",0,-0.562
"12199","YR2007","MWI","EN.GHG.CO2.LU.FL.MT.CE.AR5",0,-2.627
"12200","YR2007","MWI","EN.GHG.CO2.LU.DF.MT.CE.AR5",0,2.065
"12201","YR2008","MWI","EN.GHG.CO2.LU.MT.CE.AR5",0,-0.562
"12202","YR2008","MWI","EN.GHG.CO2.LU.FL.MT.CE.AR5",0,-2.627
"12203","YR2008","MWI","EN.GHG.CO2.LU.DF.MT.CE.AR5",0,2.065
"12204","YR2009","MWI","EN.GHG.CO2.LU.MT.CE.AR5",0,-0.562
"12205","YR2009","MWI","EN.GHG.CO2.LU.FL.MT.CE.AR5",0,-2.627
"12206","YR2009","MWI","EN.GHG.CO2.LU.DF.MT.CE.AR5",0,2.065
"12207","YR2010","MWI","EN.GHG.CO2.LU.MT.CE.AR5",0,-0.562
"12208","YR2010","MWI","EN.GHG.CO2.LU.FL.MT.CE.AR5",0,-2.627
"12209","YR2010","MWI","EN.GHG.CO2.LU.DF.MT.CE.AR5",0,2.065
"12210","YR2011","MWI","EN.GHG.CO2.LU.MT.CE.AR5",0,-0.562
"12211","YR2011","MWI","EN.GHG.CO2.LU.FL.MT.CE.AR5",0,-2.627
"12212","YR2011","MWI","EN.GHG.CO2.LU.DF.MT.CE.AR5",0,2.065
"12213","YR2012","MWI","EN.GHG.CO2.LU.MT.CE.AR5",0,-0.562
"12214","YR2012","MWI","EN.GHG.CO2.LU.FL.MT.CE.AR5",0,-2.627
"12215","YR2012","MWI","EN.GHG.CO2.LU.DF.MT.CE.AR5",0,2.065
"12216","YR2013","MWI","EN.GHG.CO2.LU.MT.CE.AR5",0,-0.562
"12217","YR2013","MWI","EN.GHG.CO2.LU.FL.MT.CE.AR5",0,-2.627
"12218","YR2013","MWI","EN.GHG.CO2.LU.DF.MT.CE.AR5",0,2.065
"12219","YR2014","MWI","EN.GHG.CO2.LU.MT.CE.AR5",0,-0.562
"12220","YR2014","MWI","EN.GHG.CO2.LU.FL.MT.CE.AR5",0,-2.627
"12221","YR2014","MWI","EN.GHG.CO2.LU.DF.MT.CE.AR5",0,2.065
"12222","YR2015","MWI","EN.GHG.CO2.LU.MT.CE.AR5",0,-0.562
"12223","YR2015","MWI","EN.GHG.CO2.LU.FL.MT.CE.AR5",0,-2.627
"12224","YR2015","MWI","EN.GHG.CO2.LU.DF.MT.CE.AR5",0,2.065
"12225","YR2016","MWI","EN.GHG.CO2.LU.MT.CE.AR5",0,-0.562
"12226","YR2016","MWI","EN.GHG.CO2.LU.FL.MT.CE.AR5",0,-2.627
"12227","YR2016","MWI","EN.GHG.CO2.LU.DF.MT.CE.AR5",0,2.065
"12228","YR2017","MWI","EN.GHG.CO2.LU.MT.CE.AR5",0,-0.562
"12229","YR2017","MWI","EN.GHG.CO2.LU.FL.MT.CE.AR5",0,-2.627
"12230","YR2017","MWI","EN.GHG.CO2.LU.DF.MT.CE.AR5",0,2.065
"12231","YR2018","MWI","EN.GHG.CO2.LU.MT.CE.AR5",0,-0.562
"12232","YR2018","MWI","EN.GHG.CO2.LU.FL.MT.CE.AR5",0,-2.627
"12233","YR2018","MWI","EN.GHG.CO2.LU.DF.MT.CE.AR5",0,2.065
"12234","YR2019","MWI","EN.GHG.CO2.LU.MT.CE.AR5",0,-0.562
"12235","YR2019","MWI","EN.GHG.CO2.LU.FL.MT.CE.AR5",0,-2.627
"12236","YR2019","MWI","EN.GHG.CO2.LU.DF.MT.CE.AR5",0,2.065
"12237","YR2020","MWI","EN.GHG.CO2.LU.MT.CE.AR5",0,-0.562
"12238","YR2020","MWI","EN.GHG.CO2.LU.FL.MT.CE.AR5",0,-2.627
"12239","YR2020","MWI","EN.GHG.CO2.LU.DF.MT.CE.AR5",0,2.065
"12240","YR2021","MWI","EN.GHG.CO2.LU.MT.CE.AR5",0,-0.562
"12241","YR2021","MWI","EN.GHG.CO2.LU.FL.MT.CE.AR5",0,-2.627
"12242","YR2021","MWI","EN.GHG.CO2.LU.DF.MT.CE.AR5",0,2.065
"12243","YR2022","MWI","EN.GHG.CO2.LU.MT.CE.AR5",0,-0.562
"12244","YR2022","MWI","EN.GHG.CO2.LU.FL.MT.CE.AR5",0,-2.627
"12245","YR2022","MWI","EN.GHG.CO2.LU.DF.MT.CE.AR5",0,2.065
"12246","YR2023","MWI","EN.GHG.CO2.LU.MT.CE.AR5",0,-0.562
"12247","YR2023","MWI","EN.GHG.CO2.LU.FL.MT.CE.AR5",0,-2.627
"12248","YR2023","MWI","EN.GHG.CO2.LU.DF.MT.CE.AR5",0,2.065
"12249","YR2000","MLI","EN.GHG.CO2.LU.MT.CE.AR5",0,-259.463
"12250","YR2000","MLI","EN.GHG.CO2.LU.FL.MT.CE.AR5",0,-277.023
"12251","YR2000","MLI","EN.GHG.CO2.LU.DF.MT.CE.AR5",0,17.56
"12252","YR2001","MLI","EN.GHG.CO2.LU.MT.CE.AR5",0,-259.463
"12253","YR2001","MLI","EN.GHG.CO2.LU.FL.MT.CE.AR5",0,-277.023
"12254","YR2001","MLI","EN.GHG.CO2.LU.DF.MT.CE.AR5",0,17.56
"12255","YR2002","MLI","EN.GHG.CO2.LU.MT.CE.AR5",0,-259.463
"12256","YR2002","MLI","EN.GHG.CO2.LU.FL.MT.CE.AR5",0,-277.023
"12257","YR2002","MLI","EN.GHG.CO2.LU.DF.MT.CE.AR5",0,17.56
"12258","YR2003","MLI","EN.GHG.CO2.LU.MT.CE.AR5",0,-259.463
"12259","YR2003","MLI","EN.GHG.CO2.LU.FL.MT.CE.AR5",0,-277.023
"12260","YR2003","MLI","EN.GHG.CO2.LU.DF.MT.CE.AR5",0,17.56
"12261","YR2004","MLI","EN.GHG.CO2.LU.MT.CE.AR5",0,-259.463
"12262","YR2004","MLI","EN.GHG.CO2.LU.FL.MT.CE.AR5",0,-277.023
"12263","YR2004","MLI","EN.GHG.CO2.LU.DF.MT.CE.AR5",0,17.56
"12264","YR2005","MLI","EN.GHG.CO2.LU.MT.CE.AR5",0,-259.463
"12265","YR2005","MLI","EN.GHG.CO2.LU.FL.MT.CE.AR5",0,-277.023
"12266","YR2005","MLI","EN.GHG.CO2.LU.DF.MT.CE.AR5",0,17.56
"12267","YR2006","MLI","EN.GHG.CO2.LU.MT.CE.AR5",0,-259.463
"12268","YR2006","MLI","EN.GHG.CO2.LU.FL.MT.CE.AR5",0,-277.023
"12269","YR2006","MLI","EN.GHG.CO2.LU.DF.MT.CE.AR5",0,17.56
"12270","YR2007","MLI","EN.GHG.CO2.LU.MT.CE.AR5",0,-259.463
"12271","YR2007","MLI","EN.GHG.CO2.LU.FL.MT.CE.AR5",0,-277.023
"12272","YR2007","MLI","EN.GHG.CO2.LU.DF.MT.CE.AR5",0,17.56
"12273","YR2008","MLI","EN.GHG.CO2.LU.MT.CE.AR5",0,-255.3674
"12274","YR2008","MLI","EN.GHG.CO2.LU.FL.MT.CE.AR5",0,-272.9994
"12275","YR2008","MLI","EN.GHG.CO2.LU.DF.MT.CE.AR5",0,17.632
"12276","YR2009","MLI","EN.GHG.CO2.LU.MT.CE.AR5",0,-213.055
"12277","YR2009","MLI","EN.GHG.CO2.LU.FL.MT.CE.AR5",0,-230.644
"12278","YR2009","MLI","EN.GHG.CO2.LU.DF.MT.CE.AR5",0,17.589
"12279","YR2010","MLI","EN.GHG.CO2.LU.MT.CE.AR5",0,-245.177
"12280","YR2010","MLI","EN.GHG.CO2.LU.FL.MT.CE.AR5",0,-262.771
"12281","YR2010","MLI","EN.GHG.CO2.LU.DF.MT.CE.AR5",0,17.594
"12282","YR2011","MLI","EN.GHG.CO2.LU.MT.CE.AR5",0,-271.945
"12283","YR2011","MLI","EN.GHG.CO2.LU.FL.MT.CE.AR5",0,-289.578
"12284","YR2011","MLI","EN.GHG.CO2.LU.DF.MT.CE.AR5",0,17.633
"12285","YR2012","MLI","EN.GHG.CO2.LU.MT.CE.AR5",0,-241.287
"12286","YR2012","MLI","EN.GHG.CO2.LU.FL.MT.CE.AR5",0,-258.89
"12287","YR2012","MLI","EN.GHG.CO2.LU.DF.MT.CE.AR5",0,17.603
"12288","YR2013","MLI","EN.GHG.CO2.LU.MT.CE.AR5",0,-259.066
"12289","YR2013","MLI","EN.GHG.CO2.LU.FL.MT.CE.AR5",0,-276.668
"12290","YR2013","MLI","EN.GHG.CO2.LU.DF.MT.CE.AR5",0,17.602
"12291","YR2014","MLI","EN.GHG.CO2.LU.MT.CE.AR5",0,-155.035
"12292","YR2014","MLI","EN.GHG.CO2.LU.FL.MT.CE.AR5",0,-172.675
"12293","YR2014","MLI","EN.GHG.CO2.LU.DF.MT.CE.AR5",0,17.64
"12294","YR2015","MLI","EN.GHG.CO2.LU.MT.CE.AR5",0,-155.035
"12295","YR2015","MLI","EN.GHG.CO2.LU.FL.MT.CE.AR5",0,-172.675
"12296","YR2015","MLI","EN.GHG.CO2.LU.DF.MT.CE.AR5",0,17.64
"12297","YR2016","MLI","EN.GHG.CO2.LU.MT.CE.AR5",0,-155.035
"12298","YR2016","MLI","EN.GHG.CO2.LU.FL.MT.CE.AR5",0,-172.675
"12299","YR2016","MLI","EN.GHG.CO2.LU.DF.MT.CE.AR5",0,17.64
"12300","YR2017","MLI","EN.GHG.CO2.LU.MT.CE.AR5",0,-155.035
"12301","YR2017","MLI","EN.GHG.CO2.LU.FL.MT.CE.AR5",0,-172.675
"12302","YR2017","MLI","EN.GHG.CO2.LU.DF.MT.CE.AR5",0,17.64
"12303","YR2018","MLI","EN.GHG.CO2.LU.MT.CE.AR5",0,-155.035
"12304","YR2018","MLI","EN.GHG.CO2.LU.FL.MT.CE.AR5",0,-172.675
"12305","YR2018","MLI","EN.GHG.CO2.LU.DF.MT.CE.AR5",0,17.64
"12306","YR2019","MLI","EN.GHG.CO2.LU.MT.CE.AR5",0,-155.035
"12307","YR2019","MLI","EN.GHG.CO2.LU.FL.MT.CE.AR5",0,-172.675
"12308","YR2019","MLI","EN.GHG.CO2.LU.DF.MT.CE.AR5",0,17.64
"12309","YR2020","MLI","EN.GHG.CO2.LU.MT.CE.AR5",0,-155.035
"12310","YR2020","MLI","EN.GHG.CO2.LU.FL.MT.CE.AR5",0,-172.675
"12311","YR2020","MLI","EN.GHG.CO2.LU.DF.MT.CE.AR5",0,17.64
"12312","YR2021","MLI","EN.GHG.CO2.LU.MT.CE.AR5",0,-155.035
"12313","YR2021","MLI","EN.GHG.CO2.LU.FL.MT.CE.AR5",0,-172.675
"12314","YR2021","MLI","EN.GHG.CO2.LU.DF.MT.CE.AR5",0,17.64
"12315","YR2022","MLI","EN.GHG.CO2.LU.MT.CE.AR5",0,-155.035
"12316","YR2022","MLI","EN.GHG.CO2.LU.FL.MT.CE.AR5",0,-172.675
"12317","YR2022","MLI","EN.GHG.CO2.LU.DF.MT.CE.AR5",0,17.64
"12318","YR2023","MLI","EN.GHG.CO2.LU.MT.CE.AR5",0,-155.035
"12319","YR2023","MLI","EN.GHG.CO2.LU.FL.MT.CE.AR5",0,-172.675
"12320","YR2023","MLI","EN.GHG.CO2.LU.DF.MT.CE.AR5",0,17.64
"12321","YR2000","MRT","EN.GHG.CO2.LU.MT.CE.AR5",0,-0.62
"12322","YR2000","MRT","EN.GHG.CO2.LU.FL.MT.CE.AR5",0,-0.62
"12323","YR2000","MRT","EN.GHG.CO2.LU.DF.MT.CE.AR5",0,0
"12324","YR2001","MRT","EN.GHG.CO2.LU.MT.CE.AR5",0,-0.635
"12325","YR2001","MRT","EN.GHG.CO2.LU.FL.MT.CE.AR5",0,-0.635
"12326","YR2001","MRT","EN.GHG.CO2.LU.DF.MT.CE.AR5",0,0
"12327","YR2002","MRT","EN.GHG.CO2.LU.MT.CE.AR5",0,-0.65
"12328","YR2002","MRT","EN.GHG.CO2.LU.FL.MT.CE.AR5",0,-0.65
"12329","YR2002","MRT","EN.GHG.CO2.LU.DF.MT.CE.AR5",0,0
"12330","YR2003","MRT","EN.GHG.CO2.LU.MT.CE.AR5",0,-0.665
"12331","YR2003","MRT","EN.GHG.CO2.LU.FL.MT.CE.AR5",0,-0.665
"12332","YR2003","MRT","EN.GHG.CO2.LU.DF.MT.CE.AR5",0,0
"12333","YR2004","MRT","EN.GHG.CO2.LU.MT.CE.AR5",0,-0.68
"12334","YR2004","MRT","EN.GHG.CO2.LU.FL.MT.CE.AR5",0,-0.68
"12335","YR2004","MRT","EN.GHG.CO2.LU.DF.MT.CE.AR5",0,0
"12336","YR2005","MRT","EN.GHG.CO2.LU.MT.CE.AR5",0,-0.695
"12337","YR2005","MRT","EN.GHG.CO2.LU.FL.MT.CE.AR5",0,-0.695
"12338","YR2005","MRT","EN.GHG.CO2.LU.DF.MT.CE.AR5",0,0
"12339","YR2006","MRT","EN.GHG.CO2.LU.MT.CE.AR5",0,-0.71
"12340","YR2006","MRT","EN.GHG.CO2.LU.FL.MT.CE.AR5",0,-0.71
"12341","YR2006","MRT","EN.GHG.CO2.LU.DF.MT.CE.AR5",0,0
"12342","YR2007","MRT","EN.GHG.CO2.LU.MT.CE.AR5",0,-0.725
"12343","YR2007","MRT","EN.GHG.CO2.LU.FL.MT.CE.AR5",0,-0.725
"12344","YR2007","MRT","EN.GHG.CO2.LU.DF.MT.CE.AR5",0,0
"12345","YR2008","MRT","EN.GHG.CO2.LU.MT.CE.AR5",0,-0.74
"12346","YR2008","MRT","EN.GHG.CO2.LU.FL.MT.CE.AR5",0,-0.74
"12347","YR2008","MRT","EN.GHG.CO2.LU.DF.MT.CE.AR5",0,0
"12348","YR2009","MRT","EN.GHG.CO2.LU.MT.CE.AR5",0,-0.755
"12349","YR2009","MRT","EN.GHG.CO2.LU.FL.MT.CE.AR5",0,-0.755
"12350","YR2009","MRT","EN.GHG.CO2.LU.DF.MT.CE.AR5",0,0
"12351","YR2010","MRT","EN.GHG.CO2.LU.MT.CE.AR5",0,-0.77
"12352","YR2010","MRT","EN.GHG.CO2.LU.FL.MT.CE.AR5",0,-0.77
"12353","YR2010","MRT","EN.GHG.CO2.LU.DF.MT.CE.AR5",0,0
"12354","YR2011","MRT","EN.GHG.CO2.LU.MT.CE.AR5",0,-0.785
"12355","YR2011","MRT","EN.GHG.CO2.LU.FL.MT.CE.AR5",0,-0.785
"12356","YR2011","MRT","EN.GHG.CO2.LU.DF.MT.CE.AR5",0,0
"12357","YR2012","MRT","EN.GHG.CO2.LU.MT.CE.AR5",0,-0.8
"12358","YR2012","MRT","EN.GHG.CO2.LU.FL.MT.CE.AR5",0,-0.8
"12359","YR2012","MRT","EN.GHG.CO2.LU.DF.MT.CE.AR5",0,0
"12360","YR2013","MRT","EN.GHG.CO2.LU.MT.CE.AR5",0,-0.815
"12361","YR2013","MRT","EN.GHG.CO2.LU.FL.MT.CE.AR5",0,-0.815
"12362","YR2013","MRT","EN.GHG.CO2.LU.DF.MT.CE.AR5",0,0
"12363","YR2014","MRT","EN.GHG.CO2.LU.MT.CE.AR5",0,-0.83
"12364","YR2014","MRT","EN.GHG.CO2.LU.FL.MT.CE.AR5",0,-0.83
"12365","YR2014","MRT","EN.GHG.CO2.LU.DF.MT.CE.AR5",0,0
"12366","YR2015","MRT","EN.GHG.CO2.LU.MT.CE.AR5",0,-0.845
"12367","YR2015","MRT","EN.GHG.CO2.LU.FL.MT.CE.AR5",0,-0.845
"12368","YR2015","MRT","EN.GHG.CO2.LU.DF.MT.CE.AR5",0,0
"12369","YR2016","MRT","EN.GHG.CO2.LU.MT.CE.AR5",0,-0.86
"12370","YR2016","MRT","EN.GHG.CO2.LU.FL.MT.CE.AR5",0,-0.86
"12371","YR2016","MRT","EN.GHG.CO2.LU.DF.MT.CE.AR5",0,0
"12372","YR2017","MRT","EN.GHG.CO2.LU.MT.CE.AR5",0,-0.875
"12373","YR2017","MRT","EN.GHG.CO2.LU.FL.MT.CE.AR5",0,-0.875
"12374","YR2017","MRT","EN.GHG.CO2.LU.DF.MT.CE.AR5",0,0
"12375","YR2018","MRT","EN.GHG.CO2.LU.MT.CE.AR5",0,-0.89
"12376","YR2018","MRT","EN.GHG.CO2.LU.FL.MT.CE.AR5",0,-0.89
"12377","YR2018","MRT","EN.GHG.CO2.LU.DF.MT.CE.AR5",0,0
"12378","YR2019","MRT","EN.GHG.CO2.LU.MT.CE.AR5",0,-0.89
"12379","YR2019","MRT","EN.GHG.CO2.LU.FL.MT.CE.AR5",0,-0.89
"12380","YR2019","MRT","EN.GHG.CO2.LU.DF.MT.CE.AR5",0,0
"12381","YR2020","MRT","EN.GHG.CO2.LU.MT.CE.AR5",0,-0.89
"12382","YR2020","MRT","EN.GHG.CO2.LU.FL.MT.CE.AR5",0,-0.89
"12383","YR2020","MRT","EN.GHG.CO2.LU.DF.MT.CE.AR5",0,0
"12384","YR2021","MRT","EN.GHG.CO2.LU.MT.CE.AR5",0,-0.89
"12385","YR2021","MRT","EN.GHG.CO2.LU.FL.MT.CE.AR5",0,-0.89
"12386","YR2021","MRT","EN.GHG.CO2.LU.DF.MT.CE.AR5",0,0
"12387","YR2022","MRT","EN.GHG.CO2.LU.MT.CE.AR5",0,-0.89
"12388","YR2022","MRT","EN.GHG.CO2.LU.FL.MT.CE.AR5",0,-0.89
"12389","YR2022","MRT","EN.GHG.CO2.LU.DF.MT.CE.AR5",0,0
"12390","YR2023","MRT","EN.GHG.CO2.LU.MT.CE.AR5",0,-0.89
"12391","YR2023","MRT","EN.GHG.CO2.LU.FL.MT.CE.AR5",0,-0.89
"12392","YR2023","MRT","EN.GHG.CO2.LU.DF.MT.CE.AR5",0,0
"12393","YR2000","MEX","EN.GHG.CO2.LU.MT.CE.AR5",0,-217.8896
"12394","YR2000","MEX","EN.GHG.CO2.LU.FL.MT.CE.AR5",0,-196.6699
"12395","YR2000","MEX","EN.GHG.CO2.LU.DF.MT.CE.AR5",0,10.118
"12396","YR2000","MEX","EN.GHG.CO2.LU.OL.MT.CE.AR5",0,-18.8903
"12397","YR2001","MEX","EN.GHG.CO2.LU.MT.CE.AR5",0,-214.8053
"12398","YR2001","MEX","EN.GHG.CO2.LU.FL.MT.CE.AR5",0,-196.2116
"12399","YR2001","MEX","EN.GHG.CO2.LU.DF.MT.CE.AR5",0,10.118
"12400","YR2001","MEX","EN.GHG.CO2.LU.OL.MT.CE.AR5",0,-17.664
"12401","YR2002","MEX","EN.GHG.CO2.LU.MT.CE.AR5",0,-211.721
"12402","YR2002","MEX","EN.GHG.CO2.LU.FL.MT.CE.AR5",0,-195.7533
"12403","YR2002","MEX","EN.GHG.CO2.LU.DF.MT.CE.AR5",0,10.118
"12404","YR2002","MEX","EN.GHG.CO2.LU.OL.MT.CE.AR5",0,-16.4378
"12405","YR2003","MEX","EN.GHG.CO2.LU.MT.CE.AR5",0,-208.6367
"12406","YR2003","MEX","EN.GHG.CO2.LU.FL.MT.CE.AR5",0,-195.295
"12407","YR2003","MEX","EN.GHG.CO2.LU.DF.MT.CE.AR5",0,10.118
"12408","YR2003","MEX","EN.GHG.CO2.LU.OL.MT.CE.AR5",0,-15.2116
"12409","YR2004","MEX","EN.GHG.CO2.LU.MT.CE.AR5",0,-205.5524
"12410","YR2004","MEX","EN.GHG.CO2.LU.FL.MT.CE.AR5",0,-194.8367
"12411","YR2004","MEX","EN.GHG.CO2.LU.DF.MT.CE.AR5",0,10.118
"12412","YR2004","MEX","EN.GHG.CO2.LU.OL.MT.CE.AR5",0,-13.9853
"12413","YR2005","MEX","EN.GHG.CO2.LU.MT.CE.AR5",0,-202.4681
"12414","YR2005","MEX","EN.GHG.CO2.LU.FL.MT.CE.AR5",0,-194.3784
"12415","YR2005","MEX","EN.GHG.CO2.LU.DF.MT.CE.AR5",0,10.118
"12416","YR2005","MEX","EN.GHG.CO2.LU.OL.MT.CE.AR5",0,-12.7591
"12417","YR2006","MEX","EN.GHG.CO2.LU.MT.CE.AR5",0,-199.3838
"12418","YR2006","MEX","EN.GHG.CO2.LU.FL.MT.CE.AR5",0,-193.9201
"12419","YR2006","MEX","EN.GHG.CO2.LU.DF.MT.CE.AR5",0,10.118
"12420","YR2006","MEX","EN.GHG.CO2.LU.OL.MT.CE.AR5",0,-11.5329
"12421","YR2007","MEX","EN.GHG.CO2.LU.MT.CE.AR5",0,-196.2995
"12422","YR2007","MEX","EN.GHG.CO2.LU.FL.MT.CE.AR5",0,-193.4618
"12423","YR2007","MEX","EN.GHG.CO2.LU.DF.MT.CE.AR5",0,10.118
"12424","YR2007","MEX","EN.GHG.CO2.LU.OL.MT.CE.AR5",0,-10.3066
"12425","YR2008","MEX","EN.GHG.CO2.LU.MT.CE.AR5",0,-193.2152
"12426","YR2008","MEX","EN.GHG.CO2.LU.FL.MT.CE.AR5",0,-193.0035
"12427","YR2008","MEX","EN.GHG.CO2.LU.DF.MT.CE.AR5",0,12.7142
"12428","YR2008","MEX","EN.GHG.CO2.LU.OL.MT.CE.AR5",0,-11.6766
"12429","YR2009","MEX","EN.GHG.CO2.LU.MT.CE.AR5",0,-190.131
"12430","YR2009","MEX","EN.GHG.CO2.LU.FL.MT.CE.AR5",0,-192.5452
"12431","YR2009","MEX","EN.GHG.CO2.LU.DF.MT.CE.AR5",0,19.3178
"12432","YR2009","MEX","EN.GHG.CO2.LU.OL.MT.CE.AR5",0,-17.0539
"12433","YR2010","MEX","EN.GHG.CO2.LU.MT.CE.AR5",0,-187.0467
"12434","YR2010","MEX","EN.GHG.CO2.LU.FL.MT.CE.AR5",0,-192.0869
"12435","YR2010","MEX","EN.GHG.CO2.LU.DF.MT.CE.AR5",0,13.4625
"12436","YR2010","MEX","EN.GHG.CO2.LU.OL.MT.CE.AR5",0,-9.9724
"12437","YR2011","MEX","EN.GHG.CO2.LU.MT.CE.AR5",0,-188.3119
"12438","YR2011","MEX","EN.GHG.CO2.LU.FL.MT.CE.AR5",0,-191.4525
"12439","YR2011","MEX","EN.GHG.CO2.LU.DF.MT.CE.AR5",0,19.5268
"12440","YR2011","MEX","EN.GHG.CO2.LU.OL.MT.CE.AR5",0,-17.2868
"12441","YR2012","MEX","EN.GHG.CO2.LU.MT.CE.AR5",0,-189.5772
"12442","YR2012","MEX","EN.GHG.CO2.LU.FL.MT.CE.AR5",0,-190.8181
"12443","YR2012","MEX","EN.GHG.CO2.LU.DF.MT.CE.AR5",0,19.0775
"12444","YR2012","MEX","EN.GHG.CO2.LU.OL.MT.CE.AR5",0,-18.0877
"12445","YR2013","MEX","EN.GHG.CO2.LU.MT.CE.AR5",0,-190.8425
"12446","YR2013","MEX","EN.GHG.CO2.LU.FL.MT.CE.AR5",0,-190.1837
"12447","YR2013","MEX","EN.GHG.CO2.LU.DF.MT.CE.AR5",0,20.5497
"12448","YR2013","MEX","EN.GHG.CO2.LU.OL.MT.CE.AR5",0,-20.8101
"12449","YR2014","MEX","EN.GHG.CO2.LU.MT.CE.AR5",0,-192.1078
"12450","YR2014","MEX","EN.GHG.CO2.LU.FL.MT.CE.AR5",0,-189.5493
"12451","YR2014","MEX","EN.GHG.CO2.LU.DF.MT.CE.AR5",0,25.8239
"12452","YR2014","MEX","EN.GHG.CO2.LU.OL.MT.CE.AR5",0,-27.3344
"12453","YR2015","MEX","EN.GHG.CO2.LU.MT.CE.AR5",0,-193.3731
"12454","YR2015","MEX","EN.GHG.CO2.LU.FL.MT.CE.AR5",0,-188.9149
"12455","YR2015","MEX","EN.GHG.CO2.LU.DF.MT.CE.AR5",0,21.6741
"12456","YR2015","MEX","EN.GHG.CO2.LU.OL.MT.CE.AR5",0,-24.4348
"12457","YR2016","MEX","EN.GHG.CO2.LU.MT.CE.AR5",0,-185.139
"12458","YR2016","MEX","EN.GHG.CO2.LU.FL.MT.CE.AR5",0,-188.3268
"12459","YR2016","MEX","EN.GHG.CO2.LU.DF.MT.CE.AR5",0,31.3237
"12460","YR2016","MEX","EN.GHG.CO2.LU.OL.MT.CE.AR5",0,-23.5538
"12461","YR2017","MEX","EN.GHG.CO2.LU.MT.CE.AR5",0,-204.7278
"12462","YR2017","MEX","EN.GHG.CO2.LU.FL.MT.CE.AR5",0,-187.8994
"12463","YR2017","MEX","EN.GHG.CO2.LU.DF.MT.CE.AR5",0,15.037
"12464","YR2017","MEX","EN.GHG.CO2.LU.OL.MT.CE.AR5",0,-19.4607
"12465","YR2018","MEX","EN.GHG.CO2.LU.MT.CE.AR5",0,-195.7271
"12466","YR2018","MEX","EN.GHG.CO2.LU.FL.MT.CE.AR5",0,-187.1521
"12467","YR2018","MEX","EN.GHG.CO2.LU.DF.MT.CE.AR5",0,13.5974
"12468","YR2018","MEX","EN.GHG.CO2.LU.OL.MT.CE.AR5",0,-10.6711
"12469","YR2019","MEX","EN.GHG.CO2.LU.MT.CE.AR5",0,-201.941
"12470","YR2019","MEX","EN.GHG.CO2.LU.FL.MT.CE.AR5",0,-191.4833
"12471","YR2019","MEX","EN.GHG.CO2.LU.DF.MT.CE.AR5",0,13.977
"12472","YR2019","MEX","EN.GHG.CO2.LU.OL.MT.CE.AR5",0,-15.2476
"12473","YR2020","MEX","EN.GHG.CO2.LU.MT.CE.AR5",0,-201.941
"12474","YR2020","MEX","EN.GHG.CO2.LU.FL.MT.CE.AR5",0,-191.4833
"12475","YR2020","MEX","EN.GHG.CO2.LU.DF.MT.CE.AR5",0,13.977
"12476","YR2020","MEX","EN.GHG.CO2.LU.OL.MT.CE.AR5",0,-15.2476
"12477","YR2021","MEX","EN.GHG.CO2.LU.MT.CE.AR5",0,-201.941
"12478","YR2021","MEX","EN.GHG.CO2.LU.FL.MT.CE.AR5",0,-191.4833
"12479","YR2021","MEX","EN.GHG.CO2.LU.DF.MT.CE.AR5",0,13.977
"12480","YR2021","MEX","EN.GHG.CO2.LU.OL.MT.CE.AR5",0,-15.2476
"12481","YR2022","MEX","EN.GHG.CO2.LU.MT.CE.AR5",0,-201.941
"12482","YR2022","MEX","EN.GHG.CO2.LU.FL.MT.CE.AR5",0,-191.4833
"12483","YR2022","MEX","EN.GHG.CO2.LU.DF.MT.CE.AR5",0,13.977
"12484","YR2022","MEX","EN.GHG.CO2.LU.OL.MT.CE.AR5",0,-15.2476
"12485","YR2023","MEX","EN.GHG.CO2.LU.MT.CE.AR5",0,-201.941
"12486","YR2023","MEX","EN.GHG.CO2.LU.FL.MT.CE.AR5",0,-191.4833
"12487","YR2023","MEX","EN.GHG.CO2.LU.DF.MT.CE.AR5",0,13.977
"12488","YR2023","MEX","EN.GHG.CO2.LU.OL.MT.CE.AR5",0,-15.2476
"12489","YR2000","FSM","EN.GHG.CO2.LU.MT.CE.AR5",0,-0.5684
"12490","YR2000","FSM","EN.GHG.CO2.LU.FL.MT.CE.AR5",0,-0.5934
"12491","YR2000","FSM","EN.GHG.CO2.LU.DF.MT.CE.AR5",0,0.0008
"12492","YR2000","FSM","EN.GHG.CO2.LU.OS.MT.CE.AR5",0,0.0241
"12493","YR2001","FSM","EN.GHG.CO2.LU.MT.CE.AR5",0,-0.5684
"12494","YR2001","FSM","EN.GHG.CO2.LU.FL.MT.CE.AR5",0,-0.5934
"12495","YR2001","FSM","EN.GHG.CO2.LU.DF.MT.CE.AR5",0,0.0008
"12496","YR2001","FSM","EN.GHG.CO2.LU.OS.MT.CE.AR5",0,0.0241
"12497","YR2002","FSM","EN.GHG.CO2.LU.MT.CE.AR5",0,-0.5684
"12498","YR2002","FSM","EN.GHG.CO2.LU.FL.MT.CE.AR5",0,-0.5934
"12499","YR2002","FSM","EN.GHG.CO2.LU.DF.MT.CE.AR5",0,0.0008
"12500","YR2002","FSM","EN.GHG.CO2.LU.OS.MT.CE.AR5",0,0.0241
"12501","YR2003","FSM","EN.GHG.CO2.LU.MT.CE.AR5",0,-0.5684
"12502","YR2003","FSM","EN.GHG.CO2.LU.FL.MT.CE.AR5",0,-0.5934
"12503","YR2003","FSM","EN.GHG.CO2.LU.DF.MT.CE.AR5",0,0.0008
"12504","YR2003","FSM","EN.GHG.CO2.LU.OS.MT.CE.AR5",0,0.0241
"12505","YR2004","FSM","EN.GHG.CO2.LU.MT.CE.AR5",0,-0.5684
"12506","YR2004","FSM","EN.GHG.CO2.LU.FL.MT.CE.AR5",0,-0.5934
"12507","YR2004","FSM","EN.GHG.CO2.LU.DF.MT.CE.AR5",0,0.0008
"12508","YR2004","FSM","EN.GHG.CO2.LU.OS.MT.CE.AR5",0,0.0241
"12509","YR2005","FSM","EN.GHG.CO2.LU.MT.CE.AR5",0,-0.5684
"12510","YR2005","FSM","EN.GHG.CO2.LU.FL.MT.CE.AR5",0,-0.5934
"12511","YR2005","FSM","EN.GHG.CO2.LU.DF.MT.CE.AR5",0,0.0008
"12512","YR2005","FSM","EN.GHG.CO2.LU.OS.MT.CE.AR5",0,0.0241
"12513","YR2006","FSM","EN.GHG.CO2.LU.MT.CE.AR5",0,-0.5684
"12514","YR2006","FSM","EN.GHG.CO2.LU.FL.MT.CE.AR5",0,-0.5934
"12515","YR2006","FSM","EN.GHG.CO2.LU.DF.MT.CE.AR5",0,0.0008
"12516","YR2006","FSM","EN.GHG.CO2.LU.OS.MT.CE.AR5",0,0.0241
"12517","YR2007","FSM","EN.GHG.CO2.LU.MT.CE.AR5",0,-0.5684
"12518","YR2007","FSM","EN.GHG.CO2.LU.FL.MT.CE.AR5",0,-0.5934
"12519","YR2007","FSM","EN.GHG.CO2.LU.DF.MT.CE.AR5",0,0.0008
"12520","YR2007","FSM","EN.GHG.CO2.LU.OS.MT.CE.AR5",0,0.0241
"12521","YR2008","FSM","EN.GHG.CO2.LU.MT.CE.AR5",0,-0.5684
"12522","YR2008","FSM","EN.GHG.CO2.LU.FL.MT.CE.AR5",0,-0.5934
"12523","YR2008","FSM","EN.GHG.CO2.LU.DF.MT.CE.AR5",0,0.0008
"12524","YR2008","FSM","EN.GHG.CO2.LU.OS.MT.CE.AR5",0,0.0241
"12525","YR2009","FSM","EN.GHG.CO2.LU.MT.CE.AR5",0,-0.5684
"12526","YR2009","FSM","EN.GHG.CO2.LU.FL.MT.CE.AR5",0,-0.5934
"12527","YR2009","FSM","EN.GHG.CO2.LU.DF.MT.CE.AR5",0,0.0008
"12528","YR2009","FSM","EN.GHG.CO2.LU.OS.MT.CE.AR5",0,0.0241
"12529","YR2010","FSM","EN.GHG.CO2.LU.MT.CE.AR5",0,-0.5684
"12530","YR2010","FSM","EN.GHG.CO2.LU.FL.MT.CE.AR5",0,-0.5934
"12531","YR2010","FSM","EN.GHG.CO2.LU.DF.MT.CE.AR5",0,0.0008
"12532","YR2010","FSM","EN.GHG.CO2.LU.OS.MT.CE.AR5",0,0.0241
"12533","YR2011","FSM","EN.GHG.CO2.LU.MT.CE.AR5",0,-0.5684
"12534","YR2011","FSM","EN.GHG.CO2.LU.FL.MT.CE.AR5",0,-0.5934
"12535","YR2011","FSM","EN.GHG.CO2.LU.DF.MT.CE.AR5",0,0.0008
"12536","YR2011","FSM","EN.GHG.CO2.LU.OS.MT.CE.AR5",0,0.0241
"12537","YR2012","FSM","EN.GHG.CO2.LU.MT.CE.AR5",0,-0.5684
"12538","YR2012","FSM","EN.GHG.CO2.LU.FL.MT.CE.AR5",0,-0.5934
"12539","YR2012","FSM","EN.GHG.CO2.LU.DF.MT.CE.AR5",0,0.0008
"12540","YR2012","FSM","EN.GHG.CO2.LU.OS.MT.CE.AR5",0,0.0241
"12541","YR2013","FSM","EN.GHG.CO2.LU.MT.CE.AR5",0,-0.5684
"12542","YR2013","FSM","EN.GHG.CO2.LU.FL.MT.CE.AR5",0,-0.5934
"12543","YR2013","FSM","EN.GHG.CO2.LU.DF.MT.CE.AR5",0,0.0008
"12544","YR2013","FSM","EN.GHG.CO2.LU.OS.MT.CE.AR5",0,0.0241
"12545","YR2014","FSM","EN.GHG.CO2.LU.MT.CE.AR5",0,-0.5684
"12546","YR2014","FSM","EN.GHG.CO2.LU.FL.MT.CE.AR5",0,-0.5934
"12547","YR2014","FSM","EN.GHG.CO2.LU.DF.MT.CE.AR5",0,0.0008
"12548","YR2014","FSM","EN.GHG.CO2.LU.OS.MT.CE.AR5",0,0.0241
"12549","YR2015","FSM","EN.GHG.CO2.LU.MT.CE.AR5",0,-0.5684
"12550","YR2015","FSM","EN.GHG.CO2.LU.FL.MT.CE.AR5",0,-0.5934
"12551","YR2015","FSM","EN.GHG.CO2.LU.DF.MT.CE.AR5",0,0.0008
"12552","YR2015","FSM","EN.GHG.CO2.LU.OS.MT.CE.AR5",0,0.0241
"12553","YR2016","FSM","EN.GHG.CO2.LU.MT.CE.AR5",0,-0.5684
"12554","YR2016","FSM","EN.GHG.CO2.LU.FL.MT.CE.AR5",0,-0.5934
"12555","YR2016","FSM","EN.GHG.CO2.LU.DF.MT.CE.AR5",0,0.0008
"12556","YR2016","FSM","EN.GHG.CO2.LU.OS.MT.CE.AR5",0,0.0241
"12557","YR2017","FSM","EN.GHG.CO2.LU.MT.CE.AR5",0,-0.5684
"12558","YR2017","FSM","EN.GHG.CO2.LU.FL.MT.CE.AR5",0,-0.5934
"12559","YR2017","FSM","EN.GHG.CO2.LU.DF.MT.CE.AR5",0,0.0008
"12560","YR2017","FSM","EN.GHG.CO2.LU.OS.MT.CE.AR5",0,0.0241
"12561","YR2018","FSM","EN.GHG.CO2.LU.MT.CE.AR5",0,-0.5684
"12562","YR2018","FSM","EN.GHG.CO2.LU.FL.MT.CE.AR5",0,-0.5934
"12563","YR2018","FSM","EN.GHG.CO2.LU.DF.MT.CE.AR5",0,0.0008
"12564","YR2018","FSM","EN.GHG.CO2.LU.OS.MT.CE.AR5",0,0.0241
"12565","YR2019","FSM","EN.GHG.CO2.LU.MT.CE.AR5",0,-0.5684
"12566","YR2019","FSM","EN.GHG.CO2.LU.FL.MT.CE.AR5",0,-0.5934
"12567","YR2019","FSM","EN.GHG.CO2.LU.DF.MT.CE.AR5",0,0.0008
"12568","YR2019","FSM","EN.GHG.CO2.LU.OS.MT.CE.AR5",0,0.0241
"12569","YR2020","FSM","EN.GHG.CO2.LU.MT.CE.AR5",0,-0.5684
"12570","YR2020","FSM","EN.GHG.CO2.LU.FL.MT.CE.AR5",0,-0.5934
"12571","YR2020","FSM","EN.GHG.CO2.LU.DF.MT.CE.AR5",0,0.0008
"12572","YR2020","FSM","EN.GHG.CO2.LU.OS.MT.CE.AR5",0,0.0241
"12573","YR2021","FSM","EN.GHG.CO2.LU.MT.CE.AR5",0,-0.5684
"12574","YR2021","FSM","EN.GHG.CO2.LU.FL.MT.CE.AR5",0,-0.5934
"12575","YR2021","FSM","EN.GHG.CO2.LU.DF.MT.CE.AR5",0,0.0008
"12576","YR2021","FSM","EN.GHG.CO2.LU.OS.MT.CE.AR5",0,0.0241
"12577","YR2022","FSM","EN.GHG.CO2.LU.MT.CE.AR5",0,-0.5684
"12578","YR2022","FSM","EN.GHG.CO2.LU.FL.MT.CE.AR5",0,-0.5934
"12579","YR2022","FSM","EN.GHG.CO2.LU.DF.MT.CE.AR5",0,0.0008
"12580","YR2022","FSM","EN.GHG.CO2.LU.OS.MT.CE.AR5",0,0.0241
"12581","YR2023","FSM","EN.GHG.CO2.LU.MT.CE.AR5",0,-0.5684
"12582","YR2023","FSM","EN.GHG.CO2.LU.FL.MT.CE.AR5",0,-0.5934
"12583","YR2023","FSM","EN.GHG.CO2.LU.DF.MT.CE.AR5",0,0.0008
"12584","YR2023","FSM","EN.GHG.CO2.LU.OS.MT.CE.AR5",0,0.0241
"12585","YR2000","MNG","EN.GHG.CO2.LU.MT.CE.AR5",0,-27.1394
"12586","YR2000","MNG","EN.GHG.CO2.LU.FL.MT.CE.AR5",0,-29.4327
"12587","YR2000","MNG","EN.GHG.CO2.LU.DF.MT.CE.AR5",0,1.9553
"12588","YR2000","MNG","EN.GHG.CO2.LU.OL.MT.CE.AR5",0,0
"12589","YR2001","MNG","EN.GHG.CO2.LU.MT.CE.AR5",0,-27.6483
"12590","YR2001","MNG","EN.GHG.CO2.LU.FL.MT.CE.AR5",0,-29.5805
"12591","YR2001","MNG","EN.GHG.CO2.LU.DF.MT.CE.AR5",0,1.5946
"12592","YR2001","MNG","EN.GHG.CO2.LU.OL.MT.CE.AR5",0,0
"12593","YR2002","MNG","EN.GHG.CO2.LU.MT.CE.AR5",0,-28.1573
"12594","YR2002","MNG","EN.GHG.CO2.LU.FL.MT.CE.AR5",0,-29.7283
"12595","YR2002","MNG","EN.GHG.CO2.LU.DF.MT.CE.AR5",0,1.2339
"12596","YR2002","MNG","EN.GHG.CO2.LU.OL.MT.CE.AR5",0,0
"12597","YR2003","MNG","EN.GHG.CO2.LU.MT.CE.AR5",0,-28.6663
"12598","YR2003","MNG","EN.GHG.CO2.LU.FL.MT.CE.AR5",0,-29.8761
"12599","YR2003","MNG","EN.GHG.CO2.LU.DF.MT.CE.AR5",0,0.8733
"12600","YR2003","MNG","EN.GHG.CO2.LU.OL.MT.CE.AR5",0,0
"12601","YR2004","MNG","EN.GHG.CO2.LU.MT.CE.AR5",0,-29.1753
"12602","YR2004","MNG","EN.GHG.CO2.LU.FL.MT.CE.AR5",0,-30.0239
"12603","YR2004","MNG","EN.GHG.CO2.LU.DF.MT.CE.AR5",0,0.5126
"12604","YR2004","MNG","EN.GHG.CO2.LU.OL.MT.CE.AR5",0,0
"12605","YR2005","MNG","EN.GHG.CO2.LU.MT.CE.AR5",0,-29.6842
"12606","YR2005","MNG","EN.GHG.CO2.LU.FL.MT.CE.AR5",0,-30.1717
"12607","YR2005","MNG","EN.GHG.CO2.LU.DF.MT.CE.AR5",0,0.1519
"12608","YR2005","MNG","EN.GHG.CO2.LU.OL.MT.CE.AR5",0,0
"12609","YR2006","MNG","EN.GHG.CO2.LU.MT.CE.AR5",0,-29.8004
"12610","YR2006","MNG","EN.GHG.CO2.LU.FL.MT.CE.AR5",0,-30.257
"12611","YR2006","MNG","EN.GHG.CO2.LU.DF.MT.CE.AR5",0,0.1345
"12612","YR2006","MNG","EN.GHG.CO2.LU.OL.MT.CE.AR5",0,0
"12613","YR2007","MNG","EN.GHG.CO2.LU.MT.CE.AR5",0,-29.9166
"12614","YR2007","MNG","EN.GHG.CO2.LU.FL.MT.CE.AR5",0,-30.3423
"12615","YR2007","MNG","EN.GHG.CO2.LU.DF.MT.CE.AR5",0,0.1171
"12616","YR2007","MNG","EN.GHG.CO2.LU.OL.MT.CE.AR5",0,0
"12617","YR2008","MNG","EN.GHG.CO2.LU.MT.CE.AR5",0,-30.0328
"12618","YR2008","MNG","EN.GHG.CO2.LU.FL.MT.CE.AR5",0,-30.4277
"12619","YR2008","MNG","EN.GHG.CO2.LU.DF.MT.CE.AR5",0,0.0997
"12620","YR2008","MNG","EN.GHG.CO2.LU.OL.MT.CE.AR5",0,0
"12621","YR2009","MNG","EN.GHG.CO2.LU.MT.CE.AR5",0,-30.149
"12622","YR2009","MNG","EN.GHG.CO2.LU.FL.MT.CE.AR5",0,-30.513
"12623","YR2009","MNG","EN.GHG.CO2.LU.DF.MT.CE.AR5",0,0.0823
"12624","YR2009","MNG","EN.GHG.CO2.LU.OL.MT.CE.AR5",0,0
"12625","YR2010","MNG","EN.GHG.CO2.LU.MT.CE.AR5",0,-30.2653
"12626","YR2010","MNG","EN.GHG.CO2.LU.FL.MT.CE.AR5",0,-30.5983
"12627","YR2010","MNG","EN.GHG.CO2.LU.DF.MT.CE.AR5",0,0.0649
"12628","YR2010","MNG","EN.GHG.CO2.LU.OL.MT.CE.AR5",0,0
"12629","YR2011","MNG","EN.GHG.CO2.LU.MT.CE.AR5",0,-30.3504
"12630","YR2011","MNG","EN.GHG.CO2.LU.FL.MT.CE.AR5",0,-30.6582
"12631","YR2011","MNG","EN.GHG.CO2.LU.DF.MT.CE.AR5",0,0.0538
"12632","YR2011","MNG","EN.GHG.CO2.LU.OL.MT.CE.AR5",0,0
"12633","YR2012","MNG","EN.GHG.CO2.LU.MT.CE.AR5",0,-30.4356
"12634","YR2012","MNG","EN.GHG.CO2.LU.FL.MT.CE.AR5",0,-30.7181
"12635","YR2012","MNG","EN.GHG.CO2.LU.DF.MT.CE.AR5",0,0.0427
"12636","YR2012","MNG","EN.GHG.CO2.LU.OL.MT.CE.AR5",0,0
"12637","YR2013","MNG","EN.GHG.CO2.LU.MT.CE.AR5",0,-30.5208
"12638","YR2013","MNG","EN.GHG.CO2.LU.FL.MT.CE.AR5",0,-30.778
"12639","YR2013","MNG","EN.GHG.CO2.LU.DF.MT.CE.AR5",0,0.0315
"12640","YR2013","MNG","EN.GHG.CO2.LU.OL.MT.CE.AR5",0,0
"12641","YR2014","MNG","EN.GHG.CO2.LU.MT.CE.AR5",0,-30.606
"12642","YR2014","MNG","EN.GHG.CO2.LU.FL.MT.CE.AR5",0,-30.8378
"12643","YR2014","MNG","EN.GHG.CO2.LU.DF.MT.CE.AR5",0,0.0204
"12644","YR2014","MNG","EN.GHG.CO2.LU.OL.MT.CE.AR5",0,0
"12645","YR2015","MNG","EN.GHG.CO2.LU.MT.CE.AR5",0,-30.6913
"12646","YR2015","MNG","EN.GHG.CO2.LU.FL.MT.CE.AR5",0,-30.8977
"12647","YR2015","MNG","EN.GHG.CO2.LU.DF.MT.CE.AR5",0,0.0093
"12648","YR2015","MNG","EN.GHG.CO2.LU.OL.MT.CE.AR5",0,0
"12649","YR2016","MNG","EN.GHG.CO2.LU.MT.CE.AR5",0,-30.5875
"12650","YR2016","MNG","EN.GHG.CO2.LU.FL.MT.CE.AR5",0,-30.7855
"12651","YR2016","MNG","EN.GHG.CO2.LU.DF.MT.CE.AR5",0,0.0084
"12652","YR2016","MNG","EN.GHG.CO2.LU.OL.MT.CE.AR5",0,0
"12653","YR2017","MNG","EN.GHG.CO2.LU.MT.CE.AR5",0,-30.4838
"12654","YR2017","MNG","EN.GHG.CO2.LU.FL.MT.CE.AR5",0,-30.6734
"12655","YR2017","MNG","EN.GHG.CO2.LU.DF.MT.CE.AR5",0,0.0075
"12656","YR2017","MNG","EN.GHG.CO2.LU.OL.MT.CE.AR5",0,0
"12657","YR2018","MNG","EN.GHG.CO2.LU.MT.CE.AR5",0,-30.38
"12658","YR2018","MNG","EN.GHG.CO2.LU.FL.MT.CE.AR5",0,-30.5612
"12659","YR2018","MNG","EN.GHG.CO2.LU.DF.MT.CE.AR5",0,0.0067
"12660","YR2018","MNG","EN.GHG.CO2.LU.OL.MT.CE.AR5",0,0
"12661","YR2019","MNG","EN.GHG.CO2.LU.MT.CE.AR5",0,-30.2763
"12662","YR2019","MNG","EN.GHG.CO2.LU.FL.MT.CE.AR5",0,-30.4491
"12663","YR2019","MNG","EN.GHG.CO2.LU.DF.MT.CE.AR5",0,0.0058
"12664","YR2019","MNG","EN.GHG.CO2.LU.OL.MT.CE.AR5",0,0
"12665","YR2020","MNG","EN.GHG.CO2.LU.MT.CE.AR5",0,-30.1725
"12666","YR2020","MNG","EN.GHG.CO2.LU.FL.MT.CE.AR5",0,-30.3369
"12667","YR2020","MNG","EN.GHG.CO2.LU.DF.MT.CE.AR5",0,0.0049
"12668","YR2020","MNG","EN.GHG.CO2.LU.OL.MT.CE.AR5",0,0
"12669","YR2021","MNG","EN.GHG.CO2.LU.MT.CE.AR5",0,-30.1725
"12670","YR2021","MNG","EN.GHG.CO2.LU.FL.MT.CE.AR5",0,-30.3369
"12671","YR2021","MNG","EN.GHG.CO2.LU.DF.MT.CE.AR5",0,0.0049
"12672","YR2021","MNG","EN.GHG.CO2.LU.OL.MT.CE.AR5",0,0
"12673","YR2022","MNG","EN.GHG.CO2.LU.MT.CE.AR5",0,-30.1725
"12674","YR2022","MNG","EN.GHG.CO2.LU.FL.MT.CE.AR5",0,-30.3369
"12675","YR2022","MNG","EN.GHG.CO2.LU.DF.MT.CE.AR5",0,0.0049
"12676","YR2022","MNG","EN.GHG.CO2.LU.OL.MT.CE.AR5",0,0
"12677","YR2023","MNG","EN.GHG.CO2.LU.MT.CE.AR5",0,-30.1725
"12678","YR2023","MNG","EN.GHG.CO2.LU.FL.MT.CE.AR5",0,-30.3369
"12679","YR2023","MNG","EN.GHG.CO2.LU.DF.MT.CE.AR5",0,0.0049
"12680","YR2023","MNG","EN.GHG.CO2.LU.OL.MT.CE.AR5",0,0
"12681","YR2000","MNE","EN.GHG.CO2.LU.MT.CE.AR5",0,-2.0687
"12682","YR2000","MNE","EN.GHG.CO2.LU.FL.MT.CE.AR5",0,-2.0687
"12683","YR2000","MNE","EN.GHG.CO2.LU.DF.MT.CE.AR5",0,0
"12684","YR2001","MNE","EN.GHG.CO2.LU.MT.CE.AR5",0,-2.5895
"12685","YR2001","MNE","EN.GHG.CO2.LU.FL.MT.CE.AR5",0,-2.5895
"12686","YR2001","MNE","EN.GHG.CO2.LU.DF.MT.CE.AR5",0,0
"12687","YR2002","MNE","EN.GHG.CO2.LU.MT.CE.AR5",0,-2.7655
"12688","YR2002","MNE","EN.GHG.CO2.LU.FL.MT.CE.AR5",0,-2.7655
"12689","YR2002","MNE","EN.GHG.CO2.LU.DF.MT.CE.AR5",0,0
"12690","YR2003","MNE","EN.GHG.CO2.LU.MT.CE.AR5",0,-2.6452
"12691","YR2003","MNE","EN.GHG.CO2.LU.FL.MT.CE.AR5",0,-2.6452
"12692","YR2003","MNE","EN.GHG.CO2.LU.DF.MT.CE.AR5",0,0
"12693","YR2004","MNE","EN.GHG.CO2.LU.MT.CE.AR5",0,-2.6639
"12694","YR2004","MNE","EN.GHG.CO2.LU.FL.MT.CE.AR5",0,-2.6639
"12695","YR2004","MNE","EN.GHG.CO2.LU.DF.MT.CE.AR5",0,0
"12696","YR2005","MNE","EN.GHG.CO2.LU.MT.CE.AR5",0,-2.4609
"12697","YR2005","MNE","EN.GHG.CO2.LU.FL.MT.CE.AR5",0,-2.4609
"12698","YR2005","MNE","EN.GHG.CO2.LU.DF.MT.CE.AR5",0,0
"12699","YR2006","MNE","EN.GHG.CO2.LU.MT.CE.AR5",0,-2.1124
"12700","YR2006","MNE","EN.GHG.CO2.LU.FL.MT.CE.AR5",0,-2.1124
"12701","YR2006","MNE","EN.GHG.CO2.LU.DF.MT.CE.AR5",0,0
"12702","YR2007","MNE","EN.GHG.CO2.LU.MT.CE.AR5",0,-1.8763
"12703","YR2007","MNE","EN.GHG.CO2.LU.FL.MT.CE.AR5",0,-1.8763
"12704","YR2007","MNE","EN.GHG.CO2.LU.DF.MT.CE.AR5",0,0
"12705","YR2008","MNE","EN.GHG.CO2.LU.MT.CE.AR5",0,-2.2935
"12706","YR2008","MNE","EN.GHG.CO2.LU.FL.MT.CE.AR5",0,-2.2935
"12707","YR2008","MNE","EN.GHG.CO2.LU.DF.MT.CE.AR5",0,0
"12708","YR2009","MNE","EN.GHG.CO2.LU.MT.CE.AR5",0,-2.8279
"12709","YR2009","MNE","EN.GHG.CO2.LU.FL.MT.CE.AR5",0,-2.8279
"12710","YR2009","MNE","EN.GHG.CO2.LU.DF.MT.CE.AR5",0,0
"12711","YR2010","MNE","EN.GHG.CO2.LU.MT.CE.AR5",0,-2.5242
"12712","YR2010","MNE","EN.GHG.CO2.LU.FL.MT.CE.AR5",0,-2.5242
"12713","YR2010","MNE","EN.GHG.CO2.LU.DF.MT.CE.AR5",0,0
"12714","YR2011","MNE","EN.GHG.CO2.LU.MT.CE.AR5",0,-0.7167
"12715","YR2011","MNE","EN.GHG.CO2.LU.FL.MT.CE.AR5",0,-0.7167
"12716","YR2011","MNE","EN.GHG.CO2.LU.DF.MT.CE.AR5",0,0
"12717","YR2012","MNE","EN.GHG.CO2.LU.MT.CE.AR5",0,-2.0717
"12718","YR2012","MNE","EN.GHG.CO2.LU.FL.MT.CE.AR5",0,-2.0717
"12719","YR2012","MNE","EN.GHG.CO2.LU.DF.MT.CE.AR5",0,0
"12720","YR2013","MNE","EN.GHG.CO2.LU.MT.CE.AR5",0,-2.4193
"12721","YR2013","MNE","EN.GHG.CO2.LU.FL.MT.CE.AR5",0,-2.4193
"12722","YR2013","MNE","EN.GHG.CO2.LU.DF.MT.CE.AR5",0,0
"12723","YR2014","MNE","EN.GHG.CO2.LU.MT.CE.AR5",0,-2.5064
"12724","YR2014","MNE","EN.GHG.CO2.LU.FL.MT.CE.AR5",0,-2.5064
"12725","YR2014","MNE","EN.GHG.CO2.LU.DF.MT.CE.AR5",0,0
"12726","YR2015","MNE","EN.GHG.CO2.LU.MT.CE.AR5",0,-2.3741
"12727","YR2015","MNE","EN.GHG.CO2.LU.FL.MT.CE.AR5",0,-2.3741
"12728","YR2015","MNE","EN.GHG.CO2.LU.DF.MT.CE.AR5",0,0
"12729","YR2016","MNE","EN.GHG.CO2.LU.MT.CE.AR5",0,-2.3699
"12730","YR2016","MNE","EN.GHG.CO2.LU.FL.MT.CE.AR5",0,-2.3699
"12731","YR2016","MNE","EN.GHG.CO2.LU.DF.MT.CE.AR5",0,0
"12732","YR2017","MNE","EN.GHG.CO2.LU.MT.CE.AR5",0,-1.8092
"12733","YR2017","MNE","EN.GHG.CO2.LU.FL.MT.CE.AR5",0,-1.8092
"12734","YR2017","MNE","EN.GHG.CO2.LU.DF.MT.CE.AR5",0,0
"12735","YR2018","MNE","EN.GHG.CO2.LU.MT.CE.AR5",0,-2.4562
"12736","YR2018","MNE","EN.GHG.CO2.LU.FL.MT.CE.AR5",0,-2.4562
"12737","YR2018","MNE","EN.GHG.CO2.LU.DF.MT.CE.AR5",0,0
"12738","YR2019","MNE","EN.GHG.CO2.LU.MT.CE.AR5",0,-2.5039
"12739","YR2019","MNE","EN.GHG.CO2.LU.FL.MT.CE.AR5",0,-2.5039
"12740","YR2019","MNE","EN.GHG.CO2.LU.DF.MT.CE.AR5",0,0
"12741","YR2020","MNE","EN.GHG.CO2.LU.MT.CE.AR5",0,-2.5039
"12742","YR2020","MNE","EN.GHG.CO2.LU.FL.MT.CE.AR5",0,-2.5039
"12743","YR2020","MNE","EN.GHG.CO2.LU.DF.MT.CE.AR5",0,0
"12744","YR2021","MNE","EN.GHG.CO2.LU.MT.CE.AR5",0,-2.5039
"12745","YR2021","MNE","EN.GHG.CO2.LU.FL.MT.CE.AR5",0,-2.5039
"12746","YR2021","MNE","EN.GHG.CO2.LU.DF.MT.CE.AR5",0,0
"12747","YR2022","MNE","EN.GHG.CO2.LU.MT.CE.AR5",0,-2.5039
"12748","YR2022","MNE","EN.GHG.CO2.LU.FL.MT.CE.AR5",0,-2.5039
"12749","YR2022","MNE","EN.GHG.CO2.LU.DF.MT.CE.AR5",0,0
"12750","YR2023","MNE","EN.GHG.CO2.LU.MT.CE.AR5",0,-2.5039
"12751","YR2023","MNE","EN.GHG.CO2.LU.FL.MT.CE.AR5",0,-2.5039
"12752","YR2023","MNE","EN.GHG.CO2.LU.DF.MT.CE.AR5",0,0
"12753","YR2000","MOZ","EN.GHG.CO2.LU.MT.CE.AR5",0,-24.602
"12754","YR2000","MOZ","EN.GHG.CO2.LU.FL.MT.CE.AR5",0,-58.5198
"12755","YR2000","MOZ","EN.GHG.CO2.LU.DF.MT.CE.AR5",0,33.9178
"12756","YR2000","MOZ","EN.GHG.CO2.LU.OL.MT.CE.AR5",0,0
"12757","YR2001","MOZ","EN.GHG.CO2.LU.MT.CE.AR5",0,-14.7084
"12758","YR2001","MOZ","EN.GHG.CO2.LU.FL.MT.CE.AR5",0,-48.6262
"12759","YR2001","MOZ","EN.GHG.CO2.LU.DF.MT.CE.AR5",0,33.9178
"12760","YR2001","MOZ","EN.GHG.CO2.LU.OL.MT.CE.AR5",0,0
"12761","YR2002","MOZ","EN.GHG.CO2.LU.MT.CE.AR5",0,-4.8148
"12762","YR2002","MOZ","EN.GHG.CO2.LU.FL.MT.CE.AR5",0,-38.7326
"12763","YR2002","MOZ","EN.GHG.CO2.LU.DF.MT.CE.AR5",0,33.9178
"12764","YR2002","MOZ","EN.GHG.CO2.LU.OL.MT.CE.AR5",0,0
"12765","YR2003","MOZ","EN.GHG.CO2.LU.MT.CE.AR5",0,5.0788
"12766","YR2003","MOZ","EN.GHG.CO2.LU.FL.MT.CE.AR5",0,-28.839
"12767","YR2003","MOZ","EN.GHG.CO2.LU.DF.MT.CE.AR5",0,33.9178
"12768","YR2003","MOZ","EN.GHG.CO2.LU.OL.MT.CE.AR5",0,0
"12769","YR2004","MOZ","EN.GHG.CO2.LU.MT.CE.AR5",0,14.9724
"12770","YR2004","MOZ","EN.GHG.CO2.LU.FL.MT.CE.AR5",0,-25.6822
"12771","YR2004","MOZ","EN.GHG.CO2.LU.DF.MT.CE.AR5",0,40.6546
"12772","YR2004","MOZ","EN.GHG.CO2.LU.OL.MT.CE.AR5",0,0
"12773","YR2005","MOZ","EN.GHG.CO2.LU.MT.CE.AR5",0,24.866
"12774","YR2005","MOZ","EN.GHG.CO2.LU.FL.MT.CE.AR5",0,-23.315
"12775","YR2005","MOZ","EN.GHG.CO2.LU.DF.MT.CE.AR5",0,48.181
"12776","YR2005","MOZ","EN.GHG.CO2.LU.OL.MT.CE.AR5",0,0
"12777","YR2006","MOZ","EN.GHG.CO2.LU.MT.CE.AR5",0,27.8096
"12778","YR2006","MOZ","EN.GHG.CO2.LU.FL.MT.CE.AR5",0,-7.8257
"12779","YR2006","MOZ","EN.GHG.CO2.LU.DF.MT.CE.AR5",0,35.6353
"12780","YR2006","MOZ","EN.GHG.CO2.LU.OL.MT.CE.AR5",0,0
"12781","YR2007","MOZ","EN.GHG.CO2.LU.MT.CE.AR5",0,30.7532
"12782","YR2007","MOZ","EN.GHG.CO2.LU.FL.MT.CE.AR5",0,-4.0988
"12783","YR2007","MOZ","EN.GHG.CO2.LU.DF.MT.CE.AR5",0,34.852
"12784","YR2007","MOZ","EN.GHG.CO2.LU.OL.MT.CE.AR5",0,0
"12785","YR2008","MOZ","EN.GHG.CO2.LU.MT.CE.AR5",0,33.6968
"12786","YR2008","MOZ","EN.GHG.CO2.LU.FL.MT.CE.AR5",0,-10.5136
"12787","YR2008","MOZ","EN.GHG.CO2.LU.DF.MT.CE.AR5",0,44.2104
"12788","YR2008","MOZ","EN.GHG.CO2.LU.OL.MT.CE.AR5",0,0
"12789","YR2009","MOZ","EN.GHG.CO2.LU.MT.CE.AR5",0,36.6404
"12790","YR2009","MOZ","EN.GHG.CO2.LU.FL.MT.CE.AR5",0,-3.3693
"12791","YR2009","MOZ","EN.GHG.CO2.LU.DF.MT.CE.AR5",0,40.0097
"12792","YR2009","MOZ","EN.GHG.CO2.LU.OL.MT.CE.AR5",0,0
"12793","YR2010","MOZ","EN.GHG.CO2.LU.MT.CE.AR5",0,39.584
"12794","YR2010","MOZ","EN.GHG.CO2.LU.FL.MT.CE.AR5",0,-13.137
"12795","YR2010","MOZ","EN.GHG.CO2.LU.DF.MT.CE.AR5",0,52.721
"12796","YR2010","MOZ","EN.GHG.CO2.LU.OL.MT.CE.AR5",0,0
"12797","YR2011","MOZ","EN.GHG.CO2.LU.MT.CE.AR5",0,40.997
"12798","YR2011","MOZ","EN.GHG.CO2.LU.FL.MT.CE.AR5",0,0
"12799","YR2011","MOZ","EN.GHG.CO2.LU.DF.MT.CE.AR5",0,35.7004
"12800","YR2011","MOZ","EN.GHG.CO2.LU.OL.MT.CE.AR5",0,5.2966
"12801","YR2012","MOZ","EN.GHG.CO2.LU.MT.CE.AR5",0,42.41
"12802","YR2012","MOZ","EN.GHG.CO2.LU.FL.MT.CE.AR5",0,0
"12803","YR2012","MOZ","EN.GHG.CO2.LU.DF.MT.CE.AR5",0,37.2134
"12804","YR2012","MOZ","EN.GHG.CO2.LU.OL.MT.CE.AR5",0,5.1966
"12805","YR2013","MOZ","EN.GHG.CO2.LU.MT.CE.AR5",0,36.424
"12806","YR2013","MOZ","EN.GHG.CO2.LU.FL.MT.CE.AR5",0,0
"12807","YR2013","MOZ","EN.GHG.CO2.LU.DF.MT.CE.AR5",0,25.425
"12808","YR2013","MOZ","EN.GHG.CO2.LU.OL.MT.CE.AR5",0,10.999
"12809","YR2014","MOZ","EN.GHG.CO2.LU.MT.CE.AR5",0,30.438
"12810","YR2014","MOZ","EN.GHG.CO2.LU.FL.MT.CE.AR5",0,0
"12811","YR2014","MOZ","EN.GHG.CO2.LU.DF.MT.CE.AR5",0,22.3601
"12812","YR2014","MOZ","EN.GHG.CO2.LU.OL.MT.CE.AR5",0,8.0779
"12813","YR2015","MOZ","EN.GHG.CO2.LU.MT.CE.AR5",0,32.0795
"12814","YR2015","MOZ","EN.GHG.CO2.LU.FL.MT.CE.AR5",0,0
"12815","YR2015","MOZ","EN.GHG.CO2.LU.DF.MT.CE.AR5",0,25.7387
"12816","YR2015","MOZ","EN.GHG.CO2.LU.OL.MT.CE.AR5",0,6.3408
"12817","YR2016","MOZ","EN.GHG.CO2.LU.MT.CE.AR5",0,33.721
"12818","YR2016","MOZ","EN.GHG.CO2.LU.FL.MT.CE.AR5",0,0
"12819","YR2016","MOZ","EN.GHG.CO2.LU.DF.MT.CE.AR5",0,30.7105
"12820","YR2016","MOZ","EN.GHG.CO2.LU.OL.MT.CE.AR5",0,3.0105
"12821","YR2017","MOZ","EN.GHG.CO2.LU.MT.CE.AR5",0,33.721
"12822","YR2017","MOZ","EN.GHG.CO2.LU.FL.MT.CE.AR5",0,0
"12823","YR2017","MOZ","EN.GHG.CO2.LU.DF.MT.CE.AR5",0,30.7105
"12824","YR2017","MOZ","EN.GHG.CO2.LU.OL.MT.CE.AR5",0,3.0105
"12825","YR2018","MOZ","EN.GHG.CO2.LU.MT.CE.AR5",0,33.721
"12826","YR2018","MOZ","EN.GHG.CO2.LU.FL.MT.CE.AR5",0,0
"12827","YR2018","MOZ","EN.GHG.CO2.LU.DF.MT.CE.AR5",0,30.7105
"12828","YR2018","MOZ","EN.GHG.CO2.LU.OL.MT.CE.AR5",0,3.0105
"12829","YR2019","MOZ","EN.GHG.CO2.LU.MT.CE.AR5",0,33.721
"12830","YR2019","MOZ","EN.GHG.CO2.LU.FL.MT.CE.AR5",0,0
"12831","YR2019","MOZ","EN.GHG.CO2.LU.DF.MT.CE.AR5",0,30.7105
"12832","YR2019","MOZ","EN.GHG.CO2.LU.OL.MT.CE.AR5",0,3.0105
"12833","YR2020","MOZ","EN.GHG.CO2.LU.MT.CE.AR5",0,33.721
"12834","YR2020","MOZ","EN.GHG.CO2.LU.FL.MT.CE.AR5",0,0
"12835","YR2020","MOZ","EN.GHG.CO2.LU.DF.MT.CE.AR5",0,30.7105
"12836","YR2020","MOZ","EN.GHG.CO2.LU.OL.MT.CE.AR5",0,3.0105
"12837","YR2021","MOZ","EN.GHG.CO2.LU.MT.CE.AR5",0,33.721
"12838","YR2021","MOZ","EN.GHG.CO2.LU.FL.MT.CE.AR5",0,0
"12839","YR2021","MOZ","EN.GHG.CO2.LU.DF.MT.CE.AR5",0,30.7105
"12840","YR2021","MOZ","EN.GHG.CO2.LU.OL.MT.CE.AR5",0,3.0105
"12841","YR2022","MOZ","EN.GHG.CO2.LU.MT.CE.AR5",0,33.721
"12842","YR2022","MOZ","EN.GHG.CO2.LU.FL.MT.CE.AR5",0,0
"12843","YR2022","MOZ","EN.GHG.CO2.LU.DF.MT.CE.AR5",0,30.7105
"12844","YR2022","MOZ","EN.GHG.CO2.LU.OL.MT.CE.AR5",0,3.0105
"12845","YR2023","MOZ","EN.GHG.CO2.LU.MT.CE.AR5",0,33.721
"12846","YR2023","MOZ","EN.GHG.CO2.LU.FL.MT.CE.AR5",0,0
"12847","YR2023","MOZ","EN.GHG.CO2.LU.DF.MT.CE.AR5",0,30.7105
"12848","YR2023","MOZ","EN.GHG.CO2.LU.OL.MT.CE.AR5",0,3.0105
"12849","YR2000","MMR","EN.GHG.CO2.LU.MT.CE.AR5",0,54.3373
"12850","YR2000","MMR","EN.GHG.CO2.LU.FL.MT.CE.AR5",0,0.5299
"12851","YR2000","MMR","EN.GHG.CO2.LU.DF.MT.CE.AR5",0,53.8075
"12852","YR2001","MMR","EN.GHG.CO2.LU.MT.CE.AR5",0,53.9671
"12853","YR2001","MMR","EN.GHG.CO2.LU.FL.MT.CE.AR5",0,0.1596
"12854","YR2001","MMR","EN.GHG.CO2.LU.DF.MT.CE.AR5",0,53.8075
"12855","YR2002","MMR","EN.GHG.CO2.LU.MT.CE.AR5",0,53.6067
"12856","YR2002","MMR","EN.GHG.CO2.LU.FL.MT.CE.AR5",0,-0.2007
"12857","YR2002","MMR","EN.GHG.CO2.LU.DF.MT.CE.AR5",0,53.8075
"12858","YR2003","MMR","EN.GHG.CO2.LU.MT.CE.AR5",0,53.2112
"12859","YR2003","MMR","EN.GHG.CO2.LU.FL.MT.CE.AR5",0,-0.5963
"12860","YR2003","MMR","EN.GHG.CO2.LU.DF.MT.CE.AR5",0,53.8075
"12861","YR2004","MMR","EN.GHG.CO2.LU.MT.CE.AR5",0,52.8701
"12862","YR2004","MMR","EN.GHG.CO2.LU.FL.MT.CE.AR5",0,-0.9374
"12863","YR2004","MMR","EN.GHG.CO2.LU.DF.MT.CE.AR5",0,53.8075
"12864","YR2005","MMR","EN.GHG.CO2.LU.MT.CE.AR5",0,52.5052
"12865","YR2005","MMR","EN.GHG.CO2.LU.FL.MT.CE.AR5",0,-1.3023
"12866","YR2005","MMR","EN.GHG.CO2.LU.DF.MT.CE.AR5",0,53.8075
"12867","YR2006","MMR","EN.GHG.CO2.LU.MT.CE.AR5",0,52.0222
"12868","YR2006","MMR","EN.GHG.CO2.LU.FL.MT.CE.AR5",0,-1.7852
"12869","YR2006","MMR","EN.GHG.CO2.LU.DF.MT.CE.AR5",0,53.8075
"12870","YR2007","MMR","EN.GHG.CO2.LU.MT.CE.AR5",0,51.6482
"12871","YR2007","MMR","EN.GHG.CO2.LU.FL.MT.CE.AR5",0,-2.1593
"12872","YR2007","MMR","EN.GHG.CO2.LU.DF.MT.CE.AR5",0,53.8075
"12873","YR2008","MMR","EN.GHG.CO2.LU.MT.CE.AR5",0,51.3729
"12874","YR2008","MMR","EN.GHG.CO2.LU.FL.MT.CE.AR5",0,-2.4346
"12875","YR2008","MMR","EN.GHG.CO2.LU.DF.MT.CE.AR5",0,53.8075
"12876","YR2009","MMR","EN.GHG.CO2.LU.MT.CE.AR5",0,51.0682
"12877","YR2009","MMR","EN.GHG.CO2.LU.FL.MT.CE.AR5",0,-2.7392
"12878","YR2009","MMR","EN.GHG.CO2.LU.DF.MT.CE.AR5",0,53.8075
"12879","YR2010","MMR","EN.GHG.CO2.LU.MT.CE.AR5",0,50.5737
"12880","YR2010","MMR","EN.GHG.CO2.LU.FL.MT.CE.AR5",0,-3.2338
"12881","YR2010","MMR","EN.GHG.CO2.LU.DF.MT.CE.AR5",0,53.8075
"12882","YR2011","MMR","EN.GHG.CO2.LU.MT.CE.AR5",0,50.2343
"12883","YR2011","MMR","EN.GHG.CO2.LU.FL.MT.CE.AR5",0,-3.5732
"12884","YR2011","MMR","EN.GHG.CO2.LU.DF.MT.CE.AR5",0,53.8075
"12885","YR2012","MMR","EN.GHG.CO2.LU.MT.CE.AR5",0,49.8035
"12886","YR2012","MMR","EN.GHG.CO2.LU.FL.MT.CE.AR5",0,-4.004
"12887","YR2012","MMR","EN.GHG.CO2.LU.DF.MT.CE.AR5",0,53.8075
"12888","YR2013","MMR","EN.GHG.CO2.LU.MT.CE.AR5",0,49.6139
"12889","YR2013","MMR","EN.GHG.CO2.LU.FL.MT.CE.AR5",0,-4.1936
"12890","YR2013","MMR","EN.GHG.CO2.LU.DF.MT.CE.AR5",0,53.8075
"12891","YR2014","MMR","EN.GHG.CO2.LU.MT.CE.AR5",0,49.3194
"12892","YR2014","MMR","EN.GHG.CO2.LU.FL.MT.CE.AR5",0,-4.488
"12893","YR2014","MMR","EN.GHG.CO2.LU.DF.MT.CE.AR5",0,53.8075
"12894","YR2015","MMR","EN.GHG.CO2.LU.MT.CE.AR5",0,48.905
"12895","YR2015","MMR","EN.GHG.CO2.LU.FL.MT.CE.AR5",0,-4.9024
"12896","YR2015","MMR","EN.GHG.CO2.LU.DF.MT.CE.AR5",0,53.8075
"12897","YR2016","MMR","EN.GHG.CO2.LU.MT.CE.AR5",0,48.905
"12898","YR2016","MMR","EN.GHG.CO2.LU.FL.MT.CE.AR5",0,-4.9024
"12899","YR2016","MMR","EN.GHG.CO2.LU.DF.MT.CE.AR5",0,53.8075
"12900","YR2017","MMR","EN.GHG.CO2.LU.MT.CE.AR5",0,48.905
"12901","YR2017","MMR","EN.GHG.CO2.LU.FL.MT.CE.AR5",0,-4.9024
"12902","YR2017","MMR","EN.GHG.CO2.LU.DF.MT.CE.AR5",0,53.8075
"12903","YR2018","MMR","EN.GHG.CO2.LU.MT.CE.AR5",0,48.905
"12904","YR2018","MMR","EN.GHG.CO2.LU.FL.MT.CE.AR5",0,-4.9024
"12905","YR2018","MMR","EN.GHG.CO2.LU.DF.MT.CE.AR5",0,53.8075
"12906","YR2019","MMR","EN.GHG.CO2.LU.MT.CE.AR5",0,48.905
"12907","YR2019","MMR","EN.GHG.CO2.LU.FL.MT.CE.AR5",0,-4.9024
"12908","YR2019","MMR","EN.GHG.CO2.LU.DF.MT.CE.AR5",0,53.8075
"12909","YR2020","MMR","EN.GHG.CO2.LU.MT.CE.AR5",0,48.905
"12910","YR2020","MMR","EN.GHG.CO2.LU.FL.MT.CE.AR5",0,-4.9024
"12911","YR2020","MMR","EN.GHG.CO2.LU.DF.MT.CE.AR5",0,53.8075
"12912","YR2021","MMR","EN.GHG.CO2.LU.MT.CE.AR5",0,48.905
"12913","YR2021","MMR","EN.GHG.CO2.LU.FL.MT.CE.AR5",0,-4.9024
"12914","YR2021","MMR","EN.GHG.CO2.LU.DF.MT.CE.AR5",0,53.8075
"12915","YR2022","MMR","EN.GHG.CO2.LU.MT.CE.AR5",0,48.905
"12916","YR2022","MMR","EN.GHG.CO2.LU.FL.MT.CE.AR5",0,-4.9024
"12917","YR2022","MMR","EN.GHG.CO2.LU.DF.MT.CE.AR5",0,53.8075
"12918","YR2023","MMR","EN.GHG.CO2.LU.MT.CE.AR5",0,48.905
"12919","YR2023","MMR","EN.GHG.CO2.LU.FL.MT.CE.AR5",0,-4.9024
"12920","YR2023","MMR","EN.GHG.CO2.LU.DF.MT.CE.AR5",0,53.8075
"12921","YR2000","NPL","EN.GHG.CO2.LU.MT.CE.AR5",0,-16.232
"12922","YR2000","NPL","EN.GHG.CO2.LU.FL.MT.CE.AR5",0,-16.232
"12923","YR2000","NPL","EN.GHG.CO2.LU.DF.MT.CE.AR5",0,0
"12924","YR2001","NPL","EN.GHG.CO2.LU.MT.CE.AR5",0,-16.232
"12925","YR2001","NPL","EN.GHG.CO2.LU.FL.MT.CE.AR5",0,-16.232
"12926","YR2001","NPL","EN.GHG.CO2.LU.DF.MT.CE.AR5",0,0
"12927","YR2002","NPL","EN.GHG.CO2.LU.MT.CE.AR5",0,-16.232
"12928","YR2002","NPL","EN.GHG.CO2.LU.FL.MT.CE.AR5",0,-16.232
"12929","YR2002","NPL","EN.GHG.CO2.LU.DF.MT.CE.AR5",0,0
"12930","YR2003","NPL","EN.GHG.CO2.LU.MT.CE.AR5",0,-16.232
"12931","YR2003","NPL","EN.GHG.CO2.LU.FL.MT.CE.AR5",0,-16.232
"12932","YR2003","NPL","EN.GHG.CO2.LU.DF.MT.CE.AR5",0,0
"12933","YR2004","NPL","EN.GHG.CO2.LU.MT.CE.AR5",0,-16.232
"12934","YR2004","NPL","EN.GHG.CO2.LU.FL.MT.CE.AR5",0,-16.232
"12935","YR2004","NPL","EN.GHG.CO2.LU.DF.MT.CE.AR5",0,0
"12936","YR2005","NPL","EN.GHG.CO2.LU.MT.CE.AR5",0,-16.232
"12937","YR2005","NPL","EN.GHG.CO2.LU.FL.MT.CE.AR5",0,-16.232
"12938","YR2005","NPL","EN.GHG.CO2.LU.DF.MT.CE.AR5",0,0
"12939","YR2006","NPL","EN.GHG.CO2.LU.MT.CE.AR5",0,-16.232
"12940","YR2006","NPL","EN.GHG.CO2.LU.FL.MT.CE.AR5",0,-16.232
"12941","YR2006","NPL","EN.GHG.CO2.LU.DF.MT.CE.AR5",0,0
"12942","YR2007","NPL","EN.GHG.CO2.LU.MT.CE.AR5",0,-16.232
"12943","YR2007","NPL","EN.GHG.CO2.LU.FL.MT.CE.AR5",0,-16.232
"12944","YR2007","NPL","EN.GHG.CO2.LU.DF.MT.CE.AR5",0,0
"12945","YR2008","NPL","EN.GHG.CO2.LU.MT.CE.AR5",0,-16.232
"12946","YR2008","NPL","EN.GHG.CO2.LU.FL.MT.CE.AR5",0,-16.232
"12947","YR2008","NPL","EN.GHG.CO2.LU.DF.MT.CE.AR5",0,0
"12948","YR2009","NPL","EN.GHG.CO2.LU.MT.CE.AR5",0,-16.232
"12949","YR2009","NPL","EN.GHG.CO2.LU.FL.MT.CE.AR5",0,-16.232
"12950","YR2009","NPL","EN.GHG.CO2.LU.DF.MT.CE.AR5",0,0
"12951","YR2010","NPL","EN.GHG.CO2.LU.MT.CE.AR5",0,-16.232
"12952","YR2010","NPL","EN.GHG.CO2.LU.FL.MT.CE.AR5",0,-16.232
"12953","YR2010","NPL","EN.GHG.CO2.LU.DF.MT.CE.AR5",0,0
"12954","YR2011","NPL","EN.GHG.CO2.LU.MT.CE.AR5",0,-16.232
"12955","YR2011","NPL","EN.GHG.CO2.LU.FL.MT.CE.AR5",0,-16.232
"12956","YR2011","NPL","EN.GHG.CO2.LU.DF.MT.CE.AR5",0,0
"12957","YR2012","NPL","EN.GHG.CO2.LU.MT.CE.AR5",0,-16.232
"12958","YR2012","NPL","EN.GHG.CO2.LU.FL.MT.CE.AR5",0,-16.232
"12959","YR2012","NPL","EN.GHG.CO2.LU.DF.MT.CE.AR5",0,0
"12960","YR2013","NPL","EN.GHG.CO2.LU.MT.CE.AR5",0,-16.232
"12961","YR2013","NPL","EN.GHG.CO2.LU.FL.MT.CE.AR5",0,-16.232
"12962","YR2013","NPL","EN.GHG.CO2.LU.DF.MT.CE.AR5",0,0
"12963","YR2014","NPL","EN.GHG.CO2.LU.MT.CE.AR5",0,-16.232
"12964","YR2014","NPL","EN.GHG.CO2.LU.FL.MT.CE.AR5",0,-16.232
"12965","YR2014","NPL","EN.GHG.CO2.LU.DF.MT.CE.AR5",0,0
"12966","YR2015","NPL","EN.GHG.CO2.LU.MT.CE.AR5",0,-16.232
"12967","YR2015","NPL","EN.GHG.CO2.LU.FL.MT.CE.AR5",0,-16.232
"12968","YR2015","NPL","EN.GHG.CO2.LU.DF.MT.CE.AR5",0,0
"12969","YR2016","NPL","EN.GHG.CO2.LU.MT.CE.AR5",0,-16.232
"12970","YR2016","NPL","EN.GHG.CO2.LU.FL.MT.CE.AR5",0,-16.232
"12971","YR2016","NPL","EN.GHG.CO2.LU.DF.MT.CE.AR5",0,0
"12972","YR2017","NPL","EN.GHG.CO2.LU.MT.CE.AR5",0,-16.232
"12973","YR2017","NPL","EN.GHG.CO2.LU.FL.MT.CE.AR5",0,-16.232
"12974","YR2017","NPL","EN.GHG.CO2.LU.DF.MT.CE.AR5",0,0
"12975","YR2018","NPL","EN.GHG.CO2.LU.MT.CE.AR5",0,-16.232
"12976","YR2018","NPL","EN.GHG.CO2.LU.FL.MT.CE.AR5",0,-16.232
"12977","YR2018","NPL","EN.GHG.CO2.LU.DF.MT.CE.AR5",0,0
"12978","YR2019","NPL","EN.GHG.CO2.LU.MT.CE.AR5",0,-16.232
"12979","YR2019","NPL","EN.GHG.CO2.LU.FL.MT.CE.AR5",0,-16.232
"12980","YR2019","NPL","EN.GHG.CO2.LU.DF.MT.CE.AR5",0,0
"12981","YR2020","NPL","EN.GHG.CO2.LU.MT.CE.AR5",0,-16.232
"12982","YR2020","NPL","EN.GHG.CO2.LU.FL.MT.CE.AR5",0,-16.232
"12983","YR2020","NPL","EN.GHG.CO2.LU.DF.MT.CE.AR5",0,0
"12984","YR2021","NPL","EN.GHG.CO2.LU.MT.CE.AR5",0,-16.232
"12985","YR2021","NPL","EN.GHG.CO2.LU.FL.MT.CE.AR5",0,-16.232
"12986","YR2021","NPL","EN.GHG.CO2.LU.DF.MT.CE.AR5",0,0
"12987","YR2022","NPL","EN.GHG.CO2.LU.MT.CE.AR5",0,-16.232
"12988","YR2022","NPL","EN.GHG.CO2.LU.FL.MT.CE.AR5",0,-16.232
"12989","YR2022","NPL","EN.GHG.CO2.LU.DF.MT.CE.AR5",0,0
"12990","YR2023","NPL","EN.GHG.CO2.LU.MT.CE.AR5",0,-16.232
"12991","YR2023","NPL","EN.GHG.CO2.LU.FL.MT.CE.AR5",0,-16.232
"12992","YR2023","NPL","EN.GHG.CO2.LU.DF.MT.CE.AR5",0,0
"12993","YR2000","NIC","EN.GHG.CO2.LU.MT.CE.AR5",0,10.488
"12994","YR2000","NIC","EN.GHG.CO2.LU.FL.MT.CE.AR5",0,-0.986
"12995","YR2000","NIC","EN.GHG.CO2.LU.DF.MT.CE.AR5",0,11.5561
"12996","YR2000","NIC","EN.GHG.CO2.LU.OL.MT.CE.AR5",0,-0.0821
"12997","YR2001","NIC","EN.GHG.CO2.LU.MT.CE.AR5",0,10.756
"12998","YR2001","NIC","EN.GHG.CO2.LU.FL.MT.CE.AR5",0,-0.718
"12999","YR2001","NIC","EN.GHG.CO2.LU.DF.MT.CE.AR5",0,11.5561
"13000","YR2001","NIC","EN.GHG.CO2.LU.OL.MT.CE.AR5",0,-0.0821
"13001","YR2002","NIC","EN.GHG.CO2.LU.MT.CE.AR5",0,11.0241
"13002","YR2002","NIC","EN.GHG.CO2.LU.FL.MT.CE.AR5",0,-0.4499
"13003","YR2002","NIC","EN.GHG.CO2.LU.DF.MT.CE.AR5",0,11.5561
"13004","YR2002","NIC","EN.GHG.CO2.LU.OL.MT.CE.AR5",0,-0.0821
"13005","YR2003","NIC","EN.GHG.CO2.LU.MT.CE.AR5",0,11.2921
"13006","YR2003","NIC","EN.GHG.CO2.LU.FL.MT.CE.AR5",0,-0.1818
"13007","YR2003","NIC","EN.GHG.CO2.LU.DF.MT.CE.AR5",0,11.5561
"13008","YR2003","NIC","EN.GHG.CO2.LU.OL.MT.CE.AR5",0,-0.0821
"13009","YR2004","NIC","EN.GHG.CO2.LU.MT.CE.AR5",0,11.5602
"13010","YR2004","NIC","EN.GHG.CO2.LU.FL.MT.CE.AR5",0,0.0862
"13011","YR2004","NIC","EN.GHG.CO2.LU.DF.MT.CE.AR5",0,11.5561
"13012","YR2004","NIC","EN.GHG.CO2.LU.OL.MT.CE.AR5",0,-0.0821
"13013","YR2005","NIC","EN.GHG.CO2.LU.MT.CE.AR5",0,11.8283
"13014","YR2005","NIC","EN.GHG.CO2.LU.FL.MT.CE.AR5",0,0.3543
"13015","YR2005","NIC","EN.GHG.CO2.LU.DF.MT.CE.AR5",0,11.5561
"13016","YR2005","NIC","EN.GHG.CO2.LU.OL.MT.CE.AR5",0,-0.0821
"13017","YR2006","NIC","EN.GHG.CO2.LU.MT.CE.AR5",0,11.8905
"13018","YR2006","NIC","EN.GHG.CO2.LU.FL.MT.CE.AR5",0,0.4165
"13019","YR2006","NIC","EN.GHG.CO2.LU.DF.MT.CE.AR5",0,11.5561
"13020","YR2006","NIC","EN.GHG.CO2.LU.OL.MT.CE.AR5",0,-0.0821
"13021","YR2007","NIC","EN.GHG.CO2.LU.MT.CE.AR5",0,11.9528
"13022","YR2007","NIC","EN.GHG.CO2.LU.FL.MT.CE.AR5",0,0.4788
"13023","YR2007","NIC","EN.GHG.CO2.LU.DF.MT.CE.AR5",0,11.5561
"13024","YR2007","NIC","EN.GHG.CO2.LU.OL.MT.CE.AR5",0,-0.0821
"13025","YR2008","NIC","EN.GHG.CO2.LU.MT.CE.AR5",0,12.015
"13026","YR2008","NIC","EN.GHG.CO2.LU.FL.MT.CE.AR5",0,0.541
"13027","YR2008","NIC","EN.GHG.CO2.LU.DF.MT.CE.AR5",0,11.5561
"13028","YR2008","NIC","EN.GHG.CO2.LU.OL.MT.CE.AR5",0,-0.0821
"13029","YR2009","NIC","EN.GHG.CO2.LU.MT.CE.AR5",0,12.0773
"13030","YR2009","NIC","EN.GHG.CO2.LU.FL.MT.CE.AR5",0,0.6033
"13031","YR2009","NIC","EN.GHG.CO2.LU.DF.MT.CE.AR5",0,11.5561
"13032","YR2009","NIC","EN.GHG.CO2.LU.OL.MT.CE.AR5",0,-0.0821
"13033","YR2010","NIC","EN.GHG.CO2.LU.MT.CE.AR5",0,12.1395
"13034","YR2010","NIC","EN.GHG.CO2.LU.FL.MT.CE.AR5",0,0.6655
"13035","YR2010","NIC","EN.GHG.CO2.LU.DF.MT.CE.AR5",0,11.5561
"13036","YR2010","NIC","EN.GHG.CO2.LU.OL.MT.CE.AR5",0,-0.0821
"13037","YR2011","NIC","EN.GHG.CO2.LU.MT.CE.AR5",0,12.2213
"13038","YR2011","NIC","EN.GHG.CO2.LU.FL.MT.CE.AR5",0,0.7473
"13039","YR2011","NIC","EN.GHG.CO2.LU.DF.MT.CE.AR5",0,11.5561
"13040","YR2011","NIC","EN.GHG.CO2.LU.OL.MT.CE.AR5",0,-0.0821
"13041","YR2012","NIC","EN.GHG.CO2.LU.MT.CE.AR5",0,12.303
"13042","YR2012","NIC","EN.GHG.CO2.LU.FL.MT.CE.AR5",0,0.8291
"13043","YR2012","NIC","EN.GHG.CO2.LU.DF.MT.CE.AR5",0,11.5561
"13044","YR2012","NIC","EN.GHG.CO2.LU.OL.MT.CE.AR5",0,-0.0821
"13045","YR2013","NIC","EN.GHG.CO2.LU.MT.CE.AR5",0,12.3848
"13046","YR2013","NIC","EN.GHG.CO2.LU.FL.MT.CE.AR5",0,0.9108
"13047","YR2013","NIC","EN.GHG.CO2.LU.DF.MT.CE.AR5",0,11.5561
"13048","YR2013","NIC","EN.GHG.CO2.LU.OL.MT.CE.AR5",0,-0.0821
"13049","YR2014","NIC","EN.GHG.CO2.LU.MT.CE.AR5",0,12.4666
"13050","YR2014","NIC","EN.GHG.CO2.LU.FL.MT.CE.AR5",0,0.9926
"13051","YR2014","NIC","EN.GHG.CO2.LU.DF.MT.CE.AR5",0,11.5561
"13052","YR2014","NIC","EN.GHG.CO2.LU.OL.MT.CE.AR5",0,-0.0821
"13053","YR2015","NIC","EN.GHG.CO2.LU.MT.CE.AR5",0,12.5483
"13054","YR2015","NIC","EN.GHG.CO2.LU.FL.MT.CE.AR5",0,1.0743
"13055","YR2015","NIC","EN.GHG.CO2.LU.DF.MT.CE.AR5",0,11.5561
"13056","YR2015","NIC","EN.GHG.CO2.LU.OL.MT.CE.AR5",0,-0.0821
"13057","YR2016","NIC","EN.GHG.CO2.LU.MT.CE.AR5",0,12.5914
"13058","YR2016","NIC","EN.GHG.CO2.LU.FL.MT.CE.AR5",0,1.1175
"13059","YR2016","NIC","EN.GHG.CO2.LU.DF.MT.CE.AR5",0,11.5561
"13060","YR2016","NIC","EN.GHG.CO2.LU.OL.MT.CE.AR5",0,-0.0821
"13061","YR2017","NIC","EN.GHG.CO2.LU.MT.CE.AR5",0,12.6346
"13062","YR2017","NIC","EN.GHG.CO2.LU.FL.MT.CE.AR5",0,1.1606
"13063","YR2017","NIC","EN.GHG.CO2.LU.DF.MT.CE.AR5",0,11.5561
"13064","YR2017","NIC","EN.GHG.CO2.LU.OL.MT.CE.AR5",0,-0.0821
"13065","YR2018","NIC","EN.GHG.CO2.LU.MT.CE.AR5",0,12.6777
"13066","YR2018","NIC","EN.GHG.CO2.LU.FL.MT.CE.AR5",0,1.2037
"13067","YR2018","NIC","EN.GHG.CO2.LU.DF.MT.CE.AR5",0,11.5561
"13068","YR2018","NIC","EN.GHG.CO2.LU.OL.MT.CE.AR5",0,-0.0821
"13069","YR2019","NIC","EN.GHG.CO2.LU.MT.CE.AR5",0,12.7208
"13070","YR2019","NIC","EN.GHG.CO2.LU.FL.MT.CE.AR5",0,1.2469
"13071","YR2019","NIC","EN.GHG.CO2.LU.DF.MT.CE.AR5",0,11.5561
"13072","YR2019","NIC","EN.GHG.CO2.LU.OL.MT.CE.AR5",0,-0.0821
"13073","YR2020","NIC","EN.GHG.CO2.LU.MT.CE.AR5",0,12.7208
"13074","YR2020","NIC","EN.GHG.CO2.LU.FL.MT.CE.AR5",0,1.2469
"13075","YR2020","NIC","EN.GHG.CO2.LU.DF.MT.CE.AR5",0,11.5561
"13076","YR2020","NIC","EN.GHG.CO2.LU.OL.MT.CE.AR5",0,-0.0821
"13077","YR2021","NIC","EN.GHG.CO2.LU.MT.CE.AR5",0,12.7208
"13078","YR2021","NIC","EN.GHG.CO2.LU.FL.MT.CE.AR5",0,1.2469
"13079","YR2021","NIC","EN.GHG.CO2.LU.DF.MT.CE.AR5",0,11.5561
"13080","YR2021","NIC","EN.GHG.CO2.LU.OL.MT.CE.AR5",0,-0.0821
"13081","YR2022","NIC","EN.GHG.CO2.LU.MT.CE.AR5",0,12.7208
"13082","YR2022","NIC","EN.GHG.CO2.LU.FL.MT.CE.AR5",0,1.2469
"13083","YR2022","NIC","EN.GHG.CO2.LU.DF.MT.CE.AR5",0,11.5561
"13084","YR2022","NIC","EN.GHG.CO2.LU.OL.MT.CE.AR5",0,-0.0821
"13085","YR2023","NIC","EN.GHG.CO2.LU.MT.CE.AR5",0,12.7208
"13086","YR2023","NIC","EN.GHG.CO2.LU.FL.MT.CE.AR5",0,1.2469
"13087","YR2023","NIC","EN.GHG.CO2.LU.DF.MT.CE.AR5",0,11.5561
"13088","YR2023","NIC","EN.GHG.CO2.LU.OL.MT.CE.AR5",0,-0.0821
"13089","YR2000","NER","EN.GHG.CO2.LU.MT.CE.AR5",0,-15.5203
"13090","YR2000","NER","EN.GHG.CO2.LU.FL.MT.CE.AR5",0,-2.7389
"13091","YR2000","NER","EN.GHG.CO2.LU.DF.MT.CE.AR5",0,0
"13092","YR2000","NER","EN.GHG.CO2.LU.OL.MT.CE.AR5",0,-12.7814
"13093","YR2001","NER","EN.GHG.CO2.LU.MT.CE.AR5",0,-15.1998
"13094","YR2001","NER","EN.GHG.CO2.LU.FL.MT.CE.AR5",0,-2.6056
"13095","YR2001","NER","EN.GHG.CO2.LU.DF.MT.CE.AR5",0,0
"13096","YR2001","NER","EN.GHG.CO2.LU.OL.MT.CE.AR5",0,-12.5942
"13097","YR2002","NER","EN.GHG.CO2.LU.MT.CE.AR5",0,-14.8794
"13098","YR2002","NER","EN.GHG.CO2.LU.FL.MT.CE.AR5",0,-2.4723
"13099","YR2002","NER","EN.GHG.CO2.LU.DF.MT.CE.AR5",0,0
"13100","YR2002","NER","EN.GHG.CO2.LU.OL.MT.CE.AR5",0,-12.4071
"13101","YR2003","NER","EN.GHG.CO2.LU.MT.CE.AR5",0,-14.5589
"13102","YR2003","NER","EN.GHG.CO2.LU.FL.MT.CE.AR5",0,-2.3389
"13103","YR2003","NER","EN.GHG.CO2.LU.DF.MT.CE.AR5",0,0
"13104","YR2003","NER","EN.GHG.CO2.LU.OL.MT.CE.AR5",0,-12.22
"13105","YR2004","NER","EN.GHG.CO2.LU.MT.CE.AR5",0,-14.2385
"13106","YR2004","NER","EN.GHG.CO2.LU.FL.MT.CE.AR5",0,-2.2056
"13107","YR2004","NER","EN.GHG.CO2.LU.DF.MT.CE.AR5",0,0
"13108","YR2004","NER","EN.GHG.CO2.LU.OL.MT.CE.AR5",0,-12.0329
"13109","YR2005","NER","EN.GHG.CO2.LU.MT.CE.AR5",0,-13.918
"13110","YR2005","NER","EN.GHG.CO2.LU.FL.MT.CE.AR5",0,-2.0723
"13111","YR2005","NER","EN.GHG.CO2.LU.DF.MT.CE.AR5",0,0
"13112","YR2005","NER","EN.GHG.CO2.LU.OL.MT.CE.AR5",0,-11.8457
"13113","YR2006","NER","EN.GHG.CO2.LU.MT.CE.AR5",0,-13.5975
"13114","YR2006","NER","EN.GHG.CO2.LU.FL.MT.CE.AR5",0,-1.9389
"13115","YR2006","NER","EN.GHG.CO2.LU.DF.MT.CE.AR5",0,0
"13116","YR2006","NER","EN.GHG.CO2.LU.OL.MT.CE.AR5",0,-11.6586
"13117","YR2007","NER","EN.GHG.CO2.LU.MT.CE.AR5",0,-13.2771
"13118","YR2007","NER","EN.GHG.CO2.LU.FL.MT.CE.AR5",0,-1.8056
"13119","YR2007","NER","EN.GHG.CO2.LU.DF.MT.CE.AR5",0,0
"13120","YR2007","NER","EN.GHG.CO2.LU.OL.MT.CE.AR5",0,-11.4715
"13121","YR2008","NER","EN.GHG.CO2.LU.MT.CE.AR5",0,-12.9566
"13122","YR2008","NER","EN.GHG.CO2.LU.FL.MT.CE.AR5",0,-1.6723
"13123","YR2008","NER","EN.GHG.CO2.LU.DF.MT.CE.AR5",0,0
"13124","YR2008","NER","EN.GHG.CO2.LU.OL.MT.CE.AR5",0,-11.2844
"13125","YR2009","NER","EN.GHG.CO2.LU.MT.CE.AR5",0,-12.597
"13126","YR2009","NER","EN.GHG.CO2.LU.FL.MT.CE.AR5",0,-1.5667
"13127","YR2009","NER","EN.GHG.CO2.LU.DF.MT.CE.AR5",0,0.1064
"13128","YR2009","NER","EN.GHG.CO2.LU.OL.MT.CE.AR5",0,-11.1367
"13129","YR2010","NER","EN.GHG.CO2.LU.MT.CE.AR5",0,-12.2373
"13130","YR2010","NER","EN.GHG.CO2.LU.FL.MT.CE.AR5",0,-1.4612
"13131","YR2010","NER","EN.GHG.CO2.LU.DF.MT.CE.AR5",0,0.2129
"13132","YR2010","NER","EN.GHG.CO2.LU.OL.MT.CE.AR5",0,-10.989
"13133","YR2011","NER","EN.GHG.CO2.LU.MT.CE.AR5",0,-11.8776
"13134","YR2011","NER","EN.GHG.CO2.LU.FL.MT.CE.AR5",0,-1.3557
"13135","YR2011","NER","EN.GHG.CO2.LU.DF.MT.CE.AR5",0,0.3193
"13136","YR2011","NER","EN.GHG.CO2.LU.OL.MT.CE.AR5",0,-10.8413
"13137","YR2012","NER","EN.GHG.CO2.LU.MT.CE.AR5",0,-11.5179
"13138","YR2012","NER","EN.GHG.CO2.LU.FL.MT.CE.AR5",0,-1.2501
"13139","YR2012","NER","EN.GHG.CO2.LU.DF.MT.CE.AR5",0,0.4258
"13140","YR2012","NER","EN.GHG.CO2.LU.OL.MT.CE.AR5",0,-10.6936
"13141","YR2013","NER","EN.GHG.CO2.LU.MT.CE.AR5",0,-11.1583
"13142","YR2013","NER","EN.GHG.CO2.LU.FL.MT.CE.AR5",0,-1.1446
"13143","YR2013","NER","EN.GHG.CO2.LU.DF.MT.CE.AR5",0,0.5322
"13144","YR2013","NER","EN.GHG.CO2.LU.OL.MT.CE.AR5",0,-10.5459
"13145","YR2014","NER","EN.GHG.CO2.LU.MT.CE.AR5",0,-10.7986
"13146","YR2014","NER","EN.GHG.CO2.LU.FL.MT.CE.AR5",0,-1.039
"13147","YR2014","NER","EN.GHG.CO2.LU.DF.MT.CE.AR5",0,0.6387
"13148","YR2014","NER","EN.GHG.CO2.LU.OL.MT.CE.AR5",0,-10.3982
"13149","YR2015","NER","EN.GHG.CO2.LU.MT.CE.AR5",0,-10.4389
"13150","YR2015","NER","EN.GHG.CO2.LU.FL.MT.CE.AR5",0,-0.9335
"13151","YR2015","NER","EN.GHG.CO2.LU.DF.MT.CE.AR5",0,0.7451
"13152","YR2015","NER","EN.GHG.CO2.LU.OL.MT.CE.AR5",0,-10.2505
"13153","YR2016","NER","EN.GHG.CO2.LU.MT.CE.AR5",0,-10.0792
"13154","YR2016","NER","EN.GHG.CO2.LU.FL.MT.CE.AR5",0,-0.828
"13155","YR2016","NER","EN.GHG.CO2.LU.DF.MT.CE.AR5",0,0.8516
"13156","YR2016","NER","EN.GHG.CO2.LU.OL.MT.CE.AR5",0,-10.1029
"13157","YR2017","NER","EN.GHG.CO2.LU.MT.CE.AR5",0,-9.7196
"13158","YR2017","NER","EN.GHG.CO2.LU.FL.MT.CE.AR5",0,-0.7224
"13159","YR2017","NER","EN.GHG.CO2.LU.DF.MT.CE.AR5",0,0.958
"13160","YR2017","NER","EN.GHG.CO2.LU.OL.MT.CE.AR5",0,-9.9552
"13161","YR2018","NER","EN.GHG.CO2.LU.MT.CE.AR5",0,-9.3599
"13162","YR2018","NER","EN.GHG.CO2.LU.FL.MT.CE.AR5",0,-0.6169
"13163","YR2018","NER","EN.GHG.CO2.LU.DF.MT.CE.AR5",0,1.0645
"13164","YR2018","NER","EN.GHG.CO2.LU.OL.MT.CE.AR5",0,-9.8075
"13165","YR2019","NER","EN.GHG.CO2.LU.MT.CE.AR5",0,-9.0002
"13166","YR2019","NER","EN.GHG.CO2.LU.FL.MT.CE.AR5",0,-0.5113
"13167","YR2019","NER","EN.GHG.CO2.LU.DF.MT.CE.AR5",0,1.1709
"13168","YR2019","NER","EN.GHG.CO2.LU.OL.MT.CE.AR5",0,-9.6598
"13169","YR2020","NER","EN.GHG.CO2.LU.MT.CE.AR5",0,-9.0002
"13170","YR2020","NER","EN.GHG.CO2.LU.FL.MT.CE.AR5",0,-0.5113
"13171","YR2020","NER","EN.GHG.CO2.LU.DF.MT.CE.AR5",0,1.1709
"13172","YR2020","NER","EN.GHG.CO2.LU.OL.MT.CE.AR5",0,-9.6598
"13173","YR2021","NER","EN.GHG.CO2.LU.MT.CE.AR5",0,-9.0002
"13174","YR2021","NER","EN.GHG.CO2.LU.FL.MT.CE.AR5",0,-0.5113
"13175","YR2021","NER","EN.GHG.CO2.LU.DF.MT.CE.AR5",0,1.1709
"13176","YR2021","NER","EN.GHG.CO2.LU.OL.MT.CE.AR5",0,-9.6598
"13177","YR2022","NER","EN.GHG.CO2.LU.MT.CE.AR5",0,-9.0002
"13178","YR2022","NER","EN.GHG.CO2.LU.FL.MT.CE.AR5",0,-0.5113
"13179","YR2022","NER","EN.GHG.CO2.LU.DF.MT.CE.AR5",0,1.1709
"13180","YR2022","NER","EN.GHG.CO2.LU.OL.MT.CE.AR5",0,-9.6598
"13181","YR2023","NER","EN.GHG.CO2.LU.MT.CE.AR5",0,-9.0002
"13182","YR2023","NER","EN.GHG.CO2.LU.FL.MT.CE.AR5",0,-0.5113
"13183","YR2023","NER","EN.GHG.CO2.LU.DF.MT.CE.AR5",0,1.1709
"13184","YR2023","NER","EN.GHG.CO2.LU.OL.MT.CE.AR5",0,-9.6598
"13185","YR2000","PAK","EN.GHG.CO2.LU.MT.CE.AR5",0,28.29
"13186","YR2000","PAK","EN.GHG.CO2.LU.FL.MT.CE.AR5",0,24.86
"13187","YR2000","PAK","EN.GHG.CO2.LU.DF.MT.CE.AR5",0,0
"13188","YR2000","PAK","EN.GHG.CO2.LU.OL.MT.CE.AR5",0,3.43
"13189","YR2001","PAK","EN.GHG.CO2.LU.MT.CE.AR5",0,28.29
"13190","YR2001","PAK","EN.GHG.CO2.LU.FL.MT.CE.AR5",0,24.86
"13191","YR2001","PAK","EN.GHG.CO2.LU.DF.MT.CE.AR5",0,0
"13192","YR2001","PAK","EN.GHG.CO2.LU.OL.MT.CE.AR5",0,3.43
"13193","YR2002","PAK","EN.GHG.CO2.LU.MT.CE.AR5",0,28.29
"13194","YR2002","PAK","EN.GHG.CO2.LU.FL.MT.CE.AR5",0,24.86
"13195","YR2002","PAK","EN.GHG.CO2.LU.DF.MT.CE.AR5",0,0
"13196","YR2002","PAK","EN.GHG.CO2.LU.OL.MT.CE.AR5",0,3.43
"13197","YR2003","PAK","EN.GHG.CO2.LU.MT.CE.AR5",0,28.29
"13198","YR2003","PAK","EN.GHG.CO2.LU.FL.MT.CE.AR5",0,24.86
"13199","YR2003","PAK","EN.GHG.CO2.LU.DF.MT.CE.AR5",0,0
"13200","YR2003","PAK","EN.GHG.CO2.LU.OL.MT.CE.AR5",0,3.43
"13201","YR2004","PAK","EN.GHG.CO2.LU.MT.CE.AR5",0,28.29
"13202","YR2004","PAK","EN.GHG.CO2.LU.FL.MT.CE.AR5",0,24.86
"13203","YR2004","PAK","EN.GHG.CO2.LU.DF.MT.CE.AR5",0,0
"13204","YR2004","PAK","EN.GHG.CO2.LU.OL.MT.CE.AR5",0,3.43
"13205","YR2005","PAK","EN.GHG.CO2.LU.MT.CE.AR5",0,28.29
"13206","YR2005","PAK","EN.GHG.CO2.LU.FL.MT.CE.AR5",0,24.86
"13207","YR2005","PAK","EN.GHG.CO2.LU.DF.MT.CE.AR5",0,0
"13208","YR2005","PAK","EN.GHG.CO2.LU.OL.MT.CE.AR5",0,3.43
"13209","YR2006","PAK","EN.GHG.CO2.LU.MT.CE.AR5",0,28.29
"13210","YR2006","PAK","EN.GHG.CO2.LU.FL.MT.CE.AR5",0,24.86
"13211","YR2006","PAK","EN.GHG.CO2.LU.DF.MT.CE.AR5",0,0
"13212","YR2006","PAK","EN.GHG.CO2.LU.OL.MT.CE.AR5",0,3.43
"13213","YR2007","PAK","EN.GHG.CO2.LU.MT.CE.AR5",0,28.29
"13214","YR2007","PAK","EN.GHG.CO2.LU.FL.MT.CE.AR5",0,24.86
"13215","YR2007","PAK","EN.GHG.CO2.LU.DF.MT.CE.AR5",0,0
"13216","YR2007","PAK","EN.GHG.CO2.LU.OL.MT.CE.AR5",0,3.43
"13217","YR2008","PAK","EN.GHG.CO2.LU.MT.CE.AR5",0,28.29
"13218","YR2008","PAK","EN.GHG.CO2.LU.FL.MT.CE.AR5",0,24.86
"13219","YR2008","PAK","EN.GHG.CO2.LU.DF.MT.CE.AR5",0,0
"13220","YR2008","PAK","EN.GHG.CO2.LU.OL.MT.CE.AR5",0,3.43
"13221","YR2009","PAK","EN.GHG.CO2.LU.MT.CE.AR5",0,28.29
"13222","YR2009","PAK","EN.GHG.CO2.LU.FL.MT.CE.AR5",0,24.86
"13223","YR2009","PAK","EN.GHG.CO2.LU.DF.MT.CE.AR5",0,0
"13224","YR2009","PAK","EN.GHG.CO2.LU.OL.MT.CE.AR5",0,3.43
"13225","YR2010","PAK","EN.GHG.CO2.LU.MT.CE.AR5",0,28.29
"13226","YR2010","PAK","EN.GHG.CO2.LU.FL.MT.CE.AR5",0,24.86
"13227","YR2010","PAK","EN.GHG.CO2.LU.DF.MT.CE.AR5",0,0
"13228","YR2010","PAK","EN.GHG.CO2.LU.OL.MT.CE.AR5",0,3.43
"13229","YR2011","PAK","EN.GHG.CO2.LU.MT.CE.AR5",0,28.29
"13230","YR2011","PAK","EN.GHG.CO2.LU.FL.MT.CE.AR5",0,24.86
"13231","YR2011","PAK","EN.GHG.CO2.LU.DF.MT.CE.AR5",0,0
"13232","YR2011","PAK","EN.GHG.CO2.LU.OL.MT.CE.AR5",0,3.43
"13233","YR2012","PAK","EN.GHG.CO2.LU.MT.CE.AR5",0,28.29
"13234","YR2012","PAK","EN.GHG.CO2.LU.FL.MT.CE.AR5",0,24.86
"13235","YR2012","PAK","EN.GHG.CO2.LU.DF.MT.CE.AR5",0,0
"13236","YR2012","PAK","EN.GHG.CO2.LU.OL.MT.CE.AR5",0,3.43
"13237","YR2013","PAK","EN.GHG.CO2.LU.MT.CE.AR5",0,28.29
"13238","YR2013","PAK","EN.GHG.CO2.LU.FL.MT.CE.AR5",0,24.86
"13239","YR2013","PAK","EN.GHG.CO2.LU.DF.MT.CE.AR5",0,0
"13240","YR2013","PAK","EN.GHG.CO2.LU.OL.MT.CE.AR5",0,3.43
"13241","YR2014","PAK","EN.GHG.CO2.LU.MT.CE.AR5",0,28.29
"13242","YR2014","PAK","EN.GHG.CO2.LU.FL.MT.CE.AR5",0,24.86
"13243","YR2014","PAK","EN.GHG.CO2.LU.DF.MT.CE.AR5",0,0
"13244","YR2014","PAK","EN.GHG.CO2.LU.OL.MT.CE.AR5",0,3.43
"13245","YR2015","PAK","EN.GHG.CO2.LU.MT.CE.AR5",0,28.29
"13246","YR2015","PAK","EN.GHG.CO2.LU.FL.MT.CE.AR5",0,24.86
"13247","YR2015","PAK","EN.GHG.CO2.LU.DF.MT.CE.AR5",0,0
"13248","YR2015","PAK","EN.GHG.CO2.LU.OL.MT.CE.AR5",0,3.43
"13249","YR2016","PAK","EN.GHG.CO2.LU.MT.CE.AR5",0,28.29
"13250","YR2016","PAK","EN.GHG.CO2.LU.FL.MT.CE.AR5",0,24.86
"13251","YR2016","PAK","EN.GHG.CO2.LU.DF.MT.CE.AR5",0,0
"13252","YR2016","PAK","EN.GHG.CO2.LU.OL.MT.CE.AR5",0,3.43
"13253","YR2017","PAK","EN.GHG.CO2.LU.MT.CE.AR5",0,28.29
"13254","YR2017","PAK","EN.GHG.CO2.LU.FL.MT.CE.AR5",0,24.86
"13255","YR2017","PAK","EN.GHG.CO2.LU.DF.MT.CE.AR5",0,0
"13256","YR2017","PAK","EN.GHG.CO2.LU.OL.MT.CE.AR5",0,3.43
"13257","YR2018","PAK","EN.GHG.CO2.LU.MT.CE.AR5",0,28.29
"13258","YR2018","PAK","EN.GHG.CO2.LU.FL.MT.CE.AR5",0,24.86
"13259","YR2018","PAK","EN.GHG.CO2.LU.DF.MT.CE.AR5",0,0
"13260","YR2018","PAK","EN.GHG.CO2.LU.OL.MT.CE.AR5",0,3.43
"13261","YR2019","PAK","EN.GHG.CO2.LU.MT.CE.AR5",0,28.29
"13262","YR2019","PAK","EN.GHG.CO2.LU.FL.MT.CE.AR5",0,24.86
"13263","YR2019","PAK","EN.GHG.CO2.LU.DF.MT.CE.AR5",0,0
"13264","YR2019","PAK","EN.GHG.CO2.LU.OL.MT.CE.AR5",0,3.43
"13265","YR2020","PAK","EN.GHG.CO2.LU.MT.CE.AR5",0,28.29
"13266","YR2020","PAK","EN.GHG.CO2.LU.FL.MT.CE.AR5",0,24.86
"13267","YR2020","PAK","EN.GHG.CO2.LU.DF.MT.CE.AR5",0,0
"13268","YR2020","PAK","EN.GHG.CO2.LU.OL.MT.CE.AR5",0,3.43
"13269","YR2021","PAK","EN.GHG.CO2.LU.MT.CE.AR5",0,28.29
"13270","YR2021","PAK","EN.GHG.CO2.LU.FL.MT.CE.AR5",0,24.86
"13271","YR2021","PAK","EN.GHG.CO2.LU.DF.MT.CE.AR5",0,0
"13272","YR2021","PAK","EN.GHG.CO2.LU.OL.MT.CE.AR5",0,3.43
"13273","YR2022","PAK","EN.GHG.CO2.LU.MT.CE.AR5",0,28.29
"13274","YR2022","PAK","EN.GHG.CO2.LU.FL.MT.CE.AR5",0,24.86
"13275","YR2022","PAK","EN.GHG.CO2.LU.DF.MT.CE.AR5",0,0
"13276","YR2022","PAK","EN.GHG.CO2.LU.OL.MT.CE.AR5",0,3.43
"13277","YR2023","PAK","EN.GHG.CO2.LU.MT.CE.AR5",0,28.29
"13278","YR2023","PAK","EN.GHG.CO2.LU.FL.MT.CE.AR5",0,24.86
"13279","YR2023","PAK","EN.GHG.CO2.LU.DF.MT.CE.AR5",0,0
"13280","YR2023","PAK","EN.GHG.CO2.LU.OL.MT.CE.AR5",0,3.43
"13281","YR2000","PLW","EN.GHG.CO2.LU.MT.CE.AR5",0,-0.099
"13282","YR2000","PLW","EN.GHG.CO2.LU.FL.MT.CE.AR5",0,-0.099
"13283","YR2000","PLW","EN.GHG.CO2.LU.DF.MT.CE.AR5",0,0
"13284","YR2001","PLW","EN.GHG.CO2.LU.MT.CE.AR5",0,-0.099
"13285","YR2001","PLW","EN.GHG.CO2.LU.FL.MT.CE.AR5",0,-0.099
"13286","YR2001","PLW","EN.GHG.CO2.LU.DF.MT.CE.AR5",0,0
"13287","YR2002","PLW","EN.GHG.CO2.LU.MT.CE.AR5",0,-0.099
"13288","YR2002","PLW","EN.GHG.CO2.LU.FL.MT.CE.AR5",0,-0.099
"13289","YR2002","PLW","EN.GHG.CO2.LU.DF.MT.CE.AR5",0,0
"13290","YR2003","PLW","EN.GHG.CO2.LU.MT.CE.AR5",0,-0.099
"13291","YR2003","PLW","EN.GHG.CO2.LU.FL.MT.CE.AR5",0,-0.099
"13292","YR2003","PLW","EN.GHG.CO2.LU.DF.MT.CE.AR5",0,0
"13293","YR2004","PLW","EN.GHG.CO2.LU.MT.CE.AR5",0,-0.099
"13294","YR2004","PLW","EN.GHG.CO2.LU.FL.MT.CE.AR5",0,-0.099
"13295","YR2004","PLW","EN.GHG.CO2.LU.DF.MT.CE.AR5",0,0
"13296","YR2005","PLW","EN.GHG.CO2.LU.MT.CE.AR5",0,-0.099
"13297","YR2005","PLW","EN.GHG.CO2.LU.FL.MT.CE.AR5",0,-0.099
"13298","YR2005","PLW","EN.GHG.CO2.LU.DF.MT.CE.AR5",0,0
"13299","YR2006","PLW","EN.GHG.CO2.LU.MT.CE.AR5",0,-0.099
"13300","YR2006","PLW","EN.GHG.CO2.LU.FL.MT.CE.AR5",0,-0.099
"13301","YR2006","PLW","EN.GHG.CO2.LU.DF.MT.CE.AR5",0,0
"13302","YR2007","PLW","EN.GHG.CO2.LU.MT.CE.AR5",0,-0.099
"13303","YR2007","PLW","EN.GHG.CO2.LU.FL.MT.CE.AR5",0,-0.099
"13304","YR2007","PLW","EN.GHG.CO2.LU.DF.MT.CE.AR5",0,0
"13305","YR2008","PLW","EN.GHG.CO2.LU.MT.CE.AR5",0,-0.099
"13306","YR2008","PLW","EN.GHG.CO2.LU.FL.MT.CE.AR5",0,-0.099
"13307","YR2008","PLW","EN.GHG.CO2.LU.DF.MT.CE.AR5",0,0
"13308","YR2009","PLW","EN.GHG.CO2.LU.MT.CE.AR5",0,-0.099
"13309","YR2009","PLW","EN.GHG.CO2.LU.FL.MT.CE.AR5",0,-0.099
"13310","YR2009","PLW","EN.GHG.CO2.LU.DF.MT.CE.AR5",0,0
"13311","YR2010","PLW","EN.GHG.CO2.LU.MT.CE.AR5",0,-0.099
"13312","YR2010","PLW","EN.GHG.CO2.LU.FL.MT.CE.AR5",0,-0.099
"13313","YR2010","PLW","EN.GHG.CO2.LU.DF.MT.CE.AR5",0,0
"13314","YR2011","PLW","EN.GHG.CO2.LU.MT.CE.AR5",0,-0.099
"13315","YR2011","PLW","EN.GHG.CO2.LU.FL.MT.CE.AR5",0,-0.099
"13316","YR2011","PLW","EN.GHG.CO2.LU.DF.MT.CE.AR5",0,0
"13317","YR2012","PLW","EN.GHG.CO2.LU.MT.CE.AR5",0,-0.099
"13318","YR2012","PLW","EN.GHG.CO2.LU.FL.MT.CE.AR5",0,-0.099
"13319","YR2012","PLW","EN.GHG.CO2.LU.DF.MT.CE.AR5",0,0
"13320","YR2013","PLW","EN.GHG.CO2.LU.MT.CE.AR5",0,-0.099
"13321","YR2013","PLW","EN.GHG.CO2.LU.FL.MT.CE.AR5",0,-0.099
"13322","YR2013","PLW","EN.GHG.CO2.LU.DF.MT.CE.AR5",0,0
"13323","YR2014","PLW","EN.GHG.CO2.LU.MT.CE.AR5",0,-0.099
"13324","YR2014","PLW","EN.GHG.CO2.LU.FL.MT.CE.AR5",0,-0.099
"13325","YR2014","PLW","EN.GHG.CO2.LU.DF.MT.CE.AR5",0,0
"13326","YR2015","PLW","EN.GHG.CO2.LU.MT.CE.AR5",0,-0.099
"13327","YR2015","PLW","EN.GHG.CO2.LU.FL.MT.CE.AR5",0,-0.099
"13328","YR2015","PLW","EN.GHG.CO2.LU.DF.MT.CE.AR5",0,0
"13329","YR2016","PLW","EN.GHG.CO2.LU.MT.CE.AR5",0,-0.099
"13330","YR2016","PLW","EN.GHG.CO2.LU.FL.MT.CE.AR5",0,-0.099
"13331","YR2016","PLW","EN.GHG.CO2.LU.DF.MT.CE.AR5",0,0
"13332","YR2017","PLW","EN.GHG.CO2.LU.MT.CE.AR5",0,-0.099
"13333","YR2017","PLW","EN.GHG.CO2.LU.FL.MT.CE.AR5",0,-0.099
"13334","YR2017","PLW","EN.GHG.CO2.LU.DF.MT.CE.AR5",0,0
"13335","YR2018","PLW","EN.GHG.CO2.LU.MT.CE.AR5",0,-0.099
"13336","YR2018","PLW","EN.GHG.CO2.LU.FL.MT.CE.AR5",0,-0.099
"13337","YR2018","PLW","EN.GHG.CO2.LU.DF.MT.CE.AR5",0,0
"13338","YR2019","PLW","EN.GHG.CO2.LU.MT.CE.AR5",0,-0.099
"13339","YR2019","PLW","EN.GHG.CO2.LU.FL.MT.CE.AR5",0,-0.099
"13340","YR2019","PLW","EN.GHG.CO2.LU.DF.MT.CE.AR5",0,0
"13341","YR2020","PLW","EN.GHG.CO2.LU.MT.CE.AR5",0,-0.099
"13342","YR2020","PLW","EN.GHG.CO2.LU.FL.MT.CE.AR5",0,-0.099
"13343","YR2020","PLW","EN.GHG.CO2.LU.DF.MT.CE.AR5",0,0
"13344","YR2021","PLW","EN.GHG.CO2.LU.MT.CE.AR5",0,-0.099
"13345","YR2021","PLW","EN.GHG.CO2.LU.FL.MT.CE.AR5",0,-0.099
"13346","YR2021","PLW","EN.GHG.CO2.LU.DF.MT.CE.AR5",0,0
"13347","YR2022","PLW","EN.GHG.CO2.LU.MT.CE.AR5",0,-0.099
"13348","YR2022","PLW","EN.GHG.CO2.LU.FL.MT.CE.AR5",0,-0.099
"13349","YR2022","PLW","EN.GHG.CO2.LU.DF.MT.CE.AR5",0,0
"13350","YR2023","PLW","EN.GHG.CO2.LU.MT.CE.AR5",0,-0.099
"13351","YR2023","PLW","EN.GHG.CO2.LU.FL.MT.CE.AR5",0,-0.099
"13352","YR2023","PLW","EN.GHG.CO2.LU.DF.MT.CE.AR5",0,0
"13353","YR2000","PNG","EN.GHG.CO2.LU.MT.CE.AR5",0,-20.875
"13354","YR2000","PNG","EN.GHG.CO2.LU.FL.MT.CE.AR5",0,-27.447
"13355","YR2000","PNG","EN.GHG.CO2.LU.DF.MT.CE.AR5",0,4.8824
"13356","YR2000","PNG","EN.GHG.CO2.LU.OS.MT.CE.AR5",0,1.6897
"13357","YR2000","PNG","EN.GHG.CO2.LU.OL.MT.CE.AR5",0,0
"13358","YR2001","PNG","EN.GHG.CO2.LU.MT.CE.AR5",0,-20.1582
"13359","YR2001","PNG","EN.GHG.CO2.LU.FL.MT.CE.AR5",0,-26.5996
"13360","YR2001","PNG","EN.GHG.CO2.LU.DF.MT.CE.AR5",0,4.7811
"13361","YR2001","PNG","EN.GHG.CO2.LU.OS.MT.CE.AR5",0,1.6897
"13362","YR2001","PNG","EN.GHG.CO2.LU.OL.MT.CE.AR5",0,-0.0294
"13363","YR2002","PNG","EN.GHG.CO2.LU.MT.CE.AR5",0,-19.4415
"13364","YR2002","PNG","EN.GHG.CO2.LU.FL.MT.CE.AR5",0,-25.7522
"13365","YR2002","PNG","EN.GHG.CO2.LU.DF.MT.CE.AR5",0,4.6798
"13366","YR2002","PNG","EN.GHG.CO2.LU.OS.MT.CE.AR5",0,1.6897
"13367","YR2002","PNG","EN.GHG.CO2.LU.OL.MT.CE.AR5",0,-0.0587
"13368","YR2003","PNG","EN.GHG.CO2.LU.MT.CE.AR5",0,-18.7247
"13369","YR2003","PNG","EN.GHG.CO2.LU.FL.MT.CE.AR5",0,-24.9048
"13370","YR2003","PNG","EN.GHG.CO2.LU.DF.MT.CE.AR5",0,4.5786
"13371","YR2003","PNG","EN.GHG.CO2.LU.OS.MT.CE.AR5",0,1.6897
"13372","YR2003","PNG","EN.GHG.CO2.LU.OL.MT.CE.AR5",0,-0.0881
"13373","YR2004","PNG","EN.GHG.CO2.LU.MT.CE.AR5",0,-18.008
"13374","YR2004","PNG","EN.GHG.CO2.LU.FL.MT.CE.AR5",0,-24.0574
"13375","YR2004","PNG","EN.GHG.CO2.LU.DF.MT.CE.AR5",0,4.4773
"13376","YR2004","PNG","EN.GHG.CO2.LU.OS.MT.CE.AR5",0,1.6897
"13377","YR2004","PNG","EN.GHG.CO2.LU.OL.MT.CE.AR5",0,-0.1175
"13378","YR2005","PNG","EN.GHG.CO2.LU.MT.CE.AR5",0,-17.2912
"13379","YR2005","PNG","EN.GHG.CO2.LU.FL.MT.CE.AR5",0,-23.2101
"13380","YR2005","PNG","EN.GHG.CO2.LU.DF.MT.CE.AR5",0,4.376
"13381","YR2005","PNG","EN.GHG.CO2.LU.OS.MT.CE.AR5",0,1.6897
"13382","YR2005","PNG","EN.GHG.CO2.LU.OL.MT.CE.AR5",0,-0.1469
"13383","YR2006","PNG","EN.GHG.CO2.LU.MT.CE.AR5",0,-13.7804
"13384","YR2006","PNG","EN.GHG.CO2.LU.FL.MT.CE.AR5",0,-19.9379
"13385","YR2006","PNG","EN.GHG.CO2.LU.DF.MT.CE.AR5",0,4.6089
"13386","YR2006","PNG","EN.GHG.CO2.LU.OS.MT.CE.AR5",0,1.6956
"13387","YR2006","PNG","EN.GHG.CO2.LU.OL.MT.CE.AR5",0,-0.1469
"13388","YR2007","PNG","EN.GHG.CO2.LU.MT.CE.AR5",0,-10.2695
"13389","YR2007","PNG","EN.GHG.CO2.LU.FL.MT.CE.AR5",0,-16.6658
"13390","YR2007","PNG","EN.GHG.CO2.LU.DF.MT.CE.AR5",0,4.8416
"13391","YR2007","PNG","EN.GHG.CO2.LU.OS.MT.CE.AR5",0,1.7015
"13392","YR2007","PNG","EN.GHG.CO2.LU.OL.MT.CE.AR5",0,-0.1469
"13393","YR2008","PNG","EN.GHG.CO2.LU.MT.CE.AR5",0,-6.7587
"13394","YR2008","PNG","EN.GHG.CO2.LU.FL.MT.CE.AR5",0,-13.3937
"13395","YR2008","PNG","EN.GHG.CO2.LU.DF.MT.CE.AR5",0,5.0744
"13396","YR2008","PNG","EN.GHG.CO2.LU.OS.MT.CE.AR5",0,1.7074
"13397","YR2008","PNG","EN.GHG.CO2.LU.OL.MT.CE.AR5",0,-0.1469
"13398","YR2009","PNG","EN.GHG.CO2.LU.MT.CE.AR5",0,-3.2478
"13399","YR2009","PNG","EN.GHG.CO2.LU.FL.MT.CE.AR5",0,-10.1216
"13400","YR2009","PNG","EN.GHG.CO2.LU.DF.MT.CE.AR5",0,5.3072
"13401","YR2009","PNG","EN.GHG.CO2.LU.OS.MT.CE.AR5",0,1.7134
"13402","YR2009","PNG","EN.GHG.CO2.LU.OL.MT.CE.AR5",0,-0.1469
"13403","YR2010","PNG","EN.GHG.CO2.LU.MT.CE.AR5",0,0.2962
"13404","YR2010","PNG","EN.GHG.CO2.LU.FL.MT.CE.AR5",0,-6.8495
"13405","YR2010","PNG","EN.GHG.CO2.LU.DF.MT.CE.AR5",0,5.5738
"13406","YR2010","PNG","EN.GHG.CO2.LU.OS.MT.CE.AR5",0,1.7193
"13407","YR2010","PNG","EN.GHG.CO2.LU.OL.MT.CE.AR5",0,-0.1474
"13408","YR2011","PNG","EN.GHG.CO2.LU.MT.CE.AR5",0,3.1727
"13409","YR2011","PNG","EN.GHG.CO2.LU.FL.MT.CE.AR5",0,-6.9966
"13410","YR2011","PNG","EN.GHG.CO2.LU.DF.MT.CE.AR5",0,8.5478
"13411","YR2011","PNG","EN.GHG.CO2.LU.OS.MT.CE.AR5",0,1.7193
"13412","YR2011","PNG","EN.GHG.CO2.LU.OL.MT.CE.AR5",0,-0.0978
"13413","YR2012","PNG","EN.GHG.CO2.LU.MT.CE.AR5",0,-1.2632
"13414","YR2012","PNG","EN.GHG.CO2.LU.FL.MT.CE.AR5",0,-13.977
"13415","YR2012","PNG","EN.GHG.CO2.LU.DF.MT.CE.AR5",0,11.2402
"13416","YR2012","PNG","EN.GHG.CO2.LU.OS.MT.CE.AR5",0,1.7193
"13417","YR2012","PNG","EN.GHG.CO2.LU.OL.MT.CE.AR5",0,-0.2457
"13418","YR2013","PNG","EN.GHG.CO2.LU.MT.CE.AR5",0,4.9678
"13419","YR2013","PNG","EN.GHG.CO2.LU.FL.MT.CE.AR5",0,-10.5293
"13420","YR2013","PNG","EN.GHG.CO2.LU.DF.MT.CE.AR5",0,14.0973
"13421","YR2013","PNG","EN.GHG.CO2.LU.OS.MT.CE.AR5",0,1.7193
"13422","YR2013","PNG","EN.GHG.CO2.LU.OL.MT.CE.AR5",0,-0.3194
"13423","YR2014","PNG","EN.GHG.CO2.LU.MT.CE.AR5",0,1.5293
"13424","YR2014","PNG","EN.GHG.CO2.LU.FL.MT.CE.AR5",0,-12.264
"13425","YR2014","PNG","EN.GHG.CO2.LU.DF.MT.CE.AR5",0,12.4722
"13426","YR2014","PNG","EN.GHG.CO2.LU.OS.MT.CE.AR5",0,1.7193
"13427","YR2014","PNG","EN.GHG.CO2.LU.OL.MT.CE.AR5",0,-0.3982
"13428","YR2015","PNG","EN.GHG.CO2.LU.MT.CE.AR5",0,2.6597
"13429","YR2015","PNG","EN.GHG.CO2.LU.FL.MT.CE.AR5",0,-12.2467
"13430","YR2015","PNG","EN.GHG.CO2.LU.DF.MT.CE.AR5",0,13.4642
"13431","YR2015","PNG","EN.GHG.CO2.LU.OS.MT.CE.AR5",0,1.7193
"13432","YR2015","PNG","EN.GHG.CO2.LU.OL.MT.CE.AR5",0,-0.2771
"13433","YR2016","PNG","EN.GHG.CO2.LU.MT.CE.AR5",0,-4.0756
"13434","YR2016","PNG","EN.GHG.CO2.LU.FL.MT.CE.AR5",0,-17.6081
"13435","YR2016","PNG","EN.GHG.CO2.LU.DF.MT.CE.AR5",0,11.9681
"13436","YR2016","PNG","EN.GHG.CO2.LU.OS.MT.CE.AR5",0,1.7193
"13437","YR2016","PNG","EN.GHG.CO2.LU.OL.MT.CE.AR5",0,-0.1548
"13438","YR2017","PNG","EN.GHG.CO2.LU.MT.CE.AR5",0,-12.8376
"13439","YR2017","PNG","EN.GHG.CO2.LU.FL.MT.CE.AR5",0,-24.0086
"13440","YR2017","PNG","EN.GHG.CO2.LU.DF.MT.CE.AR5",0,9.5519
"13441","YR2017","PNG","EN.GHG.CO2.LU.OS.MT.CE.AR5",0,1.7193
"13442","YR2017","PNG","EN.GHG.CO2.LU.OL.MT.CE.AR5",0,-0.1001
"13443","YR2018","PNG","EN.GHG.CO2.LU.MT.CE.AR5",0,-12.8376
"13444","YR2018","PNG","EN.GHG.CO2.LU.FL.MT.CE.AR5",0,-24.0086
"13445","YR2018","PNG","EN.GHG.CO2.LU.DF.MT.CE.AR5",0,9.5519
"13446","YR2018","PNG","EN.GHG.CO2.LU.OS.MT.CE.AR5",0,1.7193
"13447","YR2018","PNG","EN.GHG.CO2.LU.OL.MT.CE.AR5",0,-0.1001
"13448","YR2019","PNG","EN.GHG.CO2.LU.MT.CE.AR5",0,-12.8376
"13449","YR2019","PNG","EN.GHG.CO2.LU.FL.MT.CE.AR5",0,-24.0086
"13450","YR2019","PNG","EN.GHG.CO2.LU.DF.MT.CE.AR5",0,9.5519
"13451","YR2019","PNG","EN.GHG.CO2.LU.OS.MT.CE.AR5",0,1.7193
"13452","YR2019","PNG","EN.GHG.CO2.LU.OL.MT.CE.AR5",0,-0.1001
"13453","YR2020","PNG","EN.GHG.CO2.LU.MT.CE.AR5",0,-12.8376
"13454","YR2020","PNG","EN.GHG.CO2.LU.FL.MT.CE.AR5",0,-24.0086
"13455","YR2020","PNG","EN.GHG.CO2.LU.DF.MT.CE.AR5",0,9.5519
"13456","YR2020","PNG","EN.GHG.CO2.LU.OS.MT.CE.AR5",0,1.7193
"13457","YR2020","PNG","EN.GHG.CO2.LU.OL.MT.CE.AR5",0,-0.1001
"13458","YR2021","PNG","EN.GHG.CO2.LU.MT.CE.AR5",0,-12.8376
"13459","YR2021","PNG","EN.GHG.CO2.LU.FL.MT.CE.AR5",0,-24.0086
"13460","YR2021","PNG","EN.GHG.CO2.LU.DF.MT.CE.AR5",0,9.5519
"13461","YR2021","PNG","EN.GHG.CO2.LU.OS.MT.CE.AR5",0,1.7193
"13462","YR2021","PNG","EN.GHG.CO2.LU.OL.MT.CE.AR5",0,-0.1001
"13463","YR2022","PNG","EN.GHG.CO2.LU.MT.CE.AR5",0,-12.8376
"13464","YR2022","PNG","EN.GHG.CO2.LU.FL.MT.CE.AR5",0,-24.0086
"13465","YR2022","PNG","EN.GHG.CO2.LU.DF.MT.CE.AR5",0,9.5519
"13466","YR2022","PNG","EN.GHG.CO2.LU.OS.MT.CE.AR5",0,1.7193
"13467","YR2022","PNG","EN.GHG.CO2.LU.OL.MT.CE.AR5",0,-0.1001
"13468","YR2023","PNG","EN.GHG.CO2.LU.MT.CE.AR5",0,-12.8376
"13469","YR2023","PNG","EN.GHG.CO2.LU.FL.MT.CE.AR5",0,-24.0086
"13470","YR2023","PNG","EN.GHG.CO2.LU.DF.MT.CE.AR5",0,9.5519
"13471","YR2023","PNG","EN.GHG.CO2.LU.OS.MT.CE.AR5",0,1.7193
"13472","YR2023","PNG","EN.GHG.CO2.LU.OL.MT.CE.AR5",0,-0.1001
"13473","YR2000","PER","EN.GHG.CO2.LU.MT.CE.AR5",0,104.18
"13474","YR2000","PER","EN.GHG.CO2.LU.FL.MT.CE.AR5",0,26.387
"13475","YR2000","PER","EN.GHG.CO2.LU.DF.MT.CE.AR5",0,77.8048
"13476","YR2000","PER","EN.GHG.CO2.LU.OL.MT.CE.AR5",0,-0.0118
"13477","YR2001","PER","EN.GHG.CO2.LU.MT.CE.AR5",0,104.18
"13478","YR2001","PER","EN.GHG.CO2.LU.FL.MT.CE.AR5",0,26.387
"13479","YR2001","PER","EN.GHG.CO2.LU.DF.MT.CE.AR5",0,77.8048
"13480","YR2001","PER","EN.GHG.CO2.LU.OL.MT.CE.AR5",0,-0.0118
"13481","YR2002","PER","EN.GHG.CO2.LU.MT.CE.AR5",0,104.18
"13482","YR2002","PER","EN.GHG.CO2.LU.FL.MT.CE.AR5",0,26.387
"13483","YR2002","PER","EN.GHG.CO2.LU.DF.MT.CE.AR5",0,77.8048
"13484","YR2002","PER","EN.GHG.CO2.LU.OL.MT.CE.AR5",0,-0.0118
"13485","YR2003","PER","EN.GHG.CO2.LU.MT.CE.AR5",0,104.18
"13486","YR2003","PER","EN.GHG.CO2.LU.FL.MT.CE.AR5",0,26.387
"13487","YR2003","PER","EN.GHG.CO2.LU.DF.MT.CE.AR5",0,77.8048
"13488","YR2003","PER","EN.GHG.CO2.LU.OL.MT.CE.AR5",0,-0.0118
"13489","YR2004","PER","EN.GHG.CO2.LU.MT.CE.AR5",0,104.18
"13490","YR2004","PER","EN.GHG.CO2.LU.FL.MT.CE.AR5",0,26.387
"13491","YR2004","PER","EN.GHG.CO2.LU.DF.MT.CE.AR5",0,77.8048
"13492","YR2004","PER","EN.GHG.CO2.LU.OL.MT.CE.AR5",0,-0.0118
"13493","YR2005","PER","EN.GHG.CO2.LU.MT.CE.AR5",0,104.18
"13494","YR2005","PER","EN.GHG.CO2.LU.FL.MT.CE.AR5",0,26.387
"13495","YR2005","PER","EN.GHG.CO2.LU.DF.MT.CE.AR5",0,77.8048
"13496","YR2005","PER","EN.GHG.CO2.LU.OL.MT.CE.AR5",0,-0.0118
"13497","YR2006","PER","EN.GHG.CO2.LU.MT.CE.AR5",0,104.18
"13498","YR2006","PER","EN.GHG.CO2.LU.FL.MT.CE.AR5",0,26.387
"13499","YR2006","PER","EN.GHG.CO2.LU.DF.MT.CE.AR5",0,77.8048
"13500","YR2006","PER","EN.GHG.CO2.LU.OL.MT.CE.AR5",0,-0.0118
"13501","YR2007","PER","EN.GHG.CO2.LU.MT.CE.AR5",0,104.18
"13502","YR2007","PER","EN.GHG.CO2.LU.FL.MT.CE.AR5",0,26.387
"13503","YR2007","PER","EN.GHG.CO2.LU.DF.MT.CE.AR5",0,77.8048
"13504","YR2007","PER","EN.GHG.CO2.LU.OL.MT.CE.AR5",0,-0.0118
"13505","YR2008","PER","EN.GHG.CO2.LU.MT.CE.AR5",0,104.18
"13506","YR2008","PER","EN.GHG.CO2.LU.FL.MT.CE.AR5",0,26.387
"13507","YR2008","PER","EN.GHG.CO2.LU.DF.MT.CE.AR5",0,77.8048
"13508","YR2008","PER","EN.GHG.CO2.LU.OL.MT.CE.AR5",0,-0.0118
"13509","YR2009","PER","EN.GHG.CO2.LU.MT.CE.AR5",0,98.365
"13510","YR2009","PER","EN.GHG.CO2.LU.FL.MT.CE.AR5",0,23.128
"13511","YR2009","PER","EN.GHG.CO2.LU.DF.MT.CE.AR5",0,75.2472
"13512","YR2009","PER","EN.GHG.CO2.LU.OL.MT.CE.AR5",0,-0.0102
"13513","YR2010","PER","EN.GHG.CO2.LU.MT.CE.AR5",0,92.4482
"13514","YR2010","PER","EN.GHG.CO2.LU.FL.MT.CE.AR5",0,19.6957
"13515","YR2010","PER","EN.GHG.CO2.LU.DF.MT.CE.AR5",0,72.7643
"13516","YR2010","PER","EN.GHG.CO2.LU.OL.MT.CE.AR5",0,-0.0118
"13517","YR2011","PER","EN.GHG.CO2.LU.MT.CE.AR5",0,93.929
"13518","YR2011","PER","EN.GHG.CO2.LU.FL.MT.CE.AR5",0,16.631
"13519","YR2011","PER","EN.GHG.CO2.LU.DF.MT.CE.AR5",0,77.3084
"13520","YR2011","PER","EN.GHG.CO2.LU.OL.MT.CE.AR5",0,-0.0104
"13521","YR2012","PER","EN.GHG.CO2.LU.MT.CE.AR5",0,95.2172
"13522","YR2012","PER","EN.GHG.CO2.LU.FL.MT.CE.AR5",0,15.1473
"13523","YR2012","PER","EN.GHG.CO2.LU.DF.MT.CE.AR5",0,80.0833
"13524","YR2012","PER","EN.GHG.CO2.LU.OL.MT.CE.AR5",0,-0.0134
"13525","YR2013","PER","EN.GHG.CO2.LU.MT.CE.AR5",0,112.049
"13526","YR2013","PER","EN.GHG.CO2.LU.FL.MT.CE.AR5",0,12.271
"13527","YR2013","PER","EN.GHG.CO2.LU.DF.MT.CE.AR5",0,99.7944
"13528","YR2013","PER","EN.GHG.CO2.LU.OL.MT.CE.AR5",0,-0.0164
"13529","YR2014","PER","EN.GHG.CO2.LU.MT.CE.AR5",0,88.7571
"13530","YR2014","PER","EN.GHG.CO2.LU.FL.MT.CE.AR5",0,12.4597
"13531","YR2014","PER","EN.GHG.CO2.LU.DF.MT.CE.AR5",0,76.3082
"13532","YR2014","PER","EN.GHG.CO2.LU.OL.MT.CE.AR5",0,-0.0109
"13533","YR2015","PER","EN.GHG.CO2.LU.MT.CE.AR5",0,80.708
"13534","YR2015","PER","EN.GHG.CO2.LU.FL.MT.CE.AR5",0,11.899
"13535","YR2015","PER","EN.GHG.CO2.LU.DF.MT.CE.AR5",0,68.8198
"13536","YR2015","PER","EN.GHG.CO2.LU.OL.MT.CE.AR5",0,-0.0108
"13537","YR2016","PER","EN.GHG.CO2.LU.MT.CE.AR5",0,100.3428
"13538","YR2016","PER","EN.GHG.CO2.LU.FL.MT.CE.AR5",0,8.6171
"13539","YR2016","PER","EN.GHG.CO2.LU.DF.MT.CE.AR5",0,91.7398
"13540","YR2016","PER","EN.GHG.CO2.LU.OL.MT.CE.AR5",0,-0.0141
"13541","YR2017","PER","EN.GHG.CO2.LU.MT.CE.AR5",0,76.199
"13542","YR2017","PER","EN.GHG.CO2.LU.FL.MT.CE.AR5",0,9.161
"13543","YR2017","PER","EN.GHG.CO2.LU.DF.MT.CE.AR5",0,67.0486
"13544","YR2017","PER","EN.GHG.CO2.LU.OL.MT.CE.AR5",0,-0.0106
"13545","YR2018","PER","EN.GHG.CO2.LU.MT.CE.AR5",0,75.282
"13546","YR2018","PER","EN.GHG.CO2.LU.FL.MT.CE.AR5",0,8.143
"13547","YR2018","PER","EN.GHG.CO2.LU.DF.MT.CE.AR5",0,67.151
"13548","YR2018","PER","EN.GHG.CO2.LU.OL.MT.CE.AR5",0,-0.012
"13549","YR2019","PER","EN.GHG.CO2.LU.MT.CE.AR5",0,100.794
"13550","YR2019","PER","EN.GHG.CO2.LU.FL.MT.CE.AR5",0,6.2817
"13551","YR2019","PER","EN.GHG.CO2.LU.DF.MT.CE.AR5",0,94.5261
"13552","YR2019","PER","EN.GHG.CO2.LU.OL.MT.CE.AR5",0,-0.0137
"13553","YR2020","PER","EN.GHG.CO2.LU.MT.CE.AR5",0,100.794
"13554","YR2020","PER","EN.GHG.CO2.LU.FL.MT.CE.AR5",0,6.2817
"13555","YR2020","PER","EN.GHG.CO2.LU.DF.MT.CE.AR5",0,94.5261
"13556","YR2020","PER","EN.GHG.CO2.LU.OL.MT.CE.AR5",0,-0.0137
"13557","YR2021","PER","EN.GHG.CO2.LU.MT.CE.AR5",0,100.794
"13558","YR2021","PER","EN.GHG.CO2.LU.FL.MT.CE.AR5",0,6.2817
"13559","YR2021","PER","EN.GHG.CO2.LU.DF.MT.CE.AR5",0,94.5261
"13560","YR2021","PER","EN.GHG.CO2.LU.OL.MT.CE.AR5",0,-0.0137
"13561","YR2022","PER","EN.GHG.CO2.LU.MT.CE.AR5",0,100.794
"13562","YR2022","PER","EN.GHG.CO2.LU.FL.MT.CE.AR5",0,6.2817
"13563","YR2022","PER","EN.GHG.CO2.LU.DF.MT.CE.AR5",0,94.5261
"13564","YR2022","PER","EN.GHG.CO2.LU.OL.MT.CE.AR5",0,-0.0137
"13565","YR2023","PER","EN.GHG.CO2.LU.MT.CE.AR5",0,100.794
"13566","YR2023","PER","EN.GHG.CO2.LU.FL.MT.CE.AR5",0,6.2817
"13567","YR2023","PER","EN.GHG.CO2.LU.DF.MT.CE.AR5",0,94.5261
"13568","YR2023","PER","EN.GHG.CO2.LU.OL.MT.CE.AR5",0,-0.0137
"13569","YR2000","PHL","EN.GHG.CO2.LU.MT.CE.AR5",0,40.355
"13570","YR2000","PHL","EN.GHG.CO2.LU.DF.MT.CE.AR5",0,40.355
"13571","YR2001","PHL","EN.GHG.CO2.LU.MT.CE.AR5",0,46.615
"13572","YR2001","PHL","EN.GHG.CO2.LU.FL.MT.CE.AR5",0,-2.3439
"13573","YR2001","PHL","EN.GHG.CO2.LU.DF.MT.CE.AR5",0,48.9589
"13574","YR2002","PHL","EN.GHG.CO2.LU.MT.CE.AR5",0,38.7654
"13575","YR2002","PHL","EN.GHG.CO2.LU.FL.MT.CE.AR5",0,-3.412
"13576","YR2002","PHL","EN.GHG.CO2.LU.DF.MT.CE.AR5",0,42.1774
"13577","YR2003","PHL","EN.GHG.CO2.LU.MT.CE.AR5",0,33.8589
"13578","YR2003","PHL","EN.GHG.CO2.LU.FL.MT.CE.AR5",0,-3.6283
"13579","YR2003","PHL","EN.GHG.CO2.LU.DF.MT.CE.AR5",0,37.4872
"13580","YR2004","PHL","EN.GHG.CO2.LU.MT.CE.AR5",0,4.6925
"13581","YR2004","PHL","EN.GHG.CO2.LU.FL.MT.CE.AR5",0,-3.8209
"13582","YR2004","PHL","EN.GHG.CO2.LU.DF.MT.CE.AR5",0,8.5134
"13583","YR2005","PHL","EN.GHG.CO2.LU.MT.CE.AR5",0,3.4019
"13584","YR2005","PHL","EN.GHG.CO2.LU.FL.MT.CE.AR5",0,-2.6239
"13585","YR2005","PHL","EN.GHG.CO2.LU.DF.MT.CE.AR5",0,6.0258
"13586","YR2006","PHL","EN.GHG.CO2.LU.MT.CE.AR5",0,1.1191
"13587","YR2006","PHL","EN.GHG.CO2.LU.FL.MT.CE.AR5",0,-2.557
"13588","YR2006","PHL","EN.GHG.CO2.LU.DF.MT.CE.AR5",0,3.6761
"13589","YR2007","PHL","EN.GHG.CO2.LU.MT.CE.AR5",0,0.5642
"13590","YR2007","PHL","EN.GHG.CO2.LU.FL.MT.CE.AR5",0,-2.4628
"13591","YR2007","PHL","EN.GHG.CO2.LU.DF.MT.CE.AR5",0,3.027
"13592","YR2008","PHL","EN.GHG.CO2.LU.MT.CE.AR5",0,0.1319
"13593","YR2008","PHL","EN.GHG.CO2.LU.FL.MT.CE.AR5",0,-2.4463
"13594","YR2008","PHL","EN.GHG.CO2.LU.DF.MT.CE.AR5",0,2.5782
"13595","YR2009","PHL","EN.GHG.CO2.LU.MT.CE.AR5",0,0.0341
"13596","YR2009","PHL","EN.GHG.CO2.LU.FL.MT.CE.AR5",0,-2.4382
"13597","YR2009","PHL","EN.GHG.CO2.LU.DF.MT.CE.AR5",0,2.4723
"13598","YR2010","PHL","EN.GHG.CO2.LU.MT.CE.AR5",0,0.3191
"13599","YR2010","PHL","EN.GHG.CO2.LU.FL.MT.CE.AR5",0,-2.4563
"13600","YR2010","PHL","EN.GHG.CO2.LU.DF.MT.CE.AR5",0,2.7754
"13601","YR2011","PHL","EN.GHG.CO2.LU.MT.CE.AR5",0,5.9214
"13602","YR2011","PHL","EN.GHG.CO2.LU.FL.MT.CE.AR5",0,-2.4967
"13603","YR2011","PHL","EN.GHG.CO2.LU.DF.MT.CE.AR5",0,8.4181
"13604","YR2012","PHL","EN.GHG.CO2.LU.MT.CE.AR5",0,4.4522
"13605","YR2012","PHL","EN.GHG.CO2.LU.FL.MT.CE.AR5",0,-2.7776
"13606","YR2012","PHL","EN.GHG.CO2.LU.DF.MT.CE.AR5",0,7.2298
"13607","YR2013","PHL","EN.GHG.CO2.LU.MT.CE.AR5",0,5.9025
"13608","YR2013","PHL","EN.GHG.CO2.LU.FL.MT.CE.AR5",0,-2.7927
"13609","YR2013","PHL","EN.GHG.CO2.LU.DF.MT.CE.AR5",0,8.6952
"13610","YR2014","PHL","EN.GHG.CO2.LU.MT.CE.AR5",0,9.7823
"13611","YR2014","PHL","EN.GHG.CO2.LU.FL.MT.CE.AR5",0,-2.9436
"13612","YR2014","PHL","EN.GHG.CO2.LU.DF.MT.CE.AR5",0,12.7259
"13613","YR2015","PHL","EN.GHG.CO2.LU.MT.CE.AR5",0,13.44
"13614","YR2015","PHL","EN.GHG.CO2.LU.FL.MT.CE.AR5",0,-3.215
"13615","YR2015","PHL","EN.GHG.CO2.LU.DF.MT.CE.AR5",0,16.655
"13616","YR2016","PHL","EN.GHG.CO2.LU.MT.CE.AR5",0,11.9047
"13617","YR2016","PHL","EN.GHG.CO2.LU.FL.MT.CE.AR5",0,-3.5448
"13618","YR2016","PHL","EN.GHG.CO2.LU.DF.MT.CE.AR5",0,15.4495
"13619","YR2017","PHL","EN.GHG.CO2.LU.MT.CE.AR5",0,22.285
"13620","YR2017","PHL","EN.GHG.CO2.LU.FL.MT.CE.AR5",0,-3.6456
"13621","YR2017","PHL","EN.GHG.CO2.LU.DF.MT.CE.AR5",0,25.9306
"13622","YR2018","PHL","EN.GHG.CO2.LU.MT.CE.AR5",0,47.2389
"13623","YR2018","PHL","EN.GHG.CO2.LU.FL.MT.CE.AR5",0,-4.2875
"13624","YR2018","PHL","EN.GHG.CO2.LU.DF.MT.CE.AR5",0,51.5264
"13625","YR2019","PHL","EN.GHG.CO2.LU.MT.CE.AR5",0,47.2389
"13626","YR2019","PHL","EN.GHG.CO2.LU.FL.MT.CE.AR5",0,-4.2875
"13627","YR2019","PHL","EN.GHG.CO2.LU.DF.MT.CE.AR5",0,51.5264
"13628","YR2020","PHL","EN.GHG.CO2.LU.MT.CE.AR5",0,47.2389
"13629","YR2020","PHL","EN.GHG.CO2.LU.FL.MT.CE.AR5",0,-4.2875
"13630","YR2020","PHL","EN.GHG.CO2.LU.DF.MT.CE.AR5",0,51.5264
"13631","YR2021","PHL","EN.GHG.CO2.LU.MT.CE.AR5",0,47.2389
"13632","YR2021","PHL","EN.GHG.CO2.LU.FL.MT.CE.AR5",0,-4.2875
"13633","YR2021","PHL","EN.GHG.CO2.LU.DF.MT.CE.AR5",0,51.5264
"13634","YR2022","PHL","EN.GHG.CO2.LU.MT.CE.AR5",0,47.2389
"13635","YR2022","PHL","EN.GHG.CO2.LU.FL.MT.CE.AR5",0,-4.2875
"13636","YR2022","PHL","EN.GHG.CO2.LU.DF.MT.CE.AR5",0,51.5264
"13637","YR2023","PHL","EN.GHG.CO2.LU.MT.CE.AR5",0,47.2389
"13638","YR2023","PHL","EN.GHG.CO2.LU.FL.MT.CE.AR5",0,-4.2875
"13639","YR2023","PHL","EN.GHG.CO2.LU.DF.MT.CE.AR5",0,51.5264
"13640","YR2000","KOR","EN.GHG.CO2.LU.MT.CE.AR5",0,-58.7105
"13641","YR2000","KOR","EN.GHG.CO2.LU.FL.MT.CE.AR5",0,-61.3802
"13642","YR2000","KOR","EN.GHG.CO2.LU.DF.MT.CE.AR5",0,0
"13643","YR2000","KOR","EN.GHG.CO2.LU.OL.MT.CE.AR5",0,2.6696
"13644","YR2001","KOR","EN.GHG.CO2.LU.MT.CE.AR5",0,-58.1636
"13645","YR2001","KOR","EN.GHG.CO2.LU.FL.MT.CE.AR5",0,-60.9379
"13646","YR2001","KOR","EN.GHG.CO2.LU.DF.MT.CE.AR5",0,0
"13647","YR2001","KOR","EN.GHG.CO2.LU.OL.MT.CE.AR5",0,2.7744
"13648","YR2002","KOR","EN.GHG.CO2.LU.MT.CE.AR5",0,-55.9283
"13649","YR2002","KOR","EN.GHG.CO2.LU.FL.MT.CE.AR5",0,-58.8441
"13650","YR2002","KOR","EN.GHG.CO2.LU.DF.MT.CE.AR5",0,0
"13651","YR2002","KOR","EN.GHG.CO2.LU.OL.MT.CE.AR5",0,2.9158
"13652","YR2003","KOR","EN.GHG.CO2.LU.MT.CE.AR5",0,-55.3399
"13653","YR2003","KOR","EN.GHG.CO2.LU.FL.MT.CE.AR5",0,-58.3596
"13654","YR2003","KOR","EN.GHG.CO2.LU.DF.MT.CE.AR5",0,0
"13655","YR2003","KOR","EN.GHG.CO2.LU.OL.MT.CE.AR5",0,3.0197
"13656","YR2004","KOR","EN.GHG.CO2.LU.MT.CE.AR5",0,-56.5464
"13657","YR2004","KOR","EN.GHG.CO2.LU.FL.MT.CE.AR5",0,-59.6253
"13658","YR2004","KOR","EN.GHG.CO2.LU.DF.MT.CE.AR5",0,0
"13659","YR2004","KOR","EN.GHG.CO2.LU.OL.MT.CE.AR5",0,3.0789
"13660","YR2005","KOR","EN.GHG.CO2.LU.MT.CE.AR5",0,-54.4362
"13661","YR2005","KOR","EN.GHG.CO2.LU.FL.MT.CE.AR5",0,-57.6783
"13662","YR2005","KOR","EN.GHG.CO2.LU.DF.MT.CE.AR5",0,0
"13663","YR2005","KOR","EN.GHG.CO2.LU.OL.MT.CE.AR5",0,3.2421
"13664","YR2006","KOR","EN.GHG.CO2.LU.MT.CE.AR5",0,-55.5279
"13665","YR2006","KOR","EN.GHG.CO2.LU.FL.MT.CE.AR5",0,-59.1919
"13666","YR2006","KOR","EN.GHG.CO2.LU.DF.MT.CE.AR5",0,0
"13667","YR2006","KOR","EN.GHG.CO2.LU.OL.MT.CE.AR5",0,3.664
"13668","YR2007","KOR","EN.GHG.CO2.LU.MT.CE.AR5",0,-56.2228
"13669","YR2007","KOR","EN.GHG.CO2.LU.FL.MT.CE.AR5",0,-60.2615
"13670","YR2007","KOR","EN.GHG.CO2.LU.DF.MT.CE.AR5",0,0
"13671","YR2007","KOR","EN.GHG.CO2.LU.OL.MT.CE.AR5",0,4.0387
"13672","YR2008","KOR","EN.GHG.CO2.LU.MT.CE.AR5",0,-57.137
"13673","YR2008","KOR","EN.GHG.CO2.LU.FL.MT.CE.AR5",0,-61.4882
"13674","YR2008","KOR","EN.GHG.CO2.LU.DF.MT.CE.AR5",0,0
"13675","YR2008","KOR","EN.GHG.CO2.LU.OL.MT.CE.AR5",0,4.3512
"13676","YR2009","KOR","EN.GHG.CO2.LU.MT.CE.AR5",0,-56.7135
"13677","YR2009","KOR","EN.GHG.CO2.LU.FL.MT.CE.AR5",0,-61.2946
"13678","YR2009","KOR","EN.GHG.CO2.LU.DF.MT.CE.AR5",0,0
"13679","YR2009","KOR","EN.GHG.CO2.LU.OL.MT.CE.AR5",0,4.5811
"13680","YR2010","KOR","EN.GHG.CO2.LU.MT.CE.AR5",0,-54.1697
"13681","YR2010","KOR","EN.GHG.CO2.LU.FL.MT.CE.AR5",0,-58.8434
"13682","YR2010","KOR","EN.GHG.CO2.LU.DF.MT.CE.AR5",0,0
"13683","YR2010","KOR","EN.GHG.CO2.LU.OL.MT.CE.AR5",0,4.6737
"13684","YR2011","KOR","EN.GHG.CO2.LU.MT.CE.AR5",0,-52.9408
"13685","YR2011","KOR","EN.GHG.CO2.LU.FL.MT.CE.AR5",0,-57.7626
"13686","YR2011","KOR","EN.GHG.CO2.LU.DF.MT.CE.AR5",0,0
"13687","YR2011","KOR","EN.GHG.CO2.LU.OL.MT.CE.AR5",0,4.8219
"13688","YR2012","KOR","EN.GHG.CO2.LU.MT.CE.AR5",0,-47.3109
"13689","YR2012","KOR","EN.GHG.CO2.LU.FL.MT.CE.AR5",0,-51.5548
"13690","YR2012","KOR","EN.GHG.CO2.LU.DF.MT.CE.AR5",0,0
"13691","YR2012","KOR","EN.GHG.CO2.LU.OL.MT.CE.AR5",0,4.244
"13692","YR2013","KOR","EN.GHG.CO2.LU.MT.CE.AR5",0,-42.8481
"13693","YR2013","KOR","EN.GHG.CO2.LU.FL.MT.CE.AR5",0,-47.0525
"13694","YR2013","KOR","EN.GHG.CO2.LU.DF.MT.CE.AR5",0,0
"13695","YR2013","KOR","EN.GHG.CO2.LU.OL.MT.CE.AR5",0,4.2045
"13696","YR2014","KOR","EN.GHG.CO2.LU.MT.CE.AR5",0,-43.5957
"13697","YR2014","KOR","EN.GHG.CO2.LU.FL.MT.CE.AR5",0,-47.8608
"13698","YR2014","KOR","EN.GHG.CO2.LU.DF.MT.CE.AR5",0,0
"13699","YR2014","KOR","EN.GHG.CO2.LU.OL.MT.CE.AR5",0,4.2651
"13700","YR2015","KOR","EN.GHG.CO2.LU.MT.CE.AR5",0,-44.6998
"13701","YR2015","KOR","EN.GHG.CO2.LU.FL.MT.CE.AR5",0,-48.5046
"13702","YR2015","KOR","EN.GHG.CO2.LU.DF.MT.CE.AR5",0,0
"13703","YR2015","KOR","EN.GHG.CO2.LU.OL.MT.CE.AR5",0,3.8048
"13704","YR2016","KOR","EN.GHG.CO2.LU.MT.CE.AR5",0,-45.8928
"13705","YR2016","KOR","EN.GHG.CO2.LU.FL.MT.CE.AR5",0,-49.6144
"13706","YR2016","KOR","EN.GHG.CO2.LU.DF.MT.CE.AR5",0,0
"13707","YR2016","KOR","EN.GHG.CO2.LU.OL.MT.CE.AR5",0,3.7216
"13708","YR2017","KOR","EN.GHG.CO2.LU.MT.CE.AR5",0,-41.8055
"13709","YR2017","KOR","EN.GHG.CO2.LU.FL.MT.CE.AR5",0,-45.6461
"13710","YR2017","KOR","EN.GHG.CO2.LU.DF.MT.CE.AR5",0,0
"13711","YR2017","KOR","EN.GHG.CO2.LU.OL.MT.CE.AR5",0,3.8405
"13712","YR2018","KOR","EN.GHG.CO2.LU.MT.CE.AR5",0,-41.6009
"13713","YR2018","KOR","EN.GHG.CO2.LU.FL.MT.CE.AR5",0,-45.5956
"13714","YR2018","KOR","EN.GHG.CO2.LU.DF.MT.CE.AR5",0,0
"13715","YR2018","KOR","EN.GHG.CO2.LU.OL.MT.CE.AR5",0,3.9948
"13716","YR2019","KOR","EN.GHG.CO2.LU.MT.CE.AR5",0,-41.6009
"13717","YR2019","KOR","EN.GHG.CO2.LU.FL.MT.CE.AR5",0,-45.5956
"13718","YR2019","KOR","EN.GHG.CO2.LU.DF.MT.CE.AR5",0,0
"13719","YR2019","KOR","EN.GHG.CO2.LU.OL.MT.CE.AR5",0,3.9948
"13720","YR2020","KOR","EN.GHG.CO2.LU.MT.CE.AR5",0,-41.6009
"13721","YR2020","KOR","EN.GHG.CO2.LU.FL.MT.CE.AR5",0,-45.5956
"13722","YR2020","KOR","EN.GHG.CO2.LU.DF.MT.CE.AR5",0,0
"13723","YR2020","KOR","EN.GHG.CO2.LU.OL.MT.CE.AR5",0,3.9948
"13724","YR2021","KOR","EN.GHG.CO2.LU.MT.CE.AR5",0,-41.6009
"13725","YR2021","KOR","EN.GHG.CO2.LU.FL.MT.CE.AR5",0,-45.5956
"13726","YR2021","KOR","EN.GHG.CO2.LU.DF.MT.CE.AR5",0,0
"13727","YR2021","KOR","EN.GHG.CO2.LU.OL.MT.CE.AR5",0,3.9948
"13728","YR2022","KOR","EN.GHG.CO2.LU.MT.CE.AR5",0,-41.6009
"13729","YR2022","KOR","EN.GHG.CO2.LU.FL.MT.CE.AR5",0,-45.5956
"13730","YR2022","KOR","EN.GHG.CO2.LU.DF.MT.CE.AR5",0,0
"13731","YR2022","KOR","EN.GHG.CO2.LU.OL.MT.CE.AR5",0,3.9948
"13732","YR2023","KOR","EN.GHG.CO2.LU.MT.CE.AR5",0,-41.6009
"13733","YR2023","KOR","EN.GHG.CO2.LU.FL.MT.CE.AR5",0,-45.5956
"13734","YR2023","KOR","EN.GHG.CO2.LU.DF.MT.CE.AR5",0,0
"13735","YR2023","KOR","EN.GHG.CO2.LU.OL.MT.CE.AR5",0,3.9948
"13736","YR2000","RWA","EN.GHG.CO2.LU.MT.CE.AR5",0,-5.974
"13737","YR2000","RWA","EN.GHG.CO2.LU.FL.MT.CE.AR5",0,-5.974
"13738","YR2000","RWA","EN.GHG.CO2.LU.DF.MT.CE.AR5",0,0
"13739","YR2001","RWA","EN.GHG.CO2.LU.MT.CE.AR5",0,-5.974
"13740","YR2001","RWA","EN.GHG.CO2.LU.FL.MT.CE.AR5",0,-5.974
"13741","YR2001","RWA","EN.GHG.CO2.LU.DF.MT.CE.AR5",0,0
"13742","YR2002","RWA","EN.GHG.CO2.LU.MT.CE.AR5",0,-5.974
"13743","YR2002","RWA","EN.GHG.CO2.LU.FL.MT.CE.AR5",0,-5.974
"13744","YR2002","RWA","EN.GHG.CO2.LU.DF.MT.CE.AR5",0,0
"13745","YR2003","RWA","EN.GHG.CO2.LU.MT.CE.AR5",0,-5.974
"13746","YR2003","RWA","EN.GHG.CO2.LU.FL.MT.CE.AR5",0,-5.974
"13747","YR2003","RWA","EN.GHG.CO2.LU.DF.MT.CE.AR5",0,0
"13748","YR2004","RWA","EN.GHG.CO2.LU.MT.CE.AR5",0,-5.974
"13749","YR2004","RWA","EN.GHG.CO2.LU.FL.MT.CE.AR5",0,-5.974
"13750","YR2004","RWA","EN.GHG.CO2.LU.DF.MT.CE.AR5",0,0
"13751","YR2005","RWA","EN.GHG.CO2.LU.MT.CE.AR5",0,-5.974
"13752","YR2005","RWA","EN.GHG.CO2.LU.FL.MT.CE.AR5",0,-5.974
"13753","YR2005","RWA","EN.GHG.CO2.LU.DF.MT.CE.AR5",0,0
"13754","YR2006","RWA","EN.GHG.CO2.LU.MT.CE.AR5",0,-5.416
"13755","YR2006","RWA","EN.GHG.CO2.LU.FL.MT.CE.AR5",0,-5.416
"13756","YR2006","RWA","EN.GHG.CO2.LU.DF.MT.CE.AR5",0,0
"13757","YR2007","RWA","EN.GHG.CO2.LU.MT.CE.AR5",0,-5.5555
"13758","YR2007","RWA","EN.GHG.CO2.LU.FL.MT.CE.AR5",0,-5.5555
"13759","YR2007","RWA","EN.GHG.CO2.LU.DF.MT.CE.AR5",0,0
"13760","YR2008","RWA","EN.GHG.CO2.LU.MT.CE.AR5",0,-5.695
"13761","YR2008","RWA","EN.GHG.CO2.LU.FL.MT.CE.AR5",0,-5.695
"13762","YR2008","RWA","EN.GHG.CO2.LU.DF.MT.CE.AR5",0,0
"13763","YR2009","RWA","EN.GHG.CO2.LU.MT.CE.AR5",0,-5.8345
"13764","YR2009","RWA","EN.GHG.CO2.LU.FL.MT.CE.AR5",0,-5.8345
"13765","YR2009","RWA","EN.GHG.CO2.LU.DF.MT.CE.AR5",0,0
"13766","YR2010","RWA","EN.GHG.CO2.LU.MT.CE.AR5",0,-5.974
"13767","YR2010","RWA","EN.GHG.CO2.LU.FL.MT.CE.AR5",0,-5.974
"13768","YR2010","RWA","EN.GHG.CO2.LU.DF.MT.CE.AR5",0,0
"13769","YR2011","RWA","EN.GHG.CO2.LU.MT.CE.AR5",0,-6.1135
"13770","YR2011","RWA","EN.GHG.CO2.LU.FL.MT.CE.AR5",0,-6.1135
"13771","YR2011","RWA","EN.GHG.CO2.LU.DF.MT.CE.AR5",0,0
"13772","YR2012","RWA","EN.GHG.CO2.LU.MT.CE.AR5",0,-6.253
"13773","YR2012","RWA","EN.GHG.CO2.LU.FL.MT.CE.AR5",0,-6.253
"13774","YR2012","RWA","EN.GHG.CO2.LU.DF.MT.CE.AR5",0,0
"13775","YR2013","RWA","EN.GHG.CO2.LU.MT.CE.AR5",0,-6.3925
"13776","YR2013","RWA","EN.GHG.CO2.LU.FL.MT.CE.AR5",0,-6.3925
"13777","YR2013","RWA","EN.GHG.CO2.LU.DF.MT.CE.AR5",0,0
"13778","YR2014","RWA","EN.GHG.CO2.LU.MT.CE.AR5",0,-6.532
"13779","YR2014","RWA","EN.GHG.CO2.LU.FL.MT.CE.AR5",0,-6.532
"13780","YR2014","RWA","EN.GHG.CO2.LU.DF.MT.CE.AR5",0,0
"13781","YR2015","RWA","EN.GHG.CO2.LU.MT.CE.AR5",0,-6.6715
"13782","YR2015","RWA","EN.GHG.CO2.LU.FL.MT.CE.AR5",0,-6.6715
"13783","YR2015","RWA","EN.GHG.CO2.LU.DF.MT.CE.AR5",0,0
"13784","YR2016","RWA","EN.GHG.CO2.LU.MT.CE.AR5",0,-6.811
"13785","YR2016","RWA","EN.GHG.CO2.LU.FL.MT.CE.AR5",0,-6.811
"13786","YR2016","RWA","EN.GHG.CO2.LU.DF.MT.CE.AR5",0,0
"13787","YR2017","RWA","EN.GHG.CO2.LU.MT.CE.AR5",0,-6.9505
"13788","YR2017","RWA","EN.GHG.CO2.LU.FL.MT.CE.AR5",0,-6.9505
"13789","YR2017","RWA","EN.GHG.CO2.LU.DF.MT.CE.AR5",0,0
"13790","YR2018","RWA","EN.GHG.CO2.LU.MT.CE.AR5",0,-7.09
"13791","YR2018","RWA","EN.GHG.CO2.LU.FL.MT.CE.AR5",0,-7.09
"13792","YR2018","RWA","EN.GHG.CO2.LU.DF.MT.CE.AR5",0,0
"13793","YR2019","RWA","EN.GHG.CO2.LU.MT.CE.AR5",0,-7.09
"13794","YR2019","RWA","EN.GHG.CO2.LU.FL.MT.CE.AR5",0,-7.09
"13795","YR2019","RWA","EN.GHG.CO2.LU.DF.MT.CE.AR5",0,0
"13796","YR2020","RWA","EN.GHG.CO2.LU.MT.CE.AR5",0,-7.09
"13797","YR2020","RWA","EN.GHG.CO2.LU.FL.MT.CE.AR5",0,-7.09
"13798","YR2020","RWA","EN.GHG.CO2.LU.DF.MT.CE.AR5",0,0
"13799","YR2021","RWA","EN.GHG.CO2.LU.MT.CE.AR5",0,-7.09
"13800","YR2021","RWA","EN.GHG.CO2.LU.FL.MT.CE.AR5",0,-7.09
"13801","YR2021","RWA","EN.GHG.CO2.LU.DF.MT.CE.AR5",0,0
"13802","YR2022","RWA","EN.GHG.CO2.LU.MT.CE.AR5",0,-7.09
"13803","YR2022","RWA","EN.GHG.CO2.LU.FL.MT.CE.AR5",0,-7.09
"13804","YR2022","RWA","EN.GHG.CO2.LU.DF.MT.CE.AR5",0,0
"13805","YR2023","RWA","EN.GHG.CO2.LU.MT.CE.AR5",0,-7.09
"13806","YR2023","RWA","EN.GHG.CO2.LU.FL.MT.CE.AR5",0,-7.09
"13807","YR2023","RWA","EN.GHG.CO2.LU.DF.MT.CE.AR5",0,0
"13808","YR2000","KNA","EN.GHG.CO2.LU.MT.CE.AR5",0,-0.137
"13809","YR2000","KNA","EN.GHG.CO2.LU.FL.MT.CE.AR5",0,-0.137
"13810","YR2000","KNA","EN.GHG.CO2.LU.DF.MT.CE.AR5",0,0
"13811","YR2001","KNA","EN.GHG.CO2.LU.MT.CE.AR5",0,-0.137
"13812","YR2001","KNA","EN.GHG.CO2.LU.FL.MT.CE.AR5",0,-0.137
"13813","YR2001","KNA","EN.GHG.CO2.LU.DF.MT.CE.AR5",0,0
"13814","YR2002","KNA","EN.GHG.CO2.LU.MT.CE.AR5",0,-0.137
"13815","YR2002","KNA","EN.GHG.CO2.LU.FL.MT.CE.AR5",0,-0.137
"13816","YR2002","KNA","EN.GHG.CO2.LU.DF.MT.CE.AR5",0,0
"13817","YR2003","KNA","EN.GHG.CO2.LU.MT.CE.AR5",0,-0.137
"13818","YR2003","KNA","EN.GHG.CO2.LU.FL.MT.CE.AR5",0,-0.137
"13819","YR2003","KNA","EN.GHG.CO2.LU.DF.MT.CE.AR5",0,0
"13820","YR2004","KNA","EN.GHG.CO2.LU.MT.CE.AR5",0,-0.137
"13821","YR2004","KNA","EN.GHG.CO2.LU.FL.MT.CE.AR5",0,-0.137
"13822","YR2004","KNA","EN.GHG.CO2.LU.DF.MT.CE.AR5",0,0
"13823","YR2005","KNA","EN.GHG.CO2.LU.MT.CE.AR5",0,-0.137
"13824","YR2005","KNA","EN.GHG.CO2.LU.FL.MT.CE.AR5",0,-0.137
"13825","YR2005","KNA","EN.GHG.CO2.LU.DF.MT.CE.AR5",0,0
"13826","YR2006","KNA","EN.GHG.CO2.LU.MT.CE.AR5",0,-0.137
"13827","YR2006","KNA","EN.GHG.CO2.LU.FL.MT.CE.AR5",0,-0.137
"13828","YR2006","KNA","EN.GHG.CO2.LU.DF.MT.CE.AR5",0,0
"13829","YR2007","KNA","EN.GHG.CO2.LU.MT.CE.AR5",0,-0.137
"13830","YR2007","KNA","EN.GHG.CO2.LU.FL.MT.CE.AR5",0,-0.137
"13831","YR2007","KNA","EN.GHG.CO2.LU.DF.MT.CE.AR5",0,0
"13832","YR2008","KNA","EN.GHG.CO2.LU.MT.CE.AR5",0,-0.137
"13833","YR2008","KNA","EN.GHG.CO2.LU.FL.MT.CE.AR5",0,-0.137
"13834","YR2008","KNA","EN.GHG.CO2.LU.DF.MT.CE.AR5",0,0
"13835","YR2009","KNA","EN.GHG.CO2.LU.MT.CE.AR5",0,-0.137
"13836","YR2009","KNA","EN.GHG.CO2.LU.FL.MT.CE.AR5",0,-0.137
"13837","YR2009","KNA","EN.GHG.CO2.LU.DF.MT.CE.AR5",0,0
"13838","YR2010","KNA","EN.GHG.CO2.LU.MT.CE.AR5",0,-0.137
"13839","YR2010","KNA","EN.GHG.CO2.LU.FL.MT.CE.AR5",0,-0.137
"13840","YR2010","KNA","EN.GHG.CO2.LU.DF.MT.CE.AR5",0,0
"13841","YR2011","KNA","EN.GHG.CO2.LU.MT.CE.AR5",0,-0.137
"13842","YR2011","KNA","EN.GHG.CO2.LU.FL.MT.CE.AR5",0,-0.137
"13843","YR2011","KNA","EN.GHG.CO2.LU.DF.MT.CE.AR5",0,0
"13844","YR2012","KNA","EN.GHG.CO2.LU.MT.CE.AR5",0,-0.137
"13845","YR2012","KNA","EN.GHG.CO2.LU.FL.MT.CE.AR5",0,-0.137
"13846","YR2012","KNA","EN.GHG.CO2.LU.DF.MT.CE.AR5",0,0
"13847","YR2013","KNA","EN.GHG.CO2.LU.MT.CE.AR5",0,-0.137
"13848","YR2013","KNA","EN.GHG.CO2.LU.FL.MT.CE.AR5",0,-0.137
"13849","YR2013","KNA","EN.GHG.CO2.LU.DF.MT.CE.AR5",0,0
"13850","YR2014","KNA","EN.GHG.CO2.LU.MT.CE.AR5",0,-0.137
"13851","YR2014","KNA","EN.GHG.CO2.LU.FL.MT.CE.AR5",0,-0.137
"13852","YR2014","KNA","EN.GHG.CO2.LU.DF.MT.CE.AR5",0,0
"13853","YR2015","KNA","EN.GHG.CO2.LU.MT.CE.AR5",0,-0.137
"13854","YR2015","KNA","EN.GHG.CO2.LU.FL.MT.CE.AR5",0,-0.137
"13855","YR2015","KNA","EN.GHG.CO2.LU.DF.MT.CE.AR5",0,0
"13856","YR2016","KNA","EN.GHG.CO2.LU.MT.CE.AR5",0,-0.137
"13857","YR2016","KNA","EN.GHG.CO2.LU.FL.MT.CE.AR5",0,-0.137
"13858","YR2016","KNA","EN.GHG.CO2.LU.DF.MT.CE.AR5",0,0
"13859","YR2017","KNA","EN.GHG.CO2.LU.MT.CE.AR5",0,-0.137
"13860","YR2017","KNA","EN.GHG.CO2.LU.FL.MT.CE.AR5",0,-0.137
"13861","YR2017","KNA","EN.GHG.CO2.LU.DF.MT.CE.AR5",0,0
"13862","YR2018","KNA","EN.GHG.CO2.LU.MT.CE.AR5",0,-0.137
"13863","YR2018","KNA","EN.GHG.CO2.LU.FL.MT.CE.AR5",0,-0.137
"13864","YR2018","KNA","EN.GHG.CO2.LU.DF.MT.CE.AR5",0,0
"13865","YR2019","KNA","EN.GHG.CO2.LU.MT.CE.AR5",0,-0.137
"13866","YR2019","KNA","EN.GHG.CO2.LU.FL.MT.CE.AR5",0,-0.137
"13867","YR2019","KNA","EN.GHG.CO2.LU.DF.MT.CE.AR5",0,0
"13868","YR2020","KNA","EN.GHG.CO2.LU.MT.CE.AR5",0,-0.137
"13869","YR2020","KNA","EN.GHG.CO2.LU.FL.MT.CE.AR5",0,-0.137
"13870","YR2020","KNA","EN.GHG.CO2.LU.DF.MT.CE.AR5",0,0
"13871","YR2021","KNA","EN.GHG.CO2.LU.MT.CE.AR5",0,-0.137
"13872","YR2021","KNA","EN.GHG.CO2.LU.FL.MT.CE.AR5",0,-0.137
"13873","YR2021","KNA","EN.GHG.CO2.LU.DF.MT.CE.AR5",0,0
"13874","YR2022","KNA","EN.GHG.CO2.LU.MT.CE.AR5",0,-0.137
"13875","YR2022","KNA","EN.GHG.CO2.LU.FL.MT.CE.AR5",0,-0.137
"13876","YR2022","KNA","EN.GHG.CO2.LU.DF.MT.CE.AR5",0,0
"13877","YR2023","KNA","EN.GHG.CO2.LU.MT.CE.AR5",0,-0.137
"13878","YR2023","KNA","EN.GHG.CO2.LU.FL.MT.CE.AR5",0,-0.137
"13879","YR2023","KNA","EN.GHG.CO2.LU.DF.MT.CE.AR5",0,0
"13880","YR2000","LCA","EN.GHG.CO2.LU.MT.CE.AR5",0,-0.1218
"13881","YR2000","LCA","EN.GHG.CO2.LU.FL.MT.CE.AR5",0,-0.122
"13882","YR2000","LCA","EN.GHG.CO2.LU.DF.MT.CE.AR5",0,0.0002
"13883","YR2000","LCA","EN.GHG.CO2.LU.OL.MT.CE.AR5",0,0
"13884","YR2001","LCA","EN.GHG.CO2.LU.MT.CE.AR5",0,-0.1385
"13885","YR2001","LCA","EN.GHG.CO2.LU.FL.MT.CE.AR5",0,-0.1356
"13886","YR2001","LCA","EN.GHG.CO2.LU.DF.MT.CE.AR5",0,0.0003
"13887","YR2001","LCA","EN.GHG.CO2.LU.OL.MT.CE.AR5",0,-0.0032
"13888","YR2002","LCA","EN.GHG.CO2.LU.MT.CE.AR5",0,-0.1468
"13889","YR2002","LCA","EN.GHG.CO2.LU.FL.MT.CE.AR5",0,-0.1417
"13890","YR2002","LCA","EN.GHG.CO2.LU.DF.MT.CE.AR5",0,0.0003
"13891","YR2002","LCA","EN.GHG.CO2.LU.OL.MT.CE.AR5",0,-0.0054
"13892","YR2003","LCA","EN.GHG.CO2.LU.MT.CE.AR5",0,-0.1516
"13893","YR2003","LCA","EN.GHG.CO2.LU.FL.MT.CE.AR5",0,-0.1449
"13894","YR2003","LCA","EN.GHG.CO2.LU.DF.MT.CE.AR5",0,0.0003
"13895","YR2003","LCA","EN.GHG.CO2.LU.OL.MT.CE.AR5",0,-0.007
"13896","YR2004","LCA","EN.GHG.CO2.LU.MT.CE.AR5",0,-0.156
"13897","YR2004","LCA","EN.GHG.CO2.LU.FL.MT.CE.AR5",0,-0.148
"13898","YR2004","LCA","EN.GHG.CO2.LU.DF.MT.CE.AR5",0,0.0003
"13899","YR2004","LCA","EN.GHG.CO2.LU.OL.MT.CE.AR5",0,-0.0083
"13900","YR2005","LCA","EN.GHG.CO2.LU.MT.CE.AR5",0,-0.2056
"13901","YR2005","LCA","EN.GHG.CO2.LU.FL.MT.CE.AR5",0,-0.1899
"13902","YR2005","LCA","EN.GHG.CO2.LU.DF.MT.CE.AR5",0,0.0004
"13903","YR2005","LCA","EN.GHG.CO2.LU.OL.MT.CE.AR5",0,-0.016
"13904","YR2006","LCA","EN.GHG.CO2.LU.MT.CE.AR5",0,-0.1798
"13905","YR2006","LCA","EN.GHG.CO2.LU.FL.MT.CE.AR5",0,-0.1661
"13906","YR2006","LCA","EN.GHG.CO2.LU.DF.MT.CE.AR5",0,0.0003
"13907","YR2006","LCA","EN.GHG.CO2.LU.OL.MT.CE.AR5",0,-0.014
"13908","YR2007","LCA","EN.GHG.CO2.LU.MT.CE.AR5",0,-0.1709
"13909","YR2007","LCA","EN.GHG.CO2.LU.FL.MT.CE.AR5",0,-0.1579
"13910","YR2007","LCA","EN.GHG.CO2.LU.DF.MT.CE.AR5",0,0.0003
"13911","YR2007","LCA","EN.GHG.CO2.LU.OL.MT.CE.AR5",0,-0.0133
"13912","YR2008","LCA","EN.GHG.CO2.LU.MT.CE.AR5",0,-0.1734
"13913","YR2008","LCA","EN.GHG.CO2.LU.FL.MT.CE.AR5",0,-0.1602
"13914","YR2008","LCA","EN.GHG.CO2.LU.DF.MT.CE.AR5",0,0.0003
"13915","YR2008","LCA","EN.GHG.CO2.LU.OL.MT.CE.AR5",0,-0.0135
"13916","YR2009","LCA","EN.GHG.CO2.LU.MT.CE.AR5",0,-0.1885
"13917","YR2009","LCA","EN.GHG.CO2.LU.FL.MT.CE.AR5",0,-0.1741
"13918","YR2009","LCA","EN.GHG.CO2.LU.DF.MT.CE.AR5",0,0.0003
"13919","YR2009","LCA","EN.GHG.CO2.LU.OL.MT.CE.AR5",0,-0.0147
"13920","YR2010","LCA","EN.GHG.CO2.LU.MT.CE.AR5",0,-0.0767
"13921","YR2010","LCA","EN.GHG.CO2.LU.FL.MT.CE.AR5",0,-0.0709
"13922","YR2010","LCA","EN.GHG.CO2.LU.DF.MT.CE.AR5",0,0.0001
"13923","YR2010","LCA","EN.GHG.CO2.LU.OL.MT.CE.AR5",0,-0.006
"13924","YR2011","LCA","EN.GHG.CO2.LU.MT.CE.AR5",0,-0.1353
"13925","YR2011","LCA","EN.GHG.CO2.LU.FL.MT.CE.AR5",0,-0.125
"13926","YR2011","LCA","EN.GHG.CO2.LU.DF.MT.CE.AR5",0,0.0002
"13927","YR2011","LCA","EN.GHG.CO2.LU.OL.MT.CE.AR5",0,-0.0106
"13928","YR2012","LCA","EN.GHG.CO2.LU.MT.CE.AR5",0,-0.1835
"13929","YR2012","LCA","EN.GHG.CO2.LU.FL.MT.CE.AR5",0,-0.1695
"13930","YR2012","LCA","EN.GHG.CO2.LU.DF.MT.CE.AR5",0,0.0003
"13931","YR2012","LCA","EN.GHG.CO2.LU.OL.MT.CE.AR5",0,-0.0143
"13932","YR2013","LCA","EN.GHG.CO2.LU.MT.CE.AR5",0,-0.2487
"13933","YR2013","LCA","EN.GHG.CO2.LU.FL.MT.CE.AR5",0,-0.2298
"13934","YR2013","LCA","EN.GHG.CO2.LU.DF.MT.CE.AR5",0,0.0004
"13935","YR2013","LCA","EN.GHG.CO2.LU.OL.MT.CE.AR5",0,-0.0194
"13936","YR2014","LCA","EN.GHG.CO2.LU.MT.CE.AR5",0,-0.311
"13937","YR2014","LCA","EN.GHG.CO2.LU.FL.MT.CE.AR5",0,-0.2873
"13938","YR2014","LCA","EN.GHG.CO2.LU.DF.MT.CE.AR5",0,0.0006
"13939","YR2014","LCA","EN.GHG.CO2.LU.OL.MT.CE.AR5",0,-0.0243
"13940","YR2015","LCA","EN.GHG.CO2.LU.MT.CE.AR5",0,-0.2695
"13941","YR2015","LCA","EN.GHG.CO2.LU.FL.MT.CE.AR5",0,-0.249
"13942","YR2015","LCA","EN.GHG.CO2.LU.DF.MT.CE.AR5",0,0.0005
"13943","YR2015","LCA","EN.GHG.CO2.LU.OL.MT.CE.AR5",0,-0.021
"13944","YR2016","LCA","EN.GHG.CO2.LU.MT.CE.AR5",0,-0.3963
"13945","YR2016","LCA","EN.GHG.CO2.LU.FL.MT.CE.AR5",0,-0.3661
"13946","YR2016","LCA","EN.GHG.CO2.LU.DF.MT.CE.AR5",0,0.0007
"13947","YR2016","LCA","EN.GHG.CO2.LU.OL.MT.CE.AR5",0,-0.0309
"13948","YR2017","LCA","EN.GHG.CO2.LU.MT.CE.AR5",0,-0.5188
"13949","YR2017","LCA","EN.GHG.CO2.LU.FL.MT.CE.AR5",0,-0.4792
"13950","YR2017","LCA","EN.GHG.CO2.LU.DF.MT.CE.AR5",0,0.0009
"13951","YR2017","LCA","EN.GHG.CO2.LU.OL.MT.CE.AR5",0,-0.0405
"13952","YR2018","LCA","EN.GHG.CO2.LU.MT.CE.AR5",0,-0.2266
"13953","YR2018","LCA","EN.GHG.CO2.LU.FL.MT.CE.AR5",0,-0.2234
"13954","YR2018","LCA","EN.GHG.CO2.LU.DF.MT.CE.AR5",0,0.0004
"13955","YR2018","LCA","EN.GHG.CO2.LU.OL.MT.CE.AR5",0,-0.0037
"13956","YR2019","LCA","EN.GHG.CO2.LU.MT.CE.AR5",0,-0.2266
"13957","YR2019","LCA","EN.GHG.CO2.LU.FL.MT.CE.AR5",0,-0.2234
"13958","YR2019","LCA","EN.GHG.CO2.LU.DF.MT.CE.AR5",0,0.0004
"13959","YR2019","LCA","EN.GHG.CO2.LU.OL.MT.CE.AR5",0,-0.0037
"13960","YR2020","LCA","EN.GHG.CO2.LU.MT.CE.AR5",0,-0.2266
"13961","YR2020","LCA","EN.GHG.CO2.LU.FL.MT.CE.AR5",0,-0.2234
"13962","YR2020","LCA","EN.GHG.CO2.LU.DF.MT.CE.AR5",0,0.0004
"13963","YR2020","LCA","EN.GHG.CO2.LU.OL.MT.CE.AR5",0,-0.0037
"13964","YR2021","LCA","EN.GHG.CO2.LU.MT.CE.AR5",0,-0.2266
"13965","YR2021","LCA","EN.GHG.CO2.LU.FL.MT.CE.AR5",0,-0.2234
"13966","YR2021","LCA","EN.GHG.CO2.LU.DF.MT.CE.AR5",0,0.0004
"13967","YR2021","LCA","EN.GHG.CO2.LU.OL.MT.CE.AR5",0,-0.0037
"13968","YR2022","LCA","EN.GHG.CO2.LU.MT.CE.AR5",0,-0.2266
"13969","YR2022","LCA","EN.GHG.CO2.LU.FL.MT.CE.AR5",0,-0.2234
"13970","YR2022","LCA","EN.GHG.CO2.LU.DF.MT.CE.AR5",0,0.0004
"13971","YR2022","LCA","EN.GHG.CO2.LU.OL.MT.CE.AR5",0,-0.0037
"13972","YR2023","LCA","EN.GHG.CO2.LU.MT.CE.AR5",0,-0.2266
"13973","YR2023","LCA","EN.GHG.CO2.LU.FL.MT.CE.AR5",0,-0.2234
"13974","YR2023","LCA","EN.GHG.CO2.LU.DF.MT.CE.AR5",0,0.0004
"13975","YR2023","LCA","EN.GHG.CO2.LU.OL.MT.CE.AR5",0,-0.0037
"13976","YR2000","VCT","EN.GHG.CO2.LU.MT.CE.AR5",0,-0.0494
"13977","YR2000","VCT","EN.GHG.CO2.LU.FL.MT.CE.AR5",0,-0.0494
"13978","YR2000","VCT","EN.GHG.CO2.LU.DF.MT.CE.AR5",0,0
"13979","YR2001","VCT","EN.GHG.CO2.LU.MT.CE.AR5",0,-0.051
"13980","YR2001","VCT","EN.GHG.CO2.LU.FL.MT.CE.AR5",0,-0.051
"13981","YR2001","VCT","EN.GHG.CO2.LU.DF.MT.CE.AR5",0,0
"13982","YR2002","VCT","EN.GHG.CO2.LU.MT.CE.AR5",0,-0.0525
"13983","YR2002","VCT","EN.GHG.CO2.LU.FL.MT.CE.AR5",0,-0.0525
"13984","YR2002","VCT","EN.GHG.CO2.LU.DF.MT.CE.AR5",0,0
"13985","YR2003","VCT","EN.GHG.CO2.LU.MT.CE.AR5",0,-0.054
"13986","YR2003","VCT","EN.GHG.CO2.LU.FL.MT.CE.AR5",0,-0.054
"13987","YR2003","VCT","EN.GHG.CO2.LU.DF.MT.CE.AR5",0,0
"13988","YR2004","VCT","EN.GHG.CO2.LU.MT.CE.AR5",0,-0.0556
"13989","YR2004","VCT","EN.GHG.CO2.LU.FL.MT.CE.AR5",0,-0.0556
"13990","YR2004","VCT","EN.GHG.CO2.LU.DF.MT.CE.AR5",0,0
"13991","YR2005","VCT","EN.GHG.CO2.LU.MT.CE.AR5",0,-0.0556
"13992","YR2005","VCT","EN.GHG.CO2.LU.FL.MT.CE.AR5",0,-0.0556
"13993","YR2005","VCT","EN.GHG.CO2.LU.DF.MT.CE.AR5",0,0
"13994","YR2006","VCT","EN.GHG.CO2.LU.MT.CE.AR5",0,-0.0556
"13995","YR2006","VCT","EN.GHG.CO2.LU.FL.MT.CE.AR5",0,-0.0556
"13996","YR2006","VCT","EN.GHG.CO2.LU.DF.MT.CE.AR5",0,0
"13997","YR2007","VCT","EN.GHG.CO2.LU.MT.CE.AR5",0,-0.0556
"13998","YR2007","VCT","EN.GHG.CO2.LU.FL.MT.CE.AR5",0,-0.0556
"13999","YR2007","VCT","EN.GHG.CO2.LU.DF.MT.CE.AR5",0,0
"14000","YR2008","VCT","EN.GHG.CO2.LU.MT.CE.AR5",0,-0.0556
"14001","YR2008","VCT","EN.GHG.CO2.LU.FL.MT.CE.AR5",0,-0.0556
"14002","YR2008","VCT","EN.GHG.CO2.LU.DF.MT.CE.AR5",0,0
"14003","YR2009","VCT","EN.GHG.CO2.LU.MT.CE.AR5",0,-0.0556
"14004","YR2009","VCT","EN.GHG.CO2.LU.FL.MT.CE.AR5",0,-0.0556
"14005","YR2009","VCT","EN.GHG.CO2.LU.DF.MT.CE.AR5",0,0
"14006","YR2010","VCT","EN.GHG.CO2.LU.MT.CE.AR5",0,-0.0556
"14007","YR2010","VCT","EN.GHG.CO2.LU.FL.MT.CE.AR5",0,-0.0556
"14008","YR2010","VCT","EN.GHG.CO2.LU.DF.MT.CE.AR5",0,0
"14009","YR2011","VCT","EN.GHG.CO2.LU.MT.CE.AR5",0,-0.0556
"14010","YR2011","VCT","EN.GHG.CO2.LU.FL.MT.CE.AR5",0,-0.0556
"14011","YR2011","VCT","EN.GHG.CO2.LU.DF.MT.CE.AR5",0,0
"14012","YR2012","VCT","EN.GHG.CO2.LU.MT.CE.AR5",0,-0.0556
"14013","YR2012","VCT","EN.GHG.CO2.LU.FL.MT.CE.AR5",0,-0.0556
"14014","YR2012","VCT","EN.GHG.CO2.LU.DF.MT.CE.AR5",0,0
"14015","YR2013","VCT","EN.GHG.CO2.LU.MT.CE.AR5",0,-0.0556
"14016","YR2013","VCT","EN.GHG.CO2.LU.FL.MT.CE.AR5",0,-0.0556
"14017","YR2013","VCT","EN.GHG.CO2.LU.DF.MT.CE.AR5",0,0
"14018","YR2014","VCT","EN.GHG.CO2.LU.MT.CE.AR5",0,-0.0556
"14019","YR2014","VCT","EN.GHG.CO2.LU.FL.MT.CE.AR5",0,-0.0556
"14020","YR2014","VCT","EN.GHG.CO2.LU.DF.MT.CE.AR5",0,0
"14021","YR2015","VCT","EN.GHG.CO2.LU.MT.CE.AR5",0,-0.0556
"14022","YR2015","VCT","EN.GHG.CO2.LU.FL.MT.CE.AR5",0,-0.0556
"14023","YR2015","VCT","EN.GHG.CO2.LU.DF.MT.CE.AR5",0,0
"14024","YR2016","VCT","EN.GHG.CO2.LU.MT.CE.AR5",0,-0.0556
"14025","YR2016","VCT","EN.GHG.CO2.LU.FL.MT.CE.AR5",0,-0.0556
"14026","YR2016","VCT","EN.GHG.CO2.LU.DF.MT.CE.AR5",0,0
"14027","YR2017","VCT","EN.GHG.CO2.LU.MT.CE.AR5",0,-0.0556
"14028","YR2017","VCT","EN.GHG.CO2.LU.FL.MT.CE.AR5",0,-0.0556
"14029","YR2017","VCT","EN.GHG.CO2.LU.DF.MT.CE.AR5",0,0
"14030","YR2018","VCT","EN.GHG.CO2.LU.MT.CE.AR5",0,-0.0556
"14031","YR2018","VCT","EN.GHG.CO2.LU.FL.MT.CE.AR5",0,-0.0556
"14032","YR2018","VCT","EN.GHG.CO2.LU.DF.MT.CE.AR5",0,0
"14033","YR2019","VCT","EN.GHG.CO2.LU.MT.CE.AR5",0,-0.0556
"14034","YR2019","VCT","EN.GHG.CO2.LU.FL.MT.CE.AR5",0,-0.0556
"14035","YR2019","VCT","EN.GHG.CO2.LU.DF.MT.CE.AR5",0,0
"14036","YR2020","VCT","EN.GHG.CO2.LU.MT.CE.AR5",0,-0.0556
"14037","YR2020","VCT","EN.GHG.CO2.LU.FL.MT.CE.AR5",0,-0.0556
"14038","YR2020","VCT","EN.GHG.CO2.LU.DF.MT.CE.AR5",0,0
"14039","YR2021","VCT","EN.GHG.CO2.LU.MT.CE.AR5",0,-0.0556
"14040","YR2021","VCT","EN.GHG.CO2.LU.FL.MT.CE.AR5",0,-0.0556
"14041","YR2021","VCT","EN.GHG.CO2.LU.DF.MT.CE.AR5",0,0
"14042","YR2022","VCT","EN.GHG.CO2.LU.MT.CE.AR5",0,-0.0556
"14043","YR2022","VCT","EN.GHG.CO2.LU.FL.MT.CE.AR5",0,-0.0556
"14044","YR2022","VCT","EN.GHG.CO2.LU.DF.MT.CE.AR5",0,0
"14045","YR2023","VCT","EN.GHG.CO2.LU.MT.CE.AR5",0,-0.0556
"14046","YR2023","VCT","EN.GHG.CO2.LU.FL.MT.CE.AR5",0,-0.0556
"14047","YR2023","VCT","EN.GHG.CO2.LU.DF.MT.CE.AR5",0,0
"14048","YR2000","WSM","EN.GHG.CO2.LU.MT.CE.AR5",0,-1.0939
"14049","YR2000","WSM","EN.GHG.CO2.LU.FL.MT.CE.AR5",0,-1.0939
"14050","YR2001","WSM","EN.GHG.CO2.LU.MT.CE.AR5",0,-1.0377
"14051","YR2001","WSM","EN.GHG.CO2.LU.FL.MT.CE.AR5",0,-1.0377
"14052","YR2002","WSM","EN.GHG.CO2.LU.MT.CE.AR5",0,-0.9816
"14053","YR2002","WSM","EN.GHG.CO2.LU.FL.MT.CE.AR5",0,-0.9816
"14054","YR2003","WSM","EN.GHG.CO2.LU.MT.CE.AR5",0,-0.9254
"14055","YR2003","WSM","EN.GHG.CO2.LU.FL.MT.CE.AR5",0,-0.9254
"14056","YR2004","WSM","EN.GHG.CO2.LU.MT.CE.AR5",0,-0.8693
"14057","YR2004","WSM","EN.GHG.CO2.LU.FL.MT.CE.AR5",0,-0.8693
"14058","YR2005","WSM","EN.GHG.CO2.LU.MT.CE.AR5",0,-0.8131
"14059","YR2005","WSM","EN.GHG.CO2.LU.FL.MT.CE.AR5",0,-0.8131
"14060","YR2006","WSM","EN.GHG.CO2.LU.MT.CE.AR5",0,-0.757
"14061","YR2006","WSM","EN.GHG.CO2.LU.FL.MT.CE.AR5",0,-0.757
"14062","YR2007","WSM","EN.GHG.CO2.LU.MT.CE.AR5",0,-0.757
"14063","YR2007","WSM","EN.GHG.CO2.LU.FL.MT.CE.AR5",0,-0.757
"14064","YR2008","WSM","EN.GHG.CO2.LU.MT.CE.AR5",0,-0.757
"14065","YR2008","WSM","EN.GHG.CO2.LU.FL.MT.CE.AR5",0,-0.757
"14066","YR2009","WSM","EN.GHG.CO2.LU.MT.CE.AR5",0,-0.757
"14067","YR2009","WSM","EN.GHG.CO2.LU.FL.MT.CE.AR5",0,-0.757
"14068","YR2010","WSM","EN.GHG.CO2.LU.MT.CE.AR5",0,-0.757
"14069","YR2010","WSM","EN.GHG.CO2.LU.FL.MT.CE.AR5",0,-0.757
"14070","YR2011","WSM","EN.GHG.CO2.LU.MT.CE.AR5",0,-0.757
"14071","YR2011","WSM","EN.GHG.CO2.LU.FL.MT.CE.AR5",0,-0.757
"14072","YR2012","WSM","EN.GHG.CO2.LU.MT.CE.AR5",0,-0.757
"14073","YR2012","WSM","EN.GHG.CO2.LU.FL.MT.CE.AR5",0,-0.757
"14074","YR2013","WSM","EN.GHG.CO2.LU.MT.CE.AR5",0,-0.757
"14075","YR2013","WSM","EN.GHG.CO2.LU.FL.MT.CE.AR5",0,-0.757
"14076","YR2014","WSM","EN.GHG.CO2.LU.MT.CE.AR5",0,-0.757
"14077","YR2014","WSM","EN.GHG.CO2.LU.FL.MT.CE.AR5",0,-0.757
"14078","YR2015","WSM","EN.GHG.CO2.LU.MT.CE.AR5",0,-0.757
"14079","YR2015","WSM","EN.GHG.CO2.LU.FL.MT.CE.AR5",0,-0.757
"14080","YR2016","WSM","EN.GHG.CO2.LU.MT.CE.AR5",0,-0.757
"14081","YR2016","WSM","EN.GHG.CO2.LU.FL.MT.CE.AR5",0,-0.757
"14082","YR2017","WSM","EN.GHG.CO2.LU.MT.CE.AR5",0,-0.757
"14083","YR2017","WSM","EN.GHG.CO2.LU.FL.MT.CE.AR5",0,-0.757
"14084","YR2018","WSM","EN.GHG.CO2.LU.MT.CE.AR5",0,-0.757
"14085","YR2018","WSM","EN.GHG.CO2.LU.FL.MT.CE.AR5",0,-0.757
"14086","YR2019","WSM","EN.GHG.CO2.LU.MT.CE.AR5",0,-0.757
"14087","YR2019","WSM","EN.GHG.CO2.LU.FL.MT.CE.AR5",0,-0.757
"14088","YR2020","WSM","EN.GHG.CO2.LU.MT.CE.AR5",0,-1.0096
"14089","YR2020","WSM","EN.GHG.CO2.LU.FL.MT.CE.AR5",0,-1.0096
"14090","YR2021","WSM","EN.GHG.CO2.LU.MT.CE.AR5",0,-0.7682
"14091","YR2021","WSM","EN.GHG.CO2.LU.FL.MT.CE.AR5",0,-0.7682
"14092","YR2022","WSM","EN.GHG.CO2.LU.MT.CE.AR5",0,-0.7682
"14093","YR2022","WSM","EN.GHG.CO2.LU.FL.MT.CE.AR5",0,-0.7682
"14094","YR2023","WSM","EN.GHG.CO2.LU.MT.CE.AR5",0,-0.7682
"14095","YR2023","WSM","EN.GHG.CO2.LU.FL.MT.CE.AR5",0,-0.7682
"14096","YR2000","SMR","EN.GHG.CO2.LU.MT.CE.AR5",0,-0.004
"14097","YR2000","SMR","EN.GHG.CO2.LU.FL.MT.CE.AR5",0,-0.004
"14098","YR2000","SMR","EN.GHG.CO2.LU.DF.MT.CE.AR5",0,0
"14099","YR2001","SMR","EN.GHG.CO2.LU.MT.CE.AR5",0,-0.004
"14100","YR2001","SMR","EN.GHG.CO2.LU.FL.MT.CE.AR5",0,-0.004
"14101","YR2001","SMR","EN.GHG.CO2.LU.DF.MT.CE.AR5",0,0
"14102","YR2002","SMR","EN.GHG.CO2.LU.MT.CE.AR5",0,-0.004
"14103","YR2002","SMR","EN.GHG.CO2.LU.FL.MT.CE.AR5",0,-0.004
"14104","YR2002","SMR","EN.GHG.CO2.LU.DF.MT.CE.AR5",0,0
"14105","YR2003","SMR","EN.GHG.CO2.LU.MT.CE.AR5",0,-0.004
"14106","YR2003","SMR","EN.GHG.CO2.LU.FL.MT.CE.AR5",0,-0.004
"14107","YR2003","SMR","EN.GHG.CO2.LU.DF.MT.CE.AR5",0,0
"14108","YR2004","SMR","EN.GHG.CO2.LU.MT.CE.AR5",0,-0.004
"14109","YR2004","SMR","EN.GHG.CO2.LU.FL.MT.CE.AR5",0,-0.004
"14110","YR2004","SMR","EN.GHG.CO2.LU.DF.MT.CE.AR5",0,0
"14111","YR2005","SMR","EN.GHG.CO2.LU.MT.CE.AR5",0,-0.004
"14112","YR2005","SMR","EN.GHG.CO2.LU.FL.MT.CE.AR5",0,-0.004
"14113","YR2005","SMR","EN.GHG.CO2.LU.DF.MT.CE.AR5",0,0
"14114","YR2006","SMR","EN.GHG.CO2.LU.MT.CE.AR5",0,-0.004
"14115","YR2006","SMR","EN.GHG.CO2.LU.FL.MT.CE.AR5",0,-0.004
"14116","YR2006","SMR","EN.GHG.CO2.LU.DF.MT.CE.AR5",0,0
"14117","YR2007","SMR","EN.GHG.CO2.LU.MT.CE.AR5",0,-0.004
"14118","YR2007","SMR","EN.GHG.CO2.LU.FL.MT.CE.AR5",0,-0.004
"14119","YR2007","SMR","EN.GHG.CO2.LU.DF.MT.CE.AR5",0,0
"14120","YR2008","SMR","EN.GHG.CO2.LU.MT.CE.AR5",0,-0.004
"14121","YR2008","SMR","EN.GHG.CO2.LU.FL.MT.CE.AR5",0,-0.004
"14122","YR2008","SMR","EN.GHG.CO2.LU.DF.MT.CE.AR5",0,0
"14123","YR2009","SMR","EN.GHG.CO2.LU.MT.CE.AR5",0,-0.004
"14124","YR2009","SMR","EN.GHG.CO2.LU.FL.MT.CE.AR5",0,-0.004
"14125","YR2009","SMR","EN.GHG.CO2.LU.DF.MT.CE.AR5",0,0
"14126","YR2010","SMR","EN.GHG.CO2.LU.MT.CE.AR5",0,-0.0105
"14127","YR2010","SMR","EN.GHG.CO2.LU.FL.MT.CE.AR5",0,-0.0105
"14128","YR2010","SMR","EN.GHG.CO2.LU.DF.MT.CE.AR5",0,0
"14129","YR2011","SMR","EN.GHG.CO2.LU.MT.CE.AR5",0,-0.0105
"14130","YR2011","SMR","EN.GHG.CO2.LU.FL.MT.CE.AR5",0,-0.0105
"14131","YR2011","SMR","EN.GHG.CO2.LU.DF.MT.CE.AR5",0,0
"14132","YR2012","SMR","EN.GHG.CO2.LU.MT.CE.AR5",0,-0.0105
"14133","YR2012","SMR","EN.GHG.CO2.LU.FL.MT.CE.AR5",0,-0.0105
"14134","YR2012","SMR","EN.GHG.CO2.LU.DF.MT.CE.AR5",0,0
"14135","YR2013","SMR","EN.GHG.CO2.LU.MT.CE.AR5",0,-0.0105
"14136","YR2013","SMR","EN.GHG.CO2.LU.FL.MT.CE.AR5",0,-0.0105
"14137","YR2013","SMR","EN.GHG.CO2.LU.DF.MT.CE.AR5",0,0
"14138","YR2014","SMR","EN.GHG.CO2.LU.MT.CE.AR5",0,-0.0105
"14139","YR2014","SMR","EN.GHG.CO2.LU.FL.MT.CE.AR5",0,-0.0105
"14140","YR2014","SMR","EN.GHG.CO2.LU.DF.MT.CE.AR5",0,0
"14141","YR2015","SMR","EN.GHG.CO2.LU.MT.CE.AR5",0,-0.0105
"14142","YR2015","SMR","EN.GHG.CO2.LU.FL.MT.CE.AR5",0,-0.0105
"14143","YR2015","SMR","EN.GHG.CO2.LU.DF.MT.CE.AR5",0,0
"14144","YR2016","SMR","EN.GHG.CO2.LU.MT.CE.AR5",0,-0.0105
"14145","YR2016","SMR","EN.GHG.CO2.LU.FL.MT.CE.AR5",0,-0.0105
"14146","YR2016","SMR","EN.GHG.CO2.LU.DF.MT.CE.AR5",0,0
"14147","YR2017","SMR","EN.GHG.CO2.LU.MT.CE.AR5",0,-0.0105
"14148","YR2017","SMR","EN.GHG.CO2.LU.FL.MT.CE.AR5",0,-0.0105
"14149","YR2017","SMR","EN.GHG.CO2.LU.DF.MT.CE.AR5",0,0
"14150","YR2018","SMR","EN.GHG.CO2.LU.MT.CE.AR5",0,-0.0105
"14151","YR2018","SMR","EN.GHG.CO2.LU.FL.MT.CE.AR5",0,-0.0105
"14152","YR2018","SMR","EN.GHG.CO2.LU.DF.MT.CE.AR5",0,0
"14153","YR2019","SMR","EN.GHG.CO2.LU.MT.CE.AR5",0,-0.0105
"14154","YR2019","SMR","EN.GHG.CO2.LU.FL.MT.CE.AR5",0,-0.0105
"14155","YR2019","SMR","EN.GHG.CO2.LU.DF.MT.CE.AR5",0,0
"14156","YR2020","SMR","EN.GHG.CO2.LU.MT.CE.AR5",0,-0.0105
"14157","YR2020","SMR","EN.GHG.CO2.LU.FL.MT.CE.AR5",0,-0.0105
"14158","YR2020","SMR","EN.GHG.CO2.LU.DF.MT.CE.AR5",0,0
"14159","YR2021","SMR","EN.GHG.CO2.LU.MT.CE.AR5",0,-0.0105
"14160","YR2021","SMR","EN.GHG.CO2.LU.FL.MT.CE.AR5",0,-0.0105
"14161","YR2021","SMR","EN.GHG.CO2.LU.DF.MT.CE.AR5",0,0
"14162","YR2022","SMR","EN.GHG.CO2.LU.MT.CE.AR5",0,-0.0105
"14163","YR2022","SMR","EN.GHG.CO2.LU.FL.MT.CE.AR5",0,-0.0105
"14164","YR2022","SMR","EN.GHG.CO2.LU.DF.MT.CE.AR5",0,0
"14165","YR2023","SMR","EN.GHG.CO2.LU.MT.CE.AR5",0,-0.0105
"14166","YR2023","SMR","EN.GHG.CO2.LU.FL.MT.CE.AR5",0,-0.0105
"14167","YR2023","SMR","EN.GHG.CO2.LU.DF.MT.CE.AR5",0,0
"14168","YR2000","STP","EN.GHG.CO2.LU.MT.CE.AR5",0,-0.4188
"14169","YR2000","STP","EN.GHG.CO2.LU.FL.MT.CE.AR5",0,-0.5858
"14170","YR2000","STP","EN.GHG.CO2.LU.DF.MT.CE.AR5",0,0.1483
"14171","YR2000","STP","EN.GHG.CO2.LU.OL.MT.CE.AR5",0,0.0188
"14172","YR2001","STP","EN.GHG.CO2.LU.MT.CE.AR5",0,-0.4188
"14173","YR2001","STP","EN.GHG.CO2.LU.FL.MT.CE.AR5",0,-0.5858
"14174","YR2001","STP","EN.GHG.CO2.LU.DF.MT.CE.AR5",0,0.1483
"14175","YR2001","STP","EN.GHG.CO2.LU.OL.MT.CE.AR5",0,0.0188
"14176","YR2002","STP","EN.GHG.CO2.LU.MT.CE.AR5",0,-0.4188
"14177","YR2002","STP","EN.GHG.CO2.LU.FL.MT.CE.AR5",0,-0.5858
"14178","YR2002","STP","EN.GHG.CO2.LU.DF.MT.CE.AR5",0,0.1483
"14179","YR2002","STP","EN.GHG.CO2.LU.OL.MT.CE.AR5",0,0.0188
"14180","YR2003","STP","EN.GHG.CO2.LU.MT.CE.AR5",0,-0.4188
"14181","YR2003","STP","EN.GHG.CO2.LU.FL.MT.CE.AR5",0,-0.5858
"14182","YR2003","STP","EN.GHG.CO2.LU.DF.MT.CE.AR5",0,0.1483
"14183","YR2003","STP","EN.GHG.CO2.LU.OL.MT.CE.AR5",0,0.0188
"14184","YR2004","STP","EN.GHG.CO2.LU.MT.CE.AR5",0,-0.4188
"14185","YR2004","STP","EN.GHG.CO2.LU.FL.MT.CE.AR5",0,-0.5858
"14186","YR2004","STP","EN.GHG.CO2.LU.DF.MT.CE.AR5",0,0.1483
"14187","YR2004","STP","EN.GHG.CO2.LU.OL.MT.CE.AR5",0,0.0188
"14188","YR2005","STP","EN.GHG.CO2.LU.MT.CE.AR5",0,-0.4188
"14189","YR2005","STP","EN.GHG.CO2.LU.FL.MT.CE.AR5",0,-0.5858
"14190","YR2005","STP","EN.GHG.CO2.LU.DF.MT.CE.AR5",0,0.1483
"14191","YR2005","STP","EN.GHG.CO2.LU.OL.MT.CE.AR5",0,0.0188
"14192","YR2006","STP","EN.GHG.CO2.LU.MT.CE.AR5",0,-0.4188
"14193","YR2006","STP","EN.GHG.CO2.LU.FL.MT.CE.AR5",0,-0.5858
"14194","YR2006","STP","EN.GHG.CO2.LU.DF.MT.CE.AR5",0,0.1483
"14195","YR2006","STP","EN.GHG.CO2.LU.OL.MT.CE.AR5",0,0.0188
"14196","YR2007","STP","EN.GHG.CO2.LU.MT.CE.AR5",0,-0.4188
"14197","YR2007","STP","EN.GHG.CO2.LU.FL.MT.CE.AR5",0,-0.5858
"14198","YR2007","STP","EN.GHG.CO2.LU.DF.MT.CE.AR5",0,0.1483
"14199","YR2007","STP","EN.GHG.CO2.LU.OL.MT.CE.AR5",0,0.0188
"14200","YR2008","STP","EN.GHG.CO2.LU.MT.CE.AR5",0,-0.4188
"14201","YR2008","STP","EN.GHG.CO2.LU.FL.MT.CE.AR5",0,-0.5858
"14202","YR2008","STP","EN.GHG.CO2.LU.DF.MT.CE.AR5",0,0.1483
"14203","YR2008","STP","EN.GHG.CO2.LU.OL.MT.CE.AR5",0,0.0188
"14204","YR2009","STP","EN.GHG.CO2.LU.MT.CE.AR5",0,-0.4188
"14205","YR2009","STP","EN.GHG.CO2.LU.FL.MT.CE.AR5",0,-0.5858
"14206","YR2009","STP","EN.GHG.CO2.LU.DF.MT.CE.AR5",0,0.1483
"14207","YR2009","STP","EN.GHG.CO2.LU.OL.MT.CE.AR5",0,0.0188
"14208","YR2010","STP","EN.GHG.CO2.LU.MT.CE.AR5",0,-0.4188
"14209","YR2010","STP","EN.GHG.CO2.LU.FL.MT.CE.AR5",0,-0.5858
"14210","YR2010","STP","EN.GHG.CO2.LU.DF.MT.CE.AR5",0,0.1483
"14211","YR2010","STP","EN.GHG.CO2.LU.OL.MT.CE.AR5",0,0.0188
"14212","YR2011","STP","EN.GHG.CO2.LU.MT.CE.AR5",0,-0.4188
"14213","YR2011","STP","EN.GHG.CO2.LU.FL.MT.CE.AR5",0,-0.5858
"14214","YR2011","STP","EN.GHG.CO2.LU.DF.MT.CE.AR5",0,0.1483
"14215","YR2011","STP","EN.GHG.CO2.LU.OL.MT.CE.AR5",0,0.0188
"14216","YR2012","STP","EN.GHG.CO2.LU.MT.CE.AR5",0,-0.4188
"14217","YR2012","STP","EN.GHG.CO2.LU.FL.MT.CE.AR5",0,-0.5858
"14218","YR2012","STP","EN.GHG.CO2.LU.DF.MT.CE.AR5",0,0.1483
"14219","YR2012","STP","EN.GHG.CO2.LU.OL.MT.CE.AR5",0,0.0188
"14220","YR2013","STP","EN.GHG.CO2.LU.MT.CE.AR5",0,-0.4449
"14221","YR2013","STP","EN.GHG.CO2.LU.FL.MT.CE.AR5",0,-0.5816
"14222","YR2013","STP","EN.GHG.CO2.LU.DF.MT.CE.AR5",0,0.1224
"14223","YR2013","STP","EN.GHG.CO2.LU.OL.MT.CE.AR5",0,0.0142
"14224","YR2014","STP","EN.GHG.CO2.LU.MT.CE.AR5",0,-0.471
"14225","YR2014","STP","EN.GHG.CO2.LU.FL.MT.CE.AR5",0,-0.5774
"14226","YR2014","STP","EN.GHG.CO2.LU.DF.MT.CE.AR5",0,0.0966
"14227","YR2014","STP","EN.GHG.CO2.LU.OL.MT.CE.AR5",0,0.0097
"14228","YR2015","STP","EN.GHG.CO2.LU.MT.CE.AR5",0,-0.4971
"14229","YR2015","STP","EN.GHG.CO2.LU.FL.MT.CE.AR5",0,-0.5731
"14230","YR2015","STP","EN.GHG.CO2.LU.DF.MT.CE.AR5",0,0.0708
"14231","YR2015","STP","EN.GHG.CO2.LU.OL.MT.CE.AR5",0,0.0052
"14232","YR2016","STP","EN.GHG.CO2.LU.MT.CE.AR5",0,-0.5233
"14233","YR2016","STP","EN.GHG.CO2.LU.FL.MT.CE.AR5",0,-0.5689
"14234","YR2016","STP","EN.GHG.CO2.LU.DF.MT.CE.AR5",0,0.045
"14235","YR2016","STP","EN.GHG.CO2.LU.OL.MT.CE.AR5",0,0.0006
"14236","YR2017","STP","EN.GHG.CO2.LU.MT.CE.AR5",0,-0.5196
"14237","YR2017","STP","EN.GHG.CO2.LU.FL.MT.CE.AR5",0,-0.5664
"14238","YR2017","STP","EN.GHG.CO2.LU.DF.MT.CE.AR5",0,0.0461
"14239","YR2017","STP","EN.GHG.CO2.LU.OL.MT.CE.AR5",0,0.0007
"14240","YR2018","STP","EN.GHG.CO2.LU.MT.CE.AR5",0,-0.516
"14241","YR2018","STP","EN.GHG.CO2.LU.FL.MT.CE.AR5",0,-0.564
"14242","YR2018","STP","EN.GHG.CO2.LU.DF.MT.CE.AR5",0,0.0472
"14243","YR2018","STP","EN.GHG.CO2.LU.OL.MT.CE.AR5",0,0.0008
"14244","YR2019","STP","EN.GHG.CO2.LU.MT.CE.AR5",0,-0.516
"14245","YR2019","STP","EN.GHG.CO2.LU.FL.MT.CE.AR5",0,-0.564
"14246","YR2019","STP","EN.GHG.CO2.LU.DF.MT.CE.AR5",0,0.0472
"14247","YR2019","STP","EN.GHG.CO2.LU.OL.MT.CE.AR5",0,0.0008
"14248","YR2020","STP","EN.GHG.CO2.LU.MT.CE.AR5",0,-0.516
"14249","YR2020","STP","EN.GHG.CO2.LU.FL.MT.CE.AR5",0,-0.564
"14250","YR2020","STP","EN.GHG.CO2.LU.DF.MT.CE.AR5",0,0.0472
"14251","YR2020","STP","EN.GHG.CO2.LU.OL.MT.CE.AR5",0,0.0008
"14252","YR2021","STP","EN.GHG.CO2.LU.MT.CE.AR5",0,-0.516
"14253","YR2021","STP","EN.GHG.CO2.LU.FL.MT.CE.AR5",0,-0.564
"14254","YR2021","STP","EN.GHG.CO2.LU.DF.MT.CE.AR5",0,0.0472
"14255","YR2021","STP","EN.GHG.CO2.LU.OL.MT.CE.AR5",0,0.0008
"14256","YR2022","STP","EN.GHG.CO2.LU.MT.CE.AR5",0,-0.516
"14257","YR2022","STP","EN.GHG.CO2.LU.FL.MT.CE.AR5",0,-0.564
"14258","YR2022","STP","EN.GHG.CO2.LU.DF.MT.CE.AR5",0,0.0472
"14259","YR2022","STP","EN.GHG.CO2.LU.OL.MT.CE.AR5",0,0.0008
"14260","YR2023","STP","EN.GHG.CO2.LU.MT.CE.AR5",0,-0.516
"14261","YR2023","STP","EN.GHG.CO2.LU.FL.MT.CE.AR5",0,-0.564
"14262","YR2023","STP","EN.GHG.CO2.LU.DF.MT.CE.AR5",0,0.0472
"14263","YR2023","STP","EN.GHG.CO2.LU.OL.MT.CE.AR5",0,0.0008
"14264","YR2000","SAU","EN.GHG.CO2.LU.MT.CE.AR5",0,-5.6945
"14265","YR2000","SAU","EN.GHG.CO2.LU.FL.MT.CE.AR5",0,-5.6945
"14266","YR2000","SAU","EN.GHG.CO2.LU.DF.MT.CE.AR5",0,0
"14267","YR2001","SAU","EN.GHG.CO2.LU.MT.CE.AR5",0,-6.0153
"14268","YR2001","SAU","EN.GHG.CO2.LU.FL.MT.CE.AR5",0,-6.0153
"14269","YR2001","SAU","EN.GHG.CO2.LU.DF.MT.CE.AR5",0,0
"14270","YR2002","SAU","EN.GHG.CO2.LU.MT.CE.AR5",0,-6.3361
"14271","YR2002","SAU","EN.GHG.CO2.LU.FL.MT.CE.AR5",0,-6.3361
"14272","YR2002","SAU","EN.GHG.CO2.LU.DF.MT.CE.AR5",0,0
"14273","YR2003","SAU","EN.GHG.CO2.LU.MT.CE.AR5",0,-6.6569
"14274","YR2003","SAU","EN.GHG.CO2.LU.FL.MT.CE.AR5",0,-6.6569
"14275","YR2003","SAU","EN.GHG.CO2.LU.DF.MT.CE.AR5",0,0
"14276","YR2004","SAU","EN.GHG.CO2.LU.MT.CE.AR5",0,-6.9777
"14277","YR2004","SAU","EN.GHG.CO2.LU.FL.MT.CE.AR5",0,-6.9777
"14278","YR2004","SAU","EN.GHG.CO2.LU.DF.MT.CE.AR5",0,0
"14279","YR2005","SAU","EN.GHG.CO2.LU.MT.CE.AR5",0,-7.2985
"14280","YR2005","SAU","EN.GHG.CO2.LU.FL.MT.CE.AR5",0,-7.2985
"14281","YR2005","SAU","EN.GHG.CO2.LU.DF.MT.CE.AR5",0,0
"14282","YR2006","SAU","EN.GHG.CO2.LU.MT.CE.AR5",0,-7.6194
"14283","YR2006","SAU","EN.GHG.CO2.LU.FL.MT.CE.AR5",0,-7.6194
"14284","YR2006","SAU","EN.GHG.CO2.LU.DF.MT.CE.AR5",0,0
"14285","YR2007","SAU","EN.GHG.CO2.LU.MT.CE.AR5",0,-7.9402
"14286","YR2007","SAU","EN.GHG.CO2.LU.FL.MT.CE.AR5",0,-7.9402
"14287","YR2007","SAU","EN.GHG.CO2.LU.DF.MT.CE.AR5",0,0
"14288","YR2008","SAU","EN.GHG.CO2.LU.MT.CE.AR5",0,-8.261
"14289","YR2008","SAU","EN.GHG.CO2.LU.FL.MT.CE.AR5",0,-8.261
"14290","YR2008","SAU","EN.GHG.CO2.LU.DF.MT.CE.AR5",0,0
"14291","YR2009","SAU","EN.GHG.CO2.LU.MT.CE.AR5",0,-8.5818
"14292","YR2009","SAU","EN.GHG.CO2.LU.FL.MT.CE.AR5",0,-8.5818
"14293","YR2009","SAU","EN.GHG.CO2.LU.DF.MT.CE.AR5",0,0
"14294","YR2010","SAU","EN.GHG.CO2.LU.MT.CE.AR5",0,-8.9026
"14295","YR2010","SAU","EN.GHG.CO2.LU.FL.MT.CE.AR5",0,-8.9026
"14296","YR2010","SAU","EN.GHG.CO2.LU.DF.MT.CE.AR5",0,0
"14297","YR2011","SAU","EN.GHG.CO2.LU.MT.CE.AR5",0,-8.91
"14298","YR2011","SAU","EN.GHG.CO2.LU.FL.MT.CE.AR5",0,-8.91
"14299","YR2011","SAU","EN.GHG.CO2.LU.DF.MT.CE.AR5",0,0
"14300","YR2012","SAU","EN.GHG.CO2.LU.MT.CE.AR5",0,-8.9764
"14301","YR2012","SAU","EN.GHG.CO2.LU.FL.MT.CE.AR5",0,-8.9764
"14302","YR2012","SAU","EN.GHG.CO2.LU.DF.MT.CE.AR5",0,0
"14303","YR2013","SAU","EN.GHG.CO2.LU.MT.CE.AR5",0,-8.9764
"14304","YR2013","SAU","EN.GHG.CO2.LU.FL.MT.CE.AR5",0,-8.9764
"14305","YR2013","SAU","EN.GHG.CO2.LU.DF.MT.CE.AR5",0,0
"14306","YR2014","SAU","EN.GHG.CO2.LU.MT.CE.AR5",0,-8.9764
"14307","YR2014","SAU","EN.GHG.CO2.LU.FL.MT.CE.AR5",0,-8.9764
"14308","YR2014","SAU","EN.GHG.CO2.LU.DF.MT.CE.AR5",0,0
"14309","YR2015","SAU","EN.GHG.CO2.LU.MT.CE.AR5",0,-8.9764
"14310","YR2015","SAU","EN.GHG.CO2.LU.FL.MT.CE.AR5",0,-8.9764
"14311","YR2015","SAU","EN.GHG.CO2.LU.DF.MT.CE.AR5",0,0
"14312","YR2016","SAU","EN.GHG.CO2.LU.MT.CE.AR5",0,-8.9764
"14313","YR2016","SAU","EN.GHG.CO2.LU.FL.MT.CE.AR5",0,-8.9764
"14314","YR2016","SAU","EN.GHG.CO2.LU.DF.MT.CE.AR5",0,0
"14315","YR2017","SAU","EN.GHG.CO2.LU.MT.CE.AR5",0,-8.9764
"14316","YR2017","SAU","EN.GHG.CO2.LU.FL.MT.CE.AR5",0,-8.9764
"14317","YR2017","SAU","EN.GHG.CO2.LU.DF.MT.CE.AR5",0,0
"14318","YR2018","SAU","EN.GHG.CO2.LU.MT.CE.AR5",0,-8.9764
"14319","YR2018","SAU","EN.GHG.CO2.LU.FL.MT.CE.AR5",0,-8.9764
"14320","YR2018","SAU","EN.GHG.CO2.LU.DF.MT.CE.AR5",0,0
"14321","YR2019","SAU","EN.GHG.CO2.LU.MT.CE.AR5",0,-8.9764
"14322","YR2019","SAU","EN.GHG.CO2.LU.FL.MT.CE.AR5",0,-8.9764
"14323","YR2019","SAU","EN.GHG.CO2.LU.DF.MT.CE.AR5",0,0
"14324","YR2020","SAU","EN.GHG.CO2.LU.MT.CE.AR5",0,-8.9764
"14325","YR2020","SAU","EN.GHG.CO2.LU.FL.MT.CE.AR5",0,-8.9764
"14326","YR2020","SAU","EN.GHG.CO2.LU.DF.MT.CE.AR5",0,0
"14327","YR2021","SAU","EN.GHG.CO2.LU.MT.CE.AR5",0,-8.9764
"14328","YR2021","SAU","EN.GHG.CO2.LU.FL.MT.CE.AR5",0,-8.9764
"14329","YR2021","SAU","EN.GHG.CO2.LU.DF.MT.CE.AR5",0,0
"14330","YR2022","SAU","EN.GHG.CO2.LU.MT.CE.AR5",0,-8.9764
"14331","YR2022","SAU","EN.GHG.CO2.LU.FL.MT.CE.AR5",0,-8.9764
"14332","YR2022","SAU","EN.GHG.CO2.LU.DF.MT.CE.AR5",0,0
"14333","YR2023","SAU","EN.GHG.CO2.LU.MT.CE.AR5",0,-8.9764
"14334","YR2023","SAU","EN.GHG.CO2.LU.FL.MT.CE.AR5",0,-8.9764
"14335","YR2023","SAU","EN.GHG.CO2.LU.DF.MT.CE.AR5",0,0
"14336","YR2000","SEN","EN.GHG.CO2.LU.MT.CE.AR5",0,-13
"14337","YR2000","SEN","EN.GHG.CO2.LU.FL.MT.CE.AR5",0,-13
"14338","YR2001","SEN","EN.GHG.CO2.LU.MT.CE.AR5",0,-13
"14339","YR2001","SEN","EN.GHG.CO2.LU.FL.MT.CE.AR5",0,-13
"14340","YR2002","SEN","EN.GHG.CO2.LU.MT.CE.AR5",0,-13
"14341","YR2002","SEN","EN.GHG.CO2.LU.FL.MT.CE.AR5",0,-13
"14342","YR2003","SEN","EN.GHG.CO2.LU.MT.CE.AR5",0,-13
"14343","YR2003","SEN","EN.GHG.CO2.LU.FL.MT.CE.AR5",0,-13
"14344","YR2004","SEN","EN.GHG.CO2.LU.MT.CE.AR5",0,-13
"14345","YR2004","SEN","EN.GHG.CO2.LU.FL.MT.CE.AR5",0,-13
"14346","YR2005","SEN","EN.GHG.CO2.LU.MT.CE.AR5",0,-13
"14347","YR2005","SEN","EN.GHG.CO2.LU.FL.MT.CE.AR5",0,-13
"14348","YR2006","SEN","EN.GHG.CO2.LU.MT.CE.AR5",0,-13
"14349","YR2006","SEN","EN.GHG.CO2.LU.FL.MT.CE.AR5",0,-13
"14350","YR2007","SEN","EN.GHG.CO2.LU.MT.CE.AR5",0,-13
"14351","YR2007","SEN","EN.GHG.CO2.LU.FL.MT.CE.AR5",0,-13
"14352","YR2008","SEN","EN.GHG.CO2.LU.MT.CE.AR5",0,-13
"14353","YR2008","SEN","EN.GHG.CO2.LU.FL.MT.CE.AR5",0,-13
"14354","YR2009","SEN","EN.GHG.CO2.LU.MT.CE.AR5",0,-13
"14355","YR2009","SEN","EN.GHG.CO2.LU.FL.MT.CE.AR5",0,-13
"14356","YR2010","SEN","EN.GHG.CO2.LU.MT.CE.AR5",0,-12.8
"14357","YR2010","SEN","EN.GHG.CO2.LU.FL.MT.CE.AR5",0,-12.8
"14358","YR2011","SEN","EN.GHG.CO2.LU.MT.CE.AR5",0,-12.6
"14359","YR2011","SEN","EN.GHG.CO2.LU.FL.MT.CE.AR5",0,-12.6
"14360","YR2012","SEN","EN.GHG.CO2.LU.MT.CE.AR5",0,-12.4
"14361","YR2012","SEN","EN.GHG.CO2.LU.FL.MT.CE.AR5",0,-12.4
"14362","YR2013","SEN","EN.GHG.CO2.LU.MT.CE.AR5",0,-12.2
"14363","YR2013","SEN","EN.GHG.CO2.LU.FL.MT.CE.AR5",0,-12.2
"14364","YR2014","SEN","EN.GHG.CO2.LU.MT.CE.AR5",0,-12
"14365","YR2014","SEN","EN.GHG.CO2.LU.FL.MT.CE.AR5",0,-12
"14366","YR2015","SEN","EN.GHG.CO2.LU.MT.CE.AR5",0,-12
"14367","YR2015","SEN","EN.GHG.CO2.LU.FL.MT.CE.AR5",0,-12
"14368","YR2016","SEN","EN.GHG.CO2.LU.MT.CE.AR5",0,-12
"14369","YR2016","SEN","EN.GHG.CO2.LU.FL.MT.CE.AR5",0,-12
"14370","YR2017","SEN","EN.GHG.CO2.LU.MT.CE.AR5",0,-12
"14371","YR2017","SEN","EN.GHG.CO2.LU.FL.MT.CE.AR5",0,-12
"14372","YR2018","SEN","EN.GHG.CO2.LU.MT.CE.AR5",0,-12
"14373","YR2018","SEN","EN.GHG.CO2.LU.FL.MT.CE.AR5",0,-12
"14374","YR2019","SEN","EN.GHG.CO2.LU.MT.CE.AR5",0,-12
"14375","YR2019","SEN","EN.GHG.CO2.LU.FL.MT.CE.AR5",0,-12
"14376","YR2020","SEN","EN.GHG.CO2.LU.MT.CE.AR5",0,-13
"14377","YR2020","SEN","EN.GHG.CO2.LU.FL.MT.CE.AR5",0,-13
"14378","YR2021","SEN","EN.GHG.CO2.LU.MT.CE.AR5",0,-13
"14379","YR2021","SEN","EN.GHG.CO2.LU.FL.MT.CE.AR5",0,-13
"14380","YR2022","SEN","EN.GHG.CO2.LU.MT.CE.AR5",0,-13
"14381","YR2022","SEN","EN.GHG.CO2.LU.FL.MT.CE.AR5",0,-13
"14382","YR2023","SEN","EN.GHG.CO2.LU.MT.CE.AR5",0,-13
"14383","YR2023","SEN","EN.GHG.CO2.LU.FL.MT.CE.AR5",0,-13
"14384","YR2023","SEN","EN.GHG.CO2.LU.DF.MT.CE.AR5",0,0
"14385","YR2000","SYC","EN.GHG.CO2.LU.MT.CE.AR5",0,-0.2789
"14386","YR2000","SYC","EN.GHG.CO2.LU.FL.MT.CE.AR5",0,-0.3084
"14387","YR2000","SYC","EN.GHG.CO2.LU.DF.MT.CE.AR5",0,0.0294
"14388","YR2001","SYC","EN.GHG.CO2.LU.MT.CE.AR5",0,-0.2787
"14389","YR2001","SYC","EN.GHG.CO2.LU.FL.MT.CE.AR5",0,-0.3081
"14390","YR2001","SYC","EN.GHG.CO2.LU.DF.MT.CE.AR5",0,0.0294
"14391","YR2002","SYC","EN.GHG.CO2.LU.MT.CE.AR5",0,-0.2779
"14392","YR2002","SYC","EN.GHG.CO2.LU.FL.MT.CE.AR5",0,-0.3073
"14393","YR2002","SYC","EN.GHG.CO2.LU.DF.MT.CE.AR5",0,0.0294
"14394","YR2003","SYC","EN.GHG.CO2.LU.MT.CE.AR5",0,-0.2772
"14395","YR2003","SYC","EN.GHG.CO2.LU.FL.MT.CE.AR5",0,-0.3066
"14396","YR2003","SYC","EN.GHG.CO2.LU.DF.MT.CE.AR5",0,0.0294
"14397","YR2004","SYC","EN.GHG.CO2.LU.MT.CE.AR5",0,-0.2764
"14398","YR2004","SYC","EN.GHG.CO2.LU.FL.MT.CE.AR5",0,-0.3059
"14399","YR2004","SYC","EN.GHG.CO2.LU.DF.MT.CE.AR5",0,0.0294
"14400","YR2005","SYC","EN.GHG.CO2.LU.MT.CE.AR5",0,-0.2757
"14401","YR2005","SYC","EN.GHG.CO2.LU.FL.MT.CE.AR5",0,-0.3051
"14402","YR2005","SYC","EN.GHG.CO2.LU.DF.MT.CE.AR5",0,0.0294
"14403","YR2006","SYC","EN.GHG.CO2.LU.MT.CE.AR5",0,-0.2749
"14404","YR2006","SYC","EN.GHG.CO2.LU.FL.MT.CE.AR5",0,-0.3044
"14405","YR2006","SYC","EN.GHG.CO2.LU.DF.MT.CE.AR5",0,0.0294
"14406","YR2007","SYC","EN.GHG.CO2.LU.MT.CE.AR5",0,-0.2742
"14407","YR2007","SYC","EN.GHG.CO2.LU.FL.MT.CE.AR5",0,-0.3036
"14408","YR2007","SYC","EN.GHG.CO2.LU.DF.MT.CE.AR5",0,0.0294
"14409","YR2008","SYC","EN.GHG.CO2.LU.MT.CE.AR5",0,-0.2735
"14410","YR2008","SYC","EN.GHG.CO2.LU.FL.MT.CE.AR5",0,-0.3029
"14411","YR2008","SYC","EN.GHG.CO2.LU.DF.MT.CE.AR5",0,0.0294
"14412","YR2009","SYC","EN.GHG.CO2.LU.MT.CE.AR5",0,-0.2727
"14413","YR2009","SYC","EN.GHG.CO2.LU.FL.MT.CE.AR5",0,-0.3021
"14414","YR2009","SYC","EN.GHG.CO2.LU.DF.MT.CE.AR5",0,0.0294
"14415","YR2010","SYC","EN.GHG.CO2.LU.MT.CE.AR5",0,-0.272
"14416","YR2010","SYC","EN.GHG.CO2.LU.FL.MT.CE.AR5",0,-0.3014
"14417","YR2010","SYC","EN.GHG.CO2.LU.DF.MT.CE.AR5",0,0.0294
"14418","YR2011","SYC","EN.GHG.CO2.LU.MT.CE.AR5",0,-0.2712
"14419","YR2011","SYC","EN.GHG.CO2.LU.FL.MT.CE.AR5",0,-0.3007
"14420","YR2011","SYC","EN.GHG.CO2.LU.DF.MT.CE.AR5",0,0.0294
"14421","YR2012","SYC","EN.GHG.CO2.LU.MT.CE.AR5",0,-0.2705
"14422","YR2012","SYC","EN.GHG.CO2.LU.FL.MT.CE.AR5",0,-0.2999
"14423","YR2012","SYC","EN.GHG.CO2.LU.DF.MT.CE.AR5",0,0.0294
"14424","YR2013","SYC","EN.GHG.CO2.LU.MT.CE.AR5",0,-0.2697
"14425","YR2013","SYC","EN.GHG.CO2.LU.FL.MT.CE.AR5",0,-0.2992
"14426","YR2013","SYC","EN.GHG.CO2.LU.DF.MT.CE.AR5",0,0.0294
"14427","YR2014","SYC","EN.GHG.CO2.LU.MT.CE.AR5",0,-0.269
"14428","YR2014","SYC","EN.GHG.CO2.LU.FL.MT.CE.AR5",0,-0.2984
"14429","YR2014","SYC","EN.GHG.CO2.LU.DF.MT.CE.AR5",0,0.0294
"14430","YR2015","SYC","EN.GHG.CO2.LU.MT.CE.AR5",0,-0.2683
"14431","YR2015","SYC","EN.GHG.CO2.LU.FL.MT.CE.AR5",0,-0.2977
"14432","YR2015","SYC","EN.GHG.CO2.LU.DF.MT.CE.AR5",0,0.0294
"14433","YR2016","SYC","EN.GHG.CO2.LU.MT.CE.AR5",0,-0.1618
"14434","YR2016","SYC","EN.GHG.CO2.LU.FL.MT.CE.AR5",0,-0.304
"14435","YR2016","SYC","EN.GHG.CO2.LU.DF.MT.CE.AR5",0,0.1422
"14436","YR2017","SYC","EN.GHG.CO2.LU.MT.CE.AR5",0,-0.1592
"14437","YR2017","SYC","EN.GHG.CO2.LU.FL.MT.CE.AR5",0,-0.3014
"14438","YR2017","SYC","EN.GHG.CO2.LU.DF.MT.CE.AR5",0,0.1422
"14439","YR2018","SYC","EN.GHG.CO2.LU.MT.CE.AR5",0,-0.1585
"14440","YR2018","SYC","EN.GHG.CO2.LU.FL.MT.CE.AR5",0,-0.3006
"14441","YR2018","SYC","EN.GHG.CO2.LU.DF.MT.CE.AR5",0,0.1422
"14442","YR2019","SYC","EN.GHG.CO2.LU.MT.CE.AR5",0,-0.1577
"14443","YR2019","SYC","EN.GHG.CO2.LU.FL.MT.CE.AR5",0,-0.2999
"14444","YR2019","SYC","EN.GHG.CO2.LU.DF.MT.CE.AR5",0,0.1422
"14445","YR2020","SYC","EN.GHG.CO2.LU.MT.CE.AR5",0,-0.1513
"14446","YR2020","SYC","EN.GHG.CO2.LU.FL.MT.CE.AR5",0,-0.2935
"14447","YR2020","SYC","EN.GHG.CO2.LU.DF.MT.CE.AR5",0,0.1422
"14448","YR2021","SYC","EN.GHG.CO2.LU.MT.CE.AR5",0,-0.1513
"14449","YR2021","SYC","EN.GHG.CO2.LU.FL.MT.CE.AR5",0,-0.2935
"14450","YR2021","SYC","EN.GHG.CO2.LU.DF.MT.CE.AR5",0,0.1422
"14451","YR2022","SYC","EN.GHG.CO2.LU.MT.CE.AR5",0,-0.1513
"14452","YR2022","SYC","EN.GHG.CO2.LU.FL.MT.CE.AR5",0,-0.2935
"14453","YR2022","SYC","EN.GHG.CO2.LU.DF.MT.CE.AR5",0,0.1422
"14454","YR2023","SYC","EN.GHG.CO2.LU.MT.CE.AR5",0,-0.1513
"14455","YR2023","SYC","EN.GHG.CO2.LU.FL.MT.CE.AR5",0,-0.2935
"14456","YR2023","SYC","EN.GHG.CO2.LU.DF.MT.CE.AR5",0,0.1422
"14457","YR2000","SLB","EN.GHG.CO2.LU.MT.CE.AR5",0,1.7069
"14458","YR2000","SLB","EN.GHG.CO2.LU.FL.MT.CE.AR5",0,1.3591
"14459","YR2000","SLB","EN.GHG.CO2.LU.DF.MT.CE.AR5",0,0.3478
"14460","YR2001","SLB","EN.GHG.CO2.LU.MT.CE.AR5",0,1.7069
"14461","YR2001","SLB","EN.GHG.CO2.LU.FL.MT.CE.AR5",0,1.3591
"14462","YR2001","SLB","EN.GHG.CO2.LU.DF.MT.CE.AR5",0,0.3478
"14463","YR2002","SLB","EN.GHG.CO2.LU.MT.CE.AR5",0,3.1108
"14464","YR2002","SLB","EN.GHG.CO2.LU.FL.MT.CE.AR5",0,2.7489
"14465","YR2002","SLB","EN.GHG.CO2.LU.DF.MT.CE.AR5",0,0.3619
"14466","YR2003","SLB","EN.GHG.CO2.LU.MT.CE.AR5",0,2.3469
"14467","YR2003","SLB","EN.GHG.CO2.LU.FL.MT.CE.AR5",0,1.9991
"14468","YR2003","SLB","EN.GHG.CO2.LU.DF.MT.CE.AR5",0,0.3478
"14469","YR2004","SLB","EN.GHG.CO2.LU.MT.CE.AR5",0,3.7409
"14470","YR2004","SLB","EN.GHG.CO2.LU.FL.MT.CE.AR5",0,3.2188
"14471","YR2004","SLB","EN.GHG.CO2.LU.DF.MT.CE.AR5",0,0.5221
"14472","YR2005","SLB","EN.GHG.CO2.LU.MT.CE.AR5",0,5.8608
"14473","YR2005","SLB","EN.GHG.CO2.LU.FL.MT.CE.AR5",0,5.1644
"14474","YR2005","SLB","EN.GHG.CO2.LU.DF.MT.CE.AR5",0,0.6964
"14475","YR2006","SLB","EN.GHG.CO2.LU.MT.CE.AR5",0,4.9958
"14476","YR2006","SLB","EN.GHG.CO2.LU.FL.MT.CE.AR5",0,4.648
"14477","YR2006","SLB","EN.GHG.CO2.LU.DF.MT.CE.AR5",0,0.3478
"14478","YR2007","SLB","EN.GHG.CO2.LU.MT.CE.AR5",0,6.1467
"14479","YR2007","SLB","EN.GHG.CO2.LU.FL.MT.CE.AR5",0,5.4517
"14480","YR2007","SLB","EN.GHG.CO2.LU.DF.MT.CE.AR5",0,0.695
"14481","YR2008","SLB","EN.GHG.CO2.LU.MT.CE.AR5",0,7.2934
"14482","YR2008","SLB","EN.GHG.CO2.LU.FL.MT.CE.AR5",0,6.597
"14483","YR2008","SLB","EN.GHG.CO2.LU.DF.MT.CE.AR5",0,0.6964
"14484","YR2009","SLB","EN.GHG.CO2.LU.MT.CE.AR5",0,6.0909
"14485","YR2009","SLB","EN.GHG.CO2.LU.FL.MT.CE.AR5",0,5.3953
"14486","YR2009","SLB","EN.GHG.CO2.LU.DF.MT.CE.AR5",0,0.6956
"14487","YR2010","SLB","EN.GHG.CO2.LU.MT.CE.AR5",0,7.3809
"14488","YR2010","SLB","EN.GHG.CO2.LU.FL.MT.CE.AR5",0,6.6896
"14489","YR2010","SLB","EN.GHG.CO2.LU.DF.MT.CE.AR5",0,0.6913
"14490","YR2011","SLB","EN.GHG.CO2.LU.MT.CE.AR5",0,7.0959
"14491","YR2011","SLB","EN.GHG.CO2.LU.FL.MT.CE.AR5",0,6.5759
"14492","YR2011","SLB","EN.GHG.CO2.LU.DF.MT.CE.AR5",0,0.52
"14493","YR2012","SLB","EN.GHG.CO2.LU.MT.CE.AR5",0,9.2342
"14494","YR2012","SLB","EN.GHG.CO2.LU.FL.MT.CE.AR5",0,8.8855
"14495","YR2012","SLB","EN.GHG.CO2.LU.DF.MT.CE.AR5",0,0.3486
"14496","YR2013","SLB","EN.GHG.CO2.LU.MT.CE.AR5",0,9.4464
"14497","YR2013","SLB","EN.GHG.CO2.LU.FL.MT.CE.AR5",0,9.0978
"14498","YR2013","SLB","EN.GHG.CO2.LU.DF.MT.CE.AR5",0,0.3486
"14499","YR2014","SLB","EN.GHG.CO2.LU.MT.CE.AR5",0,12.5327
"14500","YR2014","SLB","EN.GHG.CO2.LU.FL.MT.CE.AR5",0,12.3823
"14501","YR2014","SLB","EN.GHG.CO2.LU.DF.MT.CE.AR5",0,0.1505
"14502","YR2015","SLB","EN.GHG.CO2.LU.MT.CE.AR5",0,14.1089
"14503","YR2015","SLB","EN.GHG.CO2.LU.FL.MT.CE.AR5",0,13.6859
"14504","YR2015","SLB","EN.GHG.CO2.LU.DF.MT.CE.AR5",0,0.423
"14505","YR2016","SLB","EN.GHG.CO2.LU.MT.CE.AR5",0,15.4425
"14506","YR2016","SLB","EN.GHG.CO2.LU.FL.MT.CE.AR5",0,14.7469
"14507","YR2016","SLB","EN.GHG.CO2.LU.DF.MT.CE.AR5",0,0.6956
"14508","YR2017","SLB","EN.GHG.CO2.LU.MT.CE.AR5",0,16.2223
"14509","YR2017","SLB","EN.GHG.CO2.LU.FL.MT.CE.AR5",0,15.8737
"14510","YR2017","SLB","EN.GHG.CO2.LU.DF.MT.CE.AR5",0,0.3486
"14511","YR2018","SLB","EN.GHG.CO2.LU.MT.CE.AR5",0,16.2223
"14512","YR2018","SLB","EN.GHG.CO2.LU.FL.MT.CE.AR5",0,15.8737
"14513","YR2018","SLB","EN.GHG.CO2.LU.DF.MT.CE.AR5",0,0.3486
"14514","YR2019","SLB","EN.GHG.CO2.LU.MT.CE.AR5",0,16.2223
"14515","YR2019","SLB","EN.GHG.CO2.LU.FL.MT.CE.AR5",0,15.8737
"14516","YR2019","SLB","EN.GHG.CO2.LU.DF.MT.CE.AR5",0,0.3486
"14517","YR2020","SLB","EN.GHG.CO2.LU.MT.CE.AR5",0,16.2223
"14518","YR2020","SLB","EN.GHG.CO2.LU.FL.MT.CE.AR5",0,15.8737
"14519","YR2020","SLB","EN.GHG.CO2.LU.DF.MT.CE.AR5",0,0.3486
"14520","YR2021","SLB","EN.GHG.CO2.LU.MT.CE.AR5",0,16.2223
"14521","YR2021","SLB","EN.GHG.CO2.LU.FL.MT.CE.AR5",0,15.8737
"14522","YR2021","SLB","EN.GHG.CO2.LU.DF.MT.CE.AR5",0,0.3486
"14523","YR2022","SLB","EN.GHG.CO2.LU.MT.CE.AR5",0,16.2223
"14524","YR2022","SLB","EN.GHG.CO2.LU.FL.MT.CE.AR5",0,15.8737
"14525","YR2022","SLB","EN.GHG.CO2.LU.DF.MT.CE.AR5",0,0.3486
"14526","YR2023","SLB","EN.GHG.CO2.LU.MT.CE.AR5",0,16.2223
"14527","YR2023","SLB","EN.GHG.CO2.LU.FL.MT.CE.AR5",0,15.8737
"14528","YR2023","SLB","EN.GHG.CO2.LU.DF.MT.CE.AR5",0,0.3486
"14529","YR2000","SOM","EN.GHG.CO2.LU.MT.CE.AR5",0,17.35
"14530","YR2000","SOM","EN.GHG.CO2.LU.DF.MT.CE.AR5",0,17.35
"14531","YR2001","SOM","EN.GHG.CO2.LU.MT.CE.AR5",0,17.35
"14532","YR2001","SOM","EN.GHG.CO2.LU.DF.MT.CE.AR5",0,17.35
"14533","YR2002","SOM","EN.GHG.CO2.LU.MT.CE.AR5",0,17.35
"14534","YR2002","SOM","EN.GHG.CO2.LU.DF.MT.CE.AR5",0,17.35
"14535","YR2003","SOM","EN.GHG.CO2.LU.MT.CE.AR5",0,17.35
"14536","YR2003","SOM","EN.GHG.CO2.LU.DF.MT.CE.AR5",0,17.35
"14537","YR2004","SOM","EN.GHG.CO2.LU.MT.CE.AR5",0,17.35
"14538","YR2004","SOM","EN.GHG.CO2.LU.DF.MT.CE.AR5",0,17.35
"14539","YR2005","SOM","EN.GHG.CO2.LU.MT.CE.AR5",0,17.35
"14540","YR2005","SOM","EN.GHG.CO2.LU.DF.MT.CE.AR5",0,17.35
"14541","YR2006","SOM","EN.GHG.CO2.LU.MT.CE.AR5",0,17.35
"14542","YR2006","SOM","EN.GHG.CO2.LU.DF.MT.CE.AR5",0,17.35
"14543","YR2007","SOM","EN.GHG.CO2.LU.MT.CE.AR5",0,17.35
"14544","YR2007","SOM","EN.GHG.CO2.LU.DF.MT.CE.AR5",0,17.35
"14545","YR2008","SOM","EN.GHG.CO2.LU.MT.CE.AR5",0,17.35
"14546","YR2008","SOM","EN.GHG.CO2.LU.DF.MT.CE.AR5",0,17.35
"14547","YR2009","SOM","EN.GHG.CO2.LU.MT.CE.AR5",0,17.35
"14548","YR2009","SOM","EN.GHG.CO2.LU.DF.MT.CE.AR5",0,17.35
"14549","YR2010","SOM","EN.GHG.CO2.LU.MT.CE.AR5",0,17.35
"14550","YR2010","SOM","EN.GHG.CO2.LU.DF.MT.CE.AR5",0,17.35
"14551","YR2011","SOM","EN.GHG.CO2.LU.MT.CE.AR5",0,17.35
"14552","YR2011","SOM","EN.GHG.CO2.LU.DF.MT.CE.AR5",0,17.35
"14553","YR2012","SOM","EN.GHG.CO2.LU.MT.CE.AR5",0,17.35
"14554","YR2012","SOM","EN.GHG.CO2.LU.DF.MT.CE.AR5",0,17.35
"14555","YR2013","SOM","EN.GHG.CO2.LU.MT.CE.AR5",0,17.35
"14556","YR2013","SOM","EN.GHG.CO2.LU.DF.MT.CE.AR5",0,17.35
"14557","YR2014","SOM","EN.GHG.CO2.LU.MT.CE.AR5",0,17.35
"14558","YR2014","SOM","EN.GHG.CO2.LU.DF.MT.CE.AR5",0,17.35
"14559","YR2015","SOM","EN.GHG.CO2.LU.MT.CE.AR5",0,17.35
"14560","YR2015","SOM","EN.GHG.CO2.LU.DF.MT.CE.AR5",0,17.35
"14561","YR2016","SOM","EN.GHG.CO2.LU.MT.CE.AR5",0,17.35
"14562","YR2016","SOM","EN.GHG.CO2.LU.DF.MT.CE.AR5",0,17.35
"14563","YR2017","SOM","EN.GHG.CO2.LU.MT.CE.AR5",0,17.35
"14564","YR2017","SOM","EN.GHG.CO2.LU.DF.MT.CE.AR5",0,17.35
"14565","YR2018","SOM","EN.GHG.CO2.LU.MT.CE.AR5",0,17.35
"14566","YR2018","SOM","EN.GHG.CO2.LU.DF.MT.CE.AR5",0,17.35
"14567","YR2019","SOM","EN.GHG.CO2.LU.MT.CE.AR5",0,17.35
"14568","YR2019","SOM","EN.GHG.CO2.LU.DF.MT.CE.AR5",0,17.35
"14569","YR2020","SOM","EN.GHG.CO2.LU.MT.CE.AR5",0,17.35
"14570","YR2020","SOM","EN.GHG.CO2.LU.DF.MT.CE.AR5",0,17.35
"14571","YR2021","SOM","EN.GHG.CO2.LU.MT.CE.AR5",0,17.35
"14572","YR2021","SOM","EN.GHG.CO2.LU.DF.MT.CE.AR5",0,17.35
"14573","YR2022","SOM","EN.GHG.CO2.LU.MT.CE.AR5",0,17.35
"14574","YR2022","SOM","EN.GHG.CO2.LU.DF.MT.CE.AR5",0,17.35
"14575","YR2023","SOM","EN.GHG.CO2.LU.MT.CE.AR5",0,17.35
"14576","YR2023","SOM","EN.GHG.CO2.LU.DF.MT.CE.AR5",0,17.35
"14577","YR2000","SSD","EN.GHG.CO2.LU.MT.CE.AR5",0,2.761
"14578","YR2000","SSD","EN.GHG.CO2.LU.FL.MT.CE.AR5",0,-25.341
"14579","YR2000","SSD","EN.GHG.CO2.LU.DF.MT.CE.AR5",0,28.102
"14580","YR2000","SSD","EN.GHG.CO2.LU.OL.MT.CE.AR5",0,0
"14581","YR2001","SSD","EN.GHG.CO2.LU.MT.CE.AR5",0,2.761
"14582","YR2001","SSD","EN.GHG.CO2.LU.FL.MT.CE.AR5",0,-25.341
"14583","YR2001","SSD","EN.GHG.CO2.LU.DF.MT.CE.AR5",0,28.102
"14584","YR2001","SSD","EN.GHG.CO2.LU.OL.MT.CE.AR5",0,0
"14585","YR2002","SSD","EN.GHG.CO2.LU.MT.CE.AR5",0,2.761
"14586","YR2002","SSD","EN.GHG.CO2.LU.FL.MT.CE.AR5",0,-25.341
"14587","YR2002","SSD","EN.GHG.CO2.LU.DF.MT.CE.AR5",0,28.102
"14588","YR2002","SSD","EN.GHG.CO2.LU.OL.MT.CE.AR5",0,0
"14589","YR2003","SSD","EN.GHG.CO2.LU.MT.CE.AR5",0,2.761
"14590","YR2003","SSD","EN.GHG.CO2.LU.FL.MT.CE.AR5",0,-25.341
"14591","YR2003","SSD","EN.GHG.CO2.LU.DF.MT.CE.AR5",0,28.102
"14592","YR2003","SSD","EN.GHG.CO2.LU.OL.MT.CE.AR5",0,0
"14593","YR2004","SSD","EN.GHG.CO2.LU.MT.CE.AR5",0,2.761
"14594","YR2004","SSD","EN.GHG.CO2.LU.FL.MT.CE.AR5",0,-25.341
"14595","YR2004","SSD","EN.GHG.CO2.LU.DF.MT.CE.AR5",0,28.102
"14596","YR2004","SSD","EN.GHG.CO2.LU.OL.MT.CE.AR5",0,0
"14597","YR2005","SSD","EN.GHG.CO2.LU.MT.CE.AR5",0,2.761
"14598","YR2005","SSD","EN.GHG.CO2.LU.FL.MT.CE.AR5",0,-25.341
"14599","YR2005","SSD","EN.GHG.CO2.LU.DF.MT.CE.AR5",0,28.102
"14600","YR2005","SSD","EN.GHG.CO2.LU.OL.MT.CE.AR5",0,0
"14601","YR2006","SSD","EN.GHG.CO2.LU.MT.CE.AR5",0,2.761
"14602","YR2006","SSD","EN.GHG.CO2.LU.FL.MT.CE.AR5",0,-25.341
"14603","YR2006","SSD","EN.GHG.CO2.LU.DF.MT.CE.AR5",0,28.102
"14604","YR2006","SSD","EN.GHG.CO2.LU.OL.MT.CE.AR5",0,0
"14605","YR2007","SSD","EN.GHG.CO2.LU.MT.CE.AR5",0,2.761
"14606","YR2007","SSD","EN.GHG.CO2.LU.FL.MT.CE.AR5",0,-25.341
"14607","YR2007","SSD","EN.GHG.CO2.LU.DF.MT.CE.AR5",0,28.102
"14608","YR2007","SSD","EN.GHG.CO2.LU.OL.MT.CE.AR5",0,0
"14609","YR2008","SSD","EN.GHG.CO2.LU.MT.CE.AR5",0,2.761
"14610","YR2008","SSD","EN.GHG.CO2.LU.FL.MT.CE.AR5",0,-25.341
"14611","YR2008","SSD","EN.GHG.CO2.LU.DF.MT.CE.AR5",0,28.102
"14612","YR2008","SSD","EN.GHG.CO2.LU.OL.MT.CE.AR5",0,0
"14613","YR2009","SSD","EN.GHG.CO2.LU.MT.CE.AR5",0,2.761
"14614","YR2009","SSD","EN.GHG.CO2.LU.FL.MT.CE.AR5",0,-25.341
"14615","YR2009","SSD","EN.GHG.CO2.LU.DF.MT.CE.AR5",0,28.102
"14616","YR2009","SSD","EN.GHG.CO2.LU.OL.MT.CE.AR5",0,0
"14617","YR2010","SSD","EN.GHG.CO2.LU.MT.CE.AR5",0,2.761
"14618","YR2010","SSD","EN.GHG.CO2.LU.FL.MT.CE.AR5",0,-25.341
"14619","YR2010","SSD","EN.GHG.CO2.LU.DF.MT.CE.AR5",0,28.102
"14620","YR2010","SSD","EN.GHG.CO2.LU.OL.MT.CE.AR5",0,0
"14621","YR2011","SSD","EN.GHG.CO2.LU.MT.CE.AR5",0,2.761
"14622","YR2011","SSD","EN.GHG.CO2.LU.FL.MT.CE.AR5",0,-25.341
"14623","YR2011","SSD","EN.GHG.CO2.LU.DF.MT.CE.AR5",0,28.102
"14624","YR2011","SSD","EN.GHG.CO2.LU.OL.MT.CE.AR5",0,0
"14625","YR2012","SSD","EN.GHG.CO2.LU.MT.CE.AR5",0,2.761
"14626","YR2012","SSD","EN.GHG.CO2.LU.FL.MT.CE.AR5",0,-25.341
"14627","YR2012","SSD","EN.GHG.CO2.LU.DF.MT.CE.AR5",0,28.102
"14628","YR2012","SSD","EN.GHG.CO2.LU.OL.MT.CE.AR5",0,0
"14629","YR2013","SSD","EN.GHG.CO2.LU.MT.CE.AR5",0,2.761
"14630","YR2013","SSD","EN.GHG.CO2.LU.FL.MT.CE.AR5",0,-25.341
"14631","YR2013","SSD","EN.GHG.CO2.LU.DF.MT.CE.AR5",0,28.102
"14632","YR2013","SSD","EN.GHG.CO2.LU.OL.MT.CE.AR5",0,0
"14633","YR2014","SSD","EN.GHG.CO2.LU.MT.CE.AR5",0,2.761
"14634","YR2014","SSD","EN.GHG.CO2.LU.FL.MT.CE.AR5",0,-25.341
"14635","YR2014","SSD","EN.GHG.CO2.LU.DF.MT.CE.AR5",0,28.102
"14636","YR2014","SSD","EN.GHG.CO2.LU.OL.MT.CE.AR5",0,0
"14637","YR2015","SSD","EN.GHG.CO2.LU.MT.CE.AR5",0,2.761
"14638","YR2015","SSD","EN.GHG.CO2.LU.FL.MT.CE.AR5",0,-25.341
"14639","YR2015","SSD","EN.GHG.CO2.LU.DF.MT.CE.AR5",0,28.102
"14640","YR2015","SSD","EN.GHG.CO2.LU.OL.MT.CE.AR5",0,0
"14641","YR2016","SSD","EN.GHG.CO2.LU.MT.CE.AR5",0,2.761
"14642","YR2016","SSD","EN.GHG.CO2.LU.FL.MT.CE.AR5",0,-25.341
"14643","YR2016","SSD","EN.GHG.CO2.LU.DF.MT.CE.AR5",0,28.102
"14644","YR2016","SSD","EN.GHG.CO2.LU.OL.MT.CE.AR5",0,0
"14645","YR2017","SSD","EN.GHG.CO2.LU.MT.CE.AR5",0,2.761
"14646","YR2017","SSD","EN.GHG.CO2.LU.FL.MT.CE.AR5",0,-25.341
"14647","YR2017","SSD","EN.GHG.CO2.LU.DF.MT.CE.AR5",0,28.102
"14648","YR2017","SSD","EN.GHG.CO2.LU.OL.MT.CE.AR5",0,0
"14649","YR2018","SSD","EN.GHG.CO2.LU.MT.CE.AR5",0,2.761
"14650","YR2018","SSD","EN.GHG.CO2.LU.FL.MT.CE.AR5",0,-25.341
"14651","YR2018","SSD","EN.GHG.CO2.LU.DF.MT.CE.AR5",0,28.102
"14652","YR2018","SSD","EN.GHG.CO2.LU.OL.MT.CE.AR5",0,0
"14653","YR2019","SSD","EN.GHG.CO2.LU.MT.CE.AR5",0,2.761
"14654","YR2019","SSD","EN.GHG.CO2.LU.FL.MT.CE.AR5",0,-25.341
"14655","YR2019","SSD","EN.GHG.CO2.LU.DF.MT.CE.AR5",0,28.102
"14656","YR2019","SSD","EN.GHG.CO2.LU.OL.MT.CE.AR5",0,0
"14657","YR2020","SSD","EN.GHG.CO2.LU.MT.CE.AR5",0,2.761
"14658","YR2020","SSD","EN.GHG.CO2.LU.FL.MT.CE.AR5",0,-25.341
"14659","YR2020","SSD","EN.GHG.CO2.LU.DF.MT.CE.AR5",0,28.102
"14660","YR2020","SSD","EN.GHG.CO2.LU.OL.MT.CE.AR5",0,0
"14661","YR2021","SSD","EN.GHG.CO2.LU.MT.CE.AR5",0,2.761
"14662","YR2021","SSD","EN.GHG.CO2.LU.FL.MT.CE.AR5",0,-25.341
"14663","YR2021","SSD","EN.GHG.CO2.LU.DF.MT.CE.AR5",0,28.102
"14664","YR2021","SSD","EN.GHG.CO2.LU.OL.MT.CE.AR5",0,0
"14665","YR2022","SSD","EN.GHG.CO2.LU.MT.CE.AR5",0,2.761
"14666","YR2022","SSD","EN.GHG.CO2.LU.FL.MT.CE.AR5",0,-25.341
"14667","YR2022","SSD","EN.GHG.CO2.LU.DF.MT.CE.AR5",0,28.102
"14668","YR2022","SSD","EN.GHG.CO2.LU.OL.MT.CE.AR5",0,0
"14669","YR2023","SSD","EN.GHG.CO2.LU.MT.CE.AR5",0,2.761
"14670","YR2023","SSD","EN.GHG.CO2.LU.FL.MT.CE.AR5",0,-25.341
"14671","YR2023","SSD","EN.GHG.CO2.LU.DF.MT.CE.AR5",0,28.102
"14672","YR2023","SSD","EN.GHG.CO2.LU.OL.MT.CE.AR5",0,0
"14673","YR2000","LKA","EN.GHG.CO2.LU.MT.CE.AR5",0,-23.2147
"14674","YR2000","LKA","EN.GHG.CO2.LU.FL.MT.CE.AR5",0,-7.5246
"14675","YR2000","LKA","EN.GHG.CO2.LU.DF.MT.CE.AR5",0,0.075
"14676","YR2000","LKA","EN.GHG.CO2.LU.OL.MT.CE.AR5",0,-15.7651
"14677","YR2001","LKA","EN.GHG.CO2.LU.MT.CE.AR5",0,-22.9617
"14678","YR2001","LKA","EN.GHG.CO2.LU.FL.MT.CE.AR5",0,-7.1992
"14679","YR2001","LKA","EN.GHG.CO2.LU.DF.MT.CE.AR5",0,0.074
"14680","YR2001","LKA","EN.GHG.CO2.LU.OL.MT.CE.AR5",0,-15.8365
"14681","YR2002","LKA","EN.GHG.CO2.LU.MT.CE.AR5",0,-20.8055
"14682","YR2002","LKA","EN.GHG.CO2.LU.FL.MT.CE.AR5",0,-6.3104
"14683","YR2002","LKA","EN.GHG.CO2.LU.DF.MT.CE.AR5",0,0.1058
"14684","YR2002","LKA","EN.GHG.CO2.LU.OL.MT.CE.AR5",0,-14.6009
"14685","YR2003","LKA","EN.GHG.CO2.LU.MT.CE.AR5",0,-20.4807
"14686","YR2003","LKA","EN.GHG.CO2.LU.FL.MT.CE.AR5",0,-5.8511
"14687","YR2003","LKA","EN.GHG.CO2.LU.DF.MT.CE.AR5",0,0.1378
"14688","YR2003","LKA","EN.GHG.CO2.LU.OL.MT.CE.AR5",0,-14.7674
"14689","YR2004","LKA","EN.GHG.CO2.LU.MT.CE.AR5",0,-19.6152
"14690","YR2004","LKA","EN.GHG.CO2.LU.FL.MT.CE.AR5",0,-4.983
"14691","YR2004","LKA","EN.GHG.CO2.LU.DF.MT.CE.AR5",0,0.0768
"14692","YR2004","LKA","EN.GHG.CO2.LU.OL.MT.CE.AR5",0,-14.709
"14693","YR2005","LKA","EN.GHG.CO2.LU.MT.CE.AR5",0,-19.5121
"14694","YR2005","LKA","EN.GHG.CO2.LU.FL.MT.CE.AR5",0,-4.4139
"14695","YR2005","LKA","EN.GHG.CO2.LU.DF.MT.CE.AR5",0,0.1446
"14696","YR2005","LKA","EN.GHG.CO2.LU.OL.MT.CE.AR5",0,-15.2428
"14697","YR2006","LKA","EN.GHG.CO2.LU.MT.CE.AR5",0,-19.874
"14698","YR2006","LKA","EN.GHG.CO2.LU.FL.MT.CE.AR5",0,-4.4936
"14699","YR2006","LKA","EN.GHG.CO2.LU.DF.MT.CE.AR5",0,0.2537
"14700","YR2006","LKA","EN.GHG.CO2.LU.OL.MT.CE.AR5",0,-15.6341
"14701","YR2007","LKA","EN.GHG.CO2.LU.MT.CE.AR5",0,-18.666
"14702","YR2007","LKA","EN.GHG.CO2.LU.FL.MT.CE.AR5",0,-3.6162
"14703","YR2007","LKA","EN.GHG.CO2.LU.DF.MT.CE.AR5",0,0.3038
"14704","YR2007","LKA","EN.GHG.CO2.LU.OL.MT.CE.AR5",0,-15.3537
"14705","YR2008","LKA","EN.GHG.CO2.LU.MT.CE.AR5",0,-18.3114
"14706","YR2008","LKA","EN.GHG.CO2.LU.FL.MT.CE.AR5",0,-2.9804
"14707","YR2008","LKA","EN.GHG.CO2.LU.DF.MT.CE.AR5",0,0.425
"14708","YR2008","LKA","EN.GHG.CO2.LU.OL.MT.CE.AR5",0,-15.7561
"14709","YR2009","LKA","EN.GHG.CO2.LU.MT.CE.AR5",0,-18.2865
"14710","YR2009","LKA","EN.GHG.CO2.LU.FL.MT.CE.AR5",0,-2.6532
"14711","YR2009","LKA","EN.GHG.CO2.LU.DF.MT.CE.AR5",0,0.2572
"14712","YR2009","LKA","EN.GHG.CO2.LU.OL.MT.CE.AR5",0,-15.8906
"14713","YR2010","LKA","EN.GHG.CO2.LU.MT.CE.AR5",0,-18.4839
"14714","YR2010","LKA","EN.GHG.CO2.LU.FL.MT.CE.AR5",0,-2.8319
"14715","YR2010","LKA","EN.GHG.CO2.LU.DF.MT.CE.AR5",0,0.3861
"14716","YR2010","LKA","EN.GHG.CO2.LU.OL.MT.CE.AR5",0,-16.0382
"14717","YR2011","LKA","EN.GHG.CO2.LU.MT.CE.AR5",0,-18.4839
"14718","YR2011","LKA","EN.GHG.CO2.LU.FL.MT.CE.AR5",0,-2.8319
"14719","YR2011","LKA","EN.GHG.CO2.LU.DF.MT.CE.AR5",0,0.3861
"14720","YR2011","LKA","EN.GHG.CO2.LU.OL.MT.CE.AR5",0,-16.0382
"14721","YR2012","LKA","EN.GHG.CO2.LU.MT.CE.AR5",0,-18.4839
"14722","YR2012","LKA","EN.GHG.CO2.LU.FL.MT.CE.AR5",0,-2.8319
"14723","YR2012","LKA","EN.GHG.CO2.LU.DF.MT.CE.AR5",0,0.3861
"14724","YR2012","LKA","EN.GHG.CO2.LU.OL.MT.CE.AR5",0,-16.0382
"14725","YR2013","LKA","EN.GHG.CO2.LU.MT.CE.AR5",0,-18.4839
"14726","YR2013","LKA","EN.GHG.CO2.LU.FL.MT.CE.AR5",0,-2.8319
"14727","YR2013","LKA","EN.GHG.CO2.LU.DF.MT.CE.AR5",0,0.3861
"14728","YR2013","LKA","EN.GHG.CO2.LU.OL.MT.CE.AR5",0,-16.0382
"14729","YR2014","LKA","EN.GHG.CO2.LU.MT.CE.AR5",0,-18.4839
"14730","YR2014","LKA","EN.GHG.CO2.LU.FL.MT.CE.AR5",0,-2.8319
"14731","YR2014","LKA","EN.GHG.CO2.LU.DF.MT.CE.AR5",0,0.3861
"14732","YR2014","LKA","EN.GHG.CO2.LU.OL.MT.CE.AR5",0,-16.0382
"14733","YR2015","LKA","EN.GHG.CO2.LU.MT.CE.AR5",0,-18.4839
"14734","YR2015","LKA","EN.GHG.CO2.LU.FL.MT.CE.AR5",0,-2.8319
"14735","YR2015","LKA","EN.GHG.CO2.LU.DF.MT.CE.AR5",0,0.3861
"14736","YR2015","LKA","EN.GHG.CO2.LU.OL.MT.CE.AR5",0,-16.0382
"14737","YR2016","LKA","EN.GHG.CO2.LU.MT.CE.AR5",0,-18.4839
"14738","YR2016","LKA","EN.GHG.CO2.LU.FL.MT.CE.AR5",0,-2.8319
"14739","YR2016","LKA","EN.GHG.CO2.LU.DF.MT.CE.AR5",0,0.3861
"14740","YR2016","LKA","EN.GHG.CO2.LU.OL.MT.CE.AR5",0,-16.0382
"14741","YR2017","LKA","EN.GHG.CO2.LU.MT.CE.AR5",0,-18.4839
"14742","YR2017","LKA","EN.GHG.CO2.LU.FL.MT.CE.AR5",0,-2.8319
"14743","YR2017","LKA","EN.GHG.CO2.LU.DF.MT.CE.AR5",0,0.3861
"14744","YR2017","LKA","EN.GHG.CO2.LU.OL.MT.CE.AR5",0,-16.0382
"14745","YR2018","LKA","EN.GHG.CO2.LU.MT.CE.AR5",0,-18.4839
"14746","YR2018","LKA","EN.GHG.CO2.LU.FL.MT.CE.AR5",0,-2.8319
"14747","YR2018","LKA","EN.GHG.CO2.LU.DF.MT.CE.AR5",0,0.3861
"14748","YR2018","LKA","EN.GHG.CO2.LU.OL.MT.CE.AR5",0,-16.0382
"14749","YR2019","LKA","EN.GHG.CO2.LU.MT.CE.AR5",0,-18.4839
"14750","YR2019","LKA","EN.GHG.CO2.LU.FL.MT.CE.AR5",0,-2.8319
"14751","YR2019","LKA","EN.GHG.CO2.LU.DF.MT.CE.AR5",0,0.3861
"14752","YR2019","LKA","EN.GHG.CO2.LU.OL.MT.CE.AR5",0,-16.0382
"14753","YR2020","LKA","EN.GHG.CO2.LU.MT.CE.AR5",0,-18.4839
"14754","YR2020","LKA","EN.GHG.CO2.LU.FL.MT.CE.AR5",0,-2.8319
"14755","YR2020","LKA","EN.GHG.CO2.LU.DF.MT.CE.AR5",0,0.3861
"14756","YR2020","LKA","EN.GHG.CO2.LU.OL.MT.CE.AR5",0,-16.0382
"14757","YR2021","LKA","EN.GHG.CO2.LU.MT.CE.AR5",0,-18.4839
"14758","YR2021","LKA","EN.GHG.CO2.LU.FL.MT.CE.AR5",0,-2.8319
"14759","YR2021","LKA","EN.GHG.CO2.LU.DF.MT.CE.AR5",0,0.3861
"14760","YR2021","LKA","EN.GHG.CO2.LU.OL.MT.CE.AR5",0,-16.0382
"14761","YR2022","LKA","EN.GHG.CO2.LU.MT.CE.AR5",0,-18.4839
"14762","YR2022","LKA","EN.GHG.CO2.LU.FL.MT.CE.AR5",0,-2.8319
"14763","YR2022","LKA","EN.GHG.CO2.LU.DF.MT.CE.AR5",0,0.3861
"14764","YR2022","LKA","EN.GHG.CO2.LU.OL.MT.CE.AR5",0,-16.0382
"14765","YR2023","LKA","EN.GHG.CO2.LU.MT.CE.AR5",0,-18.4839
"14766","YR2023","LKA","EN.GHG.CO2.LU.FL.MT.CE.AR5",0,-2.8319
"14767","YR2023","LKA","EN.GHG.CO2.LU.DF.MT.CE.AR5",0,0.3861
"14768","YR2023","LKA","EN.GHG.CO2.LU.OL.MT.CE.AR5",0,-16.0382
"14769","YR2000","SDN","EN.GHG.CO2.LU.MT.CE.AR5",0,8.018
"14770","YR2000","SDN","EN.GHG.CO2.LU.FL.MT.CE.AR5",0,-15.906
"14771","YR2000","SDN","EN.GHG.CO2.LU.DF.MT.CE.AR5",0,23.924
"14772","YR2001","SDN","EN.GHG.CO2.LU.MT.CE.AR5",0,8.018
"14773","YR2001","SDN","EN.GHG.CO2.LU.FL.MT.CE.AR5",0,-15.906
"14774","YR2001","SDN","EN.GHG.CO2.LU.DF.MT.CE.AR5",0,23.924
"14775","YR2002","SDN","EN.GHG.CO2.LU.MT.CE.AR5",0,8.018
"14776","YR2002","SDN","EN.GHG.CO2.LU.FL.MT.CE.AR5",0,-15.906
"14777","YR2002","SDN","EN.GHG.CO2.LU.DF.MT.CE.AR5",0,23.924
"14778","YR2003","SDN","EN.GHG.CO2.LU.MT.CE.AR5",0,8.018
"14779","YR2003","SDN","EN.GHG.CO2.LU.FL.MT.CE.AR5",0,-15.906
"14780","YR2003","SDN","EN.GHG.CO2.LU.DF.MT.CE.AR5",0,23.924
"14781","YR2004","SDN","EN.GHG.CO2.LU.MT.CE.AR5",0,8.018
"14782","YR2004","SDN","EN.GHG.CO2.LU.FL.MT.CE.AR5",0,-15.906
"14783","YR2004","SDN","EN.GHG.CO2.LU.DF.MT.CE.AR5",0,23.924
"14784","YR2005","SDN","EN.GHG.CO2.LU.MT.CE.AR5",0,8.018
"14785","YR2005","SDN","EN.GHG.CO2.LU.FL.MT.CE.AR5",0,-15.906
"14786","YR2005","SDN","EN.GHG.CO2.LU.DF.MT.CE.AR5",0,23.924
"14787","YR2006","SDN","EN.GHG.CO2.LU.MT.CE.AR5",0,8.018
"14788","YR2006","SDN","EN.GHG.CO2.LU.FL.MT.CE.AR5",0,-15.906
"14789","YR2006","SDN","EN.GHG.CO2.LU.DF.MT.CE.AR5",0,23.924
"14790","YR2007","SDN","EN.GHG.CO2.LU.MT.CE.AR5",0,8.018
"14791","YR2007","SDN","EN.GHG.CO2.LU.FL.MT.CE.AR5",0,-15.906
"14792","YR2007","SDN","EN.GHG.CO2.LU.DF.MT.CE.AR5",0,23.924
"14793","YR2008","SDN","EN.GHG.CO2.LU.MT.CE.AR5",0,8.018
"14794","YR2008","SDN","EN.GHG.CO2.LU.FL.MT.CE.AR5",0,-15.906
"14795","YR2008","SDN","EN.GHG.CO2.LU.DF.MT.CE.AR5",0,23.924
"14796","YR2009","SDN","EN.GHG.CO2.LU.MT.CE.AR5",0,8.018
"14797","YR2009","SDN","EN.GHG.CO2.LU.FL.MT.CE.AR5",0,-15.906
"14798","YR2009","SDN","EN.GHG.CO2.LU.DF.MT.CE.AR5",0,23.924
"14799","YR2010","SDN","EN.GHG.CO2.LU.MT.CE.AR5",0,8.018
"14800","YR2010","SDN","EN.GHG.CO2.LU.FL.MT.CE.AR5",0,-15.906
"14801","YR2010","SDN","EN.GHG.CO2.LU.DF.MT.CE.AR5",0,23.924
"14802","YR2011","SDN","EN.GHG.CO2.LU.MT.CE.AR5",0,8.018
"14803","YR2011","SDN","EN.GHG.CO2.LU.FL.MT.CE.AR5",0,-15.906
"14804","YR2011","SDN","EN.GHG.CO2.LU.DF.MT.CE.AR5",0,23.924
"14805","YR2012","SDN","EN.GHG.CO2.LU.MT.CE.AR5",0,8.018
"14806","YR2012","SDN","EN.GHG.CO2.LU.FL.MT.CE.AR5",0,-15.906
"14807","YR2012","SDN","EN.GHG.CO2.LU.DF.MT.CE.AR5",0,23.924
"14808","YR2013","SDN","EN.GHG.CO2.LU.MT.CE.AR5",0,8.018
"14809","YR2013","SDN","EN.GHG.CO2.LU.FL.MT.CE.AR5",0,-15.906
"14810","YR2013","SDN","EN.GHG.CO2.LU.DF.MT.CE.AR5",0,23.924
"14811","YR2014","SDN","EN.GHG.CO2.LU.MT.CE.AR5",0,8.018
"14812","YR2014","SDN","EN.GHG.CO2.LU.FL.MT.CE.AR5",0,-15.906
"14813","YR2014","SDN","EN.GHG.CO2.LU.DF.MT.CE.AR5",0,23.924
"14814","YR2015","SDN","EN.GHG.CO2.LU.MT.CE.AR5",0,8.018
"14815","YR2015","SDN","EN.GHG.CO2.LU.FL.MT.CE.AR5",0,-15.906
"14816","YR2015","SDN","EN.GHG.CO2.LU.DF.MT.CE.AR5",0,23.924
"14817","YR2016","SDN","EN.GHG.CO2.LU.MT.CE.AR5",0,8.018
"14818","YR2016","SDN","EN.GHG.CO2.LU.FL.MT.CE.AR5",0,-15.906
"14819","YR2016","SDN","EN.GHG.CO2.LU.DF.MT.CE.AR5",0,23.924
"14820","YR2017","SDN","EN.GHG.CO2.LU.MT.CE.AR5",0,8.018
"14821","YR2017","SDN","EN.GHG.CO2.LU.FL.MT.CE.AR5",0,-15.906
"14822","YR2017","SDN","EN.GHG.CO2.LU.DF.MT.CE.AR5",0,23.924
"14823","YR2018","SDN","EN.GHG.CO2.LU.MT.CE.AR5",0,8.018
"14824","YR2018","SDN","EN.GHG.CO2.LU.FL.MT.CE.AR5",0,-15.906
"14825","YR2018","SDN","EN.GHG.CO2.LU.DF.MT.CE.AR5",0,23.924
"14826","YR2019","SDN","EN.GHG.CO2.LU.MT.CE.AR5",0,8.018
"14827","YR2019","SDN","EN.GHG.CO2.LU.FL.MT.CE.AR5",0,-15.906
"14828","YR2019","SDN","EN.GHG.CO2.LU.DF.MT.CE.AR5",0,23.924
"14829","YR2020","SDN","EN.GHG.CO2.LU.MT.CE.AR5",0,8.018
"14830","YR2020","SDN","EN.GHG.CO2.LU.FL.MT.CE.AR5",0,-15.906
"14831","YR2020","SDN","EN.GHG.CO2.LU.DF.MT.CE.AR5",0,23.924
"14832","YR2021","SDN","EN.GHG.CO2.LU.MT.CE.AR5",0,8.018
"14833","YR2021","SDN","EN.GHG.CO2.LU.FL.MT.CE.AR5",0,-15.906
"14834","YR2021","SDN","EN.GHG.CO2.LU.DF.MT.CE.AR5",0,23.924
"14835","YR2022","SDN","EN.GHG.CO2.LU.MT.CE.AR5",0,8.018
"14836","YR2022","SDN","EN.GHG.CO2.LU.FL.MT.CE.AR5",0,-15.906
"14837","YR2022","SDN","EN.GHG.CO2.LU.DF.MT.CE.AR5",0,23.924
"14838","YR2023","SDN","EN.GHG.CO2.LU.MT.CE.AR5",0,8.018
"14839","YR2023","SDN","EN.GHG.CO2.LU.FL.MT.CE.AR5",0,-15.906
"14840","YR2023","SDN","EN.GHG.CO2.LU.DF.MT.CE.AR5",0,23.924
"14841","YR2000","SUR","EN.GHG.CO2.LU.MT.CE.AR5",0,-4.1255
"14842","YR2000","SUR","EN.GHG.CO2.LU.FL.MT.CE.AR5",0,-6.449
"14843","YR2000","SUR","EN.GHG.CO2.LU.DF.MT.CE.AR5",0,1.8968
"14844","YR2000","SUR","EN.GHG.CO2.LU.OL.MT.CE.AR5",0,0.4267
"14845","YR2001","SUR","EN.GHG.CO2.LU.MT.CE.AR5",0,-4.1255
"14846","YR2001","SUR","EN.GHG.CO2.LU.FL.MT.CE.AR5",0,-6.449
"14847","YR2001","SUR","EN.GHG.CO2.LU.DF.MT.CE.AR5",0,1.8968
"14848","YR2001","SUR","EN.GHG.CO2.LU.OL.MT.CE.AR5",0,0.4267
"14849","YR2002","SUR","EN.GHG.CO2.LU.MT.CE.AR5",0,-5.5504
"14850","YR2002","SUR","EN.GHG.CO2.LU.FL.MT.CE.AR5",0,-7.7484
"14851","YR2002","SUR","EN.GHG.CO2.LU.DF.MT.CE.AR5",0,1.9244
"14852","YR2002","SUR","EN.GHG.CO2.LU.OL.MT.CE.AR5",0,0.2736
"14853","YR2003","SUR","EN.GHG.CO2.LU.MT.CE.AR5",0,-6.9243
"14854","YR2003","SUR","EN.GHG.CO2.LU.FL.MT.CE.AR5",0,-8.9951
"14855","YR2003","SUR","EN.GHG.CO2.LU.DF.MT.CE.AR5",0,1.9521
"14856","YR2003","SUR","EN.GHG.CO2.LU.OL.MT.CE.AR5",0,0.1187
"14857","YR2004","SUR","EN.GHG.CO2.LU.MT.CE.AR5",0,-8.2878
"14858","YR2004","SUR","EN.GHG.CO2.LU.FL.MT.CE.AR5",0,-10.2296
"14859","YR2004","SUR","EN.GHG.CO2.LU.DF.MT.CE.AR5",0,1.9797
"14860","YR2004","SUR","EN.GHG.CO2.LU.OL.MT.CE.AR5",0,-0.0379
"14861","YR2005","SUR","EN.GHG.CO2.LU.MT.CE.AR5",0,-9.5621
"14862","YR2005","SUR","EN.GHG.CO2.LU.FL.MT.CE.AR5",0,-11.3731
"14863","YR2005","SUR","EN.GHG.CO2.LU.DF.MT.CE.AR5",0,2.0073
"14864","YR2005","SUR","EN.GHG.CO2.LU.OL.MT.CE.AR5",0,-0.1963
"14865","YR2006","SUR","EN.GHG.CO2.LU.MT.CE.AR5",0,-10.8861
"14866","YR2006","SUR","EN.GHG.CO2.LU.FL.MT.CE.AR5",0,-12.5647
"14867","YR2006","SUR","EN.GHG.CO2.LU.DF.MT.CE.AR5",0,2.035
"14868","YR2006","SUR","EN.GHG.CO2.LU.OL.MT.CE.AR5",0,-0.3564
"14869","YR2007","SUR","EN.GHG.CO2.LU.MT.CE.AR5",0,-12.4129
"14870","YR2007","SUR","EN.GHG.CO2.LU.FL.MT.CE.AR5",0,-13.9574
"14871","YR2007","SUR","EN.GHG.CO2.LU.DF.MT.CE.AR5",0,2.0626
"14872","YR2007","SUR","EN.GHG.CO2.LU.OL.MT.CE.AR5",0,-0.5182
"14873","YR2008","SUR","EN.GHG.CO2.LU.MT.CE.AR5",0,-13.5814
"14874","YR2008","SUR","EN.GHG.CO2.LU.FL.MT.CE.AR5",0,-15.0509
"14875","YR2008","SUR","EN.GHG.CO2.LU.DF.MT.CE.AR5",0,2.0902
"14876","YR2008","SUR","EN.GHG.CO2.LU.OL.MT.CE.AR5",0,-0.6208
"14877","YR2009","SUR","EN.GHG.CO2.LU.MT.CE.AR5",0,-14.9843
"14878","YR2009","SUR","EN.GHG.CO2.LU.FL.MT.CE.AR5",0,-16.2553
"14879","YR2009","SUR","EN.GHG.CO2.LU.DF.MT.CE.AR5",0,2.1179
"14880","YR2009","SUR","EN.GHG.CO2.LU.OL.MT.CE.AR5",0,-0.847
"14881","YR2010","SUR","EN.GHG.CO2.LU.MT.CE.AR5",0,-12.8721
"14882","YR2010","SUR","EN.GHG.CO2.LU.FL.MT.CE.AR5",0,-17.8741
"14883","YR2010","SUR","EN.GHG.CO2.LU.DF.MT.CE.AR5",0,5.9355
"14884","YR2010","SUR","EN.GHG.CO2.LU.OL.MT.CE.AR5",0,-0.9335
"14885","YR2011","SUR","EN.GHG.CO2.LU.MT.CE.AR5",0,-13.4956
"14886","YR2011","SUR","EN.GHG.CO2.LU.FL.MT.CE.AR5",0,-18.4237
"14887","YR2011","SUR","EN.GHG.CO2.LU.DF.MT.CE.AR5",0,6.0132
"14888","YR2011","SUR","EN.GHG.CO2.LU.OL.MT.CE.AR5",0,-1.0851
"14889","YR2012","SUR","EN.GHG.CO2.LU.MT.CE.AR5",0,-14.3766
"14890","YR2012","SUR","EN.GHG.CO2.LU.FL.MT.CE.AR5",0,-19.2306
"14891","YR2012","SUR","EN.GHG.CO2.LU.DF.MT.CE.AR5",0,6.0909
"14892","YR2012","SUR","EN.GHG.CO2.LU.OL.MT.CE.AR5",0,-1.2369
"14893","YR2013","SUR","EN.GHG.CO2.LU.MT.CE.AR5",0,-15.8337
"14894","YR2013","SUR","EN.GHG.CO2.LU.FL.MT.CE.AR5",0,-20.6136
"14895","YR2013","SUR","EN.GHG.CO2.LU.DF.MT.CE.AR5",0,6.1686
"14896","YR2013","SUR","EN.GHG.CO2.LU.OL.MT.CE.AR5",0,-1.3887
"14897","YR2014","SUR","EN.GHG.CO2.LU.MT.CE.AR5",0,-8.2503
"14898","YR2014","SUR","EN.GHG.CO2.LU.FL.MT.CE.AR5",0,-20.7076
"14899","YR2014","SUR","EN.GHG.CO2.LU.DF.MT.CE.AR5",0,13.998
"14900","YR2014","SUR","EN.GHG.CO2.LU.OL.MT.CE.AR5",0,-1.5407
"14901","YR2015","SUR","EN.GHG.CO2.LU.MT.CE.AR5",0,-13.8611
"14902","YR2015","SUR","EN.GHG.CO2.LU.FL.MT.CE.AR5",0,-21.6628
"14903","YR2015","SUR","EN.GHG.CO2.LU.DF.MT.CE.AR5",0,9.6362
"14904","YR2015","SUR","EN.GHG.CO2.LU.OL.MT.CE.AR5",0,-1.8344
"14905","YR2016","SUR","EN.GHG.CO2.LU.MT.CE.AR5",0,-15.8376
"14906","YR2016","SUR","EN.GHG.CO2.LU.FL.MT.CE.AR5",0,-22.8271
"14907","YR2016","SUR","EN.GHG.CO2.LU.DF.MT.CE.AR5",0,9.0121
"14908","YR2016","SUR","EN.GHG.CO2.LU.OL.MT.CE.AR5",0,-2.0226
"14909","YR2017","SUR","EN.GHG.CO2.LU.MT.CE.AR5",0,-17.7969
"14910","YR2017","SUR","EN.GHG.CO2.LU.FL.MT.CE.AR5",0,-22.7984
"14911","YR2017","SUR","EN.GHG.CO2.LU.DF.MT.CE.AR5",0,7.2128
"14912","YR2017","SUR","EN.GHG.CO2.LU.OL.MT.CE.AR5",0,-2.2113
"14913","YR2018","SUR","EN.GHG.CO2.LU.MT.CE.AR5",0,-17.7969
"14914","YR2018","SUR","EN.GHG.CO2.LU.FL.MT.CE.AR5",0,-22.7984
"14915","YR2018","SUR","EN.GHG.CO2.LU.DF.MT.CE.AR5",0,7.2128
"14916","YR2018","SUR","EN.GHG.CO2.LU.OL.MT.CE.AR5",0,-2.2113
"14917","YR2019","SUR","EN.GHG.CO2.LU.MT.CE.AR5",0,-17.7969
"14918","YR2019","SUR","EN.GHG.CO2.LU.FL.MT.CE.AR5",0,-22.7984
"14919","YR2019","SUR","EN.GHG.CO2.LU.DF.MT.CE.AR5",0,7.2128
"14920","YR2019","SUR","EN.GHG.CO2.LU.OL.MT.CE.AR5",0,-2.2113
"14921","YR2020","SUR","EN.GHG.CO2.LU.MT.CE.AR5",0,-17.7969
"14922","YR2020","SUR","EN.GHG.CO2.LU.FL.MT.CE.AR5",0,-22.7984
"14923","YR2020","SUR","EN.GHG.CO2.LU.DF.MT.CE.AR5",0,7.2128
"14924","YR2020","SUR","EN.GHG.CO2.LU.OL.MT.CE.AR5",0,-2.2113
"14925","YR2021","SUR","EN.GHG.CO2.LU.MT.CE.AR5",0,-17.7969
"14926","YR2021","SUR","EN.GHG.CO2.LU.FL.MT.CE.AR5",0,-22.7984
"14927","YR2021","SUR","EN.GHG.CO2.LU.DF.MT.CE.AR5",0,7.2128
"14928","YR2021","SUR","EN.GHG.CO2.LU.OL.MT.CE.AR5",0,-2.2113
"14929","YR2022","SUR","EN.GHG.CO2.LU.MT.CE.AR5",0,-17.7969
"14930","YR2022","SUR","EN.GHG.CO2.LU.FL.MT.CE.AR5",0,-22.7984
"14931","YR2022","SUR","EN.GHG.CO2.LU.DF.MT.CE.AR5",0,7.2128
"14932","YR2022","SUR","EN.GHG.CO2.LU.OL.MT.CE.AR5",0,-2.2113
"14933","YR2023","SUR","EN.GHG.CO2.LU.MT.CE.AR5",0,-17.7969
"14934","YR2023","SUR","EN.GHG.CO2.LU.FL.MT.CE.AR5",0,-22.7984
"14935","YR2023","SUR","EN.GHG.CO2.LU.DF.MT.CE.AR5",0,7.2128
"14936","YR2023","SUR","EN.GHG.CO2.LU.OL.MT.CE.AR5",0,-2.2113
"14937","YR2000","SWZ","EN.GHG.CO2.LU.MT.CE.AR5",0,-3.735
"14938","YR2000","SWZ","EN.GHG.CO2.LU.FL.MT.CE.AR5",0,-4.226
"14939","YR2000","SWZ","EN.GHG.CO2.LU.DF.MT.CE.AR5",0,0.491
"14940","YR2001","SWZ","EN.GHG.CO2.LU.MT.CE.AR5",0,-3.7248
"14941","YR2001","SWZ","EN.GHG.CO2.LU.FL.MT.CE.AR5",0,-4.207
"14942","YR2001","SWZ","EN.GHG.CO2.LU.DF.MT.CE.AR5",0,0.4822
"14943","YR2002","SWZ","EN.GHG.CO2.LU.MT.CE.AR5",0,-3.7146
"14944","YR2002","SWZ","EN.GHG.CO2.LU.FL.MT.CE.AR5",0,-4.188
"14945","YR2002","SWZ","EN.GHG.CO2.LU.DF.MT.CE.AR5",0,0.4734
"14946","YR2003","SWZ","EN.GHG.CO2.LU.MT.CE.AR5",0,-3.7044
"14947","YR2003","SWZ","EN.GHG.CO2.LU.FL.MT.CE.AR5",0,-4.169
"14948","YR2003","SWZ","EN.GHG.CO2.LU.DF.MT.CE.AR5",0,0.4646
"14949","YR2004","SWZ","EN.GHG.CO2.LU.MT.CE.AR5",0,-3.6942
"14950","YR2004","SWZ","EN.GHG.CO2.LU.FL.MT.CE.AR5",0,-4.15
"14951","YR2004","SWZ","EN.GHG.CO2.LU.DF.MT.CE.AR5",0,0.4558
"14952","YR2005","SWZ","EN.GHG.CO2.LU.MT.CE.AR5",0,-3.684
"14953","YR2005","SWZ","EN.GHG.CO2.LU.FL.MT.CE.AR5",0,-4.131
"14954","YR2005","SWZ","EN.GHG.CO2.LU.DF.MT.CE.AR5",0,0.447
"14955","YR2006","SWZ","EN.GHG.CO2.LU.MT.CE.AR5",0,-3.6738
"14956","YR2006","SWZ","EN.GHG.CO2.LU.FL.MT.CE.AR5",0,-4.112
"14957","YR2006","SWZ","EN.GHG.CO2.LU.DF.MT.CE.AR5",0,0.4382
"14958","YR2007","SWZ","EN.GHG.CO2.LU.MT.CE.AR5",0,-3.6636
"14959","YR2007","SWZ","EN.GHG.CO2.LU.FL.MT.CE.AR5",0,-4.093
"14960","YR2007","SWZ","EN.GHG.CO2.LU.DF.MT.CE.AR5",0,0.4294
"14961","YR2008","SWZ","EN.GHG.CO2.LU.MT.CE.AR5",0,-3.6534
"14962","YR2008","SWZ","EN.GHG.CO2.LU.FL.MT.CE.AR5",0,-4.074
"14963","YR2008","SWZ","EN.GHG.CO2.LU.DF.MT.CE.AR5",0,0.4206
"14964","YR2009","SWZ","EN.GHG.CO2.LU.MT.CE.AR5",0,-3.6432
"14965","YR2009","SWZ","EN.GHG.CO2.LU.FL.MT.CE.AR5",0,-4.055
"14966","YR2009","SWZ","EN.GHG.CO2.LU.DF.MT.CE.AR5",0,0.4118
"14967","YR2010","SWZ","EN.GHG.CO2.LU.MT.CE.AR5",0,-3.633
"14968","YR2010","SWZ","EN.GHG.CO2.LU.FL.MT.CE.AR5",0,-4.036
"14969","YR2010","SWZ","EN.GHG.CO2.LU.DF.MT.CE.AR5",0,0.403
"14970","YR2011","SWZ","EN.GHG.CO2.LU.MT.CE.AR5",0,-3.633
"14971","YR2011","SWZ","EN.GHG.CO2.LU.FL.MT.CE.AR5",0,-4.036
"14972","YR2011","SWZ","EN.GHG.CO2.LU.DF.MT.CE.AR5",0,0.403
"14973","YR2012","SWZ","EN.GHG.CO2.LU.MT.CE.AR5",0,-3.633
"14974","YR2012","SWZ","EN.GHG.CO2.LU.FL.MT.CE.AR5",0,-4.036
"14975","YR2012","SWZ","EN.GHG.CO2.LU.DF.MT.CE.AR5",0,0.403
"14976","YR2013","SWZ","EN.GHG.CO2.LU.MT.CE.AR5",0,-3.633
"14977","YR2013","SWZ","EN.GHG.CO2.LU.FL.MT.CE.AR5",0,-4.036
"14978","YR2013","SWZ","EN.GHG.CO2.LU.DF.MT.CE.AR5",0,0.403
"14979","YR2014","SWZ","EN.GHG.CO2.LU.MT.CE.AR5",0,-3.633
"14980","YR2014","SWZ","EN.GHG.CO2.LU.FL.MT.CE.AR5",0,-4.036
"14981","YR2014","SWZ","EN.GHG.CO2.LU.DF.MT.CE.AR5",0,0.403
"14982","YR2015","SWZ","EN.GHG.CO2.LU.MT.CE.AR5",0,-3.633
"14983","YR2015","SWZ","EN.GHG.CO2.LU.FL.MT.CE.AR5",0,-4.036
"14984","YR2015","SWZ","EN.GHG.CO2.LU.DF.MT.CE.AR5",0,0.403
"14985","YR2016","SWZ","EN.GHG.CO2.LU.MT.CE.AR5",0,-3.633
"14986","YR2016","SWZ","EN.GHG.CO2.LU.FL.MT.CE.AR5",0,-4.036
"14987","YR2016","SWZ","EN.GHG.CO2.LU.DF.MT.CE.AR5",0,0.403
"14988","YR2017","SWZ","EN.GHG.CO2.LU.MT.CE.AR5",0,-3.633
"14989","YR2017","SWZ","EN.GHG.CO2.LU.FL.MT.CE.AR5",0,-4.036
"14990","YR2017","SWZ","EN.GHG.CO2.LU.DF.MT.CE.AR5",0,0.403
"14991","YR2018","SWZ","EN.GHG.CO2.LU.MT.CE.AR5",0,-3.633
"14992","YR2018","SWZ","EN.GHG.CO2.LU.FL.MT.CE.AR5",0,-4.036
"14993","YR2018","SWZ","EN.GHG.CO2.LU.DF.MT.CE.AR5",0,0.403
"14994","YR2019","SWZ","EN.GHG.CO2.LU.MT.CE.AR5",0,-3.633
"14995","YR2019","SWZ","EN.GHG.CO2.LU.FL.MT.CE.AR5",0,-4.036
"14996","YR2019","SWZ","EN.GHG.CO2.LU.DF.MT.CE.AR5",0,0.403
"14997","YR2020","SWZ","EN.GHG.CO2.LU.MT.CE.AR5",0,-3.633
"14998","YR2020","SWZ","EN.GHG.CO2.LU.FL.MT.CE.AR5",0,-4.036
"14999","YR2020","SWZ","EN.GHG.CO2.LU.DF.MT.CE.AR5",0,0.403
"15000","YR2021","SWZ","EN.GHG.CO2.LU.MT.CE.AR5",0,-3.633
"15001","YR2021","SWZ","EN.GHG.CO2.LU.FL.MT.CE.AR5",0,-4.036
"15002","YR2021","SWZ","EN.GHG.CO2.LU.DF.MT.CE.AR5",0,0.403
"15003","YR2022","SWZ","EN.GHG.CO2.LU.MT.CE.AR5",0,-3.633
"15004","YR2022","SWZ","EN.GHG.CO2.LU.FL.MT.CE.AR5",0,-4.036
"15005","YR2022","SWZ","EN.GHG.CO2.LU.DF.MT.CE.AR5",0,0.403
"15006","YR2023","SWZ","EN.GHG.CO2.LU.MT.CE.AR5",0,-3.633
"15007","YR2023","SWZ","EN.GHG.CO2.LU.FL.MT.CE.AR5",0,-4.036
"15008","YR2023","SWZ","EN.GHG.CO2.LU.DF.MT.CE.AR5",0,0.403
"15009","YR2000","SYR","EN.GHG.CO2.LU.MT.CE.AR5",0,-0.038
"15010","YR2000","SYR","EN.GHG.CO2.LU.FL.MT.CE.AR5",0,-0.038
"15011","YR2000","SYR","EN.GHG.CO2.LU.DF.MT.CE.AR5",0,0
"15012","YR2001","SYR","EN.GHG.CO2.LU.MT.CE.AR5",0,-0.039
"15013","YR2001","SYR","EN.GHG.CO2.LU.FL.MT.CE.AR5",0,-0.039
"15014","YR2001","SYR","EN.GHG.CO2.LU.DF.MT.CE.AR5",0,0
"15015","YR2002","SYR","EN.GHG.CO2.LU.MT.CE.AR5",0,-0.04
"15016","YR2002","SYR","EN.GHG.CO2.LU.FL.MT.CE.AR5",0,-0.04
"15017","YR2002","SYR","EN.GHG.CO2.LU.DF.MT.CE.AR5",0,0
"15018","YR2003","SYR","EN.GHG.CO2.LU.MT.CE.AR5",0,-0.041
"15019","YR2003","SYR","EN.GHG.CO2.LU.FL.MT.CE.AR5",0,-0.041
"15020","YR2003","SYR","EN.GHG.CO2.LU.DF.MT.CE.AR5",0,0
"15021","YR2004","SYR","EN.GHG.CO2.LU.MT.CE.AR5",0,-0.042
"15022","YR2004","SYR","EN.GHG.CO2.LU.FL.MT.CE.AR5",0,-0.042
"15023","YR2004","SYR","EN.GHG.CO2.LU.DF.MT.CE.AR5",0,0
"15024","YR2005","SYR","EN.GHG.CO2.LU.MT.CE.AR5",0,-0.043
"15025","YR2005","SYR","EN.GHG.CO2.LU.FL.MT.CE.AR5",0,-0.043
"15026","YR2005","SYR","EN.GHG.CO2.LU.DF.MT.CE.AR5",0,0
"15027","YR2006","SYR","EN.GHG.CO2.LU.MT.CE.AR5",0,-0.043
"15028","YR2006","SYR","EN.GHG.CO2.LU.FL.MT.CE.AR5",0,-0.043
"15029","YR2006","SYR","EN.GHG.CO2.LU.DF.MT.CE.AR5",0,0
"15030","YR2007","SYR","EN.GHG.CO2.LU.MT.CE.AR5",0,-0.043
"15031","YR2007","SYR","EN.GHG.CO2.LU.FL.MT.CE.AR5",0,-0.043
"15032","YR2007","SYR","EN.GHG.CO2.LU.DF.MT.CE.AR5",0,0
"15033","YR2008","SYR","EN.GHG.CO2.LU.MT.CE.AR5",0,-0.043
"15034","YR2008","SYR","EN.GHG.CO2.LU.FL.MT.CE.AR5",0,-0.043
"15035","YR2008","SYR","EN.GHG.CO2.LU.DF.MT.CE.AR5",0,0
"15036","YR2009","SYR","EN.GHG.CO2.LU.MT.CE.AR5",0,-0.043
"15037","YR2009","SYR","EN.GHG.CO2.LU.FL.MT.CE.AR5",0,-0.043
"15038","YR2009","SYR","EN.GHG.CO2.LU.DF.MT.CE.AR5",0,0
"15039","YR2010","SYR","EN.GHG.CO2.LU.MT.CE.AR5",0,-0.043
"15040","YR2010","SYR","EN.GHG.CO2.LU.FL.MT.CE.AR5",0,-0.043
"15041","YR2010","SYR","EN.GHG.CO2.LU.DF.MT.CE.AR5",0,0
"15042","YR2011","SYR","EN.GHG.CO2.LU.MT.CE.AR5",0,-0.043
"15043","YR2011","SYR","EN.GHG.CO2.LU.FL.MT.CE.AR5",0,-0.043
"15044","YR2011","SYR","EN.GHG.CO2.LU.DF.MT.CE.AR5",0,0
"15045","YR2012","SYR","EN.GHG.CO2.LU.MT.CE.AR5",0,-0.043
"15046","YR2012","SYR","EN.GHG.CO2.LU.FL.MT.CE.AR5",0,-0.043
"15047","YR2012","SYR","EN.GHG.CO2.LU.DF.MT.CE.AR5",0,0
"15048","YR2013","SYR","EN.GHG.CO2.LU.MT.CE.AR5",0,-0.043
"15049","YR2013","SYR","EN.GHG.CO2.LU.FL.MT.CE.AR5",0,-0.043
"15050","YR2013","SYR","EN.GHG.CO2.LU.DF.MT.CE.AR5",0,0
"15051","YR2014","SYR","EN.GHG.CO2.LU.MT.CE.AR5",0,-0.043
"15052","YR2014","SYR","EN.GHG.CO2.LU.FL.MT.CE.AR5",0,-0.043
"15053","YR2014","SYR","EN.GHG.CO2.LU.DF.MT.CE.AR5",0,0
"15054","YR2015","SYR","EN.GHG.CO2.LU.MT.CE.AR5",0,-0.043
"15055","YR2015","SYR","EN.GHG.CO2.LU.FL.MT.CE.AR5",0,-0.043
"15056","YR2015","SYR","EN.GHG.CO2.LU.DF.MT.CE.AR5",0,0
"15057","YR2016","SYR","EN.GHG.CO2.LU.MT.CE.AR5",0,-0.043
"15058","YR2016","SYR","EN.GHG.CO2.LU.FL.MT.CE.AR5",0,-0.043
"15059","YR2016","SYR","EN.GHG.CO2.LU.DF.MT.CE.AR5",0,0
"15060","YR2017","SYR","EN.GHG.CO2.LU.MT.CE.AR5",0,-0.043
"15061","YR2017","SYR","EN.GHG.CO2.LU.FL.MT.CE.AR5",0,-0.043
"15062","YR2017","SYR","EN.GHG.CO2.LU.DF.MT.CE.AR5",0,0
"15063","YR2018","SYR","EN.GHG.CO2.LU.MT.CE.AR5",0,-0.043
"15064","YR2018","SYR","EN.GHG.CO2.LU.FL.MT.CE.AR5",0,-0.043
"15065","YR2018","SYR","EN.GHG.CO2.LU.DF.MT.CE.AR5",0,0
"15066","YR2019","SYR","EN.GHG.CO2.LU.MT.CE.AR5",0,-0.043
"15067","YR2019","SYR","EN.GHG.CO2.LU.FL.MT.CE.AR5",0,-0.043
"15068","YR2019","SYR","EN.GHG.CO2.LU.DF.MT.CE.AR5",0,0
"15069","YR2020","SYR","EN.GHG.CO2.LU.MT.CE.AR5",0,-0.043
"15070","YR2020","SYR","EN.GHG.CO2.LU.FL.MT.CE.AR5",0,-0.043
"15071","YR2020","SYR","EN.GHG.CO2.LU.DF.MT.CE.AR5",0,0
"15072","YR2021","SYR","EN.GHG.CO2.LU.MT.CE.AR5",0,-0.043
"15073","YR2021","SYR","EN.GHG.CO2.LU.FL.MT.CE.AR5",0,-0.043
"15074","YR2021","SYR","EN.GHG.CO2.LU.DF.MT.CE.AR5",0,0
"15075","YR2022","SYR","EN.GHG.CO2.LU.MT.CE.AR5",0,-0.043
"15076","YR2022","SYR","EN.GHG.CO2.LU.FL.MT.CE.AR5",0,-0.043
"15077","YR2022","SYR","EN.GHG.CO2.LU.DF.MT.CE.AR5",0,0
"15078","YR2023","SYR","EN.GHG.CO2.LU.MT.CE.AR5",0,-0.043
"15079","YR2023","SYR","EN.GHG.CO2.LU.FL.MT.CE.AR5",0,-0.043
"15080","YR2023","SYR","EN.GHG.CO2.LU.DF.MT.CE.AR5",0,0
"15081","YR2000","THA","EN.GHG.CO2.LU.MT.CE.AR5",0,-45.4436
"15082","YR2000","THA","EN.GHG.CO2.LU.FL.MT.CE.AR5",0,-12.7237
"15083","YR2000","THA","EN.GHG.CO2.LU.DF.MT.CE.AR5",0,4.7553
"15084","YR2000","THA","EN.GHG.CO2.LU.OL.MT.CE.AR5",0,-37.4752
"15085","YR2001","THA","EN.GHG.CO2.LU.MT.CE.AR5",0,-54.4369
"15086","YR2001","THA","EN.GHG.CO2.LU.FL.MT.CE.AR5",0,-15.2417
"15087","YR2001","THA","EN.GHG.CO2.LU.DF.MT.CE.AR5",0,5.6963
"15088","YR2001","THA","EN.GHG.CO2.LU.OL.MT.CE.AR5",0,-44.8916
"15089","YR2002","THA","EN.GHG.CO2.LU.MT.CE.AR5",0,-44.126
"15090","YR2002","THA","EN.GHG.CO2.LU.FL.MT.CE.AR5",0,-12.3548
"15091","YR2002","THA","EN.GHG.CO2.LU.DF.MT.CE.AR5",0,4.6174
"15092","YR2002","THA","EN.GHG.CO2.LU.OL.MT.CE.AR5",0,-36.3887
"15093","YR2003","THA","EN.GHG.CO2.LU.MT.CE.AR5",0,-45.8874
"15094","YR2003","THA","EN.GHG.CO2.LU.FL.MT.CE.AR5",0,-12.8479
"15095","YR2003","THA","EN.GHG.CO2.LU.DF.MT.CE.AR5",0,4.8017
"15096","YR2003","THA","EN.GHG.CO2.LU.OL.MT.CE.AR5",0,-37.8412
"15097","YR2004","THA","EN.GHG.CO2.LU.MT.CE.AR5",0,-54.1461
"15098","YR2004","THA","EN.GHG.CO2.LU.FL.MT.CE.AR5",0,-15.1602
"15099","YR2004","THA","EN.GHG.CO2.LU.DF.MT.CE.AR5",0,5.6659
"15100","YR2004","THA","EN.GHG.CO2.LU.OL.MT.CE.AR5",0,-44.6517
"15101","YR2005","THA","EN.GHG.CO2.LU.MT.CE.AR5",0,-58.3404
"15102","YR2005","THA","EN.GHG.CO2.LU.FL.MT.CE.AR5",0,-16.3346
"15103","YR2005","THA","EN.GHG.CO2.LU.DF.MT.CE.AR5",0,6.1048
"15104","YR2005","THA","EN.GHG.CO2.LU.OL.MT.CE.AR5",0,-48.1106
"15105","YR2006","THA","EN.GHG.CO2.LU.MT.CE.AR5",0,-61.3909
"15106","YR2006","THA","EN.GHG.CO2.LU.FL.MT.CE.AR5",0,-17.1887
"15107","YR2006","THA","EN.GHG.CO2.LU.DF.MT.CE.AR5",0,6.424
"15108","YR2006","THA","EN.GHG.CO2.LU.OL.MT.CE.AR5",0,-50.6262
"15109","YR2007","THA","EN.GHG.CO2.LU.MT.CE.AR5",0,-68.3964
"15110","YR2007","THA","EN.GHG.CO2.LU.FL.MT.CE.AR5",0,-19.1502
"15111","YR2007","THA","EN.GHG.CO2.LU.DF.MT.CE.AR5",0,7.1571
"15112","YR2007","THA","EN.GHG.CO2.LU.OL.MT.CE.AR5",0,-56.4033
"15113","YR2008","THA","EN.GHG.CO2.LU.MT.CE.AR5",0,-69.185
"15114","YR2008","THA","EN.GHG.CO2.LU.FL.MT.CE.AR5",0,-19.371
"15115","YR2008","THA","EN.GHG.CO2.LU.DF.MT.CE.AR5",0,7.2396
"15116","YR2008","THA","EN.GHG.CO2.LU.OL.MT.CE.AR5",0,-57.0536
"15117","YR2009","THA","EN.GHG.CO2.LU.MT.CE.AR5",0,-71.197
"15118","YR2009","THA","EN.GHG.CO2.LU.FL.MT.CE.AR5",0,-19.9343
"15119","YR2009","THA","EN.GHG.CO2.LU.DF.MT.CE.AR5",0,7.4501
"15120","YR2009","THA","EN.GHG.CO2.LU.OL.MT.CE.AR5",0,-58.7129
"15121","YR2010","THA","EN.GHG.CO2.LU.MT.CE.AR5",0,-65.8277
"15122","YR2010","THA","EN.GHG.CO2.LU.FL.MT.CE.AR5",0,-18.431
"15123","YR2010","THA","EN.GHG.CO2.LU.DF.MT.CE.AR5",0,6.8883
"15124","YR2010","THA","EN.GHG.CO2.LU.OL.MT.CE.AR5",0,-54.285
"15125","YR2011","THA","EN.GHG.CO2.LU.MT.CE.AR5",0,-74.6362
"15126","YR2011","THA","EN.GHG.CO2.LU.FL.MT.CE.AR5",0,-20.8972
"15127","YR2011","THA","EN.GHG.CO2.LU.DF.MT.CE.AR5",0,7.81
"15128","YR2011","THA","EN.GHG.CO2.LU.OL.MT.CE.AR5",0,-61.549
"15129","YR2012","THA","EN.GHG.CO2.LU.MT.CE.AR5",0,-80.6959
"15130","YR2012","THA","EN.GHG.CO2.LU.FL.MT.CE.AR5",0,-22.5939
"15131","YR2012","THA","EN.GHG.CO2.LU.DF.MT.CE.AR5",0,8.4441
"15132","YR2012","THA","EN.GHG.CO2.LU.OL.MT.CE.AR5",0,-66.5462
"15133","YR2013","THA","EN.GHG.CO2.LU.MT.CE.AR5",0,-83.1108
"15134","YR2013","THA","EN.GHG.CO2.LU.FL.MT.CE.AR5",0,-23.27
"15135","YR2013","THA","EN.GHG.CO2.LU.DF.MT.CE.AR5",0,8.6968
"15136","YR2013","THA","EN.GHG.CO2.LU.OL.MT.CE.AR5",0,-68.5376
"15137","YR2014","THA","EN.GHG.CO2.LU.MT.CE.AR5",0,-100.5082
"15138","YR2014","THA","EN.GHG.CO2.LU.FL.MT.CE.AR5",0,-28.1411
"15139","YR2014","THA","EN.GHG.CO2.LU.DF.MT.CE.AR5",0,10.5173
"15140","YR2014","THA","EN.GHG.CO2.LU.OL.MT.CE.AR5",0,-82.8844
"15141","YR2015","THA","EN.GHG.CO2.LU.MT.CE.AR5",0,-87.3376
"15142","YR2015","THA","EN.GHG.CO2.LU.FL.MT.CE.AR5",0,-24.4535
"15143","YR2015","THA","EN.GHG.CO2.LU.DF.MT.CE.AR5",0,9.1391
"15144","YR2015","THA","EN.GHG.CO2.LU.OL.MT.CE.AR5",0,-72.0232
"15145","YR2016","THA","EN.GHG.CO2.LU.MT.CE.AR5",0,-87.0546
"15146","YR2016","THA","EN.GHG.CO2.LU.FL.MT.CE.AR5",0,-24.3742
"15147","YR2016","THA","EN.GHG.CO2.LU.DF.MT.CE.AR5",0,9.1095
"15148","YR2016","THA","EN.GHG.CO2.LU.OL.MT.CE.AR5",0,-71.7898
"15149","YR2017","THA","EN.GHG.CO2.LU.MT.CE.AR5",0,-85.3808
"15150","YR2017","THA","EN.GHG.CO2.LU.FL.MT.CE.AR5",0,-23.9056
"15151","YR2017","THA","EN.GHG.CO2.LU.DF.MT.CE.AR5",0,8.9343
"15152","YR2017","THA","EN.GHG.CO2.LU.OL.MT.CE.AR5",0,-70.4096
"15153","YR2018","THA","EN.GHG.CO2.LU.MT.CE.AR5",0,-85.9683
"15154","YR2018","THA","EN.GHG.CO2.LU.FL.MT.CE.AR5",0,-24.0701
"15155","YR2018","THA","EN.GHG.CO2.LU.DF.MT.CE.AR5",0,8.9958
"15156","YR2018","THA","EN.GHG.CO2.LU.OL.MT.CE.AR5",0,-70.894
"15157","YR2019","THA","EN.GHG.CO2.LU.MT.CE.AR5",0,-91.9885
"15158","YR2019","THA","EN.GHG.CO2.LU.FL.MT.CE.AR5",0,-25.7557
"15159","YR2019","THA","EN.GHG.CO2.LU.DF.MT.CE.AR5",0,9.6258
"15160","YR2019","THA","EN.GHG.CO2.LU.OL.MT.CE.AR5",0,-75.8586
"15161","YR2020","THA","EN.GHG.CO2.LU.MT.CE.AR5",0,-91.9885
"15162","YR2020","THA","EN.GHG.CO2.LU.FL.MT.CE.AR5",0,-25.7557
"15163","YR2020","THA","EN.GHG.CO2.LU.DF.MT.CE.AR5",0,9.6258
"15164","YR2020","THA","EN.GHG.CO2.LU.OL.MT.CE.AR5",0,-75.8586
"15165","YR2021","THA","EN.GHG.CO2.LU.MT.CE.AR5",0,-91.9885
"15166","YR2021","THA","EN.GHG.CO2.LU.FL.MT.CE.AR5",0,-25.7557
"15167","YR2021","THA","EN.GHG.CO2.LU.DF.MT.CE.AR5",0,9.6258
"15168","YR2021","THA","EN.GHG.CO2.LU.OL.MT.CE.AR5",0,-75.8586
"15169","YR2022","THA","EN.GHG.CO2.LU.MT.CE.AR5",0,-91.9885
"15170","YR2022","THA","EN.GHG.CO2.LU.FL.MT.CE.AR5",0,-25.7557
"15171","YR2022","THA","EN.GHG.CO2.LU.DF.MT.CE.AR5",0,9.6258
"15172","YR2022","THA","EN.GHG.CO2.LU.OL.MT.CE.AR5",0,-75.8586
"15173","YR2023","THA","EN.GHG.CO2.LU.MT.CE.AR5",0,-91.9885
"15174","YR2023","THA","EN.GHG.CO2.LU.FL.MT.CE.AR5",0,-25.7557
"15175","YR2023","THA","EN.GHG.CO2.LU.DF.MT.CE.AR5",0,9.6258
"15176","YR2023","THA","EN.GHG.CO2.LU.OL.MT.CE.AR5",0,-75.8586
"15177","YR2000","TLS","EN.GHG.CO2.LU.MT.CE.AR5",0,-0.303
"15178","YR2000","TLS","EN.GHG.CO2.LU.FL.MT.CE.AR5",0,-0.303
"15179","YR2000","TLS","EN.GHG.CO2.LU.DF.MT.CE.AR5",0,0
"15180","YR2001","TLS","EN.GHG.CO2.LU.MT.CE.AR5",0,-0.303
"15181","YR2001","TLS","EN.GHG.CO2.LU.FL.MT.CE.AR5",0,-0.303
"15182","YR2001","TLS","EN.GHG.CO2.LU.DF.MT.CE.AR5",0,0
"15183","YR2002","TLS","EN.GHG.CO2.LU.MT.CE.AR5",0,-0.303
"15184","YR2002","TLS","EN.GHG.CO2.LU.FL.MT.CE.AR5",0,-0.303
"15185","YR2002","TLS","EN.GHG.CO2.LU.DF.MT.CE.AR5",0,0
"15186","YR2003","TLS","EN.GHG.CO2.LU.MT.CE.AR5",0,-0.303
"15187","YR2003","TLS","EN.GHG.CO2.LU.FL.MT.CE.AR5",0,-0.303
"15188","YR2003","TLS","EN.GHG.CO2.LU.DF.MT.CE.AR5",0,0
"15189","YR2004","TLS","EN.GHG.CO2.LU.MT.CE.AR5",0,-0.303
"15190","YR2004","TLS","EN.GHG.CO2.LU.FL.MT.CE.AR5",0,-0.303
"15191","YR2004","TLS","EN.GHG.CO2.LU.DF.MT.CE.AR5",0,0
"15192","YR2005","TLS","EN.GHG.CO2.LU.MT.CE.AR5",0,-0.303
"15193","YR2005","TLS","EN.GHG.CO2.LU.FL.MT.CE.AR5",0,-0.303
"15194","YR2005","TLS","EN.GHG.CO2.LU.DF.MT.CE.AR5",0,0
"15195","YR2006","TLS","EN.GHG.CO2.LU.MT.CE.AR5",0,1.183
"15196","YR2006","TLS","EN.GHG.CO2.LU.FL.MT.CE.AR5",0,1.183
"15197","YR2006","TLS","EN.GHG.CO2.LU.DF.MT.CE.AR5",0,0
"15198","YR2007","TLS","EN.GHG.CO2.LU.MT.CE.AR5",0,-5.587
"15199","YR2007","TLS","EN.GHG.CO2.LU.FL.MT.CE.AR5",0,-5.587
"15200","YR2007","TLS","EN.GHG.CO2.LU.DF.MT.CE.AR5",0,0
"15201","YR2008","TLS","EN.GHG.CO2.LU.MT.CE.AR5",0,-4.564
"15202","YR2008","TLS","EN.GHG.CO2.LU.FL.MT.CE.AR5",0,-4.564
"15203","YR2008","TLS","EN.GHG.CO2.LU.DF.MT.CE.AR5",0,0
"15204","YR2009","TLS","EN.GHG.CO2.LU.MT.CE.AR5",0,-2.422
"15205","YR2009","TLS","EN.GHG.CO2.LU.FL.MT.CE.AR5",0,-2.422
"15206","YR2009","TLS","EN.GHG.CO2.LU.DF.MT.CE.AR5",0,0
"15207","YR2010","TLS","EN.GHG.CO2.LU.MT.CE.AR5",0,-0.279
"15208","YR2010","TLS","EN.GHG.CO2.LU.FL.MT.CE.AR5",0,-0.279
"15209","YR2010","TLS","EN.GHG.CO2.LU.DF.MT.CE.AR5",0,0
"15210","YR2011","TLS","EN.GHG.CO2.LU.MT.CE.AR5",0,-3.43
"15211","YR2011","TLS","EN.GHG.CO2.LU.FL.MT.CE.AR5",0,-3.43
"15212","YR2011","TLS","EN.GHG.CO2.LU.DF.MT.CE.AR5",0,0
"15213","YR2012","TLS","EN.GHG.CO2.LU.MT.CE.AR5",0,-2.859
"15214","YR2012","TLS","EN.GHG.CO2.LU.FL.MT.CE.AR5",0,-2.859
"15215","YR2012","TLS","EN.GHG.CO2.LU.DF.MT.CE.AR5",0,0
"15216","YR2013","TLS","EN.GHG.CO2.LU.MT.CE.AR5",0,-2.64
"15217","YR2013","TLS","EN.GHG.CO2.LU.FL.MT.CE.AR5",0,-2.64
"15218","YR2013","TLS","EN.GHG.CO2.LU.DF.MT.CE.AR5",0,0
"15219","YR2014","TLS","EN.GHG.CO2.LU.MT.CE.AR5",0,1.439
"15220","YR2014","TLS","EN.GHG.CO2.LU.FL.MT.CE.AR5",0,1.439
"15221","YR2014","TLS","EN.GHG.CO2.LU.DF.MT.CE.AR5",0,0
"15222","YR2015","TLS","EN.GHG.CO2.LU.MT.CE.AR5",0,-1.478
"15223","YR2015","TLS","EN.GHG.CO2.LU.FL.MT.CE.AR5",0,-1.478
"15224","YR2015","TLS","EN.GHG.CO2.LU.DF.MT.CE.AR5",0,0
"15225","YR2016","TLS","EN.GHG.CO2.LU.MT.CE.AR5",0,-1.478
"15226","YR2016","TLS","EN.GHG.CO2.LU.FL.MT.CE.AR5",0,-1.478
"15227","YR2016","TLS","EN.GHG.CO2.LU.DF.MT.CE.AR5",0,0
"15228","YR2017","TLS","EN.GHG.CO2.LU.MT.CE.AR5",0,-1.478
"15229","YR2017","TLS","EN.GHG.CO2.LU.FL.MT.CE.AR5",0,-1.478
"15230","YR2017","TLS","EN.GHG.CO2.LU.DF.MT.CE.AR5",0,0
"15231","YR2018","TLS","EN.GHG.CO2.LU.MT.CE.AR5",0,-1.478
"15232","YR2018","TLS","EN.GHG.CO2.LU.FL.MT.CE.AR5",0,-1.478
"15233","YR2018","TLS","EN.GHG.CO2.LU.DF.MT.CE.AR5",0,0
"15234","YR2019","TLS","EN.GHG.CO2.LU.MT.CE.AR5",0,-1.478
"15235","YR2019","TLS","EN.GHG.CO2.LU.FL.MT.CE.AR5",0,-1.478
"15236","YR2019","TLS","EN.GHG.CO2.LU.DF.MT.CE.AR5",0,0
"15237","YR2020","TLS","EN.GHG.CO2.LU.MT.CE.AR5",0,-1.478
"15238","YR2020","TLS","EN.GHG.CO2.LU.FL.MT.CE.AR5",0,-1.478
"15239","YR2020","TLS","EN.GHG.CO2.LU.DF.MT.CE.AR5",0,0
"15240","YR2021","TLS","EN.GHG.CO2.LU.MT.CE.AR5",0,-1.478
"15241","YR2021","TLS","EN.GHG.CO2.LU.FL.MT.CE.AR5",0,-1.478
"15242","YR2021","TLS","EN.GHG.CO2.LU.DF.MT.CE.AR5",0,0
"15243","YR2022","TLS","EN.GHG.CO2.LU.MT.CE.AR5",0,-1.478
"15244","YR2022","TLS","EN.GHG.CO2.LU.FL.MT.CE.AR5",0,-1.478
"15245","YR2022","TLS","EN.GHG.CO2.LU.DF.MT.CE.AR5",0,0
"15246","YR2023","TLS","EN.GHG.CO2.LU.MT.CE.AR5",0,-1.478
"15247","YR2023","TLS","EN.GHG.CO2.LU.FL.MT.CE.AR5",0,-1.478
"15248","YR2023","TLS","EN.GHG.CO2.LU.DF.MT.CE.AR5",0,0
"15249","YR2000","TGO","EN.GHG.CO2.LU.MT.CE.AR5",0,19.1933
"15250","YR2000","TGO","EN.GHG.CO2.LU.FL.MT.CE.AR5",0,19.4374
"15251","YR2000","TGO","EN.GHG.CO2.LU.DF.MT.CE.AR5",0,0.1584
"15252","YR2000","TGO","EN.GHG.CO2.LU.OL.MT.CE.AR5",0,-0.4025
"15253","YR2001","TGO","EN.GHG.CO2.LU.MT.CE.AR5",0,19.7669
"15254","YR2001","TGO","EN.GHG.CO2.LU.FL.MT.CE.AR5",0,19.9737
"15255","YR2001","TGO","EN.GHG.CO2.LU.DF.MT.CE.AR5",0,0.1624
"15256","YR2001","TGO","EN.GHG.CO2.LU.OL.MT.CE.AR5",0,-0.3693
"15257","YR2002","TGO","EN.GHG.CO2.LU.MT.CE.AR5",0,20.3405
"15258","YR2002","TGO","EN.GHG.CO2.LU.FL.MT.CE.AR5",0,20.51
"15259","YR2002","TGO","EN.GHG.CO2.LU.DF.MT.CE.AR5",0,0.1664
"15260","YR2002","TGO","EN.GHG.CO2.LU.OL.MT.CE.AR5",0,-0.336
"15261","YR2003","TGO","EN.GHG.CO2.LU.MT.CE.AR5",0,20.9141
"15262","YR2003","TGO","EN.GHG.CO2.LU.FL.MT.CE.AR5",0,21.0464
"15263","YR2003","TGO","EN.GHG.CO2.LU.DF.MT.CE.AR5",0,0.1704
"15264","YR2003","TGO","EN.GHG.CO2.LU.OL.MT.CE.AR5",0,-0.3027
"15265","YR2004","TGO","EN.GHG.CO2.LU.MT.CE.AR5",0,21.4877
"15266","YR2004","TGO","EN.GHG.CO2.LU.FL.MT.CE.AR5",0,21.5827
"15267","YR2004","TGO","EN.GHG.CO2.LU.DF.MT.CE.AR5",0,0.1744
"15268","YR2004","TGO","EN.GHG.CO2.LU.OL.MT.CE.AR5",0,-0.2694
"15269","YR2005","TGO","EN.GHG.CO2.LU.MT.CE.AR5",0,22.0614
"15270","YR2005","TGO","EN.GHG.CO2.LU.FL.MT.CE.AR5",0,22.119
"15271","YR2005","TGO","EN.GHG.CO2.LU.DF.MT.CE.AR5",0,0.1784
"15272","YR2005","TGO","EN.GHG.CO2.LU.OL.MT.CE.AR5",0,-0.2361
"15273","YR2006","TGO","EN.GHG.CO2.LU.MT.CE.AR5",0,22.635
"15274","YR2006","TGO","EN.GHG.CO2.LU.FL.MT.CE.AR5",0,22.6553
"15275","YR2006","TGO","EN.GHG.CO2.LU.DF.MT.CE.AR5",0,0.1824
"15276","YR2006","TGO","EN.GHG.CO2.LU.OL.MT.CE.AR5",0,-0.2028
"15277","YR2007","TGO","EN.GHG.CO2.LU.MT.CE.AR5",0,23.2086
"15278","YR2007","TGO","EN.GHG.CO2.LU.FL.MT.CE.AR5",0,23.1917
"15279","YR2007","TGO","EN.GHG.CO2.LU.DF.MT.CE.AR5",0,0.1864
"15280","YR2007","TGO","EN.GHG.CO2.LU.OL.MT.CE.AR5",0,-0.1695
"15281","YR2008","TGO","EN.GHG.CO2.LU.MT.CE.AR5",0,23.7822
"15282","YR2008","TGO","EN.GHG.CO2.LU.FL.MT.CE.AR5",0,23.728
"15283","YR2008","TGO","EN.GHG.CO2.LU.DF.MT.CE.AR5",0,0.1904
"15284","YR2008","TGO","EN.GHG.CO2.LU.OL.MT.CE.AR5",0,-0.1362
"15285","YR2009","TGO","EN.GHG.CO2.LU.MT.CE.AR5",0,24.3559
"15286","YR2009","TGO","EN.GHG.CO2.LU.FL.MT.CE.AR5",0,24.2643
"15287","YR2009","TGO","EN.GHG.CO2.LU.DF.MT.CE.AR5",0,0.1944
"15288","YR2009","TGO","EN.GHG.CO2.LU.OL.MT.CE.AR5",0,-0.1029
"15289","YR2010","TGO","EN.GHG.CO2.LU.MT.CE.AR5",0,24.9295
"15290","YR2010","TGO","EN.GHG.CO2.LU.FL.MT.CE.AR5",0,24.8007
"15291","YR2010","TGO","EN.GHG.CO2.LU.DF.MT.CE.AR5",0,0.1984
"15292","YR2010","TGO","EN.GHG.CO2.LU.OL.MT.CE.AR5",0,-0.0696
"15293","YR2011","TGO","EN.GHG.CO2.LU.MT.CE.AR5",0,25.5031
"15294","YR2011","TGO","EN.GHG.CO2.LU.FL.MT.CE.AR5",0,25.337
"15295","YR2011","TGO","EN.GHG.CO2.LU.DF.MT.CE.AR5",0,0.2024
"15296","YR2011","TGO","EN.GHG.CO2.LU.OL.MT.CE.AR5",0,-0.0363
"15297","YR2012","TGO","EN.GHG.CO2.LU.MT.CE.AR5",0,26.0767
"15298","YR2012","TGO","EN.GHG.CO2.LU.FL.MT.CE.AR5",0,25.8733
"15299","YR2012","TGO","EN.GHG.CO2.LU.DF.MT.CE.AR5",0,0.2064
"15300","YR2012","TGO","EN.GHG.CO2.LU.OL.MT.CE.AR5",0,-0.003
"15301","YR2013","TGO","EN.GHG.CO2.LU.MT.CE.AR5",0,26.6503
"15302","YR2013","TGO","EN.GHG.CO2.LU.FL.MT.CE.AR5",0,26.4096
"15303","YR2013","TGO","EN.GHG.CO2.LU.DF.MT.CE.AR5",0,0.2104
"15304","YR2013","TGO","EN.GHG.CO2.LU.OL.MT.CE.AR5",0,0.0303
"15305","YR2014","TGO","EN.GHG.CO2.LU.MT.CE.AR5",0,27.224
"15306","YR2014","TGO","EN.GHG.CO2.LU.FL.MT.CE.AR5",0,26.946
"15307","YR2014","TGO","EN.GHG.CO2.LU.DF.MT.CE.AR5",0,0.2144
"15308","YR2014","TGO","EN.GHG.CO2.LU.OL.MT.CE.AR5",0,0.0636
"15309","YR2015","TGO","EN.GHG.CO2.LU.MT.CE.AR5",0,27.7976
"15310","YR2015","TGO","EN.GHG.CO2.LU.FL.MT.CE.AR5",0,27.4823
"15311","YR2015","TGO","EN.GHG.CO2.LU.DF.MT.CE.AR5",0,0.2184
"15312","YR2015","TGO","EN.GHG.CO2.LU.OL.MT.CE.AR5",0,0.0969
"15313","YR2016","TGO","EN.GHG.CO2.LU.MT.CE.AR5",0,28.3712
"15314","YR2016","TGO","EN.GHG.CO2.LU.FL.MT.CE.AR5",0,28.0186
"15315","YR2016","TGO","EN.GHG.CO2.LU.DF.MT.CE.AR5",0,0.2224
"15316","YR2016","TGO","EN.GHG.CO2.LU.OL.MT.CE.AR5",0,0.1302
"15317","YR2017","TGO","EN.GHG.CO2.LU.MT.CE.AR5",0,28.9448
"15318","YR2017","TGO","EN.GHG.CO2.LU.FL.MT.CE.AR5",0,28.5549
"15319","YR2017","TGO","EN.GHG.CO2.LU.DF.MT.CE.AR5",0,0.2264
"15320","YR2017","TGO","EN.GHG.CO2.LU.OL.MT.CE.AR5",0,0.1635
"15321","YR2018","TGO","EN.GHG.CO2.LU.MT.CE.AR5",0,29.5185
"15322","YR2018","TGO","EN.GHG.CO2.LU.FL.MT.CE.AR5",0,29.0913
"15323","YR2018","TGO","EN.GHG.CO2.LU.DF.MT.CE.AR5",0,0.2304
"15324","YR2018","TGO","EN.GHG.CO2.LU.OL.MT.CE.AR5",0,0.1968
"15325","YR2019","TGO","EN.GHG.CO2.LU.MT.CE.AR5",0,29.5185
"15326","YR2019","TGO","EN.GHG.CO2.LU.FL.MT.CE.AR5",0,29.0913
"15327","YR2019","TGO","EN.GHG.CO2.LU.DF.MT.CE.AR5",0,0.2304
"15328","YR2019","TGO","EN.GHG.CO2.LU.OL.MT.CE.AR5",0,0.1968
"15329","YR2020","TGO","EN.GHG.CO2.LU.MT.CE.AR5",0,29.5185
"15330","YR2020","TGO","EN.GHG.CO2.LU.FL.MT.CE.AR5",0,29.0913
"15331","YR2020","TGO","EN.GHG.CO2.LU.DF.MT.CE.AR5",0,0.2304
"15332","YR2020","TGO","EN.GHG.CO2.LU.OL.MT.CE.AR5",0,0.1968
"15333","YR2021","TGO","EN.GHG.CO2.LU.MT.CE.AR5",0,29.5185
"15334","YR2021","TGO","EN.GHG.CO2.LU.FL.MT.CE.AR5",0,29.0913
"15335","YR2021","TGO","EN.GHG.CO2.LU.DF.MT.CE.AR5",0,0.2304
"15336","YR2021","TGO","EN.GHG.CO2.LU.OL.MT.CE.AR5",0,0.1968
"15337","YR2022","TGO","EN.GHG.CO2.LU.MT.CE.AR5",0,29.5185
"15338","YR2022","TGO","EN.GHG.CO2.LU.FL.MT.CE.AR5",0,29.0913
"15339","YR2022","TGO","EN.GHG.CO2.LU.DF.MT.CE.AR5",0,0.2304
"15340","YR2022","TGO","EN.GHG.CO2.LU.OL.MT.CE.AR5",0,0.1968
"15341","YR2023","TGO","EN.GHG.CO2.LU.MT.CE.AR5",0,29.5185
"15342","YR2023","TGO","EN.GHG.CO2.LU.FL.MT.CE.AR5",0,29.0913
"15343","YR2023","TGO","EN.GHG.CO2.LU.DF.MT.CE.AR5",0,0.2304
"15344","YR2023","TGO","EN.GHG.CO2.LU.OL.MT.CE.AR5",0,0.1968
"15345","YR2000","TON","EN.GHG.CO2.LU.MT.CE.AR5",0,-1.997
"15346","YR2000","TON","EN.GHG.CO2.LU.FL.MT.CE.AR5",0,-1.997
"15347","YR2000","TON","EN.GHG.CO2.LU.DF.MT.CE.AR5",0,0
"15348","YR2001","TON","EN.GHG.CO2.LU.MT.CE.AR5",0,-1.997
"15349","YR2001","TON","EN.GHG.CO2.LU.FL.MT.CE.AR5",0,-1.997
"15350","YR2001","TON","EN.GHG.CO2.LU.DF.MT.CE.AR5",0,0
"15351","YR2002","TON","EN.GHG.CO2.LU.MT.CE.AR5",0,-1.997
"15352","YR2002","TON","EN.GHG.CO2.LU.FL.MT.CE.AR5",0,-1.997
"15353","YR2002","TON","EN.GHG.CO2.LU.DF.MT.CE.AR5",0,0
"15354","YR2003","TON","EN.GHG.CO2.LU.MT.CE.AR5",0,-1.997
"15355","YR2003","TON","EN.GHG.CO2.LU.FL.MT.CE.AR5",0,-1.997
"15356","YR2003","TON","EN.GHG.CO2.LU.DF.MT.CE.AR5",0,0
"15357","YR2004","TON","EN.GHG.CO2.LU.MT.CE.AR5",0,-1.997
"15358","YR2004","TON","EN.GHG.CO2.LU.FL.MT.CE.AR5",0,-1.997
"15359","YR2004","TON","EN.GHG.CO2.LU.DF.MT.CE.AR5",0,0
"15360","YR2005","TON","EN.GHG.CO2.LU.MT.CE.AR5",0,-1.997
"15361","YR2005","TON","EN.GHG.CO2.LU.FL.MT.CE.AR5",0,-1.997
"15362","YR2005","TON","EN.GHG.CO2.LU.DF.MT.CE.AR5",0,0
"15363","YR2006","TON","EN.GHG.CO2.LU.MT.CE.AR5",0,-1.879
"15364","YR2006","TON","EN.GHG.CO2.LU.FL.MT.CE.AR5",0,-1.879
"15365","YR2006","TON","EN.GHG.CO2.LU.DF.MT.CE.AR5",0,0
"15366","YR2007","TON","EN.GHG.CO2.LU.MT.CE.AR5",0,-1.997
"15367","YR2007","TON","EN.GHG.CO2.LU.FL.MT.CE.AR5",0,-1.997
"15368","YR2007","TON","EN.GHG.CO2.LU.DF.MT.CE.AR5",0,0
"15369","YR2008","TON","EN.GHG.CO2.LU.MT.CE.AR5",0,-1.997
"15370","YR2008","TON","EN.GHG.CO2.LU.FL.MT.CE.AR5",0,-1.997
"15371","YR2008","TON","EN.GHG.CO2.LU.DF.MT.CE.AR5",0,0
"15372","YR2009","TON","EN.GHG.CO2.LU.MT.CE.AR5",0,-1.997
"15373","YR2009","TON","EN.GHG.CO2.LU.FL.MT.CE.AR5",0,-1.997
"15374","YR2009","TON","EN.GHG.CO2.LU.DF.MT.CE.AR5",0,0
"15375","YR2010","TON","EN.GHG.CO2.LU.MT.CE.AR5",0,-1.997
"15376","YR2010","TON","EN.GHG.CO2.LU.FL.MT.CE.AR5",0,-1.997
"15377","YR2010","TON","EN.GHG.CO2.LU.DF.MT.CE.AR5",0,0
"15378","YR2011","TON","EN.GHG.CO2.LU.MT.CE.AR5",0,-1.997
"15379","YR2011","TON","EN.GHG.CO2.LU.FL.MT.CE.AR5",0,-1.997
"15380","YR2011","TON","EN.GHG.CO2.LU.DF.MT.CE.AR5",0,0
"15381","YR2012","TON","EN.GHG.CO2.LU.MT.CE.AR5",0,-1.997
"15382","YR2012","TON","EN.GHG.CO2.LU.FL.MT.CE.AR5",0,-1.997
"15383","YR2012","TON","EN.GHG.CO2.LU.DF.MT.CE.AR5",0,0
"15384","YR2013","TON","EN.GHG.CO2.LU.MT.CE.AR5",0,-1.997
"15385","YR2013","TON","EN.GHG.CO2.LU.FL.MT.CE.AR5",0,-1.997
"15386","YR2013","TON","EN.GHG.CO2.LU.DF.MT.CE.AR5",0,0
"15387","YR2014","TON","EN.GHG.CO2.LU.MT.CE.AR5",0,-1.997
"15388","YR2014","TON","EN.GHG.CO2.LU.FL.MT.CE.AR5",0,-1.997
"15389","YR2014","TON","EN.GHG.CO2.LU.DF.MT.CE.AR5",0,0
"15390","YR2015","TON","EN.GHG.CO2.LU.MT.CE.AR5",0,-1.997
"15391","YR2015","TON","EN.GHG.CO2.LU.FL.MT.CE.AR5",0,-1.997
"15392","YR2015","TON","EN.GHG.CO2.LU.DF.MT.CE.AR5",0,0
"15393","YR2016","TON","EN.GHG.CO2.LU.MT.CE.AR5",0,-1.997
"15394","YR2016","TON","EN.GHG.CO2.LU.FL.MT.CE.AR5",0,-1.997
"15395","YR2016","TON","EN.GHG.CO2.LU.DF.MT.CE.AR5",0,0
"15396","YR2017","TON","EN.GHG.CO2.LU.MT.CE.AR5",0,-1.997
"15397","YR2017","TON","EN.GHG.CO2.LU.FL.MT.CE.AR5",0,-1.997
"15398","YR2017","TON","EN.GHG.CO2.LU.DF.MT.CE.AR5",0,0
"15399","YR2018","TON","EN.GHG.CO2.LU.MT.CE.AR5",0,-1.997
"15400","YR2018","TON","EN.GHG.CO2.LU.FL.MT.CE.AR5",0,-1.997
"15401","YR2018","TON","EN.GHG.CO2.LU.DF.MT.CE.AR5",0,0
"15402","YR2019","TON","EN.GHG.CO2.LU.MT.CE.AR5",0,-1.997
"15403","YR2019","TON","EN.GHG.CO2.LU.FL.MT.CE.AR5",0,-1.997
"15404","YR2019","TON","EN.GHG.CO2.LU.DF.MT.CE.AR5",0,0
"15405","YR2020","TON","EN.GHG.CO2.LU.MT.CE.AR5",0,-1.997
"15406","YR2020","TON","EN.GHG.CO2.LU.FL.MT.CE.AR5",0,-1.997
"15407","YR2020","TON","EN.GHG.CO2.LU.DF.MT.CE.AR5",0,0
"15408","YR2021","TON","EN.GHG.CO2.LU.MT.CE.AR5",0,-1.997
"15409","YR2021","TON","EN.GHG.CO2.LU.FL.MT.CE.AR5",0,-1.997
"15410","YR2021","TON","EN.GHG.CO2.LU.DF.MT.CE.AR5",0,0
"15411","YR2022","TON","EN.GHG.CO2.LU.MT.CE.AR5",0,-1.997
"15412","YR2022","TON","EN.GHG.CO2.LU.FL.MT.CE.AR5",0,-1.997
"15413","YR2022","TON","EN.GHG.CO2.LU.DF.MT.CE.AR5",0,0
"15414","YR2023","TON","EN.GHG.CO2.LU.MT.CE.AR5",0,-1.997
"15415","YR2023","TON","EN.GHG.CO2.LU.FL.MT.CE.AR5",0,-1.997
"15416","YR2023","TON","EN.GHG.CO2.LU.DF.MT.CE.AR5",0,0
"15417","YR2000","TTO","EN.GHG.CO2.LU.MT.CE.AR5",0,-2.3041
"15418","YR2000","TTO","EN.GHG.CO2.LU.FL.MT.CE.AR5",0,-2.3041
"15419","YR2000","TTO","EN.GHG.CO2.LU.DF.MT.CE.AR5",0,0
"15420","YR2001","TTO","EN.GHG.CO2.LU.MT.CE.AR5",0,-2.3041
"15421","YR2001","TTO","EN.GHG.CO2.LU.FL.MT.CE.AR5",0,-2.3041
"15422","YR2001","TTO","EN.GHG.CO2.LU.DF.MT.CE.AR5",0,0
"15423","YR2002","TTO","EN.GHG.CO2.LU.MT.CE.AR5",0,-2.3041
"15424","YR2002","TTO","EN.GHG.CO2.LU.FL.MT.CE.AR5",0,-2.3041
"15425","YR2002","TTO","EN.GHG.CO2.LU.DF.MT.CE.AR5",0,0
"15426","YR2003","TTO","EN.GHG.CO2.LU.MT.CE.AR5",0,-2.3041
"15427","YR2003","TTO","EN.GHG.CO2.LU.FL.MT.CE.AR5",0,-2.3041
"15428","YR2003","TTO","EN.GHG.CO2.LU.DF.MT.CE.AR5",0,0
"15429","YR2004","TTO","EN.GHG.CO2.LU.MT.CE.AR5",0,-2.3041
"15430","YR2004","TTO","EN.GHG.CO2.LU.FL.MT.CE.AR5",0,-2.3041
"15431","YR2004","TTO","EN.GHG.CO2.LU.DF.MT.CE.AR5",0,0
"15432","YR2005","TTO","EN.GHG.CO2.LU.MT.CE.AR5",0,-2.3041
"15433","YR2005","TTO","EN.GHG.CO2.LU.FL.MT.CE.AR5",0,-2.3041
"15434","YR2005","TTO","EN.GHG.CO2.LU.DF.MT.CE.AR5",0,0
"15435","YR2006","TTO","EN.GHG.CO2.LU.MT.CE.AR5",0,-2.3041
"15436","YR2006","TTO","EN.GHG.CO2.LU.FL.MT.CE.AR5",0,-2.3041
"15437","YR2006","TTO","EN.GHG.CO2.LU.DF.MT.CE.AR5",0,0
"15438","YR2007","TTO","EN.GHG.CO2.LU.MT.CE.AR5",0,-2.2376
"15439","YR2007","TTO","EN.GHG.CO2.LU.FL.MT.CE.AR5",0,-2.2376
"15440","YR2007","TTO","EN.GHG.CO2.LU.DF.MT.CE.AR5",0,0
"15441","YR2008","TTO","EN.GHG.CO2.LU.MT.CE.AR5",0,-2.2766
"15442","YR2008","TTO","EN.GHG.CO2.LU.FL.MT.CE.AR5",0,-2.2766
"15443","YR2008","TTO","EN.GHG.CO2.LU.DF.MT.CE.AR5",0,0
"15444","YR2009","TTO","EN.GHG.CO2.LU.MT.CE.AR5",0,-2.2788
"15445","YR2009","TTO","EN.GHG.CO2.LU.FL.MT.CE.AR5",0,-2.2788
"15446","YR2009","TTO","EN.GHG.CO2.LU.DF.MT.CE.AR5",0,0
"15447","YR2010","TTO","EN.GHG.CO2.LU.MT.CE.AR5",0,-1.918
"15448","YR2010","TTO","EN.GHG.CO2.LU.FL.MT.CE.AR5",0,-1.918
"15449","YR2010","TTO","EN.GHG.CO2.LU.DF.MT.CE.AR5",0,0
"15450","YR2011","TTO","EN.GHG.CO2.LU.MT.CE.AR5",0,-2.2722
"15451","YR2011","TTO","EN.GHG.CO2.LU.FL.MT.CE.AR5",0,-2.2722
"15452","YR2011","TTO","EN.GHG.CO2.LU.DF.MT.CE.AR5",0,0
"15453","YR2012","TTO","EN.GHG.CO2.LU.MT.CE.AR5",0,-2.2621
"15454","YR2012","TTO","EN.GHG.CO2.LU.FL.MT.CE.AR5",0,-2.2621
"15455","YR2012","TTO","EN.GHG.CO2.LU.DF.MT.CE.AR5",0,0
"15456","YR2013","TTO","EN.GHG.CO2.LU.MT.CE.AR5",0,-2.1775
"15457","YR2013","TTO","EN.GHG.CO2.LU.FL.MT.CE.AR5",0,-2.1775
"15458","YR2013","TTO","EN.GHG.CO2.LU.DF.MT.CE.AR5",0,0
"15459","YR2014","TTO","EN.GHG.CO2.LU.MT.CE.AR5",0,-2.1976
"15460","YR2014","TTO","EN.GHG.CO2.LU.FL.MT.CE.AR5",0,-2.1976
"15461","YR2014","TTO","EN.GHG.CO2.LU.DF.MT.CE.AR5",0,0
"15462","YR2015","TTO","EN.GHG.CO2.LU.MT.CE.AR5",0,-2.1612
"15463","YR2015","TTO","EN.GHG.CO2.LU.FL.MT.CE.AR5",0,-2.1612
"15464","YR2015","TTO","EN.GHG.CO2.LU.DF.MT.CE.AR5",0,0
"15465","YR2016","TTO","EN.GHG.CO2.LU.MT.CE.AR5",0,-2.1281
"15466","YR2016","TTO","EN.GHG.CO2.LU.FL.MT.CE.AR5",0,-2.1281
"15467","YR2016","TTO","EN.GHG.CO2.LU.DF.MT.CE.AR5",0,0
"15468","YR2017","TTO","EN.GHG.CO2.LU.MT.CE.AR5",0,-2.1063
"15469","YR2017","TTO","EN.GHG.CO2.LU.FL.MT.CE.AR5",0,-2.1063
"15470","YR2017","TTO","EN.GHG.CO2.LU.DF.MT.CE.AR5",0,0
"15471","YR2018","TTO","EN.GHG.CO2.LU.MT.CE.AR5",0,-2.1924
"15472","YR2018","TTO","EN.GHG.CO2.LU.FL.MT.CE.AR5",0,-2.1924
"15473","YR2018","TTO","EN.GHG.CO2.LU.DF.MT.CE.AR5",0,0
"15474","YR2019","TTO","EN.GHG.CO2.LU.MT.CE.AR5",0,-2.1924
"15475","YR2019","TTO","EN.GHG.CO2.LU.FL.MT.CE.AR5",0,-2.1924
"15476","YR2019","TTO","EN.GHG.CO2.LU.DF.MT.CE.AR5",0,0
"15477","YR2020","TTO","EN.GHG.CO2.LU.MT.CE.AR5",0,-2.1924
"15478","YR2020","TTO","EN.GHG.CO2.LU.FL.MT.CE.AR5",0,-2.1924
"15479","YR2020","TTO","EN.GHG.CO2.LU.DF.MT.CE.AR5",0,0
"15480","YR2021","TTO","EN.GHG.CO2.LU.MT.CE.AR5",0,-2.1924
"15481","YR2021","TTO","EN.GHG.CO2.LU.FL.MT.CE.AR5",0,-2.1924
"15482","YR2021","TTO","EN.GHG.CO2.LU.DF.MT.CE.AR5",0,0
"15483","YR2022","TTO","EN.GHG.CO2.LU.MT.CE.AR5",0,-2.1924
"15484","YR2022","TTO","EN.GHG.CO2.LU.FL.MT.CE.AR5",0,-2.1924
"15485","YR2022","TTO","EN.GHG.CO2.LU.DF.MT.CE.AR5",0,0
"15486","YR2023","TTO","EN.GHG.CO2.LU.MT.CE.AR5",0,-2.1924
"15487","YR2023","TTO","EN.GHG.CO2.LU.FL.MT.CE.AR5",0,-2.1924
"15488","YR2023","TTO","EN.GHG.CO2.LU.DF.MT.CE.AR5",0,0
"15489","YR2000","TUN","EN.GHG.CO2.LU.MT.CE.AR5",0,-10.4282
"15490","YR2000","TUN","EN.GHG.CO2.LU.FL.MT.CE.AR5",0,-3.2584
"15491","YR2000","TUN","EN.GHG.CO2.LU.DF.MT.CE.AR5",0,0.0449
"15492","YR2000","TUN","EN.GHG.CO2.LU.OL.MT.CE.AR5",0,-7.2147
"15493","YR2001","TUN","EN.GHG.CO2.LU.MT.CE.AR5",0,-10.4282
"15494","YR2001","TUN","EN.GHG.CO2.LU.FL.MT.CE.AR5",0,-3.2584
"15495","YR2001","TUN","EN.GHG.CO2.LU.DF.MT.CE.AR5",0,0.0449
"15496","YR2001","TUN","EN.GHG.CO2.LU.OL.MT.CE.AR5",0,-7.2147
"15497","YR2002","TUN","EN.GHG.CO2.LU.MT.CE.AR5",0,-10.4282
"15498","YR2002","TUN","EN.GHG.CO2.LU.FL.MT.CE.AR5",0,-3.2584
"15499","YR2002","TUN","EN.GHG.CO2.LU.DF.MT.CE.AR5",0,0.0449
"15500","YR2002","TUN","EN.GHG.CO2.LU.OL.MT.CE.AR5",0,-7.2147
"15501","YR2003","TUN","EN.GHG.CO2.LU.MT.CE.AR5",0,-10.4282
"15502","YR2003","TUN","EN.GHG.CO2.LU.FL.MT.CE.AR5",0,-3.2584
"15503","YR2003","TUN","EN.GHG.CO2.LU.DF.MT.CE.AR5",0,0.0449
"15504","YR2003","TUN","EN.GHG.CO2.LU.OL.MT.CE.AR5",0,-7.2147
"15505","YR2004","TUN","EN.GHG.CO2.LU.MT.CE.AR5",0,-10.4282
"15506","YR2004","TUN","EN.GHG.CO2.LU.FL.MT.CE.AR5",0,-3.2584
"15507","YR2004","TUN","EN.GHG.CO2.LU.DF.MT.CE.AR5",0,0.0449
"15508","YR2004","TUN","EN.GHG.CO2.LU.OL.MT.CE.AR5",0,-7.2147
"15509","YR2005","TUN","EN.GHG.CO2.LU.MT.CE.AR5",0,-10.4282
"15510","YR2005","TUN","EN.GHG.CO2.LU.FL.MT.CE.AR5",0,-3.2584
"15511","YR2005","TUN","EN.GHG.CO2.LU.DF.MT.CE.AR5",0,0.0449
"15512","YR2005","TUN","EN.GHG.CO2.LU.OL.MT.CE.AR5",0,-7.2147
"15513","YR2006","TUN","EN.GHG.CO2.LU.MT.CE.AR5",0,-10.4282
"15514","YR2006","TUN","EN.GHG.CO2.LU.FL.MT.CE.AR5",0,-3.2584
"15515","YR2006","TUN","EN.GHG.CO2.LU.DF.MT.CE.AR5",0,0.0449
"15516","YR2006","TUN","EN.GHG.CO2.LU.OL.MT.CE.AR5",0,-7.2147
"15517","YR2007","TUN","EN.GHG.CO2.LU.MT.CE.AR5",0,-10.4282
"15518","YR2007","TUN","EN.GHG.CO2.LU.FL.MT.CE.AR5",0,-3.2584
"15519","YR2007","TUN","EN.GHG.CO2.LU.DF.MT.CE.AR5",0,0.0449
"15520","YR2007","TUN","EN.GHG.CO2.LU.OL.MT.CE.AR5",0,-7.2147
"15521","YR2008","TUN","EN.GHG.CO2.LU.MT.CE.AR5",0,-10.4282
"15522","YR2008","TUN","EN.GHG.CO2.LU.FL.MT.CE.AR5",0,-3.2584
"15523","YR2008","TUN","EN.GHG.CO2.LU.DF.MT.CE.AR5",0,0.0449
"15524","YR2008","TUN","EN.GHG.CO2.LU.OL.MT.CE.AR5",0,-7.2147
"15525","YR2009","TUN","EN.GHG.CO2.LU.MT.CE.AR5",0,-10.4282
"15526","YR2009","TUN","EN.GHG.CO2.LU.FL.MT.CE.AR5",0,-3.2584
"15527","YR2009","TUN","EN.GHG.CO2.LU.DF.MT.CE.AR5",0,0.0449
"15528","YR2009","TUN","EN.GHG.CO2.LU.OL.MT.CE.AR5",0,-7.2147
"15529","YR2010","TUN","EN.GHG.CO2.LU.MT.CE.AR5",0,-10.4282
"15530","YR2010","TUN","EN.GHG.CO2.LU.FL.MT.CE.AR5",0,-3.2584
"15531","YR2010","TUN","EN.GHG.CO2.LU.DF.MT.CE.AR5",0,0.0449
"15532","YR2010","TUN","EN.GHG.CO2.LU.OL.MT.CE.AR5",0,-7.2147
"15533","YR2011","TUN","EN.GHG.CO2.LU.MT.CE.AR5",0,-10.6795
"15534","YR2011","TUN","EN.GHG.CO2.LU.FL.MT.CE.AR5",0,-3.4082
"15535","YR2011","TUN","EN.GHG.CO2.LU.DF.MT.CE.AR5",0,0.039
"15536","YR2011","TUN","EN.GHG.CO2.LU.OL.MT.CE.AR5",0,-7.3104
"15537","YR2012","TUN","EN.GHG.CO2.LU.MT.CE.AR5",0,-10.8845
"15538","YR2012","TUN","EN.GHG.CO2.LU.FL.MT.CE.AR5",0,-3.5253
"15539","YR2012","TUN","EN.GHG.CO2.LU.DF.MT.CE.AR5",0,0.0383
"15540","YR2012","TUN","EN.GHG.CO2.LU.OL.MT.CE.AR5",0,-7.3975
"15541","YR2013","TUN","EN.GHG.CO2.LU.MT.CE.AR5",0,-11.1036
"15542","YR2013","TUN","EN.GHG.CO2.LU.FL.MT.CE.AR5",0,-3.6388
"15543","YR2013","TUN","EN.GHG.CO2.LU.DF.MT.CE.AR5",0,0.0389
"15544","YR2013","TUN","EN.GHG.CO2.LU.OL.MT.CE.AR5",0,-7.5038
"15545","YR2014","TUN","EN.GHG.CO2.LU.MT.CE.AR5",0,-11.2768
"15546","YR2014","TUN","EN.GHG.CO2.LU.FL.MT.CE.AR5",0,-3.6782
"15547","YR2014","TUN","EN.GHG.CO2.LU.DF.MT.CE.AR5",0,0.0491
"15548","YR2014","TUN","EN.GHG.CO2.LU.OL.MT.CE.AR5",0,-7.6477
"15549","YR2015","TUN","EN.GHG.CO2.LU.MT.CE.AR5",0,-11.7924
"15550","YR2015","TUN","EN.GHG.CO2.LU.FL.MT.CE.AR5",0,-3.6912
"15551","YR2015","TUN","EN.GHG.CO2.LU.DF.MT.CE.AR5",0,0.0501
"15552","YR2015","TUN","EN.GHG.CO2.LU.OL.MT.CE.AR5",0,-8.1512
"15553","YR2016","TUN","EN.GHG.CO2.LU.MT.CE.AR5",0,-12.4527
"15554","YR2016","TUN","EN.GHG.CO2.LU.FL.MT.CE.AR5",0,-3.7262
"15555","YR2016","TUN","EN.GHG.CO2.LU.DF.MT.CE.AR5",0,0.0709
"15556","YR2016","TUN","EN.GHG.CO2.LU.OL.MT.CE.AR5",0,-8.7974
"15557","YR2017","TUN","EN.GHG.CO2.LU.MT.CE.AR5",0,-12.6608
"15558","YR2017","TUN","EN.GHG.CO2.LU.FL.MT.CE.AR5",0,-3.7272
"15559","YR2017","TUN","EN.GHG.CO2.LU.DF.MT.CE.AR5",0,0.0678
"15560","YR2017","TUN","EN.GHG.CO2.LU.OL.MT.CE.AR5",0,-9.0015
"15561","YR2018","TUN","EN.GHG.CO2.LU.MT.CE.AR5",0,-13.6632
"15562","YR2018","TUN","EN.GHG.CO2.LU.FL.MT.CE.AR5",0,-3.6968
"15563","YR2018","TUN","EN.GHG.CO2.LU.DF.MT.CE.AR5",0,0.0693
"15564","YR2018","TUN","EN.GHG.CO2.LU.OL.MT.CE.AR5",0,-10.0356
"15565","YR2019","TUN","EN.GHG.CO2.LU.MT.CE.AR5",0,-13.0413
"15566","YR2019","TUN","EN.GHG.CO2.LU.FL.MT.CE.AR5",0,-3.6719
"15567","YR2019","TUN","EN.GHG.CO2.LU.DF.MT.CE.AR5",0,0.1108
"15568","YR2019","TUN","EN.GHG.CO2.LU.OL.MT.CE.AR5",0,-9.4803
"15569","YR2020","TUN","EN.GHG.CO2.LU.MT.CE.AR5",0,-13.2701
"15570","YR2020","TUN","EN.GHG.CO2.LU.FL.MT.CE.AR5",0,-3.6631
"15571","YR2020","TUN","EN.GHG.CO2.LU.DF.MT.CE.AR5",0,0.1021
"15572","YR2020","TUN","EN.GHG.CO2.LU.OL.MT.CE.AR5",0,-9.7092
"15573","YR2021","TUN","EN.GHG.CO2.LU.MT.CE.AR5",0,-13.4309
"15574","YR2021","TUN","EN.GHG.CO2.LU.FL.MT.CE.AR5",0,-3.6933
"15575","YR2021","TUN","EN.GHG.CO2.LU.DF.MT.CE.AR5",0,0.0614
"15576","YR2021","TUN","EN.GHG.CO2.LU.OL.MT.CE.AR5",0,-9.7991
"15577","YR2022","TUN","EN.GHG.CO2.LU.MT.CE.AR5",0,-13.4309
"15578","YR2022","TUN","EN.GHG.CO2.LU.FL.MT.CE.AR5",0,-3.6933
"15579","YR2022","TUN","EN.GHG.CO2.LU.DF.MT.CE.AR5",0,0.0614
"15580","YR2022","TUN","EN.GHG.CO2.LU.OL.MT.CE.AR5",0,-9.7991
"15581","YR2023","TUN","EN.GHG.CO2.LU.MT.CE.AR5",0,-13.4309
"15582","YR2023","TUN","EN.GHG.CO2.LU.FL.MT.CE.AR5",0,-3.6933
"15583","YR2023","TUN","EN.GHG.CO2.LU.DF.MT.CE.AR5",0,0.0614
"15584","YR2023","TUN","EN.GHG.CO2.LU.OL.MT.CE.AR5",0,-9.7991
"15585","YR2000","TKM","EN.GHG.CO2.LU.MT.CE.AR5",0,-0.7297
"15586","YR2000","TKM","EN.GHG.CO2.LU.FL.MT.CE.AR5",0,-0.7297
"15587","YR2000","TKM","EN.GHG.CO2.LU.DF.MT.CE.AR5",0,0
"15588","YR2001","TKM","EN.GHG.CO2.LU.MT.CE.AR5",0,-0.7589
"15589","YR2001","TKM","EN.GHG.CO2.LU.FL.MT.CE.AR5",0,-0.7589
"15590","YR2001","TKM","EN.GHG.CO2.LU.DF.MT.CE.AR5",0,0
"15591","YR2002","TKM","EN.GHG.CO2.LU.MT.CE.AR5",0,-0.7881
"15592","YR2002","TKM","EN.GHG.CO2.LU.FL.MT.CE.AR5",0,-0.7881
"15593","YR2002","TKM","EN.GHG.CO2.LU.DF.MT.CE.AR5",0,0
"15594","YR2003","TKM","EN.GHG.CO2.LU.MT.CE.AR5",0,-0.8173
"15595","YR2003","TKM","EN.GHG.CO2.LU.FL.MT.CE.AR5",0,-0.8173
"15596","YR2003","TKM","EN.GHG.CO2.LU.DF.MT.CE.AR5",0,0
"15597","YR2004","TKM","EN.GHG.CO2.LU.MT.CE.AR5",0,-0.8465
"15598","YR2004","TKM","EN.GHG.CO2.LU.FL.MT.CE.AR5",0,-0.8465
"15599","YR2004","TKM","EN.GHG.CO2.LU.DF.MT.CE.AR5",0,0
"15600","YR2005","TKM","EN.GHG.CO2.LU.MT.CE.AR5",0,-0.8665
"15601","YR2005","TKM","EN.GHG.CO2.LU.FL.MT.CE.AR5",0,-0.8665
"15602","YR2005","TKM","EN.GHG.CO2.LU.DF.MT.CE.AR5",0,0
"15603","YR2006","TKM","EN.GHG.CO2.LU.MT.CE.AR5",0,-0.8665
"15604","YR2006","TKM","EN.GHG.CO2.LU.FL.MT.CE.AR5",0,-0.8665
"15605","YR2006","TKM","EN.GHG.CO2.LU.DF.MT.CE.AR5",0,0
"15606","YR2007","TKM","EN.GHG.CO2.LU.MT.CE.AR5",0,-0.8665
"15607","YR2007","TKM","EN.GHG.CO2.LU.FL.MT.CE.AR5",0,-0.8665
"15608","YR2007","TKM","EN.GHG.CO2.LU.DF.MT.CE.AR5",0,0
"15609","YR2008","TKM","EN.GHG.CO2.LU.MT.CE.AR5",0,-0.8665
"15610","YR2008","TKM","EN.GHG.CO2.LU.FL.MT.CE.AR5",0,-0.8665
"15611","YR2008","TKM","EN.GHG.CO2.LU.DF.MT.CE.AR5",0,0
"15612","YR2009","TKM","EN.GHG.CO2.LU.MT.CE.AR5",0,-0.8665
"15613","YR2009","TKM","EN.GHG.CO2.LU.FL.MT.CE.AR5",0,-0.8665
"15614","YR2009","TKM","EN.GHG.CO2.LU.DF.MT.CE.AR5",0,0
"15615","YR2010","TKM","EN.GHG.CO2.LU.MT.CE.AR5",0,-0.8665
"15616","YR2010","TKM","EN.GHG.CO2.LU.FL.MT.CE.AR5",0,-0.8665
"15617","YR2010","TKM","EN.GHG.CO2.LU.DF.MT.CE.AR5",0,0
"15618","YR2011","TKM","EN.GHG.CO2.LU.MT.CE.AR5",0,-0.8665
"15619","YR2011","TKM","EN.GHG.CO2.LU.FL.MT.CE.AR5",0,-0.8665
"15620","YR2011","TKM","EN.GHG.CO2.LU.DF.MT.CE.AR5",0,0
"15621","YR2012","TKM","EN.GHG.CO2.LU.MT.CE.AR5",0,-0.8665
"15622","YR2012","TKM","EN.GHG.CO2.LU.FL.MT.CE.AR5",0,-0.8665
"15623","YR2012","TKM","EN.GHG.CO2.LU.DF.MT.CE.AR5",0,0
"15624","YR2013","TKM","EN.GHG.CO2.LU.MT.CE.AR5",0,-0.8665
"15625","YR2013","TKM","EN.GHG.CO2.LU.FL.MT.CE.AR5",0,-0.8665
"15626","YR2013","TKM","EN.GHG.CO2.LU.DF.MT.CE.AR5",0,0
"15627","YR2014","TKM","EN.GHG.CO2.LU.MT.CE.AR5",0,-0.8665
"15628","YR2014","TKM","EN.GHG.CO2.LU.FL.MT.CE.AR5",0,-0.8665
"15629","YR2014","TKM","EN.GHG.CO2.LU.DF.MT.CE.AR5",0,0
"15630","YR2015","TKM","EN.GHG.CO2.LU.MT.CE.AR5",0,-0.8665
"15631","YR2015","TKM","EN.GHG.CO2.LU.FL.MT.CE.AR5",0,-0.8665
"15632","YR2015","TKM","EN.GHG.CO2.LU.DF.MT.CE.AR5",0,0
"15633","YR2016","TKM","EN.GHG.CO2.LU.MT.CE.AR5",0,-0.8665
"15634","YR2016","TKM","EN.GHG.CO2.LU.FL.MT.CE.AR5",0,-0.8665
"15635","YR2016","TKM","EN.GHG.CO2.LU.DF.MT.CE.AR5",0,0
"15636","YR2017","TKM","EN.GHG.CO2.LU.MT.CE.AR5",0,-0.8665
"15637","YR2017","TKM","EN.GHG.CO2.LU.FL.MT.CE.AR5",0,-0.8665
"15638","YR2017","TKM","EN.GHG.CO2.LU.DF.MT.CE.AR5",0,0
"15639","YR2018","TKM","EN.GHG.CO2.LU.MT.CE.AR5",0,-0.8665
"15640","YR2018","TKM","EN.GHG.CO2.LU.FL.MT.CE.AR5",0,-0.8665
"15641","YR2018","TKM","EN.GHG.CO2.LU.DF.MT.CE.AR5",0,0
"15642","YR2019","TKM","EN.GHG.CO2.LU.MT.CE.AR5",0,-0.8665
"15643","YR2019","TKM","EN.GHG.CO2.LU.FL.MT.CE.AR5",0,-0.8665
"15644","YR2019","TKM","EN.GHG.CO2.LU.DF.MT.CE.AR5",0,0
"15645","YR2020","TKM","EN.GHG.CO2.LU.MT.CE.AR5",0,-0.8665
"15646","YR2020","TKM","EN.GHG.CO2.LU.FL.MT.CE.AR5",0,-0.8665
"15647","YR2020","TKM","EN.GHG.CO2.LU.DF.MT.CE.AR5",0,0
"15648","YR2021","TKM","EN.GHG.CO2.LU.MT.CE.AR5",0,-0.8665
"15649","YR2021","TKM","EN.GHG.CO2.LU.FL.MT.CE.AR5",0,-0.8665
"15650","YR2021","TKM","EN.GHG.CO2.LU.DF.MT.CE.AR5",0,0
"15651","YR2022","TKM","EN.GHG.CO2.LU.MT.CE.AR5",0,-0.8665
"15652","YR2022","TKM","EN.GHG.CO2.LU.FL.MT.CE.AR5",0,-0.8665
"15653","YR2022","TKM","EN.GHG.CO2.LU.DF.MT.CE.AR5",0,0
"15654","YR2023","TKM","EN.GHG.CO2.LU.MT.CE.AR5",0,-0.8665
"15655","YR2023","TKM","EN.GHG.CO2.LU.FL.MT.CE.AR5",0,-0.8665
"15656","YR2023","TKM","EN.GHG.CO2.LU.DF.MT.CE.AR5",0,0
"15657","YR2000","TUV","EN.GHG.CO2.LU.MT.CE.AR5",0,0
"15658","YR2000","TUV","EN.GHG.CO2.LU.FL.MT.CE.AR5",0,0
"15659","YR2000","TUV","EN.GHG.CO2.LU.DF.MT.CE.AR5",0,0
"15660","YR2001","TUV","EN.GHG.CO2.LU.MT.CE.AR5",0,0
"15661","YR2001","TUV","EN.GHG.CO2.LU.FL.MT.CE.AR5",0,0
"15662","YR2001","TUV","EN.GHG.CO2.LU.DF.MT.CE.AR5",0,0
"15663","YR2002","TUV","EN.GHG.CO2.LU.MT.CE.AR5",0,0
"15664","YR2002","TUV","EN.GHG.CO2.LU.FL.MT.CE.AR5",0,0
"15665","YR2002","TUV","EN.GHG.CO2.LU.DF.MT.CE.AR5",0,0
"15666","YR2003","TUV","EN.GHG.CO2.LU.MT.CE.AR5",0,0
"15667","YR2003","TUV","EN.GHG.CO2.LU.FL.MT.CE.AR5",0,0
"15668","YR2003","TUV","EN.GHG.CO2.LU.DF.MT.CE.AR5",0,0
"15669","YR2004","TUV","EN.GHG.CO2.LU.MT.CE.AR5",0,0
"15670","YR2004","TUV","EN.GHG.CO2.LU.FL.MT.CE.AR5",0,0
"15671","YR2004","TUV","EN.GHG.CO2.LU.DF.MT.CE.AR5",0,0
"15672","YR2005","TUV","EN.GHG.CO2.LU.MT.CE.AR5",0,0
"15673","YR2005","TUV","EN.GHG.CO2.LU.FL.MT.CE.AR5",0,0
"15674","YR2005","TUV","EN.GHG.CO2.LU.DF.MT.CE.AR5",0,0
"15675","YR2006","TUV","EN.GHG.CO2.LU.MT.CE.AR5",0,0
"15676","YR2006","TUV","EN.GHG.CO2.LU.FL.MT.CE.AR5",0,0
"15677","YR2006","TUV","EN.GHG.CO2.LU.DF.MT.CE.AR5",0,0
"15678","YR2007","TUV","EN.GHG.CO2.LU.MT.CE.AR5",0,0
"15679","YR2007","TUV","EN.GHG.CO2.LU.FL.MT.CE.AR5",0,0
"15680","YR2007","TUV","EN.GHG.CO2.LU.DF.MT.CE.AR5",0,0
"15681","YR2008","TUV","EN.GHG.CO2.LU.MT.CE.AR5",0,0
"15682","YR2008","TUV","EN.GHG.CO2.LU.FL.MT.CE.AR5",0,0
"15683","YR2008","TUV","EN.GHG.CO2.LU.DF.MT.CE.AR5",0,0
"15684","YR2009","TUV","EN.GHG.CO2.LU.MT.CE.AR5",0,0
"15685","YR2009","TUV","EN.GHG.CO2.LU.FL.MT.CE.AR5",0,0
"15686","YR2009","TUV","EN.GHG.CO2.LU.DF.MT.CE.AR5",0,0
"15687","YR2010","TUV","EN.GHG.CO2.LU.MT.CE.AR5",0,0
"15688","YR2010","TUV","EN.GHG.CO2.LU.FL.MT.CE.AR5",0,0
"15689","YR2010","TUV","EN.GHG.CO2.LU.DF.MT.CE.AR5",0,0
"15690","YR2011","TUV","EN.GHG.CO2.LU.MT.CE.AR5",0,0
"15691","YR2011","TUV","EN.GHG.CO2.LU.FL.MT.CE.AR5",0,0
"15692","YR2011","TUV","EN.GHG.CO2.LU.DF.MT.CE.AR5",0,0
"15693","YR2012","TUV","EN.GHG.CO2.LU.MT.CE.AR5",0,0
"15694","YR2012","TUV","EN.GHG.CO2.LU.FL.MT.CE.AR5",0,0
"15695","YR2012","TUV","EN.GHG.CO2.LU.DF.MT.CE.AR5",0,0
"15696","YR2013","TUV","EN.GHG.CO2.LU.MT.CE.AR5",0,0
"15697","YR2013","TUV","EN.GHG.CO2.LU.FL.MT.CE.AR5",0,0
"15698","YR2013","TUV","EN.GHG.CO2.LU.DF.MT.CE.AR5",0,0
"15699","YR2014","TUV","EN.GHG.CO2.LU.MT.CE.AR5",0,0
"15700","YR2014","TUV","EN.GHG.CO2.LU.FL.MT.CE.AR5",0,0
"15701","YR2014","TUV","EN.GHG.CO2.LU.DF.MT.CE.AR5",0,0
"15702","YR2015","TUV","EN.GHG.CO2.LU.MT.CE.AR5",0,0
"15703","YR2015","TUV","EN.GHG.CO2.LU.FL.MT.CE.AR5",0,0
"15704","YR2015","TUV","EN.GHG.CO2.LU.DF.MT.CE.AR5",0,0
"15705","YR2016","TUV","EN.GHG.CO2.LU.MT.CE.AR5",0,0
"15706","YR2016","TUV","EN.GHG.CO2.LU.FL.MT.CE.AR5",0,0
"15707","YR2016","TUV","EN.GHG.CO2.LU.DF.MT.CE.AR5",0,0
"15708","YR2017","TUV","EN.GHG.CO2.LU.MT.CE.AR5",0,0
"15709","YR2017","TUV","EN.GHG.CO2.LU.FL.MT.CE.AR5",0,0
"15710","YR2017","TUV","EN.GHG.CO2.LU.DF.MT.CE.AR5",0,0
"15711","YR2018","TUV","EN.GHG.CO2.LU.MT.CE.AR5",0,0
"15712","YR2018","TUV","EN.GHG.CO2.LU.FL.MT.CE.AR5",0,0
"15713","YR2018","TUV","EN.GHG.CO2.LU.DF.MT.CE.AR5",0,0
"15714","YR2019","TUV","EN.GHG.CO2.LU.MT.CE.AR5",0,0
"15715","YR2019","TUV","EN.GHG.CO2.LU.FL.MT.CE.AR5",0,0
"15716","YR2019","TUV","EN.GHG.CO2.LU.DF.MT.CE.AR5",0,0
"15717","YR2020","TUV","EN.GHG.CO2.LU.MT.CE.AR5",0,0
"15718","YR2020","TUV","EN.GHG.CO2.LU.FL.MT.CE.AR5",0,0
"15719","YR2020","TUV","EN.GHG.CO2.LU.DF.MT.CE.AR5",0,0
"15720","YR2021","TUV","EN.GHG.CO2.LU.MT.CE.AR5",0,0
"15721","YR2021","TUV","EN.GHG.CO2.LU.FL.MT.CE.AR5",0,0
"15722","YR2021","TUV","EN.GHG.CO2.LU.DF.MT.CE.AR5",0,0
"15723","YR2022","TUV","EN.GHG.CO2.LU.MT.CE.AR5",0,0
"15724","YR2022","TUV","EN.GHG.CO2.LU.FL.MT.CE.AR5",0,0
"15725","YR2022","TUV","EN.GHG.CO2.LU.DF.MT.CE.AR5",0,0
"15726","YR2023","TUV","EN.GHG.CO2.LU.MT.CE.AR5",0,0
"15727","YR2023","TUV","EN.GHG.CO2.LU.FL.MT.CE.AR5",0,0
"15728","YR2023","TUV","EN.GHG.CO2.LU.DF.MT.CE.AR5",0,0
"15729","YR2000","UGA","EN.GHG.CO2.LU.MT.CE.AR5",0,19.6812
"15730","YR2000","UGA","EN.GHG.CO2.LU.FL.MT.CE.AR5",0,6.2776
"15731","YR2000","UGA","EN.GHG.CO2.LU.DF.MT.CE.AR5",0,13.099
"15732","YR2000","UGA","EN.GHG.CO2.LU.OL.MT.CE.AR5",0,0.3057
"15733","YR2001","UGA","EN.GHG.CO2.LU.MT.CE.AR5",0,21.6748
"15734","YR2001","UGA","EN.GHG.CO2.LU.FL.MT.CE.AR5",0,8.2712
"15735","YR2001","UGA","EN.GHG.CO2.LU.DF.MT.CE.AR5",0,13.099
"15736","YR2001","UGA","EN.GHG.CO2.LU.OL.MT.CE.AR5",0,0.3057
"15737","YR2002","UGA","EN.GHG.CO2.LU.MT.CE.AR5",0,23.6684
"15738","YR2002","UGA","EN.GHG.CO2.LU.FL.MT.CE.AR5",0,10.2648
"15739","YR2002","UGA","EN.GHG.CO2.LU.DF.MT.CE.AR5",0,13.099
"15740","YR2002","UGA","EN.GHG.CO2.LU.OL.MT.CE.AR5",0,0.3057
"15741","YR2003","UGA","EN.GHG.CO2.LU.MT.CE.AR5",0,25.662
"15742","YR2003","UGA","EN.GHG.CO2.LU.FL.MT.CE.AR5",0,12.2584
"15743","YR2003","UGA","EN.GHG.CO2.LU.DF.MT.CE.AR5",0,13.099
"15744","YR2003","UGA","EN.GHG.CO2.LU.OL.MT.CE.AR5",0,0.3057
"15745","YR2004","UGA","EN.GHG.CO2.LU.MT.CE.AR5",0,27.6556
"15746","YR2004","UGA","EN.GHG.CO2.LU.FL.MT.CE.AR5",0,14.252
"15747","YR2004","UGA","EN.GHG.CO2.LU.DF.MT.CE.AR5",0,13.099
"15748","YR2004","UGA","EN.GHG.CO2.LU.OL.MT.CE.AR5",0,0.3057
"15749","YR2005","UGA","EN.GHG.CO2.LU.MT.CE.AR5",0,29.6492
"15750","YR2005","UGA","EN.GHG.CO2.LU.FL.MT.CE.AR5",0,16.2456
"15751","YR2005","UGA","EN.GHG.CO2.LU.DF.MT.CE.AR5",0,13.099
"15752","YR2005","UGA","EN.GHG.CO2.LU.OL.MT.CE.AR5",0,0.3057
"15753","YR2006","UGA","EN.GHG.CO2.LU.MT.CE.AR5",0,32.4054
"15754","YR2006","UGA","EN.GHG.CO2.LU.FL.MT.CE.AR5",0,19.0018
"15755","YR2006","UGA","EN.GHG.CO2.LU.DF.MT.CE.AR5",0,13.099
"15756","YR2006","UGA","EN.GHG.CO2.LU.OL.MT.CE.AR5",0,0.3057
"15757","YR2007","UGA","EN.GHG.CO2.LU.MT.CE.AR5",0,35.1616
"15758","YR2007","UGA","EN.GHG.CO2.LU.FL.MT.CE.AR5",0,21.758
"15759","YR2007","UGA","EN.GHG.CO2.LU.DF.MT.CE.AR5",0,13.099
"15760","YR2007","UGA","EN.GHG.CO2.LU.OL.MT.CE.AR5",0,0.3057
"15761","YR2008","UGA","EN.GHG.CO2.LU.MT.CE.AR5",0,37.9178
"15762","YR2008","UGA","EN.GHG.CO2.LU.FL.MT.CE.AR5",0,24.5142
"15763","YR2008","UGA","EN.GHG.CO2.LU.DF.MT.CE.AR5",0,13.099
"15764","YR2008","UGA","EN.GHG.CO2.LU.OL.MT.CE.AR5",0,0.3057
"15765","YR2009","UGA","EN.GHG.CO2.LU.MT.CE.AR5",0,40.674
"15766","YR2009","UGA","EN.GHG.CO2.LU.FL.MT.CE.AR5",0,27.2704
"15767","YR2009","UGA","EN.GHG.CO2.LU.DF.MT.CE.AR5",0,13.099
"15768","YR2009","UGA","EN.GHG.CO2.LU.OL.MT.CE.AR5",0,0.3057
"15769","YR2010","UGA","EN.GHG.CO2.LU.MT.CE.AR5",0,43.4302
"15770","YR2010","UGA","EN.GHG.CO2.LU.FL.MT.CE.AR5",0,30.0266
"15771","YR2010","UGA","EN.GHG.CO2.LU.DF.MT.CE.AR5",0,13.099
"15772","YR2010","UGA","EN.GHG.CO2.LU.OL.MT.CE.AR5",0,0.3057
"15773","YR2011","UGA","EN.GHG.CO2.LU.MT.CE.AR5",0,45.356
"15774","YR2011","UGA","EN.GHG.CO2.LU.FL.MT.CE.AR5",0,31.9524
"15775","YR2011","UGA","EN.GHG.CO2.LU.DF.MT.CE.AR5",0,13.099
"15776","YR2011","UGA","EN.GHG.CO2.LU.OL.MT.CE.AR5",0,0.3057
"15777","YR2012","UGA","EN.GHG.CO2.LU.MT.CE.AR5",0,47.2818
"15778","YR2012","UGA","EN.GHG.CO2.LU.FL.MT.CE.AR5",0,33.8782
"15779","YR2012","UGA","EN.GHG.CO2.LU.DF.MT.CE.AR5",0,13.099
"15780","YR2012","UGA","EN.GHG.CO2.LU.OL.MT.CE.AR5",0,0.3057
"15781","YR2013","UGA","EN.GHG.CO2.LU.MT.CE.AR5",0,49.2076
"15782","YR2013","UGA","EN.GHG.CO2.LU.FL.MT.CE.AR5",0,35.804
"15783","YR2013","UGA","EN.GHG.CO2.LU.DF.MT.CE.AR5",0,13.099
"15784","YR2013","UGA","EN.GHG.CO2.LU.OL.MT.CE.AR5",0,0.3057
"15785","YR2014","UGA","EN.GHG.CO2.LU.MT.CE.AR5",0,51.1334
"15786","YR2014","UGA","EN.GHG.CO2.LU.FL.MT.CE.AR5",0,37.7298
"15787","YR2014","UGA","EN.GHG.CO2.LU.DF.MT.CE.AR5",0,13.099
"15788","YR2014","UGA","EN.GHG.CO2.LU.OL.MT.CE.AR5",0,0.3057
"15789","YR2015","UGA","EN.GHG.CO2.LU.MT.CE.AR5",0,53.0592
"15790","YR2015","UGA","EN.GHG.CO2.LU.FL.MT.CE.AR5",0,39.6556
"15791","YR2015","UGA","EN.GHG.CO2.LU.DF.MT.CE.AR5",0,13.099
"15792","YR2015","UGA","EN.GHG.CO2.LU.OL.MT.CE.AR5",0,0.3057
"15793","YR2016","UGA","EN.GHG.CO2.LU.MT.CE.AR5",0,54.764
"15794","YR2016","UGA","EN.GHG.CO2.LU.FL.MT.CE.AR5",0,41.3604
"15795","YR2016","UGA","EN.GHG.CO2.LU.DF.MT.CE.AR5",0,13.099
"15796","YR2016","UGA","EN.GHG.CO2.LU.OL.MT.CE.AR5",0,0.3057
"15797","YR2017","UGA","EN.GHG.CO2.LU.MT.CE.AR5",0,56.4688
"15798","YR2017","UGA","EN.GHG.CO2.LU.FL.MT.CE.AR5",0,43.0652
"15799","YR2017","UGA","EN.GHG.CO2.LU.DF.MT.CE.AR5",0,13.099
"15800","YR2017","UGA","EN.GHG.CO2.LU.OL.MT.CE.AR5",0,0.3057
"15801","YR2018","UGA","EN.GHG.CO2.LU.MT.CE.AR5",0,56.4688
"15802","YR2018","UGA","EN.GHG.CO2.LU.FL.MT.CE.AR5",0,43.0652
"15803","YR2018","UGA","EN.GHG.CO2.LU.DF.MT.CE.AR5",0,13.099
"15804","YR2018","UGA","EN.GHG.CO2.LU.OL.MT.CE.AR5",0,0.3057
"15805","YR2019","UGA","EN.GHG.CO2.LU.MT.CE.AR5",0,56.4688
"15806","YR2019","UGA","EN.GHG.CO2.LU.FL.MT.CE.AR5",0,43.0652
"15807","YR2019","UGA","EN.GHG.CO2.LU.DF.MT.CE.AR5",0,13.099
"15808","YR2019","UGA","EN.GHG.CO2.LU.OL.MT.CE.AR5",0,0.3057
"15809","YR2020","UGA","EN.GHG.CO2.LU.MT.CE.AR5",0,56.4688
"15810","YR2020","UGA","EN.GHG.CO2.LU.FL.MT.CE.AR5",0,43.0652
"15811","YR2020","UGA","EN.GHG.CO2.LU.DF.MT.CE.AR5",0,13.099
"15812","YR2020","UGA","EN.GHG.CO2.LU.OL.MT.CE.AR5",0,0.3057
"15813","YR2021","UGA","EN.GHG.CO2.LU.MT.CE.AR5",0,56.4688
"15814","YR2021","UGA","EN.GHG.CO2.LU.FL.MT.CE.AR5",0,43.0652
"15815","YR2021","UGA","EN.GHG.CO2.LU.DF.MT.CE.AR5",0,13.099
"15816","YR2021","UGA","EN.GHG.CO2.LU.OL.MT.CE.AR5",0,0.3057
"15817","YR2022","UGA","EN.GHG.CO2.LU.MT.CE.AR5",0,56.4688
"15818","YR2022","UGA","EN.GHG.CO2.LU.FL.MT.CE.AR5",0,43.0652
"15819","YR2022","UGA","EN.GHG.CO2.LU.DF.MT.CE.AR5",0,13.099
"15820","YR2022","UGA","EN.GHG.CO2.LU.OL.MT.CE.AR5",0,0.3057
"15821","YR2023","UGA","EN.GHG.CO2.LU.MT.CE.AR5",0,56.4688
"15822","YR2023","UGA","EN.GHG.CO2.LU.FL.MT.CE.AR5",0,43.0652
"15823","YR2023","UGA","EN.GHG.CO2.LU.DF.MT.CE.AR5",0,13.099
"15824","YR2023","UGA","EN.GHG.CO2.LU.OL.MT.CE.AR5",0,0.3057
"15825","YR2000","ARE","EN.GHG.CO2.LU.MT.CE.AR5",0,-1.0737
"15826","YR2000","ARE","EN.GHG.CO2.LU.FL.MT.CE.AR5",0,-1.0737
"15827","YR2000","ARE","EN.GHG.CO2.LU.DF.MT.CE.AR5",0,0
"15828","YR2001","ARE","EN.GHG.CO2.LU.MT.CE.AR5",0,-1.0737
"15829","YR2001","ARE","EN.GHG.CO2.LU.FL.MT.CE.AR5",0,-1.0737
"15830","YR2001","ARE","EN.GHG.CO2.LU.DF.MT.CE.AR5",0,0
"15831","YR2002","ARE","EN.GHG.CO2.LU.MT.CE.AR5",0,-1.0737
"15832","YR2002","ARE","EN.GHG.CO2.LU.FL.MT.CE.AR5",0,-1.0737
"15833","YR2002","ARE","EN.GHG.CO2.LU.DF.MT.CE.AR5",0,0
"15834","YR2003","ARE","EN.GHG.CO2.LU.MT.CE.AR5",0,-1.0737
"15835","YR2003","ARE","EN.GHG.CO2.LU.FL.MT.CE.AR5",0,-1.0737
"15836","YR2003","ARE","EN.GHG.CO2.LU.DF.MT.CE.AR5",0,0
"15837","YR2004","ARE","EN.GHG.CO2.LU.MT.CE.AR5",0,-1.0737
"15838","YR2004","ARE","EN.GHG.CO2.LU.FL.MT.CE.AR5",0,-1.0737
"15839","YR2004","ARE","EN.GHG.CO2.LU.DF.MT.CE.AR5",0,0
"15840","YR2005","ARE","EN.GHG.CO2.LU.MT.CE.AR5",0,-1.0737
"15841","YR2005","ARE","EN.GHG.CO2.LU.FL.MT.CE.AR5",0,-1.0737
"15842","YR2005","ARE","EN.GHG.CO2.LU.DF.MT.CE.AR5",0,0
"15843","YR2006","ARE","EN.GHG.CO2.LU.MT.CE.AR5",0,-1.0737
"15844","YR2006","ARE","EN.GHG.CO2.LU.FL.MT.CE.AR5",0,-1.0737
"15845","YR2006","ARE","EN.GHG.CO2.LU.DF.MT.CE.AR5",0,0
"15846","YR2007","ARE","EN.GHG.CO2.LU.MT.CE.AR5",0,-1.0737
"15847","YR2007","ARE","EN.GHG.CO2.LU.FL.MT.CE.AR5",0,-1.0737
"15848","YR2007","ARE","EN.GHG.CO2.LU.DF.MT.CE.AR5",0,0
"15849","YR2008","ARE","EN.GHG.CO2.LU.MT.CE.AR5",0,-1.0737
"15850","YR2008","ARE","EN.GHG.CO2.LU.FL.MT.CE.AR5",0,-1.0737
"15851","YR2008","ARE","EN.GHG.CO2.LU.DF.MT.CE.AR5",0,0
"15852","YR2009","ARE","EN.GHG.CO2.LU.MT.CE.AR5",0,-1.0737
"15853","YR2009","ARE","EN.GHG.CO2.LU.FL.MT.CE.AR5",0,-1.0737
"15854","YR2009","ARE","EN.GHG.CO2.LU.DF.MT.CE.AR5",0,0
"15855","YR2010","ARE","EN.GHG.CO2.LU.MT.CE.AR5",0,-1.0737
"15856","YR2010","ARE","EN.GHG.CO2.LU.FL.MT.CE.AR5",0,-1.0737
"15857","YR2010","ARE","EN.GHG.CO2.LU.DF.MT.CE.AR5",0,0
"15858","YR2011","ARE","EN.GHG.CO2.LU.MT.CE.AR5",0,-1.0737
"15859","YR2011","ARE","EN.GHG.CO2.LU.FL.MT.CE.AR5",0,-1.0737
"15860","YR2011","ARE","EN.GHG.CO2.LU.DF.MT.CE.AR5",0,0
"15861","YR2012","ARE","EN.GHG.CO2.LU.MT.CE.AR5",0,-1.0737
"15862","YR2012","ARE","EN.GHG.CO2.LU.FL.MT.CE.AR5",0,-1.0737
"15863","YR2012","ARE","EN.GHG.CO2.LU.DF.MT.CE.AR5",0,0
"15864","YR2013","ARE","EN.GHG.CO2.LU.MT.CE.AR5",0,-1.0737
"15865","YR2013","ARE","EN.GHG.CO2.LU.FL.MT.CE.AR5",0,-1.0737
"15866","YR2013","ARE","EN.GHG.CO2.LU.DF.MT.CE.AR5",0,0
"15867","YR2014","ARE","EN.GHG.CO2.LU.MT.CE.AR5",0,-1.0737
"15868","YR2014","ARE","EN.GHG.CO2.LU.FL.MT.CE.AR5",0,-1.0737
"15869","YR2014","ARE","EN.GHG.CO2.LU.DF.MT.CE.AR5",0,0
"15870","YR2015","ARE","EN.GHG.CO2.LU.MT.CE.AR5",0,-1.0737
"15871","YR2015","ARE","EN.GHG.CO2.LU.FL.MT.CE.AR5",0,-1.0737
"15872","YR2015","ARE","EN.GHG.CO2.LU.DF.MT.CE.AR5",0,0
"15873","YR2016","ARE","EN.GHG.CO2.LU.MT.CE.AR5",0,-1.0737
"15874","YR2016","ARE","EN.GHG.CO2.LU.FL.MT.CE.AR5",0,-1.0737
"15875","YR2016","ARE","EN.GHG.CO2.LU.DF.MT.CE.AR5",0,0
"15876","YR2017","ARE","EN.GHG.CO2.LU.MT.CE.AR5",0,-1.0737
"15877","YR2017","ARE","EN.GHG.CO2.LU.FL.MT.CE.AR5",0,-1.0737
"15878","YR2017","ARE","EN.GHG.CO2.LU.DF.MT.CE.AR5",0,0
"15879","YR2018","ARE","EN.GHG.CO2.LU.MT.CE.AR5",0,-1.0737
"15880","YR2018","ARE","EN.GHG.CO2.LU.FL.MT.CE.AR5",0,-1.0737
"15881","YR2018","ARE","EN.GHG.CO2.LU.DF.MT.CE.AR5",0,0
"15882","YR2019","ARE","EN.GHG.CO2.LU.MT.CE.AR5",0,-1.0737
"15883","YR2019","ARE","EN.GHG.CO2.LU.FL.MT.CE.AR5",0,-1.0737
"15884","YR2019","ARE","EN.GHG.CO2.LU.DF.MT.CE.AR5",0,0
"15885","YR2020","ARE","EN.GHG.CO2.LU.MT.CE.AR5",0,-1.0737
"15886","YR2020","ARE","EN.GHG.CO2.LU.FL.MT.CE.AR5",0,-1.0737
"15887","YR2020","ARE","EN.GHG.CO2.LU.DF.MT.CE.AR5",0,0
"15888","YR2021","ARE","EN.GHG.CO2.LU.MT.CE.AR5",0,-1.0737
"15889","YR2021","ARE","EN.GHG.CO2.LU.FL.MT.CE.AR5",0,-1.0737
"15890","YR2021","ARE","EN.GHG.CO2.LU.DF.MT.CE.AR5",0,0
"15891","YR2022","ARE","EN.GHG.CO2.LU.MT.CE.AR5",0,-1.0737
"15892","YR2022","ARE","EN.GHG.CO2.LU.FL.MT.CE.AR5",0,-1.0737
"15893","YR2022","ARE","EN.GHG.CO2.LU.DF.MT.CE.AR5",0,0
"15894","YR2023","ARE","EN.GHG.CO2.LU.MT.CE.AR5",0,-1.0737
"15895","YR2023","ARE","EN.GHG.CO2.LU.FL.MT.CE.AR5",0,-1.0737
"15896","YR2023","ARE","EN.GHG.CO2.LU.DF.MT.CE.AR5",0,0
"15897","YR2000","TZA","EN.GHG.CO2.LU.MT.CE.AR5",0,43.737
"15898","YR2000","TZA","EN.GHG.CO2.LU.DF.MT.CE.AR5",0,43.737
"15899","YR2001","TZA","EN.GHG.CO2.LU.MT.CE.AR5",0,43.737
"15900","YR2001","TZA","EN.GHG.CO2.LU.DF.MT.CE.AR5",0,43.737
"15901","YR2002","TZA","EN.GHG.CO2.LU.MT.CE.AR5",0,43.737
"15902","YR2002","TZA","EN.GHG.CO2.LU.DF.MT.CE.AR5",0,43.737
"15903","YR2003","TZA","EN.GHG.CO2.LU.MT.CE.AR5",0,43.737
"15904","YR2003","TZA","EN.GHG.CO2.LU.DF.MT.CE.AR5",0,43.737
"15905","YR2004","TZA","EN.GHG.CO2.LU.MT.CE.AR5",0,43.737
"15906","YR2004","TZA","EN.GHG.CO2.LU.DF.MT.CE.AR5",0,43.737
"15907","YR2005","TZA","EN.GHG.CO2.LU.MT.CE.AR5",0,43.737
"15908","YR2005","TZA","EN.GHG.CO2.LU.DF.MT.CE.AR5",0,43.737
"15909","YR2006","TZA","EN.GHG.CO2.LU.MT.CE.AR5",0,43.737
"15910","YR2006","TZA","EN.GHG.CO2.LU.DF.MT.CE.AR5",0,43.737
"15911","YR2007","TZA","EN.GHG.CO2.LU.MT.CE.AR5",0,43.737
"15912","YR2007","TZA","EN.GHG.CO2.LU.DF.MT.CE.AR5",0,43.737
"15913","YR2008","TZA","EN.GHG.CO2.LU.MT.CE.AR5",0,43.737
"15914","YR2008","TZA","EN.GHG.CO2.LU.DF.MT.CE.AR5",0,43.737
"15915","YR2009","TZA","EN.GHG.CO2.LU.MT.CE.AR5",0,43.737
"15916","YR2009","TZA","EN.GHG.CO2.LU.DF.MT.CE.AR5",0,43.737
"15917","YR2010","TZA","EN.GHG.CO2.LU.MT.CE.AR5",0,43.737
"15918","YR2010","TZA","EN.GHG.CO2.LU.DF.MT.CE.AR5",0,43.737
"15919","YR2011","TZA","EN.GHG.CO2.LU.MT.CE.AR5",0,43.737
"15920","YR2011","TZA","EN.GHG.CO2.LU.DF.MT.CE.AR5",0,43.737
"15921","YR2012","TZA","EN.GHG.CO2.LU.MT.CE.AR5",0,43.737
"15922","YR2012","TZA","EN.GHG.CO2.LU.DF.MT.CE.AR5",0,43.737
"15923","YR2013","TZA","EN.GHG.CO2.LU.MT.CE.AR5",0,43.737
"15924","YR2013","TZA","EN.GHG.CO2.LU.DF.MT.CE.AR5",0,43.737
"15925","YR2014","TZA","EN.GHG.CO2.LU.MT.CE.AR5",0,43.737
"15926","YR2014","TZA","EN.GHG.CO2.LU.DF.MT.CE.AR5",0,43.737
"15927","YR2015","TZA","EN.GHG.CO2.LU.MT.CE.AR5",0,43.737
"15928","YR2015","TZA","EN.GHG.CO2.LU.DF.MT.CE.AR5",0,43.737
"15929","YR2016","TZA","EN.GHG.CO2.LU.MT.CE.AR5",0,43.737
"15930","YR2016","TZA","EN.GHG.CO2.LU.DF.MT.CE.AR5",0,43.737
"15931","YR2017","TZA","EN.GHG.CO2.LU.MT.CE.AR5",0,43.737
"15932","YR2017","TZA","EN.GHG.CO2.LU.DF.MT.CE.AR5",0,43.737
"15933","YR2018","TZA","EN.GHG.CO2.LU.MT.CE.AR5",0,43.737
"15934","YR2018","TZA","EN.GHG.CO2.LU.DF.MT.CE.AR5",0,43.737
"15935","YR2019","TZA","EN.GHG.CO2.LU.MT.CE.AR5",0,43.737
"15936","YR2019","TZA","EN.GHG.CO2.LU.DF.MT.CE.AR5",0,43.737
"15937","YR2020","TZA","EN.GHG.CO2.LU.MT.CE.AR5",0,43.737
"15938","YR2020","TZA","EN.GHG.CO2.LU.DF.MT.CE.AR5",0,43.737
"15939","YR2021","TZA","EN.GHG.CO2.LU.MT.CE.AR5",0,43.737
"15940","YR2021","TZA","EN.GHG.CO2.LU.DF.MT.CE.AR5",0,43.737
"15941","YR2022","TZA","EN.GHG.CO2.LU.MT.CE.AR5",0,43.737
"15942","YR2022","TZA","EN.GHG.CO2.LU.DF.MT.CE.AR5",0,43.737
"15943","YR2023","TZA","EN.GHG.CO2.LU.MT.CE.AR5",0,43.737
"15944","YR2023","TZA","EN.GHG.CO2.LU.DF.MT.CE.AR5",0,43.737
"15945","YR2000","VUT","EN.GHG.CO2.LU.MT.CE.AR5",0,-7.021
"15946","YR2000","VUT","EN.GHG.CO2.LU.FL.MT.CE.AR5",0,-7.021
"15947","YR2000","VUT","EN.GHG.CO2.LU.DF.MT.CE.AR5",0,0
"15948","YR2001","VUT","EN.GHG.CO2.LU.MT.CE.AR5",0,-7.021
"15949","YR2001","VUT","EN.GHG.CO2.LU.FL.MT.CE.AR5",0,-7.021
"15950","YR2001","VUT","EN.GHG.CO2.LU.DF.MT.CE.AR5",0,0
"15951","YR2002","VUT","EN.GHG.CO2.LU.MT.CE.AR5",0,-7.021
"15952","YR2002","VUT","EN.GHG.CO2.LU.FL.MT.CE.AR5",0,-7.021
"15953","YR2002","VUT","EN.GHG.CO2.LU.DF.MT.CE.AR5",0,0
"15954","YR2003","VUT","EN.GHG.CO2.LU.MT.CE.AR5",0,-7.021
"15955","YR2003","VUT","EN.GHG.CO2.LU.FL.MT.CE.AR5",0,-7.021
"15956","YR2003","VUT","EN.GHG.CO2.LU.DF.MT.CE.AR5",0,0
"15957","YR2004","VUT","EN.GHG.CO2.LU.MT.CE.AR5",0,-7.021
"15958","YR2004","VUT","EN.GHG.CO2.LU.FL.MT.CE.AR5",0,-7.021
"15959","YR2004","VUT","EN.GHG.CO2.LU.DF.MT.CE.AR5",0,0
"15960","YR2005","VUT","EN.GHG.CO2.LU.MT.CE.AR5",0,-7.021
"15961","YR2005","VUT","EN.GHG.CO2.LU.FL.MT.CE.AR5",0,-7.021
"15962","YR2005","VUT","EN.GHG.CO2.LU.DF.MT.CE.AR5",0,0
"15963","YR2006","VUT","EN.GHG.CO2.LU.MT.CE.AR5",0,-7.021
"15964","YR2006","VUT","EN.GHG.CO2.LU.FL.MT.CE.AR5",0,-7.021
"15965","YR2006","VUT","EN.GHG.CO2.LU.DF.MT.CE.AR5",0,0
"15966","YR2007","VUT","EN.GHG.CO2.LU.MT.CE.AR5",0,-7.021
"15967","YR2007","VUT","EN.GHG.CO2.LU.FL.MT.CE.AR5",0,-7.021
"15968","YR2007","VUT","EN.GHG.CO2.LU.DF.MT.CE.AR5",0,0
"15969","YR2008","VUT","EN.GHG.CO2.LU.MT.CE.AR5",0,-7.021
"15970","YR2008","VUT","EN.GHG.CO2.LU.FL.MT.CE.AR5",0,-7.021
"15971","YR2008","VUT","EN.GHG.CO2.LU.DF.MT.CE.AR5",0,0
"15972","YR2009","VUT","EN.GHG.CO2.LU.MT.CE.AR5",0,-7.021
"15973","YR2009","VUT","EN.GHG.CO2.LU.FL.MT.CE.AR5",0,-7.021
"15974","YR2009","VUT","EN.GHG.CO2.LU.DF.MT.CE.AR5",0,0
"15975","YR2010","VUT","EN.GHG.CO2.LU.MT.CE.AR5",0,-7.021
"15976","YR2010","VUT","EN.GHG.CO2.LU.FL.MT.CE.AR5",0,-7.021
"15977","YR2010","VUT","EN.GHG.CO2.LU.DF.MT.CE.AR5",0,0
"15978","YR2011","VUT","EN.GHG.CO2.LU.MT.CE.AR5",0,-6.937
"15979","YR2011","VUT","EN.GHG.CO2.LU.FL.MT.CE.AR5",0,-6.937
"15980","YR2011","VUT","EN.GHG.CO2.LU.DF.MT.CE.AR5",0,0
"15981","YR2012","VUT","EN.GHG.CO2.LU.MT.CE.AR5",0,-6.937
"15982","YR2012","VUT","EN.GHG.CO2.LU.FL.MT.CE.AR5",0,-6.937
"15983","YR2012","VUT","EN.GHG.CO2.LU.DF.MT.CE.AR5",0,0
"15984","YR2013","VUT","EN.GHG.CO2.LU.MT.CE.AR5",0,-6.937
"15985","YR2013","VUT","EN.GHG.CO2.LU.FL.MT.CE.AR5",0,-6.937
"15986","YR2013","VUT","EN.GHG.CO2.LU.DF.MT.CE.AR5",0,0
"15987","YR2014","VUT","EN.GHG.CO2.LU.MT.CE.AR5",0,-6.937
"15988","YR2014","VUT","EN.GHG.CO2.LU.FL.MT.CE.AR5",0,-6.937
"15989","YR2014","VUT","EN.GHG.CO2.LU.DF.MT.CE.AR5",0,0
"15990","YR2015","VUT","EN.GHG.CO2.LU.MT.CE.AR5",0,-6.937
"15991","YR2015","VUT","EN.GHG.CO2.LU.FL.MT.CE.AR5",0,-6.937
"15992","YR2015","VUT","EN.GHG.CO2.LU.DF.MT.CE.AR5",0,0
"15993","YR2016","VUT","EN.GHG.CO2.LU.MT.CE.AR5",0,-6.937
"15994","YR2016","VUT","EN.GHG.CO2.LU.FL.MT.CE.AR5",0,-6.937
"15995","YR2016","VUT","EN.GHG.CO2.LU.DF.MT.CE.AR5",0,0
"15996","YR2017","VUT","EN.GHG.CO2.LU.MT.CE.AR5",0,-6.937
"15997","YR2017","VUT","EN.GHG.CO2.LU.FL.MT.CE.AR5",0,-6.937
"15998","YR2017","VUT","EN.GHG.CO2.LU.DF.MT.CE.AR5",0,0
"15999","YR2018","VUT","EN.GHG.CO2.LU.MT.CE.AR5",0,-6.937
"16000","YR2018","VUT","EN.GHG.CO2.LU.FL.MT.CE.AR5",0,-6.937
"16001","YR2018","VUT","EN.GHG.CO2.LU.DF.MT.CE.AR5",0,0
"16002","YR2019","VUT","EN.GHG.CO2.LU.MT.CE.AR5",0,-6.937
"16003","YR2019","VUT","EN.GHG.CO2.LU.FL.MT.CE.AR5",0,-6.937
"16004","YR2019","VUT","EN.GHG.CO2.LU.DF.MT.CE.AR5",0,0
"16005","YR2020","VUT","EN.GHG.CO2.LU.MT.CE.AR5",0,-6.937
"16006","YR2020","VUT","EN.GHG.CO2.LU.FL.MT.CE.AR5",0,-6.937
"16007","YR2020","VUT","EN.GHG.CO2.LU.DF.MT.CE.AR5",0,0
"16008","YR2021","VUT","EN.GHG.CO2.LU.MT.CE.AR5",0,-6.937
"16009","YR2021","VUT","EN.GHG.CO2.LU.FL.MT.CE.AR5",0,-6.937
"16010","YR2021","VUT","EN.GHG.CO2.LU.DF.MT.CE.AR5",0,0
"16011","YR2022","VUT","EN.GHG.CO2.LU.MT.CE.AR5",0,-6.937
"16012","YR2022","VUT","EN.GHG.CO2.LU.FL.MT.CE.AR5",0,-6.937
"16013","YR2022","VUT","EN.GHG.CO2.LU.DF.MT.CE.AR5",0,0
"16014","YR2023","VUT","EN.GHG.CO2.LU.MT.CE.AR5",0,-6.937
"16015","YR2023","VUT","EN.GHG.CO2.LU.FL.MT.CE.AR5",0,-6.937
"16016","YR2023","VUT","EN.GHG.CO2.LU.DF.MT.CE.AR5",0,0
"16017","YR2000","VNM","EN.GHG.CO2.LU.MT.CE.AR5",0,-39.4913
"16018","YR2000","VNM","EN.GHG.CO2.LU.FL.MT.CE.AR5",0,-54.6578
"16019","YR2000","VNM","EN.GHG.CO2.LU.DF.MT.CE.AR5",0,13.5448
"16020","YR2000","VNM","EN.GHG.CO2.LU.OL.MT.CE.AR5",0,1.6218
"16021","YR2001","VNM","EN.GHG.CO2.LU.MT.CE.AR5",0,-39.4913
"16022","YR2001","VNM","EN.GHG.CO2.LU.FL.MT.CE.AR5",0,-54.6578
"16023","YR2001","VNM","EN.GHG.CO2.LU.DF.MT.CE.AR5",0,13.5448
"16024","YR2001","VNM","EN.GHG.CO2.LU.OL.MT.CE.AR5",0,1.6218
"16025","YR2002","VNM","EN.GHG.CO2.LU.MT.CE.AR5",0,-39.4913
"16026","YR2002","VNM","EN.GHG.CO2.LU.FL.MT.CE.AR5",0,-54.6578
"16027","YR2002","VNM","EN.GHG.CO2.LU.DF.MT.CE.AR5",0,13.5448
"16028","YR2002","VNM","EN.GHG.CO2.LU.OL.MT.CE.AR5",0,1.6218
"16029","YR2003","VNM","EN.GHG.CO2.LU.MT.CE.AR5",0,-39.4913
"16030","YR2003","VNM","EN.GHG.CO2.LU.FL.MT.CE.AR5",0,-54.6578
"16031","YR2003","VNM","EN.GHG.CO2.LU.DF.MT.CE.AR5",0,13.5448
"16032","YR2003","VNM","EN.GHG.CO2.LU.OL.MT.CE.AR5",0,1.6218
"16033","YR2004","VNM","EN.GHG.CO2.LU.MT.CE.AR5",0,-39.4913
"16034","YR2004","VNM","EN.GHG.CO2.LU.FL.MT.CE.AR5",0,-54.6578
"16035","YR2004","VNM","EN.GHG.CO2.LU.DF.MT.CE.AR5",0,13.5448
"16036","YR2004","VNM","EN.GHG.CO2.LU.OL.MT.CE.AR5",0,1.6218
"16037","YR2005","VNM","EN.GHG.CO2.LU.MT.CE.AR5",0,-39.4913
"16038","YR2005","VNM","EN.GHG.CO2.LU.FL.MT.CE.AR5",0,-54.6578
"16039","YR2005","VNM","EN.GHG.CO2.LU.DF.MT.CE.AR5",0,13.5448
"16040","YR2005","VNM","EN.GHG.CO2.LU.OL.MT.CE.AR5",0,1.6218
"16041","YR2006","VNM","EN.GHG.CO2.LU.MT.CE.AR5",0,-39.4913
"16042","YR2006","VNM","EN.GHG.CO2.LU.FL.MT.CE.AR5",0,-54.6578
"16043","YR2006","VNM","EN.GHG.CO2.LU.DF.MT.CE.AR5",0,13.5448
"16044","YR2006","VNM","EN.GHG.CO2.LU.OL.MT.CE.AR5",0,1.6218
"16045","YR2007","VNM","EN.GHG.CO2.LU.MT.CE.AR5",0,-39.4913
"16046","YR2007","VNM","EN.GHG.CO2.LU.FL.MT.CE.AR5",0,-54.6578
"16047","YR2007","VNM","EN.GHG.CO2.LU.DF.MT.CE.AR5",0,13.5448
"16048","YR2007","VNM","EN.GHG.CO2.LU.OL.MT.CE.AR5",0,1.6218
"16049","YR2008","VNM","EN.GHG.CO2.LU.MT.CE.AR5",0,-39.4913
"16050","YR2008","VNM","EN.GHG.CO2.LU.FL.MT.CE.AR5",0,-54.6578
"16051","YR2008","VNM","EN.GHG.CO2.LU.DF.MT.CE.AR5",0,13.5448
"16052","YR2008","VNM","EN.GHG.CO2.LU.OL.MT.CE.AR5",0,1.6218
"16053","YR2009","VNM","EN.GHG.CO2.LU.MT.CE.AR5",0,-39.4913
"16054","YR2009","VNM","EN.GHG.CO2.LU.FL.MT.CE.AR5",0,-54.6578
"16055","YR2009","VNM","EN.GHG.CO2.LU.DF.MT.CE.AR5",0,13.5448
"16056","YR2009","VNM","EN.GHG.CO2.LU.OL.MT.CE.AR5",0,1.6218
"16057","YR2010","VNM","EN.GHG.CO2.LU.MT.CE.AR5",0,-39.4913
"16058","YR2010","VNM","EN.GHG.CO2.LU.FL.MT.CE.AR5",0,-54.6578
"16059","YR2010","VNM","EN.GHG.CO2.LU.DF.MT.CE.AR5",0,13.5448
"16060","YR2010","VNM","EN.GHG.CO2.LU.OL.MT.CE.AR5",0,1.6218
"16061","YR2011","VNM","EN.GHG.CO2.LU.MT.CE.AR5",0,-39.4913
"16062","YR2011","VNM","EN.GHG.CO2.LU.FL.MT.CE.AR5",0,-54.6578
"16063","YR2011","VNM","EN.GHG.CO2.LU.DF.MT.CE.AR5",0,13.5448
"16064","YR2011","VNM","EN.GHG.CO2.LU.OL.MT.CE.AR5",0,1.6218
"16065","YR2012","VNM","EN.GHG.CO2.LU.MT.CE.AR5",0,-39.4913
"16066","YR2012","VNM","EN.GHG.CO2.LU.FL.MT.CE.AR5",0,-54.6578
"16067","YR2012","VNM","EN.GHG.CO2.LU.DF.MT.CE.AR5",0,13.5448
"16068","YR2012","VNM","EN.GHG.CO2.LU.OL.MT.CE.AR5",0,1.6218
"16069","YR2013","VNM","EN.GHG.CO2.LU.MT.CE.AR5",0,-39.4913
"16070","YR2013","VNM","EN.GHG.CO2.LU.FL.MT.CE.AR5",0,-54.6578
"16071","YR2013","VNM","EN.GHG.CO2.LU.DF.MT.CE.AR5",0,13.5448
"16072","YR2013","VNM","EN.GHG.CO2.LU.OL.MT.CE.AR5",0,1.6218
"16073","YR2014","VNM","EN.GHG.CO2.LU.MT.CE.AR5",0,-39.4913
"16074","YR2014","VNM","EN.GHG.CO2.LU.FL.MT.CE.AR5",0,-54.6578
"16075","YR2014","VNM","EN.GHG.CO2.LU.DF.MT.CE.AR5",0,13.5448
"16076","YR2014","VNM","EN.GHG.CO2.LU.OL.MT.CE.AR5",0,1.6218
"16077","YR2015","VNM","EN.GHG.CO2.LU.MT.CE.AR5",0,-39.4913
"16078","YR2015","VNM","EN.GHG.CO2.LU.FL.MT.CE.AR5",0,-54.6578
"16079","YR2015","VNM","EN.GHG.CO2.LU.DF.MT.CE.AR5",0,13.5448
"16080","YR2015","VNM","EN.GHG.CO2.LU.OL.MT.CE.AR5",0,1.6218
"16081","YR2016","VNM","EN.GHG.CO2.LU.MT.CE.AR5",0,-39.4913
"16082","YR2016","VNM","EN.GHG.CO2.LU.FL.MT.CE.AR5",0,-54.6578
"16083","YR2016","VNM","EN.GHG.CO2.LU.DF.MT.CE.AR5",0,13.5448
"16084","YR2016","VNM","EN.GHG.CO2.LU.OL.MT.CE.AR5",0,1.6218
"16085","YR2017","VNM","EN.GHG.CO2.LU.MT.CE.AR5",0,-39.4913
"16086","YR2017","VNM","EN.GHG.CO2.LU.FL.MT.CE.AR5",0,-54.6578
"16087","YR2017","VNM","EN.GHG.CO2.LU.DF.MT.CE.AR5",0,13.5448
"16088","YR2017","VNM","EN.GHG.CO2.LU.OL.MT.CE.AR5",0,1.6218
"16089","YR2018","VNM","EN.GHG.CO2.LU.MT.CE.AR5",0,-39.4913
"16090","YR2018","VNM","EN.GHG.CO2.LU.FL.MT.CE.AR5",0,-54.6578
"16091","YR2018","VNM","EN.GHG.CO2.LU.DF.MT.CE.AR5",0,13.5448
"16092","YR2018","VNM","EN.GHG.CO2.LU.OL.MT.CE.AR5",0,1.6218
"16093","YR2019","VNM","EN.GHG.CO2.LU.MT.CE.AR5",0,-39.4913
"16094","YR2019","VNM","EN.GHG.CO2.LU.FL.MT.CE.AR5",0,-54.6578
"16095","YR2019","VNM","EN.GHG.CO2.LU.DF.MT.CE.AR5",0,13.5448
"16096","YR2019","VNM","EN.GHG.CO2.LU.OL.MT.CE.AR5",0,1.6218
"16097","YR2020","VNM","EN.GHG.CO2.LU.MT.CE.AR5",0,-39.4913
"16098","YR2020","VNM","EN.GHG.CO2.LU.FL.MT.CE.AR5",0,-54.6578
"16099","YR2020","VNM","EN.GHG.CO2.LU.DF.MT.CE.AR5",0,13.5448
"16100","YR2020","VNM","EN.GHG.CO2.LU.OL.MT.CE.AR5",0,1.6218
"16101","YR2021","VNM","EN.GHG.CO2.LU.MT.CE.AR5",0,-39.4913
"16102","YR2021","VNM","EN.GHG.CO2.LU.FL.MT.CE.AR5",0,-54.6578
"16103","YR2021","VNM","EN.GHG.CO2.LU.DF.MT.CE.AR5",0,13.5448
"16104","YR2021","VNM","EN.GHG.CO2.LU.OL.MT.CE.AR5",0,1.6218
"16105","YR2022","VNM","EN.GHG.CO2.LU.MT.CE.AR5",0,-39.4913
"16106","YR2022","VNM","EN.GHG.CO2.LU.FL.MT.CE.AR5",0,-54.6578
"16107","YR2022","VNM","EN.GHG.CO2.LU.DF.MT.CE.AR5",0,13.5448
"16108","YR2022","VNM","EN.GHG.CO2.LU.OL.MT.CE.AR5",0,1.6218
"16109","YR2023","VNM","EN.GHG.CO2.LU.MT.CE.AR5",0,-39.4913
"16110","YR2023","VNM","EN.GHG.CO2.LU.FL.MT.CE.AR5",0,-54.6578
"16111","YR2023","VNM","EN.GHG.CO2.LU.DF.MT.CE.AR5",0,13.5448
"16112","YR2023","VNM","EN.GHG.CO2.LU.OL.MT.CE.AR5",0,1.6218
"16113","YR2000","YEM","EN.GHG.CO2.LU.MT.CE.AR5",0,-1.887
"16114","YR2000","YEM","EN.GHG.CO2.LU.FL.MT.CE.AR5",0,-11.743
"16115","YR2000","YEM","EN.GHG.CO2.LU.DF.MT.CE.AR5",0,9.856
"16116","YR2001","YEM","EN.GHG.CO2.LU.MT.CE.AR5",0,-1.887
"16117","YR2001","YEM","EN.GHG.CO2.LU.FL.MT.CE.AR5",0,-11.743
"16118","YR2001","YEM","EN.GHG.CO2.LU.DF.MT.CE.AR5",0,9.856
"16119","YR2002","YEM","EN.GHG.CO2.LU.MT.CE.AR5",0,-1.887
"16120","YR2002","YEM","EN.GHG.CO2.LU.FL.MT.CE.AR5",0,-11.743
"16121","YR2002","YEM","EN.GHG.CO2.LU.DF.MT.CE.AR5",0,9.856
"16122","YR2003","YEM","EN.GHG.CO2.LU.MT.CE.AR5",0,-1.887
"16123","YR2003","YEM","EN.GHG.CO2.LU.FL.MT.CE.AR5",0,-11.743
"16124","YR2003","YEM","EN.GHG.CO2.LU.DF.MT.CE.AR5",0,9.856
"16125","YR2004","YEM","EN.GHG.CO2.LU.MT.CE.AR5",0,-1.887
"16126","YR2004","YEM","EN.GHG.CO2.LU.FL.MT.CE.AR5",0,-11.743
"16127","YR2004","YEM","EN.GHG.CO2.LU.DF.MT.CE.AR5",0,9.856
"16128","YR2005","YEM","EN.GHG.CO2.LU.MT.CE.AR5",0,-1.887
"16129","YR2005","YEM","EN.GHG.CO2.LU.FL.MT.CE.AR5",0,-11.743
"16130","YR2005","YEM","EN.GHG.CO2.LU.DF.MT.CE.AR5",0,9.856
"16131","YR2006","YEM","EN.GHG.CO2.LU.MT.CE.AR5",0,-1.887
"16132","YR2006","YEM","EN.GHG.CO2.LU.FL.MT.CE.AR5",0,-11.743
"16133","YR2006","YEM","EN.GHG.CO2.LU.DF.MT.CE.AR5",0,9.856
"16134","YR2007","YEM","EN.GHG.CO2.LU.MT.CE.AR5",0,-1.887
"16135","YR2007","YEM","EN.GHG.CO2.LU.FL.MT.CE.AR5",0,-11.743
"16136","YR2007","YEM","EN.GHG.CO2.LU.DF.MT.CE.AR5",0,9.856
"16137","YR2008","YEM","EN.GHG.CO2.LU.MT.CE.AR5",0,-1.887
"16138","YR2008","YEM","EN.GHG.CO2.LU.FL.MT.CE.AR5",0,-11.743
"16139","YR2008","YEM","EN.GHG.CO2.LU.DF.MT.CE.AR5",0,9.856
"16140","YR2009","YEM","EN.GHG.CO2.LU.MT.CE.AR5",0,-1.887
"16141","YR2009","YEM","EN.GHG.CO2.LU.FL.MT.CE.AR5",0,-11.743
"16142","YR2009","YEM","EN.GHG.CO2.LU.DF.MT.CE.AR5",0,9.856
"16143","YR2010","YEM","EN.GHG.CO2.LU.MT.CE.AR5",0,-1.887
"16144","YR2010","YEM","EN.GHG.CO2.LU.FL.MT.CE.AR5",0,-11.743
"16145","YR2010","YEM","EN.GHG.CO2.LU.DF.MT.CE.AR5",0,9.856
"16146","YR2011","YEM","EN.GHG.CO2.LU.MT.CE.AR5",0,-1.887
"16147","YR2011","YEM","EN.GHG.CO2.LU.FL.MT.CE.AR5",0,-11.743
"16148","YR2011","YEM","EN.GHG.CO2.LU.DF.MT.CE.AR5",0,9.856
"16149","YR2012","YEM","EN.GHG.CO2.LU.MT.CE.AR5",0,-1.887
"16150","YR2012","YEM","EN.GHG.CO2.LU.FL.MT.CE.AR5",0,-11.743
"16151","YR2012","YEM","EN.GHG.CO2.LU.DF.MT.CE.AR5",0,9.856
"16152","YR2013","YEM","EN.GHG.CO2.LU.MT.CE.AR5",0,-1.887
"16153","YR2013","YEM","EN.GHG.CO2.LU.FL.MT.CE.AR5",0,-11.743
"16154","YR2013","YEM","EN.GHG.CO2.LU.DF.MT.CE.AR5",0,9.856
"16155","YR2014","YEM","EN.GHG.CO2.LU.MT.CE.AR5",0,-1.887
"16156","YR2014","YEM","EN.GHG.CO2.LU.FL.MT.CE.AR5",0,-11.743
"16157","YR2014","YEM","EN.GHG.CO2.LU.DF.MT.CE.AR5",0,9.856
"16158","YR2015","YEM","EN.GHG.CO2.LU.MT.CE.AR5",0,-1.887
"16159","YR2015","YEM","EN.GHG.CO2.LU.FL.MT.CE.AR5",0,-11.743
"16160","YR2015","YEM","EN.GHG.CO2.LU.DF.MT.CE.AR5",0,9.856
"16161","YR2016","YEM","EN.GHG.CO2.LU.MT.CE.AR5",0,-1.887
"16162","YR2016","YEM","EN.GHG.CO2.LU.FL.MT.CE.AR5",0,-11.743
"16163","YR2016","YEM","EN.GHG.CO2.LU.DF.MT.CE.AR5",0,9.856
"16164","YR2017","YEM","EN.GHG.CO2.LU.MT.CE.AR5",0,-1.887
"16165","YR2017","YEM","EN.GHG.CO2.LU.FL.MT.CE.AR5",0,-11.743
"16166","YR2017","YEM","EN.GHG.CO2.LU.DF.MT.CE.AR5",0,9.856
"16167","YR2018","YEM","EN.GHG.CO2.LU.MT.CE.AR5",0,-1.887
"16168","YR2018","YEM","EN.GHG.CO2.LU.FL.MT.CE.AR5",0,-11.743
"16169","YR2018","YEM","EN.GHG.CO2.LU.DF.MT.CE.AR5",0,9.856
"16170","YR2019","YEM","EN.GHG.CO2.LU.MT.CE.AR5",0,-1.887
"16171","YR2019","YEM","EN.GHG.CO2.LU.FL.MT.CE.AR5",0,-11.743
"16172","YR2019","YEM","EN.GHG.CO2.LU.DF.MT.CE.AR5",0,9.856
"16173","YR2020","YEM","EN.GHG.CO2.LU.MT.CE.AR5",0,-1.887
"16174","YR2020","YEM","EN.GHG.CO2.LU.FL.MT.CE.AR5",0,-11.743
"16175","YR2020","YEM","EN.GHG.CO2.LU.DF.MT.CE.AR5",0,9.856
"16176","YR2021","YEM","EN.GHG.CO2.LU.MT.CE.AR5",0,-1.887
"16177","YR2021","YEM","EN.GHG.CO2.LU.FL.MT.CE.AR5",0,-11.743
"16178","YR2021","YEM","EN.GHG.CO2.LU.DF.MT.CE.AR5",0,9.856
"16179","YR2022","YEM","EN.GHG.CO2.LU.MT.CE.AR5",0,-1.887
"16180","YR2022","YEM","EN.GHG.CO2.LU.FL.MT.CE.AR5",0,-11.743
"16181","YR2022","YEM","EN.GHG.CO2.LU.DF.MT.CE.AR5",0,9.856
"16182","YR2023","YEM","EN.GHG.CO2.LU.MT.CE.AR5",0,-1.887
"16183","YR2023","YEM","EN.GHG.CO2.LU.FL.MT.CE.AR5",0,-11.743
"16184","YR2023","YEM","EN.GHG.CO2.LU.DF.MT.CE.AR5",0,9.856
"16185","YR2000","ZMB","EN.GHG.CO2.LU.MT.CE.AR5",0,-52.4448
"16186","YR2000","ZMB","EN.GHG.CO2.LU.FL.MT.CE.AR5",0,-81.466
"16187","YR2000","ZMB","EN.GHG.CO2.LU.DF.MT.CE.AR5",0,29.0212
"16188","YR2000","ZMB","EN.GHG.CO2.LU.OL.MT.CE.AR5",0,0
"16189","YR2001","ZMB","EN.GHG.CO2.LU.MT.CE.AR5",0,-51.3295
"16190","YR2001","ZMB","EN.GHG.CO2.LU.FL.MT.CE.AR5",0,-80.3563
"16191","YR2001","ZMB","EN.GHG.CO2.LU.DF.MT.CE.AR5",0,29.0269
"16192","YR2001","ZMB","EN.GHG.CO2.LU.OL.MT.CE.AR5",0,0
"16193","YR2002","ZMB","EN.GHG.CO2.LU.MT.CE.AR5",0,-50.2142
"16194","YR2002","ZMB","EN.GHG.CO2.LU.FL.MT.CE.AR5",0,-79.2467
"16195","YR2002","ZMB","EN.GHG.CO2.LU.DF.MT.CE.AR5",0,29.0325
"16196","YR2002","ZMB","EN.GHG.CO2.LU.OL.MT.CE.AR5",0,0
"16197","YR2003","ZMB","EN.GHG.CO2.LU.MT.CE.AR5",0,-49.0988
"16198","YR2003","ZMB","EN.GHG.CO2.LU.FL.MT.CE.AR5",0,-78.137
"16199","YR2003","ZMB","EN.GHG.CO2.LU.DF.MT.CE.AR5",0,29.0382
"16200","YR2003","ZMB","EN.GHG.CO2.LU.OL.MT.CE.AR5",0,0
"16201","YR2004","ZMB","EN.GHG.CO2.LU.MT.CE.AR5",0,-47.9835
"16202","YR2004","ZMB","EN.GHG.CO2.LU.FL.MT.CE.AR5",0,-77.0274
"16203","YR2004","ZMB","EN.GHG.CO2.LU.DF.MT.CE.AR5",0,29.0438
"16204","YR2004","ZMB","EN.GHG.CO2.LU.OL.MT.CE.AR5",0,0
"16205","YR2005","ZMB","EN.GHG.CO2.LU.MT.CE.AR5",0,-46.8682
"16206","YR2005","ZMB","EN.GHG.CO2.LU.FL.MT.CE.AR5",0,-75.9177
"16207","YR2005","ZMB","EN.GHG.CO2.LU.DF.MT.CE.AR5",0,29.0495
"16208","YR2005","ZMB","EN.GHG.CO2.LU.OL.MT.CE.AR5",0,0
"16209","YR2006","ZMB","EN.GHG.CO2.LU.MT.CE.AR5",0,-44.5222
"16210","YR2006","ZMB","EN.GHG.CO2.LU.FL.MT.CE.AR5",0,-74.8876
"16211","YR2006","ZMB","EN.GHG.CO2.LU.DF.MT.CE.AR5",0,30.3653
"16212","YR2006","ZMB","EN.GHG.CO2.LU.OL.MT.CE.AR5",0,0
"16213","YR2007","ZMB","EN.GHG.CO2.LU.MT.CE.AR5",0,-42.1762
"16214","YR2007","ZMB","EN.GHG.CO2.LU.FL.MT.CE.AR5",0,-73.8574
"16215","YR2007","ZMB","EN.GHG.CO2.LU.DF.MT.CE.AR5",0,31.6812
"16216","YR2007","ZMB","EN.GHG.CO2.LU.OL.MT.CE.AR5",0,0
"16217","YR2008","ZMB","EN.GHG.CO2.LU.MT.CE.AR5",0,-39.8303
"16218","YR2008","ZMB","EN.GHG.CO2.LU.FL.MT.CE.AR5",0,-72.8273
"16219","YR2008","ZMB","EN.GHG.CO2.LU.DF.MT.CE.AR5",0,32.997
"16220","YR2008","ZMB","EN.GHG.CO2.LU.OL.MT.CE.AR5",0,0
"16221","YR2009","ZMB","EN.GHG.CO2.LU.MT.CE.AR5",0,-37.4843
"16222","YR2009","ZMB","EN.GHG.CO2.LU.FL.MT.CE.AR5",0,-71.7971
"16223","YR2009","ZMB","EN.GHG.CO2.LU.DF.MT.CE.AR5",0,34.3129
"16224","YR2009","ZMB","EN.GHG.CO2.LU.OL.MT.CE.AR5",0,0
"16225","YR2010","ZMB","EN.GHG.CO2.LU.MT.CE.AR5",0,-35.1383
"16226","YR2010","ZMB","EN.GHG.CO2.LU.FL.MT.CE.AR5",0,-70.767
"16227","YR2010","ZMB","EN.GHG.CO2.LU.DF.MT.CE.AR5",0,35.6287
"16228","YR2010","ZMB","EN.GHG.CO2.LU.OL.MT.CE.AR5",0,0
"16229","YR2011","ZMB","EN.GHG.CO2.LU.MT.CE.AR5",0,-38.514
"16230","YR2011","ZMB","EN.GHG.CO2.LU.FL.MT.CE.AR5",0,-70.2215
"16231","YR2011","ZMB","EN.GHG.CO2.LU.DF.MT.CE.AR5",0,31.7075
"16232","YR2011","ZMB","EN.GHG.CO2.LU.OL.MT.CE.AR5",0,0
"16233","YR2012","ZMB","EN.GHG.CO2.LU.MT.CE.AR5",0,-37.4181
"16234","YR2012","ZMB","EN.GHG.CO2.LU.FL.MT.CE.AR5",0,-69.1256
"16235","YR2012","ZMB","EN.GHG.CO2.LU.DF.MT.CE.AR5",0,31.7075
"16236","YR2012","ZMB","EN.GHG.CO2.LU.OL.MT.CE.AR5",0,0
"16237","YR2013","ZMB","EN.GHG.CO2.LU.MT.CE.AR5",0,-36.293
"16238","YR2013","ZMB","EN.GHG.CO2.LU.FL.MT.CE.AR5",0,-68.0005
"16239","YR2013","ZMB","EN.GHG.CO2.LU.DF.MT.CE.AR5",0,31.7075
"16240","YR2013","ZMB","EN.GHG.CO2.LU.OL.MT.CE.AR5",0,0
"16241","YR2014","ZMB","EN.GHG.CO2.LU.MT.CE.AR5",0,-35.1376
"16242","YR2014","ZMB","EN.GHG.CO2.LU.FL.MT.CE.AR5",0,-66.8451
"16243","YR2014","ZMB","EN.GHG.CO2.LU.DF.MT.CE.AR5",0,31.7075
"16244","YR2014","ZMB","EN.GHG.CO2.LU.OL.MT.CE.AR5",0,0
"16245","YR2015","ZMB","EN.GHG.CO2.LU.MT.CE.AR5",0,-33.9511
"16246","YR2015","ZMB","EN.GHG.CO2.LU.FL.MT.CE.AR5",0,-65.6586
"16247","YR2015","ZMB","EN.GHG.CO2.LU.DF.MT.CE.AR5",0,31.7075
"16248","YR2015","ZMB","EN.GHG.CO2.LU.OL.MT.CE.AR5",0,0
"16249","YR2016","ZMB","EN.GHG.CO2.LU.MT.CE.AR5",0,-33.6592
"16250","YR2016","ZMB","EN.GHG.CO2.LU.FL.MT.CE.AR5",0,-65.3667
"16251","YR2016","ZMB","EN.GHG.CO2.LU.DF.MT.CE.AR5",0,31.7075
"16252","YR2016","ZMB","EN.GHG.CO2.LU.OL.MT.CE.AR5",0,0
"16253","YR2017","ZMB","EN.GHG.CO2.LU.MT.CE.AR5",0,-33.6592
"16254","YR2017","ZMB","EN.GHG.CO2.LU.FL.MT.CE.AR5",0,-65.3667
"16255","YR2017","ZMB","EN.GHG.CO2.LU.DF.MT.CE.AR5",0,31.7075
"16256","YR2017","ZMB","EN.GHG.CO2.LU.OL.MT.CE.AR5",0,0
"16257","YR2018","ZMB","EN.GHG.CO2.LU.MT.CE.AR5",0,-33.6592
"16258","YR2018","ZMB","EN.GHG.CO2.LU.FL.MT.CE.AR5",0,-65.3667
"16259","YR2018","ZMB","EN.GHG.CO2.LU.DF.MT.CE.AR5",0,31.7075
"16260","YR2018","ZMB","EN.GHG.CO2.LU.OL.MT.CE.AR5",0,0
"16261","YR2019","ZMB","EN.GHG.CO2.LU.MT.CE.AR5",0,-33.6592
"16262","YR2019","ZMB","EN.GHG.CO2.LU.FL.MT.CE.AR5",0,-65.3667
"16263","YR2019","ZMB","EN.GHG.CO2.LU.DF.MT.CE.AR5",0,31.7075
"16264","YR2019","ZMB","EN.GHG.CO2.LU.OL.MT.CE.AR5",0,0
"16265","YR2020","ZMB","EN.GHG.CO2.LU.MT.CE.AR5",0,-33.6592
"16266","YR2020","ZMB","EN.GHG.CO2.LU.FL.MT.CE.AR5",0,-65.3667
"16267","YR2020","ZMB","EN.GHG.CO2.LU.DF.MT.CE.AR5",0,31.7075
"16268","YR2020","ZMB","EN.GHG.CO2.LU.OL.MT.CE.AR5",0,0
"16269","YR2021","ZMB","EN.GHG.CO2.LU.MT.CE.AR5",0,-33.6592
"16270","YR2021","ZMB","EN.GHG.CO2.LU.FL.MT.CE.AR5",0,-65.3667
"16271","YR2021","ZMB","EN.GHG.CO2.LU.DF.MT.CE.AR5",0,31.7075
"16272","YR2021","ZMB","EN.GHG.CO2.LU.OL.MT.CE.AR5",0,0
"16273","YR2022","ZMB","EN.GHG.CO2.LU.MT.CE.AR5",0,-33.6592
"16274","YR2022","ZMB","EN.GHG.CO2.LU.FL.MT.CE.AR5",0,-65.3667
"16275","YR2022","ZMB","EN.GHG.CO2.LU.DF.MT.CE.AR5",0,31.7075
"16276","YR2022","ZMB","EN.GHG.CO2.LU.OL.MT.CE.AR5",0,0
"16277","YR2023","ZMB","EN.GHG.CO2.LU.MT.CE.AR5",0,-33.6592
"16278","YR2023","ZMB","EN.GHG.CO2.LU.FL.MT.CE.AR5",0,-65.3667
"16279","YR2023","ZMB","EN.GHG.CO2.LU.DF.MT.CE.AR5",0,31.7075
"16280","YR2023","ZMB","EN.GHG.CO2.LU.OL.MT.CE.AR5",0,0
"16281","YR2000","ZWE","EN.GHG.CO2.LU.MT.CE.AR5",0,2.9003
"16282","YR2000","ZWE","EN.GHG.CO2.LU.FL.MT.CE.AR5",0,-40.3168
"16283","YR2000","ZWE","EN.GHG.CO2.LU.DF.MT.CE.AR5",0,37.9634
"16284","YR2000","ZWE","EN.GHG.CO2.LU.OL.MT.CE.AR5",0,5.1501
"16285","YR2001","ZWE","EN.GHG.CO2.LU.MT.CE.AR5",0,4.1346
"16286","YR2001","ZWE","EN.GHG.CO2.LU.FL.MT.CE.AR5",0,-39.0904
"16287","YR2001","ZWE","EN.GHG.CO2.LU.DF.MT.CE.AR5",0,37.9634
"16288","YR2001","ZWE","EN.GHG.CO2.LU.OL.MT.CE.AR5",0,5.1501
"16289","YR2002","ZWE","EN.GHG.CO2.LU.MT.CE.AR5",0,5.369
"16290","YR2002","ZWE","EN.GHG.CO2.LU.FL.MT.CE.AR5",0,-37.864
"16291","YR2002","ZWE","EN.GHG.CO2.LU.DF.MT.CE.AR5",0,37.9634
"16292","YR2002","ZWE","EN.GHG.CO2.LU.OL.MT.CE.AR5",0,5.1501
"16293","YR2003","ZWE","EN.GHG.CO2.LU.MT.CE.AR5",0,6.6034
"16294","YR2003","ZWE","EN.GHG.CO2.LU.FL.MT.CE.AR5",0,-36.6377
"16295","YR2003","ZWE","EN.GHG.CO2.LU.DF.MT.CE.AR5",0,37.9634
"16296","YR2003","ZWE","EN.GHG.CO2.LU.OL.MT.CE.AR5",0,5.1501
"16297","YR2004","ZWE","EN.GHG.CO2.LU.MT.CE.AR5",0,7.8378
"16298","YR2004","ZWE","EN.GHG.CO2.LU.FL.MT.CE.AR5",0,-35.4113
"16299","YR2004","ZWE","EN.GHG.CO2.LU.DF.MT.CE.AR5",0,37.9634
"16300","YR2004","ZWE","EN.GHG.CO2.LU.OL.MT.CE.AR5",0,5.1501
"16301","YR2005","ZWE","EN.GHG.CO2.LU.MT.CE.AR5",0,9.0722
"16302","YR2005","ZWE","EN.GHG.CO2.LU.FL.MT.CE.AR5",0,-34.1849
"16303","YR2005","ZWE","EN.GHG.CO2.LU.DF.MT.CE.AR5",0,37.9634
"16304","YR2005","ZWE","EN.GHG.CO2.LU.OL.MT.CE.AR5",0,5.1501
"16305","YR2006","ZWE","EN.GHG.CO2.LU.MT.CE.AR5",0,10.3066
"16306","YR2006","ZWE","EN.GHG.CO2.LU.FL.MT.CE.AR5",0,-32.9586
"16307","YR2006","ZWE","EN.GHG.CO2.LU.DF.MT.CE.AR5",0,37.9634
"16308","YR2006","ZWE","EN.GHG.CO2.LU.OL.MT.CE.AR5",0,5.1501
"16309","YR2007","ZWE","EN.GHG.CO2.LU.MT.CE.AR5",0,11.541
"16310","YR2007","ZWE","EN.GHG.CO2.LU.FL.MT.CE.AR5",0,-31.7322
"16311","YR2007","ZWE","EN.GHG.CO2.LU.DF.MT.CE.AR5",0,37.9634
"16312","YR2007","ZWE","EN.GHG.CO2.LU.OL.MT.CE.AR5",0,5.1501
"16313","YR2008","ZWE","EN.GHG.CO2.LU.MT.CE.AR5",0,12.7754
"16314","YR2008","ZWE","EN.GHG.CO2.LU.FL.MT.CE.AR5",0,-30.5058
"16315","YR2008","ZWE","EN.GHG.CO2.LU.DF.MT.CE.AR5",0,37.9634
"16316","YR2008","ZWE","EN.GHG.CO2.LU.OL.MT.CE.AR5",0,5.1501
"16317","YR2009","ZWE","EN.GHG.CO2.LU.MT.CE.AR5",0,14.0098
"16318","YR2009","ZWE","EN.GHG.CO2.LU.FL.MT.CE.AR5",0,-29.2794
"16319","YR2009","ZWE","EN.GHG.CO2.LU.DF.MT.CE.AR5",0,37.9634
"16320","YR2009","ZWE","EN.GHG.CO2.LU.OL.MT.CE.AR5",0,5.1501
"16321","YR2010","ZWE","EN.GHG.CO2.LU.MT.CE.AR5",0,15.2442
"16322","YR2010","ZWE","EN.GHG.CO2.LU.FL.MT.CE.AR5",0,-28.053
"16323","YR2010","ZWE","EN.GHG.CO2.LU.DF.MT.CE.AR5",0,37.9634
"16324","YR2010","ZWE","EN.GHG.CO2.LU.OL.MT.CE.AR5",0,5.1501
"16325","YR2011","ZWE","EN.GHG.CO2.LU.MT.CE.AR5",0,15.2442
"16326","YR2011","ZWE","EN.GHG.CO2.LU.FL.MT.CE.AR5",0,-28.053
"16327","YR2011","ZWE","EN.GHG.CO2.LU.DF.MT.CE.AR5",0,37.9634
"16328","YR2011","ZWE","EN.GHG.CO2.LU.OL.MT.CE.AR5",0,5.1501
"16329","YR2012","ZWE","EN.GHG.CO2.LU.MT.CE.AR5",0,15.2442
"16330","YR2012","ZWE","EN.GHG.CO2.LU.FL.MT.CE.AR5",0,-28.053
"16331","YR2012","ZWE","EN.GHG.CO2.LU.DF.MT.CE.AR5",0,37.9634
"16332","YR2012","ZWE","EN.GHG.CO2.LU.OL.MT.CE.AR5",0,5.1501
"16333","YR2013","ZWE","EN.GHG.CO2.LU.MT.CE.AR5",0,15.2442
"16334","YR2013","ZWE","EN.GHG.CO2.LU.FL.MT.CE.AR5",0,-28.053
"16335","YR2013","ZWE","EN.GHG.CO2.LU.DF.MT.CE.AR5",0,37.9634
"16336","YR2013","ZWE","EN.GHG.CO2.LU.OL.MT.CE.AR5",0,5.1501
"16337","YR2014","ZWE","EN.GHG.CO2.LU.MT.CE.AR5",0,15.2442
"16338","YR2014","ZWE","EN.GHG.CO2.LU.FL.MT.CE.AR5",0,-28.053
"16339","YR2014","ZWE","EN.GHG.CO2.LU.DF.MT.CE.AR5",0,37.9634
"16340","YR2014","ZWE","EN.GHG.CO2.LU.OL.MT.CE.AR5",0,5.1501
"16341","YR2015","ZWE","EN.GHG.CO2.LU.MT.CE.AR5",0,15.2442
"16342","YR2015","ZWE","EN.GHG.CO2.LU.FL.MT.CE.AR5",0,-28.053
"16343","YR2015","ZWE","EN.GHG.CO2.LU.DF.MT.CE.AR5",0,37.9634
"16344","YR2015","ZWE","EN.GHG.CO2.LU.OL.MT.CE.AR5",0,5.1501
"16345","YR2016","ZWE","EN.GHG.CO2.LU.MT.CE.AR5",0,15.2442
"16346","YR2016","ZWE","EN.GHG.CO2.LU.FL.MT.CE.AR5",0,-28.053
"16347","YR2016","ZWE","EN.GHG.CO2.LU.DF.MT.CE.AR5",0,37.9634
"16348","YR2016","ZWE","EN.GHG.CO2.LU.OL.MT.CE.AR5",0,5.1501
"16349","YR2017","ZWE","EN.GHG.CO2.LU.MT.CE.AR5",0,15.2442
"16350","YR2017","ZWE","EN.GHG.CO2.LU.FL.MT.CE.AR5",0,-28.053
"16351","YR2017","ZWE","EN.GHG.CO2.LU.DF.MT.CE.AR5",0,37.9634
"16352","YR2017","ZWE","EN.GHG.CO2.LU.OL.MT.CE.AR5",0,5.1501
"16353","YR2018","ZWE","EN.GHG.CO2.LU.MT.CE.AR5",0,15.2442
"16354","YR2018","ZWE","EN.GHG.CO2.LU.FL.MT.CE.AR5",0,-28.053
"16355","YR2018","ZWE","EN.GHG.CO2.LU.DF.MT.CE.AR5",0,37.9634
"16356","YR2018","ZWE","EN.GHG.CO2.LU.OL.MT.CE.AR5",0,5.1501
"16357","YR2019","ZWE","EN.GHG.CO2.LU.MT.CE.AR5",0,15.2442
"16358","YR2019","ZWE","EN.GHG.CO2.LU.FL.MT.CE.AR5",0,-28.053
"16359","YR2019","ZWE","EN.GHG.CO2.LU.DF.MT.CE.AR5",0,37.9634
"16360","YR2019","ZWE","EN.GHG.CO2.LU.OL.MT.CE.AR5",0,5.1501
"16361","YR2020","ZWE","EN.GHG.CO2.LU.MT.CE.AR5",0,15.2442
"16362","YR2020","ZWE","EN.GHG.CO2.LU.FL.MT.CE.AR5",0,-28.053
"16363","YR2020","ZWE","EN.GHG.CO2.LU.DF.MT.CE.AR5",0,37.9634
"16364","YR2020","ZWE","EN.GHG.CO2.LU.OL.MT.CE.AR5",0,5.1501
"16365","YR2021","ZWE","EN.GHG.CO2.LU.MT.CE.AR5",0,15.2442
"16366","YR2021","ZWE","EN.GHG.CO2.LU.FL.MT.CE.AR5",0,-28.053
"16367","YR2021","ZWE","EN.GHG.CO2.LU.DF.MT.CE.AR5",0,37.9634
"16368","YR2021","ZWE","EN.GHG.CO2.LU.OL.MT.CE.AR5",0,5.1501
"16369","YR2022","ZWE","EN.GHG.CO2.LU.MT.CE.AR5",0,15.2442
"16370","YR2022","ZWE","EN.GHG.CO2.LU.FL.MT.CE.AR5",0,-28.053
"16371","YR2022","ZWE","EN.GHG.CO2.LU.DF.MT.CE.AR5",0,37.9634
"16372","YR2022","ZWE","EN.GHG.CO2.LU.OL.MT.CE.AR5",0,5.1501
"16373","YR2023","ZWE","EN.GHG.CO2.LU.MT.CE.AR5",0,15.2442
"16374","YR2023","ZWE","EN.GHG.CO2.LU.FL.MT.CE.AR5",0,-28.053
"16375","YR2023","ZWE","EN.GHG.CO2.LU.DF.MT.CE.AR5",0,37.9634
"16376","YR2023","ZWE","EN.GHG.CO2.LU.OL.MT.CE.AR5",0,5.1501
"16377","YR1990","WLD","EN.GHG.CO2.LU.DF.MT.CE.AR5",0,4243.7920745039
"16378","YR1990","WLD","EN.GHG.CO2.LU.FL.MT.CE.AR5",0,-7725.5083593136
"16379","YR1990","WLD","EN.GHG.CO2.LU.OS.MT.CE.AR5",0,637.68164664978
"16380","YR1990","WLD","EN.GHG.CO2.LU.OL.MT.CE.AR5",0,-690.25184603792
"16381","YR1991","WLD","EN.GHG.CO2.LU.DF.MT.CE.AR5",0,4011.1350600511
"16382","YR1991","WLD","EN.GHG.CO2.LU.FL.MT.CE.AR5",0,-7569.5655910693
"16383","YR1991","WLD","EN.GHG.CO2.LU.OS.MT.CE.AR5",0,636.19807243007
"16384","YR1991","WLD","EN.GHG.CO2.LU.OL.MT.CE.AR5",0,-671.63818741003
"16385","YR1992","WLD","EN.GHG.CO2.LU.DF.MT.CE.AR5",0,4151.9427623276
"16386","YR1992","WLD","EN.GHG.CO2.LU.FL.MT.CE.AR5",0,-7518.1300829876
"16387","YR1992","WLD","EN.GHG.CO2.LU.OS.MT.CE.AR5",0,633.99551904708
"16388","YR1992","WLD","EN.GHG.CO2.LU.OL.MT.CE.AR5",0,-690.57313655867
"16389","YR1993","WLD","EN.GHG.CO2.LU.DF.MT.CE.AR5",0,4155.4041894134
"16390","YR1993","WLD","EN.GHG.CO2.LU.FL.MT.CE.AR5",0,-7596.4962934578
"16391","YR1993","WLD","EN.GHG.CO2.LU.OS.MT.CE.AR5",0,632.01940661679
"16392","YR1993","WLD","EN.GHG.CO2.LU.OL.MT.CE.AR5",0,-694.92206275531
"16393","YR1994","WLD","EN.GHG.CO2.LU.DF.MT.CE.AR5",0,4148.6120813143
"16394","YR1994","WLD","EN.GHG.CO2.LU.FL.MT.CE.AR5",0,-7536.1302650806
"16395","YR1994","WLD","EN.GHG.CO2.LU.OS.MT.CE.AR5",0,630.1331488688
"16396","YR1994","WLD","EN.GHG.CO2.LU.OL.MT.CE.AR5",0,-773.03902436697
"16397","YR1995","WLD","EN.GHG.CO2.LU.DF.MT.CE.AR5",0,5116.9206072962
"16398","YR1995","WLD","EN.GHG.CO2.LU.FL.MT.CE.AR5",0,-7336.808116835
"16399","YR1995","WLD","EN.GHG.CO2.LU.OS.MT.CE.AR5",0,629.16280432212
"16400","YR1995","WLD","EN.GHG.CO2.LU.OL.MT.CE.AR5",0,-788.94844841463
"16401","YR1996","WLD","EN.GHG.CO2.LU.DF.MT.CE.AR5",0,4492.2647752195
"16402","YR1996","WLD","EN.GHG.CO2.LU.FL.MT.CE.AR5",0,-7368.3031754563
"16403","YR1996","WLD","EN.GHG.CO2.LU.OS.MT.CE.AR5",0,627.78140574317
"16404","YR1996","WLD","EN.GHG.CO2.LU.OL.MT.CE.AR5",0,-835.0725856522
"16405","YR1997","WLD","EN.GHG.CO2.LU.DF.MT.CE.AR5",0,4189.1031004406
"16406","YR1997","WLD","EN.GHG.CO2.LU.FL.MT.CE.AR5",0,-7153.6460512444
"16407","YR1997","WLD","EN.GHG.CO2.LU.OS.MT.CE.AR5",0,625.00608172722
"16408","YR1997","WLD","EN.GHG.CO2.LU.OL.MT.CE.AR5",0,-842.80387341655
"16409","YR1998","WLD","EN.GHG.CO2.LU.DF.MT.CE.AR5",0,4459.590923793
"16410","YR1998","WLD","EN.GHG.CO2.LU.FL.MT.CE.AR5",0,-7126.7717881954
"16411","YR1998","WLD","EN.GHG.CO2.LU.OS.MT.CE.AR5",0,623.54887377651
"16412","YR1998","WLD","EN.GHG.CO2.LU.OL.MT.CE.AR5",0,-875.83530274625
"16413","YR1999","WLD","EN.GHG.CO2.LU.DF.MT.CE.AR5",0,4424.2992102321
"16414","YR1999","WLD","EN.GHG.CO2.LU.FL.MT.CE.AR5",0,-6911.2135908003
"16415","YR1999","WLD","EN.GHG.CO2.LU.OS.MT.CE.AR5",0,616.5719686726
"16416","YR1999","WLD","EN.GHG.CO2.LU.OL.MT.CE.AR5",0,-1004.7185299705
"16417","YR2000","WLD","EN.GHG.CO2.LU.DF.MT.CE.AR5",0,4512.8765891852
"16418","YR2000","WLD","EN.GHG.CO2.LU.FL.MT.CE.AR5",0,-6685.7557169462
"16419","YR2000","WLD","EN.GHG.CO2.LU.OS.MT.CE.AR5",0,615.31289259483
"16420","YR2000","WLD","EN.GHG.CO2.LU.OL.MT.CE.AR5",0,-906.2341393441
"16421","YR2001","WLD","EN.GHG.CO2.LU.DF.MT.CE.AR5",0,3846.6071884632
"16422","YR2001","WLD","EN.GHG.CO2.LU.FL.MT.CE.AR5",0,-6824.3325869404
"16423","YR2001","WLD","EN.GHG.CO2.LU.OS.MT.CE.AR5",0,685.66529696331
"16424","YR2001","WLD","EN.GHG.CO2.LU.OL.MT.CE.AR5",0,-943.81077957533
"16425","YR2002","WLD","EN.GHG.CO2.LU.DF.MT.CE.AR5",0,4075.6243087004
"16426","YR2002","WLD","EN.GHG.CO2.LU.FL.MT.CE.AR5",0,-6584.1107873143
"16427","YR2002","WLD","EN.GHG.CO2.LU.OS.MT.CE.AR5",0,872.65419377546
"16428","YR2002","WLD","EN.GHG.CO2.LU.OL.MT.CE.AR5",0,-933.49996834258
"16429","YR2003","WLD","EN.GHG.CO2.LU.DF.MT.CE.AR5",0,5077.7906744243
"16430","YR2003","WLD","EN.GHG.CO2.LU.FL.MT.CE.AR5",0,-6366.9062827986
"16431","YR2003","WLD","EN.GHG.CO2.LU.OS.MT.CE.AR5",0,688.15125791922
"16432","YR2003","WLD","EN.GHG.CO2.LU.OL.MT.CE.AR5",0,-940.07705908686
"16433","YR2004","WLD","EN.GHG.CO2.LU.DF.MT.CE.AR5",0,5407.9505173701
"16434","YR2004","WLD","EN.GHG.CO2.LU.FL.MT.CE.AR5",0,-6174.8697657752
"16435","YR2004","WLD","EN.GHG.CO2.LU.OS.MT.CE.AR5",0,913.56010204528
"16436","YR2004","WLD","EN.GHG.CO2.LU.OL.MT.CE.AR5",0,-869.58103303591
"16437","YR2005","WLD","EN.GHG.CO2.LU.DF.MT.CE.AR5",0,4518.3489430471
"16438","YR2005","WLD","EN.GHG.CO2.LU.FL.MT.CE.AR5",0,-6071.1699416996
"16439","YR2005","WLD","EN.GHG.CO2.LU.OS.MT.CE.AR5",0,958.72677526893
"16440","YR2005","WLD","EN.GHG.CO2.LU.OL.MT.CE.AR5",0,-942.71536966637
"16441","YR2006","WLD","EN.GHG.CO2.LU.DF.MT.CE.AR5",0,4175.6394011803
"16442","YR2006","WLD","EN.GHG.CO2.LU.FL.MT.CE.AR5",0,-6134.2990583463
"16443","YR2006","WLD","EN.GHG.CO2.LU.OS.MT.CE.AR5",0,1657.6236940717
"16444","YR2006","WLD","EN.GHG.CO2.LU.OL.MT.CE.AR5",0,-950.97655892722
"16445","YR2007","WLD","EN.GHG.CO2.LU.DF.MT.CE.AR5",0,4037.1914433478
"16446","YR2007","WLD","EN.GHG.CO2.LU.FL.MT.CE.AR5",0,-5987.0489587029
"16447","YR2007","WLD","EN.GHG.CO2.LU.OS.MT.CE.AR5",0,741.06123873908
"16448","YR2007","WLD","EN.GHG.CO2.LU.OL.MT.CE.AR5",0,-905.39533936337
"16449","YR2008","WLD","EN.GHG.CO2.LU.DF.MT.CE.AR5",0,4068.9766409258
"16450","YR2008","WLD","EN.GHG.CO2.LU.FL.MT.CE.AR5",0,-6654.2222366671
"16451","YR2008","WLD","EN.GHG.CO2.LU.OS.MT.CE.AR5",0,678.49967708792
"16452","YR2008","WLD","EN.GHG.CO2.LU.OL.MT.CE.AR5",0,-839.23609543498
"16453","YR2009","WLD","EN.GHG.CO2.LU.DF.MT.CE.AR5",0,3585.7937354939
"16454","YR2009","WLD","EN.GHG.CO2.LU.FL.MT.CE.AR5",0,-6890.5166408893
"16455","YR2009","WLD","EN.GHG.CO2.LU.OS.MT.CE.AR5",0,953.15097700049
"16456","YR2009","WLD","EN.GHG.CO2.LU.OL.MT.CE.AR5",0,-806.69467373939
"16457","YR2010","WLD","EN.GHG.CO2.LU.DF.MT.CE.AR5",0,3358.0473932484
"16458","YR2010","WLD","EN.GHG.CO2.LU.FL.MT.CE.AR5",0,-6382.7518122327
"16459","YR2010","WLD","EN.GHG.CO2.LU.OS.MT.CE.AR5",0,709.6696678211
"16460","YR2010","WLD","EN.GHG.CO2.LU.OL.MT.CE.AR5",0,-916.71174298775
"16461","YR2011","WLD","EN.GHG.CO2.LU.DF.MT.CE.AR5",0,3878.7413501032
"16462","YR2011","WLD","EN.GHG.CO2.LU.FL.MT.CE.AR5",0,-6013.0930952398
"16463","YR2011","WLD","EN.GHG.CO2.LU.OS.MT.CE.AR5",0,764.65067508403
"16464","YR2011","WLD","EN.GHG.CO2.LU.OL.MT.CE.AR5",0,-922.59836420877
"16465","YR2012","WLD","EN.GHG.CO2.LU.DF.MT.CE.AR5",0,3867.8965642204
"16466","YR2012","WLD","EN.GHG.CO2.LU.FL.MT.CE.AR5",0,-5912.4025718709
"16467","YR2012","WLD","EN.GHG.CO2.LU.OS.MT.CE.AR5",0,1032.9903854714
"16468","YR2012","WLD","EN.GHG.CO2.LU.OL.MT.CE.AR5",0,-964.13002647811
"16469","YR2013","WLD","EN.GHG.CO2.LU.DF.MT.CE.AR5",0,4190.01121742
"16470","YR2013","WLD","EN.GHG.CO2.LU.FL.MT.CE.AR5",0,-5762.5015380906
"16471","YR2013","WLD","EN.GHG.CO2.LU.OS.MT.CE.AR5",0,776.7098327645
"16472","YR2013","WLD","EN.GHG.CO2.LU.OL.MT.CE.AR5",0,-914.7932502328
"16473","YR2014","WLD","EN.GHG.CO2.LU.DF.MT.CE.AR5",0,3880.0689326554
"16474","YR2014","WLD","EN.GHG.CO2.LU.FL.MT.CE.AR5",0,-5727.999306087
"16475","YR2014","WLD","EN.GHG.CO2.LU.OS.MT.CE.AR5",0,1266.5065954737
"16476","YR2014","WLD","EN.GHG.CO2.LU.OL.MT.CE.AR5",0,-1030.1635450219
"16477","YR2015","WLD","EN.GHG.CO2.LU.DF.MT.CE.AR5",0,4050.7356364886
"16478","YR2015","WLD","EN.GHG.CO2.LU.FL.MT.CE.AR5",0,-5815.3609449751
"16479","YR2015","WLD","EN.GHG.CO2.LU.OS.MT.CE.AR5",0,1496.2716978434
"16480","YR2015","WLD","EN.GHG.CO2.LU.OL.MT.CE.AR5",0,-949.47149282191
"16481","YR2016","WLD","EN.GHG.CO2.LU.DF.MT.CE.AR5",0,3850.7966901629
"16482","YR2016","WLD","EN.GHG.CO2.LU.FL.MT.CE.AR5",0,-5871.9625419512
"16483","YR2016","WLD","EN.GHG.CO2.LU.OS.MT.CE.AR5",0,769.73073644119
"16484","YR2016","WLD","EN.GHG.CO2.LU.OL.MT.CE.AR5",0,-1159.9927719383
"16485","YR2017","WLD","EN.GHG.CO2.LU.DF.MT.CE.AR5",0,3816.5261601504
"16486","YR2017","WLD","EN.GHG.CO2.LU.FL.MT.CE.AR5",0,-5781.9173617809
"16487","YR2017","WLD","EN.GHG.CO2.LU.OS.MT.CE.AR5",0,693.88969718037
"16488","YR2017","WLD","EN.GHG.CO2.LU.OL.MT.CE.AR5",0,-1209.3631729422
"16489","YR2018","WLD","EN.GHG.CO2.LU.DF.MT.CE.AR5",0,3938.5184288774
"16490","YR2018","WLD","EN.GHG.CO2.LU.FL.MT.CE.AR5",0,-5418.4444397183
"16491","YR2018","WLD","EN.GHG.CO2.LU.OS.MT.CE.AR5",0,806.46824363535
"16492","YR2018","WLD","EN.GHG.CO2.LU.OL.MT.CE.AR5",0,-1142.7348568105
"16493","YR2019","WLD","EN.GHG.CO2.LU.DF.MT.CE.AR5",0,3811.667203227
"16494","YR2019","WLD","EN.GHG.CO2.LU.FL.MT.CE.AR5",0,-5594.3153756929
"16495","YR2019","WLD","EN.GHG.CO2.LU.OS.MT.CE.AR5",0,1152.4818017585
"16496","YR2019","WLD","EN.GHG.CO2.LU.OL.MT.CE.AR5",0,-1096.0966348188
"16497","YR2020","WLD","EN.GHG.CO2.LU.DF.MT.CE.AR5",0,3862.060945386
"16498","YR2020","WLD","EN.GHG.CO2.LU.FL.MT.CE.AR5",0,-5556.0703105119
"16499","YR2020","WLD","EN.GHG.CO2.LU.OS.MT.CE.AR5",0,1154.0908839376
"16500","YR2020","WLD","EN.GHG.CO2.LU.OL.MT.CE.AR5",0,-1186.9820690429
"16501","YR2021","WLD","EN.GHG.CO2.LU.DF.MT.CE.AR5",0,3877.8183406811
"16502","YR2021","WLD","EN.GHG.CO2.LU.FL.MT.CE.AR5",0,-5132.0222011908
"16503","YR2021","WLD","EN.GHG.CO2.LU.OS.MT.CE.AR5",0,1154.0908839376
"16504","YR2021","WLD","EN.GHG.CO2.LU.OL.MT.CE.AR5",0,-1152.5059777214
"16505","YR2022","WLD","EN.GHG.CO2.LU.DF.MT.CE.AR5",0,3877.8183406811
"16506","YR2022","WLD","EN.GHG.CO2.LU.FL.MT.CE.AR5",0,-5183.880300944
"16507","YR2022","WLD","EN.GHG.CO2.LU.OS.MT.CE.AR5",0,1154.0908839376
"16508","YR2022","WLD","EN.GHG.CO2.LU.OL.MT.CE.AR5",0,-1152.5059777214
"16509","YR2023","WLD","EN.GHG.CO2.LU.DF.MT.CE.AR5",0,3877.8183406811
"16510","YR2023","WLD","EN.GHG.CO2.LU.FL.MT.CE.AR5",0,-5129.5774785652
"16511","YR2023","WLD","EN.GHG.CO2.LU.OS.MT.CE.AR5",0,1154.0908839376
"16512","YR2023","WLD","EN.GHG.CO2.LU.OL.MT.CE.AR5",0,-1152.5059777214
